match,bowlingTeam,bowlerName,overs,maiden,runs,wickets,economy,0s,4s,6s,wides,noBalls,match_id
New Zealand Vs West Indies,West Indies,Sheldon Cottrell,2,0,21,1,10.50,4,0,2,1,0,T20I # 637
New Zealand Vs West Indies,West Indies,Samuel Badree,3,0,23,1,7.66,9,4,0,0,0,T20I # 637
New Zealand Vs West Indies,West Indies,Carlos Brathwaite,1,0,21,0,21.00,0,3,1,1,0,T20I # 637
New Zealand Vs West Indies,West Indies,Kesrick Williams,1,0,24,1,24.00,1,4,1,0,1,T20I # 637
New Zealand Vs West Indies,West Indies,Ashley Nurse,2,0,13,1,6.50,4,1,0,0,0,T20I # 637
New Zealand Vs West Indies,West Indies,Jerome Taylor,4,0,53,1,13.25,6,4,4,0,1,T20I # 638
New Zealand Vs West Indies,West Indies,Samuel Badree,4,0,51,0,12.75,6,5,3,1,0,T20I # 638
New Zealand Vs West Indies,West Indies,Ashley Nurse,4,0,43,0,10.75,4,2,3,0,0,T20I # 638
New Zealand Vs West Indies,West Indies,Carlos Brathwaite,4,0,50,2,12.50,4,1,3,2,0,T20I # 638
New Zealand Vs West Indies,West Indies,Rayad Emrit,4,0,42,1,10.50,5,0,4,0,0,T20I # 638
New Zealand Vs West Indies,New Zealand,Tim Southee,2.3,0,21,3,8.40,8,3,1,0,0,T20I # 638
New Zealand Vs West Indies,New Zealand,Trent Boult,4,0,29,2,7.25,12,3,0,3,2,T20I # 638
New Zealand Vs West Indies,New Zealand,Anaru Kitchen,4,0,33,1,8.25,12,3,2,1,0,T20I # 638
New Zealand Vs West Indies,New Zealand,Mitchell Santner,2,0,16,0,8.00,4,1,1,0,0,T20I # 638
New Zealand Vs West Indies,New Zealand,Ish Sodhi,4,0,25,2,6.25,14,0,3,0,0,T20I # 638
Pakistan Vs New Zealand,New Zealand,Seth Rance,4,0,26,3,6.50,14,1,2,1,0,T20I # 639
Pakistan Vs New Zealand,New Zealand,Tim Southee,4,0,13,3,3.25,15,0,0,1,0,T20I # 639
Pakistan Vs New Zealand,New Zealand,Colin de Grandhomme,2,0,11,0,5.50,5,1,0,0,0,T20I # 639
Pakistan Vs New Zealand,New Zealand,Anaru Kitchen,1,0,3,1,3.00,3,0,0,0,0,T20I # 639
Pakistan Vs New Zealand,New Zealand,Ish Sodhi,4,0,25,0,6.25,10,1,1,1,0,T20I # 639
Pakistan Vs New Zealand,New Zealand,Mitchell Santner,4,0,15,2,3.75,10,0,0,0,0,T20I # 639
Pakistan Vs New Zealand,New Zealand,Colin Munro,0.4,0,12,1,18.00,1,1,1,0,0,T20I # 639
Pakistan Vs New Zealand,Pakistan,Mohammad Amir,3,0,13,0,4.33,8,0,0,1,0,T20I # 639
Pakistan Vs New Zealand,Pakistan,Rumman Raees,4,0,24,2,6.00,12,2,1,1,0,T20I # 639
Pakistan Vs New Zealand,Pakistan,Shadab Khan,4,0,18,1,4.50,15,1,1,0,0,T20I # 639
Pakistan Vs New Zealand,Pakistan,Hasan Ali,2.5,0,28,0,9.88,6,5,0,1,0,T20I # 639
Pakistan Vs New Zealand,Pakistan,Faheem Ashraf,1,0,8,0,8.00,0,0,0,0,0,T20I # 639
Pakistan Vs New Zealand,Pakistan,Mohammad Nawaz,1,0,14,0,14.00,0,1,1,0,0,T20I # 639
Pakistan Vs New Zealand,New Zealand,Trent Boult,4,0,37,0,9.25,8,5,1,1,0,T20I # 640
Pakistan Vs New Zealand,New Zealand,Seth Rance,4,0,47,1,11.75,7,5,2,3,0,T20I # 640
Pakistan Vs New Zealand,New Zealand,Ben Wheeler,4,0,36,2,9.00,10,5,1,1,0,T20I # 640
Pakistan Vs New Zealand,New Zealand,Ish Sodhi,4,0,32,0,8.00,6,2,1,1,0,T20I # 640
Pakistan Vs New Zealand,New Zealand,Mitchell Santner,2,0,30,0,15.00,0,0,3,2,0,T20I # 640
Pakistan Vs New Zealand,New Zealand,Colin de Grandhomme,2,0,18,1,9.00,2,2,0,1,0,T20I # 640
Pakistan Vs New Zealand,Pakistan,Mohammad Amir,4,0,28,2,7.00,12,1,2,0,0,T20I # 640
Pakistan Vs New Zealand,Pakistan,Rumman Raees,3,0,27,1,9.00,5,3,0,1,1,T20I # 640
Pakistan Vs New Zealand,Pakistan,Faheem Ashraf,3.3,0,22,3,6.28,13,2,1,1,0,T20I # 640
Pakistan Vs New Zealand,Pakistan,Hasan Ali,4,0,27,1,6.75,9,2,1,0,0,T20I # 640
Pakistan Vs New Zealand,Pakistan,Shadab Khan,4,0,37,2,9.25,7,2,2,2,0,T20I # 640
Pakistan Vs New Zealand,New Zealand,Tim Southee,0,4,0,0,33,8.25,9,4,0,1,T20I # 641
Pakistan Vs New Zealand,New Zealand,Trent Boult,0,4,0,1,36,9.00,10,5,1,1,T20I # 641
Pakistan Vs New Zealand,New Zealand,Colin de Grandhomme,0,4,0,1,47,11.75,5,2,3,0,T20I # 641
Pakistan Vs New Zealand,New Zealand,Ish Sodhi,1,4,0,2,24,6.00,9,2,0,0,T20I # 641
Pakistan Vs New Zealand,New Zealand,Mitchell Santner,0,59,43,2,2,4,137.20,9,14,1,T20I # 641
Pakistan Vs New Zealand,Pakistan,Aamer Yamin,1,0,4,1,0,23,5.75,11,1,1,T20I # 641
Pakistan Vs New Zealand,Pakistan,Rumman Raees,1,0,4,1,0,55,13.75,7,4,4,T20I # 641
Pakistan Vs New Zealand,Pakistan,Mohammad Amir,0,1,4,1,0,19,4.75,11,1,0,T20I # 641
New Zealand Vs Australia,Australia,Kane Richardson,4,0,28,0,7.00,12,2,1,2,0,T20I # 642
New Zealand Vs Australia,Australia,Billy Stanlake,4,0,15,3,3.75,15,1,0,0,0,T20I # 642
New Zealand Vs Australia,Australia,Ashton Agar,4,0,22,1,5.50,9,0,0,1,0,T20I # 642
New Zealand Vs Australia,Australia,Andrew Tye,4,0,23,4,5.75,11,0,1,2,0,T20I # 642
New Zealand Vs Australia,Australia,Adam Zampa,3,0,21,1,7.00,8,0,2,1,0,T20I # 642
New Zealand Vs Australia,Australia,Marcus Stoinis,1,0,2,0,2.00,4,0,0,0,0,T20I # 642
New Zealand Vs Australia,New Zealand,Trent Boult,3,0,14,2,4.66,11,2,0,0,0,T20I # 642
New Zealand Vs Australia,New Zealand,Tim Southee,2.3,0,27,1,10.80,7,5,0,2,0,T20I # 642
New Zealand Vs Australia,New Zealand,Mitchell Santner,2,0,20,0,10.00,6,3,1,0,0,T20I # 642
New Zealand Vs Australia,New Zealand,Ish Sodhi,3,0,24,0,8.00,4,3,0,0,0,T20I # 642
New Zealand Vs Australia,New Zealand,Colin de Grandhomme,1,0,11,0,11.00,0,0,1,0,0,T20I # 642
Zimbabwe Vs Afghanistan,Afghanistan,Mujeeb Ur Rahman,0,4,0,0,31,7.75,0,1,3,0,T20I # 643
Zimbabwe Vs Afghanistan,Afghanistan,Sharafuddin Ashraf,8,2.66,0,2,0,4,0,19,4.75,3,T20I # 643
Zimbabwe Vs Afghanistan,Afghanistan,Aftab Alam,0,1,0,1,2,2.00,0,0,20,11,T20I # 643
Zimbabwe Vs Afghanistan,Afghanistan,Gulbadin Naib,1,2,181.81,1,5,7,1,0,71.42,11,T20I # 643
Zimbabwe Vs Afghanistan,Afghanistan,Rashid Khan,15,2,0,3,73.33,40,27,4,3,148.14,T20I # 643
Zimbabwe Vs Afghanistan,Afghanistan,Mohammad Nabi,18,15,1,1,1,120.00,0,4,0,0,T20I # 643
Afghanistan Vs Zimbabwe,Zimbabwe,Kyle Jarvis,0,4,0,2,48,12.00,0,1,2,0,T20I # 644
Afghanistan Vs Zimbabwe,Zimbabwe,Tendai Chatara,26,13.00,2,3,0,4,0,20,5.00,0,T20I # 644
Afghanistan Vs Zimbabwe,Zimbabwe,Blessing Muzarabani,0,2,0,2,21,10.50,1,0,2,5,T20I # 644
Afghanistan Vs Zimbabwe,Zimbabwe,Sikandar Raza,0,0,40.00,0,29,30,3,2,96.66,15,T20I # 644
Afghanistan Vs Zimbabwe,Zimbabwe,Graeme Cremer,16,1,0,2,93.75,40,26,5,1,153.84,T20I # 644
Afghanistan Vs Zimbabwe,Zimbabwe,Ryan Burl,30,30,2,0,0,100.00,6,7,0,0,T20I # 644
England Vs Australia,Australia,Billy Stanlake,4,0,43,1,10.75,11,3,3,2,0,T20I # 645
England Vs Australia,Australia,Kane Richardson,4,0,27,1,6.75,10,4,0,0,0,T20I # 645
England Vs Australia,Australia,Andrew Tye,4,0,28,1,7.00,6,1,1,0,0,T20I # 645
England Vs Australia,Australia,Marcus Stoinis,2,0,16,1,8.00,4,2,0,2,0,T20I # 645
England Vs Australia,Australia,Ashton Agar,3,0,15,2,5.00,7,1,0,0,0,T20I # 645
England Vs Australia,Australia,Travis Head,1,0,14,0,14.00,1,1,1,0,0,T20I # 645
England Vs Australia,Australia,Glenn Maxwell,2,0,10,3,5.00,6,1,0,0,0,T20I # 645
England Vs Australia,England,David Willey,3,0,28,3,9.33,8,4,1,1,0,T20I # 645
England Vs Australia,England,Mark Wood,3.3,0,26,1,7.42,11,3,1,0,0,T20I # 645
England Vs Australia,England,Chris Jordan,4,0,34,0,8.50,7,3,1,0,0,T20I # 645
England Vs Australia,England,Tom Curran,4,0,39,0,9.75,3,3,1,0,0,T20I # 645
England Vs Australia,England,Adil Rashid,4,0,30,1,7.50,12,1,2,2,0,T20I # 645
England Vs Australia,Australia,Kane Richardson,4,0,33,3,8.25,9,4,0,2,0,T20I # 646
England Vs Australia,Australia,Billy Stanlake,4,0,28,2,7.00,12,4,0,2,0,T20I # 646
England Vs Australia,Australia,Marcus Stoinis,4,0,18,0,4.50,12,2,0,0,0,T20I # 646
England Vs Australia,Australia,Andrew Tye,4,0,29,1,7.25,9,2,0,3,0,T20I # 646
England Vs Australia,Australia,Ashton Agar,4,0,27,0,6.75,7,1,1,0,0,T20I # 646
England Vs Australia,England,David Willey,3.3,0,30,1,8.57,15,1,3,1,0,T20I # 646
England Vs Australia,England,Tom Curran,2,0,23,0,11.50,2,2,1,1,0,T20I # 646
England Vs Australia,England,Chris Jordan,3,0,26,2,8.66,8,5,0,1,0,T20I # 646
England Vs Australia,England,Adil Rashid,4,0,34,0,8.50,7,3,1,1,0,T20I # 646
England Vs Australia,England,Liam Dawson,2,0,23,0,11.50,3,1,2,0,0,T20I # 646
New Zealand Vs England,England,David Willey,4,0,36,0,9.00,9,4,1,0,0,T20I # 647
New Zealand Vs England,England,Mark Wood,4,0,51,2,12.75,9,5,3,3,0,T20I # 647
New Zealand Vs England,England,Chris Jordan,4,0,34,1,8.50,10,2,2,2,0,T20I # 647
New Zealand Vs England,England,Liam Plunkett,4,0,33,0,8.25,7,1,2,2,0,T20I # 647
New Zealand Vs England,England,Adil Rashid,4,0,36,2,9.00,3,0,3,0,0,T20I # 647
New Zealand Vs England,New Zealand,Trent Boult,4,0,46,2,11.50,10,7,2,0,0,T20I # 647
New Zealand Vs England,New Zealand,Mitchell Santner,4,0,29,2,7.25,11,2,1,1,0,T20I # 647
New Zealand Vs England,New Zealand,Tim Southee,4,0,30,1,7.50,10,4,0,1,0,T20I # 647
New Zealand Vs England,New Zealand,Ish Sodhi,4,0,49,2,12.25,7,3,4,0,0,T20I # 647
New Zealand Vs England,New Zealand,Colin Munro,2,0,11,0,5.50,6,0,1,0,0,T20I # 647
New Zealand Vs England,New Zealand,Colin de Grandhomme,2,0,15,0,7.50,3,2,0,0,0,T20I # 647
Bangladesh Vs Sri Lanka,Sri Lanka,Shehan Madushanka,2,0,2,0,0,16,8.00,4,1,0,T20I # 648
Bangladesh Vs Sri Lanka,Sri Lanka,Danushka Gunathilaka,1,0,4,1,0,45,11.25,4,4,1,T20I # 648
Bangladesh Vs Sri Lanka,Sri Lanka,Isuru Udana,5,0,4,1,0,36,9.00,7,3,0,T20I # 648
Bangladesh Vs Sri Lanka,Sri Lanka,Thisara Perera,2,1,4,1,0,32,8.00,6,2,1,T20I # 648
Bangladesh Vs Sri Lanka,Sri Lanka,Akila Dananjaya,1,0,3,0,0,21,7.00,6,1,1,T20I # 648
Bangladesh Vs Sri Lanka,Sri Lanka,Jeevan Mendis,0,0,53,2,27,8,2,196.29,30,15,T20I # 648
Bangladesh Vs Sri Lanka,Bangladesh,Nazmul Islam,1,7,0,2,1,0,2,0,23,11.50,T20I # 648
Bangladesh Vs Sri Lanka,Bangladesh,Mohammad Saifuddin,3,1,2,0,1,0,3.4,0,52,14.18,T20I # 648
Bangladesh Vs Sri Lanka,Bangladesh,Mahmudullah,5,6,2,0,3,0,3,0,32,10.66,T20I # 648
Bangladesh Vs Sri Lanka,Bangladesh,Rubel Hossain,7,5,1,1,1,0,2,0,26,13.00,T20I # 648
New Zealand Vs Australia,Australia,Kane Richardson,4,0,40,2,10.00,10,4,2,2,0,T20I # 649
New Zealand Vs Australia,Australia,Billy Stanlake,4,0,43,1,10.75,8,4,2,1,0,T20I # 649
New Zealand Vs Australia,Australia,Andrew Tye,4,0,64,2,16.00,5,1,7,4,0,T20I # 649
New Zealand Vs Australia,Australia,Marcus Stoinis,4,0,50,0,12.50,5,4,3,1,1,T20I # 649
New Zealand Vs Australia,Australia,Ashton Agar,3,0,24,1,8.00,5,0,2,0,0,T20I # 649
New Zealand Vs Australia,Australia,D'Arcy Short,1,0,19,0,19.00,0,1,2,0,0,T20I # 649
New Zealand Vs Australia,New Zealand,Trent Boult,3.5,0,42,1,10.95,8,5,1,2,0,T20I # 649
New Zealand Vs Australia,New Zealand,Ben Wheeler,3.1,0,64,0,20.21,4,4,5,3,2,T20I # 649
New Zealand Vs Australia,New Zealand,Tim Southee,4,0,48,1,12.00,5,6,2,1,0,T20I # 649
New Zealand Vs Australia,New Zealand,Ish Sodhi,4,0,35,1,8.75,6,1,2,1,0,T20I # 649
New Zealand Vs Australia,New Zealand,Colin de Grandhomme,3.5,0,56,1,14.60,2,3,4,3,0,T20I # 649
England Vs New Zealand,New Zealand,Trent Boult,4,0,50,3,12.50,9,3,5,0,0,T20I # 650
England Vs New Zealand,New Zealand,Mitchell Santner,2,0,32,0,16.00,3,5,1,3,0,T20I # 650
England Vs New Zealand,New Zealand,Tim Southee,4,0,22,2,5.50,9,2,0,1,0,T20I # 650
England Vs New Zealand,New Zealand,Colin de Grandhomme,4,0,32,1,8.00,8,2,2,0,0,T20I # 650
England Vs New Zealand,New Zealand,Kane Williamson,1,0,16,0,16.00,0,0,2,0,0,T20I # 650
England Vs New Zealand,New Zealand,Ish Sodhi,4,0,31,1,7.75,12,0,3,0,1,T20I # 650
England Vs New Zealand,New Zealand,Colin Munro,1,0,11,0,11.00,0,0,1,0,0,T20I # 650
England Vs New Zealand,England,David Willey,3,0,33,0,11.00,9,1,4,1,0,T20I # 650
England Vs New Zealand,England,Tom Curran,3,0,32,1,10.66,5,3,2,0,0,T20I # 650
England Vs New Zealand,England,Chris Jordan,4,0,42,0,10.50,8,4,2,1,2,T20I # 650
England Vs New Zealand,England,Adil Rashid,4,0,22,1,5.50,6,1,0,0,0,T20I # 650
England Vs New Zealand,England,Liam Dawson,4,0,27,1,6.75,10,1,2,0,0,T20I # 650
England Vs New Zealand,England,Dawid Malan,2,0,27,1,13.50,2,0,3,0,0,T20I # 650
Sri Lanka Vs Bangladesh,Bangladesh,Abu Jayed,1,3,0,1,4,0,28,7.00,9,0,T20I # 651
Sri Lanka Vs Bangladesh,Bangladesh,Nazmul Islam,2,1,0,0,2,0,25,12.50,4,2,T20I # 651
Sri Lanka Vs Bangladesh,Bangladesh,Mahedi Hasan,2,0,0,0,4,0,39,9.75,6,6,T20I # 651
Sri Lanka Vs Bangladesh,Bangladesh,Mustafizur Rahman,0,0,1,1,4,0,46,11.50,4,3,T20I # 651
Sri Lanka Vs Bangladesh,Bangladesh,Mohammad Saifuddin,2,2,0,1,2,0,25,12.50,3,3,T20I # 651
Sri Lanka Vs Bangladesh,Bangladesh,Soumya Sarkar,1,1,0,1,29,23,2,2,126.08,0,T20I # 651
Sri Lanka Vs Bangladesh,Sri Lanka,Shehan Madushanka,0,1.5,0,2,5,2.72,7,0,0,1,T20I # 651
Sri Lanka Vs Bangladesh,Sri Lanka,Akila Dananjaya,0,3,0,1,33,11.00,5,3,1,2,T20I # 651
Sri Lanka Vs Bangladesh,Sri Lanka,Dasun Shanaka,0,4,0,1,31,7.75,8,3,1,0,T20I # 651
Sri Lanka Vs Bangladesh,Sri Lanka,Thisara Perera,0,1,0,0,8,8.00,2,1,0,1,T20I # 651
Sri Lanka Vs Bangladesh,Sri Lanka,Amila Aponso,0,2,0,1,12,6.00,6,1,0,3,T20I # 651
Sri Lanka Vs Bangladesh,Sri Lanka,Jeevan Mendis,0,0.4,0,1,3,4.50,2,0,0,0,T20I # 651
India Vs South Africa,South Africa,Dane Paterson,4,0,48,0,12.00,3,3,3,1,0,T20I # 652
India Vs South Africa,South Africa,Junior Dala,4,0,47,2,11.75,8,6,2,3,0,T20I # 652
India Vs South Africa,South Africa,Chris Morris,4,0,39,1,9.75,8,6,0,3,0,T20I # 652
India Vs South Africa,South Africa,Tabraiz Shamsi,4,0,37,1,9.25,8,2,2,1,0,T20I # 652
India Vs South Africa,South Africa,JJ Smuts,2,0,14,0,7.00,2,1,0,0,0,T20I # 652
India Vs South Africa,South Africa,Andile Phehlukwayo,2,0,16,1,8.00,4,2,0,1,0,T20I # 652
India Vs South Africa,India,Bhuvneshwar Kumar,4,0,24,5,6.00,10,1,1,0,0,T20I # 652
India Vs South Africa,India,Jaydev Unadkat,4,0,33,1,8.25,11,5,0,1,0,T20I # 652
India Vs South Africa,India,Jasprit Bumrah,4,0,32,0,8.00,9,3,1,0,1,T20I # 652
India Vs South Africa,India,Hardik Pandya,4,0,45,1,11.25,5,4,2,3,0,T20I # 652
India Vs South Africa,India,Yuzvendra Chahal,4,0,39,1,9.75,5,4,1,1,0,T20I # 652
New Zealand Vs Australia,Australia,Billy Stanlake,4,0,37,1,9.25,8,3,1,3,0,T20I # 653
New Zealand Vs Australia,Australia,Kane Richardson,4,0,30,2,7.50,12,4,1,0,0,T20I # 653
New Zealand Vs Australia,Australia,Andrew Tye,4,0,30,2,7.50,9,3,1,0,0,T20I # 653
New Zealand Vs Australia,Australia,Ashton Agar,4,0,27,3,6.75,7,1,1,0,0,T20I # 653
New Zealand Vs Australia,Australia,Marcus Stoinis,4,0,23,1,5.75,10,0,1,1,0,T20I # 653
New Zealand Vs Australia,New Zealand,Trent Boult,3,0,27,0,9.00,7,3,1,0,0,T20I # 653
New Zealand Vs Australia,New Zealand,Ish Sodhi,4,0,21,1,5.25,14,2,1,0,0,T20I # 653
New Zealand Vs Australia,New Zealand,Tim Southee,2,0,21,0,10.50,3,0,2,0,0,T20I # 653
New Zealand Vs Australia,New Zealand,Mitchell Santner,3.4,0,29,1,7.90,8,1,1,0,1,T20I # 653
New Zealand Vs Australia,New Zealand,Colin Munro,2,0,18,1,9.00,2,2,0,0,0,T20I # 653
India Vs South Africa,South Africa,Chris Morris,4,1,42,0,10.50,11,3,4,0,0,T20I # 654
India Vs South Africa,South Africa,Junior Dala,4,1,28,2,7.00,14,5,0,0,0,T20I # 654
India Vs South Africa,South Africa,Dane Paterson,4,0,51,0,12.75,4,7,1,0,0,T20I # 654
India Vs South Africa,South Africa,Jean-Paul Duminy,2,0,13,1,6.50,4,1,0,1,0,T20I # 654
India Vs South Africa,South Africa,Tabraiz Shamsi,2,0,24,0,12.00,3,1,2,0,0,T20I # 654
India Vs South Africa,South Africa,Andile Phehlukwayo,2,0,15,1,7.50,3,1,0,0,0,T20I # 654
India Vs South Africa,South Africa,JJ Smuts,2,0,15,0,7.50,3,0,1,0,0,T20I # 654
India Vs South Africa,India,Bhuvneshwar Kumar,3,0,19,0,6.33,7,2,0,0,0,T20I # 654
India Vs South Africa,India,Shardul Thakur,4,0,31,1,7.75,6,3,0,1,0,T20I # 654
India Vs South Africa,India,Jaydev Unadkat,3.4,0,42,2,11.45,9,2,4,2,0,T20I # 654
India Vs South Africa,India,Hardik Pandya,4,0,31,1,7.75,6,3,0,1,0,T20I # 654
India Vs South Africa,India,Yuzvendra Chahal,4,0,64,0,16.00,4,2,7,1,0,T20I # 654
India Vs South Africa,South Africa,Chris Morris,4,0,43,2,10.75,6,4,1,1,1,T20I # 655
India Vs South Africa,South Africa,Junior Dala,4,0,35,3,8.75,8,3,1,1,0,T20I # 655
India Vs South Africa,South Africa,Jean-Paul Duminy,3,0,22,0,7.33,4,2,0,0,0,T20I # 655
India Vs South Africa,South Africa,Andile Phehlukwayo,3,0,26,0,8.66,4,2,0,3,0,T20I # 655
India Vs South Africa,South Africa,Tabraiz Shamsi,4,0,31,1,7.75,5,2,1,0,0,T20I # 655
India Vs South Africa,South Africa,Aaron Phangiso,2,0,13,0,6.50,3,1,0,0,0,T20I # 655
India Vs South Africa,India,Bhuvneshwar Kumar,4,0,24,2,6.00,10,2,0,1,0,T20I # 655
India Vs South Africa,India,Jasprit Bumrah,4,0,39,1,9.75,7,3,2,1,0,T20I # 655
India Vs South Africa,India,Shardul Thakur,4,0,35,1,8.75,11,5,1,0,0,T20I # 655
India Vs South Africa,India,Hardik Pandya,4,0,22,1,5.50,10,0,1,0,0,T20I # 655
India Vs South Africa,India,Suresh Raina,3,0,27,1,9.00,4,4,0,0,0,T20I # 655
India Vs South Africa,India,Axar Patel,1,0,16,0,16.00,1,0,2,0,0,T20I # 655
India Vs Sri Lanka,Sri Lanka,Dushmantha Chameera,2,1,0,2,3,0,38,12.66,4,4,T20I # 656
India Vs Sri Lanka,Sri Lanka,Nuwan Pradeep,2,2,0,1,4,0,37,9.25,6,2,T20I # 656
India Vs Sri Lanka,Sri Lanka,Akila Dananjaya,2,1,0,0,3,0,25,8.33,3,3,T20I # 656
India Vs Sri Lanka,Sri Lanka,Thisara Perera,0,0,0,0,3,0,21,7.00,6,0,T20I # 656
India Vs Sri Lanka,Sri Lanka,Jeevan Mendis,1,1,0,1,3,0,16,5.33,7,0,T20I # 656
India Vs Sri Lanka,Sri Lanka,Danushka Gunathilaka,1,0,0,1,19,12,1,2,158.33,11,T20I # 656
India Vs Sri Lanka,India,Jaydev Unadkat,14,1,2,1,1,0,3.3,0,42,12.00,T20I # 656
India Vs Sri Lanka,India,Washington Sundar,7,6,1,2,1,1,4,0,37,9.25,T20I # 656
India Vs Sri Lanka,India,Shardul Thakur,8,2,2,0,1,0,2,0,15,7.50,T20I # 656
India Vs Sri Lanka,India,Yuzvendra Chahal,2,0,0,2,1,0,2,0,14,7.00,T20I # 656
Bangladesh Vs India,India,Jaydev Unadkat,0,23,5.75,3,13,3,0,2,0,4,T20I # 657
Bangladesh Vs India,India,Washington Sundar,0,25,6.25,0,11,3,0,2,0,4,T20I # 657
Bangladesh Vs India,India,Shardul Thakur,0,19,4.75,1,11,2,0,0,0,4,T20I # 657
Bangladesh Vs India,India,Yuzvendra Chahal,0,32,8.00,1,11,2,1,3,2,17,T20I # 657
Bangladesh Vs India,India,Vijay Shankar,13,3,0,2,130.76,55,43,5,2,127.90,T20I # 657
Bangladesh Vs India,Bangladesh,Mustafizur Rahman,0,0,3.4,1,0,24,6.54,6,2,0,T20I # 657
Bangladesh Vs India,Bangladesh,Taskin Ahmed,1,0,4,1,0,21,5.25,11,1,1,T20I # 657
Bangladesh Vs India,Bangladesh,Rubel Hossain,0,0,1,2,0,8,8.00,2,1,0,T20I # 657
Bangladesh Vs India,Bangladesh,Mehidy Hasan Miraz,1,0,1,0,0,11,11.00,1,0,1,T20I # 657
Bangladesh Vs India,Bangladesh,Soumya Sarkar,0,0,2,0,0,15,7.50,3,2,0,T20I # 657
Sri Lanka Vs Bangladesh,Bangladesh,Taskin Ahmed,0,4,0,1,48,12.00,6,4,2,3,T20I # 658
Sri Lanka Vs Bangladesh,Bangladesh,Mustafizur Rahman,1,4,0,3,45,11.25,8,6,2,0,T20I # 658
Sri Lanka Vs Bangladesh,Bangladesh,Rubel Hossain,0,4,0,0,31,7.75,7,3,1,0,T20I # 658
Sri Lanka Vs Bangladesh,Bangladesh,Mehidy Hasan Miraz,0,2,0,0,20,10.00,1,0,1,0,T20I # 658
Sri Lanka Vs Bangladesh,Bangladesh,Nazmul Islam,0,1,0,0,11,11.00,3,2,0,2,T20I # 658
Sri Lanka Vs Bangladesh,Bangladesh,Soumya Sarkar,0,2,0,0,15,7.50,3,0,1,0,T20I # 658
Sri Lanka Vs Bangladesh,Bangladesh,Mahmudullah,0,47,29,2,6,1,162.06,43,19,2,T20I # 658
Sri Lanka Vs Bangladesh,Sri Lanka,Dushmantha Chameera,3,1,0,1,4,0,37,9.25,9,2,T20I # 658
Sri Lanka Vs Bangladesh,Sri Lanka,Akila Dananjaya,3,0,0,0,2,0,22,11.00,5,3,T20I # 658
Sri Lanka Vs Bangladesh,Sri Lanka,Nuwan Pradeep,1,0,0,2,3.4,0,36,9.81,7,2,T20I # 658
Sri Lanka Vs Bangladesh,Sri Lanka,Danushka Gunathilaka,1,3,1,0,2,0,25,12.50,1,2,T20I # 658
Sri Lanka Vs Bangladesh,Sri Lanka,Thisara Perera,1,0,0,1,1,0,12,12.00,2,1,T20I # 658
Sri Lanka Vs India,India,Jaydev Unadkat,21,5.25,12,1,1,1,0,0,4,0,T20I # 659
Sri Lanka Vs India,India,Washington Sundar,27,6.75,10,2,3,0,1,0,4,0,T20I # 659
Sri Lanka Vs India,India,Shardul Thakur,34,8.50,10,4,1,2,2,1,3,0,T20I # 659
Sri Lanka Vs India,India,Yuzvendra Chahal,30,10.00,6,1,1,2,1,0,1,0,T20I # 659
Sri Lanka Vs India,India,Vijay Shankar,6,6.00,1,1,0,0,1,0,11,7,T20I # 659
Sri Lanka Vs India,India,Suresh Raina,1,1,157.14,0,8,10,1,0,80.00,18,T20I # 659
Sri Lanka Vs India,Sri Lanka,Suranga Lakmal,0,3,0,0,33,11.00,2,3,1,1,T20I # 659
Sri Lanka Vs India,Sri Lanka,Akila Dananjaya,0,2.3,0,2,30,12.00,2,4,1,0,T20I # 659
Sri Lanka Vs India,Sri Lanka,Dushmantha Chameera,0,4,0,0,34,8.50,5,3,0,1,T20I # 659
Sri Lanka Vs India,Sri Lanka,Nuwan Pradeep,0,2,0,1,17,8.50,3,1,1,0,T20I # 659
India Vs Bangladesh,Bangladesh,Abu Hider,6,3,3,0,1,0,4,0,27,6.75,T20I # 660
India Vs Bangladesh,Bangladesh,Nazmul Islam,12,3,1,0,0,0,4,0,27,6.75,T20I # 660
India Vs Bangladesh,Bangladesh,Rubel Hossain,8,3,0,2,0,0,4,0,38,9.50,T20I # 660
India Vs Bangladesh,Bangladesh,Mustafizur Rahman,6,3,2,0,0,0,3,0,31,10.33,T20I # 660
India Vs Bangladesh,Bangladesh,Mehidy Hasan Miraz,6,2,2,0,1,0,1,0,9,9.00,T20I # 660
India Vs Bangladesh,Bangladesh,Mahmudullah,0,1,0,0,0,0,27,19,4,1,T20I # 660
India Vs Bangladesh,India,Mohammed Siraj,5.50,13,3,1,0,1,0,4,0,37,T20I # 660
India Vs Bangladesh,India,Washington Sundar,9.25,6,4,3,1,0,0,4,0,21,T20I # 660
India Vs Bangladesh,India,Shardul Thakur,5.25,13,1,1,1,2,0,4,0,28,T20I # 660
Sri Lanka Vs Bangladesh,Bangladesh,Shakib Al Hasan,4,0,41,1,10.25,5,6,0,0,0,T20I # 661
Sri Lanka Vs Bangladesh,Bangladesh,Rubel Hossain,4,1,39,1,9.75,11,2,3,2,0,T20I # 661
Sri Lanka Vs Bangladesh,Bangladesh,Mustafizur Rahman,4,0,16,2,4.00,12,1,0,0,0,T20I # 661
Sri Lanka Vs Bangladesh,Bangladesh,Mehidy Hasan Miraz,4,0,29,1,7.25,6,2,0,1,0,T20I # 661
Sri Lanka Vs Bangladesh,Bangladesh,Mahmudullah,2,0,21,0,10.50,3,1,1,1,0,T20I # 661
Sri Lanka Vs Bangladesh,Bangladesh,Soumya Sarkar,50,42,4,1,2,119.04,0,3,0,0,T20I # 661
Sri Lanka Vs Bangladesh,Sri Lanka,Nuwan Pradeep,0,19,6.33,0,6,2,0,0,0,2,T20I # 661
Sri Lanka Vs Bangladesh,Sri Lanka,Akila Dananjaya,0,20,10.00,2,3,2,0,0,0,3,T20I # 661
Sri Lanka Vs Bangladesh,Sri Lanka,Amila Aponso,0,24,8.00,1,6,1,0,3,0,4,T20I # 661
Sri Lanka Vs Bangladesh,Sri Lanka,Thisara Perera,0,24,6.00,0,8,0,1,0,0,2.5,T20I # 661
Bangladesh Vs India,India,Jaydev Unadkat,0,20,5.00,2,11,0,1,0,0,4,T20I # 662
Bangladesh Vs India,India,Washington Sundar,0,18,4.50,1,9,1,0,0,0,4,T20I # 662
Bangladesh Vs India,India,Yuzvendra Chahal,0,45,11.25,3,8,7,1,1,0,4,T20I # 662
Bangladesh Vs India,India,Shardul Thakur,0,48,12.00,0,4,3,3,1,0,10,T20I # 662
Bangladesh Vs India,India,Vijay Shankar,7,0,1,0,142.85,56,42,4,3,133.33,T20I # 662
Bangladesh Vs India,Bangladesh,Shakib Al Hasan,4,0,35,1,8.75,10,3,2,0,0,T20I # 662
Bangladesh Vs India,Bangladesh,Mehidy Hasan Miraz,4,0,32,0,8.00,7,3,1,1,0,T20I # 662
Bangladesh Vs India,Bangladesh,Rubel Hossain,4,1,21,2,5.25,12,2,0,0,0,T20I # 662
Bangladesh Vs India,Bangladesh,Nazmul Islam,3,0,33,1,11.00,4,4,1,1,0,T20I # 662
Pakistan Vs West Indies,West Indies,Samuel Badree,1,0,4,0,0,26,6.50,11,3,0,T20I # 663
Pakistan Vs West Indies,West Indies,Keemo Paul,0,1,4,1,0,43,10.75,6,4,2,T20I # 663
Pakistan Vs West Indies,West Indies,Rayad Emrit,0,0,4,1,0,42,10.50,5,5,1,T20I # 663
Pakistan Vs West Indies,West Indies,Kesrick Williams,0,0,0.3,0,0,8,16.00,1,1,0,T20I # 663
Pakistan Vs West Indies,West Indies,Veerasammy Permaul,2,0,0.3,0,0,7,14.00,1,0,1,T20I # 663
Pakistan Vs West Indies,West Indies,Marlon Samuels,0,0,3,0,0,34,11.33,1,4,1,T20I # 663
Pakistan Vs West Indies,West Indies,Rovman Powell,0,0,6,1,4,0,1,150.00,0,3,T20I # 663
Pakistan Vs West Indies,Pakistan,Mohammad Nawaz,1,1,0,2,0.00,6,0,0,0,0,T20I # 663
Pakistan Vs West Indies,Pakistan,Mohammad Amir,1,0,9,2,9.00,3,2,0,0,0,T20I # 663
Pakistan Vs West Indies,Pakistan,Hasan Ali,3,0,13,1,4.33,11,0,1,0,0,T20I # 663
Pakistan Vs West Indies,Pakistan,Faheem Ashraf,2,0,13,0,6.50,7,1,1,0,0,T20I # 663
Pakistan Vs West Indies,Pakistan,Shadab Khan,0.4,0,3,1,4.50,1,0,0,0,0,T20I # 663
Pakistan Vs West Indies,West Indies,Keemo Paul,4,1,1,0,0,4,0,47,11.75,7,T20I # 664
Pakistan Vs West Indies,West Indies,Rayad Emrit,8,0,1,1,0,3,0,26,8.66,6,T20I # 664
Pakistan Vs West Indies,West Indies,Samuel Badree,2,1,0,0,0,4,0,43,10.75,4,T20I # 664
Pakistan Vs West Indies,West Indies,Kesrick Williams,5,1,0,1,0,4,0,40,10.00,3,T20I # 664
Pakistan Vs West Indies,West Indies,Odean Smith,4,1,0,1,0,1,0,13,13.00,1,T20I # 664
Pakistan Vs West Indies,West Indies,Rovman Powell,2,0,0,0,0,40,29,5,2,137.93,T20I # 664
Pakistan Vs West Indies,Pakistan,Mohammad Nawaz,0,0,4,1,0,33,8.25,10,4,1,T20I # 664
Pakistan Vs West Indies,Pakistan,Mohammad Amir,0,0,4,3,0,23,5.75,17,2,2,T20I # 664
Pakistan Vs West Indies,Pakistan,Hasan Ali,0,0,2,1,0,11,5.50,6,0,1,T20I # 664
Pakistan Vs West Indies,Pakistan,Shadab Khan,0,0,1.2,2,0,12,9.00,3,2,0,T20I # 664
West Indies Vs Pakistan,Pakistan,Mohammad Nawaz,0,4,0,1,34,8.50,12,4,2,0,T20I # 665
West Indies Vs Pakistan,Pakistan,Usman Shinwari,0,4,0,1,27,6.75,9,2,1,0,T20I # 665
West Indies Vs Pakistan,Pakistan,Shaheen Shah Afridi,0,4,0,0,33,8.25,11,3,2,0,T20I # 665
West Indies Vs Pakistan,Pakistan,Faheem Ashraf,1,4,0,1,27,6.75,9,2,1,0,T20I # 665
West Indies Vs Pakistan,Pakistan,Shadab Khan,0,40,17,2,6,2,235.29,51,40,6,T20I # 665
West Indies Vs Pakistan,West Indies,Keemo Paul,6.00,11,3,0,0,0,0,3,0,38,T20I # 665
West Indies Vs Pakistan,West Indies,Rayad Emrit,12.66,3,5,1,1,2,0,4,0,30,T20I # 665
West Indies Vs Pakistan,West Indies,Odean Smith,7.50,4,2,1,0,0,0,1,0,8,T20I # 665
West Indies Vs Pakistan,West Indies,Samuel Badree,8.00,1,1,0,0,0,0,2,0,12,T20I # 665
West Indies Vs ICC World XI,ICC World XI,Mitchell McClenaghan,0,1,0,0,3,1,13,4.33,13,2,T20I # 666
West Indies Vs ICC World XI,ICC World XI,Tymal Mills,0,0,0,0,3,0,31,10.33,9,0,T20I # 666
West Indies Vs ICC World XI,ICC World XI,Shoaib Malik,4,1,0,1,2,0,27,13.50,1,2,T20I # 666
West Indies Vs ICC World XI,ICC World XI,Thisara Perera,2,0,0,0,4,0,48,12.00,8,2,T20I # 666
West Indies Vs ICC World XI,ICC World XI,Rashid Khan,5,1,0,2,4,0,34,8.50,13,2,T20I # 666
West Indies Vs ICC World XI,ICC World XI,Shahid Afridi,3,2,0,1,1,0,12,12.00,1,0,T20I # 666
West Indies Vs ICC World XI,ICC World XI,Sandeep Lamichhane,1,0,0,0,2,8,0,0,25.00,0,T20I # 666
West Indies Vs ICC World XI,West Indies,Samuel Badree,0,3.4,0,2,42,11.45,7,2,3,5,T20I # 666
West Indies Vs ICC World XI,West Indies,Andre Russell,0,3,0,2,24,8.00,3,3,0,0,T20I # 666
West Indies Vs ICC World XI,West Indies,Kesrick Williams,0,2,0,3,14,7.00,5,0,1,1,T20I # 666
West Indies Vs ICC World XI,West Indies,Keemo Paul,0,2,0,1,11,5.50,7,0,1,0,T20I # 666
Afghanistan Vs Bangladesh,Bangladesh,Abu Jayed,3,0,34,1,11.33,6,4,2,0,0,T20I # 667
Afghanistan Vs Bangladesh,Bangladesh,Nazmul Islam,4,0,32,0,8.00,6,2,1,0,0,T20I # 667
Afghanistan Vs Bangladesh,Bangladesh,Rubel Hossain,4,0,32,1,8.00,7,3,1,0,0,T20I # 667
Afghanistan Vs Bangladesh,Bangladesh,Shakib Al Hasan,4,0,19,1,4.75,10,0,1,0,0,T20I # 667
Afghanistan Vs Bangladesh,Bangladesh,Abul Hasan,3,0,40,2,13.33,7,2,4,1,1,T20I # 667
Afghanistan Vs Bangladesh,Bangladesh,Mosaddek Hossain,1,0,3,0,3.00,3,0,0,0,0,T20I # 667
Afghanistan Vs Bangladesh,Bangladesh,Mahmudullah,1,0,1,2,1.00,5,0,0,0,0,T20I # 667
Afghanistan Vs Bangladesh,Afghanistan,Mujeeb Ur Rahman,4,0,20,1,5.00,12,2,0,0,0,T20I # 667
Afghanistan Vs Bangladesh,Afghanistan,Shapoor Zadran,4,0,40,3,10.00,7,4,2,0,0,T20I # 667
Afghanistan Vs Bangladesh,Afghanistan,Mohammad Nabi,4,0,21,2,5.25,6,0,0,1,0,T20I # 667
Afghanistan Vs Bangladesh,Afghanistan,Karim Janat,4,0,27,1,6.75,7,3,0,1,0,T20I # 667
Afghanistan Vs Bangladesh,Afghanistan,Rashid Khan,3,0,13,3,4.33,12,2,0,1,0,T20I # 667
Bangladesh Vs Afghanistan,Afghanistan,Mujeeb Ur Rahman,0,42,10.50,0,8,6,1,1,0,4,T20I # 668
Bangladesh Vs Afghanistan,Afghanistan,Shapoor Zadran,0,19,4.75,1,10,0,1,0,0,4,T20I # 668
Bangladesh Vs Afghanistan,Afghanistan,Mohammad Nabi,0,40,10.00,2,7,4,2,0,0,4,T20I # 668
Bangladesh Vs Afghanistan,Afghanistan,Karim Janat,0,12,3.00,1,13,0,0,1,0,24,T20I # 668
Bangladesh Vs Afghanistan,Afghanistan,Rashid Khan,18,4,1,4,133.33,21,31,1,0,67.74,T20I # 668
Bangladesh Vs Afghanistan,Bangladesh,Nazmul Islam,0,0,3.5,0,0,38,9.91,11,5,2,T20I # 668
Bangladesh Vs Afghanistan,Bangladesh,Shakib Al Hasan,0,0,3,0,0,14,4.66,9,0,0,T20I # 668
Bangladesh Vs Afghanistan,Bangladesh,Rubel Hossain,2,0,1,1,0,9,9.00,2,0,1,T20I # 668
Bangladesh Vs Afghanistan,Bangladesh,Abu Hider,0,0,3,1,0,21,7.00,7,0,2,T20I # 668
Afghanistan Vs Bangladesh,Bangladesh,Mehidy Hasan Miraz,0,4,0,0,18,4.50,13,0,1,0,T20I # 669
Afghanistan Vs Bangladesh,Bangladesh,Nazmul Islam,0,4,0,2,16,4.00,13,1,0,0,T20I # 669
Afghanistan Vs Bangladesh,Bangladesh,Shakib Al Hasan,0,4,0,1,31,7.75,7,1,1,2,T20I # 669
Afghanistan Vs Bangladesh,Bangladesh,Abu Hider,0,1,0,0,8,8.00,2,1,0,1,T20I # 669
Afghanistan Vs Bangladesh,Bangladesh,Soumya Sarkar,0,4,0,0,27,6.75,11,1,2,1,T20I # 669
Afghanistan Vs Bangladesh,Bangladesh,Abu Jayed,0,1,0,2,13,13.00,3,0,2,0,T20I # 669
Afghanistan Vs Bangladesh,Bangladesh,Ariful Haque,0,12,14,1,1,0,85.71,5,6,1,T20I # 669
Afghanistan Vs Bangladesh,Afghanistan,Mujeeb Ur Rahman,1,0,0,1,4,0,20,5.00,11,0,T20I # 669
Afghanistan Vs Bangladesh,Afghanistan,Aftab Alam,1,0,0,0,4,0,44,11.00,8,7,T20I # 669
Afghanistan Vs Bangladesh,Afghanistan,Mohammad Nabi,1,2,0,0,4,0,24,6.00,10,2,T20I # 669
Netherlands Vs Ireland,Ireland,James Shannon,0,4,0,0,26,6.50,0,0,4,0,T20I # 670
Netherlands Vs Ireland,Ireland,Craig Young,18,4.50,0,0,0,4,0,27,6.75,3,T20I # 670
Netherlands Vs Ireland,Ireland,Barry McCarthy,0,1,0,3,9,9.00,0,0,3.5,0,T20I # 670
Netherlands Vs Ireland,Ireland,George Dockrell,23,6.00,0,1,0,15,11,1,1,136.36,T20I # 670
Netherlands Vs Ireland,Ireland,Stuart Thompson,17,23,1,1,1,73.91,2,4,0,0,T20I # 670
Netherlands Vs Ireland,Ireland,Kevin O'Brien,50.00,5,11,0,0,0,45.45,6,11,0,T20I # 670
Netherlands Vs Ireland,Ireland,Simi Singh,0,54.54,5,3,5,1,0,100.00,7,12,T20I # 670
Pakistan Vs Scotland,Scotland,Safyaan Sharif,4,0,42,0,10.50,0,0,4,0,57,T20I # 671
Pakistan Vs Scotland,Scotland,Mark Watt,14.25,0,0,0,4,0,23,5.75,2,0,T20I # 671
Pakistan Vs Scotland,Scotland,Hamza Tahir,1,0,6,0,6.00,0,0,3,0,29,T20I # 671
Pakistan Vs Scotland,Scotland,Alasdair Evans,9.66,1,0,3,25,22,2,1,113.63,31,T20I # 671
Pakistan Vs Scotland,Scotland,Michael Leask,18,4,1,0,172.22,3,7,0,0,42.85,T20I # 671
Pakistan Vs Scotland,Scotland,Richie Berrington,12,15,1,1,0,80.00,24,21,0,2,T20I # 671
Ireland Vs Netherlands,Netherlands,Pieter Seelaar,34,11.33,0,1,0,4,0,29,7.25,0,T20I # 672
Ireland Vs Netherlands,Netherlands,Shane Snater,0,4,0,1,33,8.25,1,1,4,0,T20I # 672
Ireland Vs Netherlands,Netherlands,Fred Klaassen,24,6.00,0,1,0,1,0,6,6.00,0,T20I # 672
Ireland Vs Netherlands,Netherlands,Paul van Meekeren,0,25,15,1,5,0,166.66,39,24,5,T20I # 672
Ireland Vs Netherlands,Netherlands,Roelof van der Merwe,1,162.50,10,2,10,1,0,100.00,6,12,T20I # 672
Ireland Vs Netherlands,Netherlands,Max O'Dowd,0,0,50.00,0,37,26,3,1,142.30,22,T20I # 672
Pakistan Vs Scotland,Scotland,Chris Sole,34,8.50,0,2,0,4,0,36,9.00,4,T20I # 673
Pakistan Vs Scotland,Scotland,Safyaan Sharif,0,4,0,0,25,6.25,2,0,4,0,T20I # 673
Pakistan Vs Scotland,Scotland,Alasdair Evans,31,7.75,3,0,1,0,3,0,0,0.00,T20I # 673
Pakistan Vs Scotland,Scotland,Mark Watt,1,6,0,1,0,16.66,20,15,2,1,T20I # 673
Pakistan Vs Scotland,Scotland,Michael Leask,133.33,25,27,3,2,0,92.59,4,8,0,T20I # 673
Ireland Vs Scotland,Scotland,Mark Watt,0,38,9.50,0,1,0,4,0,51,12.75,T20I # 674
Ireland Vs Scotland,Scotland,Chris Sole,2,0,4,0,0,27,6.75,0,0,4,T20I # 674
Ireland Vs Scotland,Scotland,Alasdair Evans,0,38,9.50,2,2,0,1,0,11,11.00,T20I # 674
Ireland Vs Scotland,Scotland,Stuart Whittingham,0,0,41,1,24,4,2,170.83,33,22,T20I # 674
Ireland Vs Scotland,Scotland,Michael Leask,6,0,150.00,1,29,26,1,1,111.53,12,T20I # 674
Ireland Vs Scotland,Scotland,Richie Berrington,13,1,0,0,92.30,23,20,1,1,115.00,T20I # 674
Scotland Vs Ireland,Ireland,Simi Singh,2,0,19,1,9.50,0,0,4,0,36,T20I # 675
Scotland Vs Ireland,Ireland,Peter Chase,9.00,1,0,0,4,0,51,12.75,2,2,T20I # 675
Scotland Vs Ireland,Ireland,George Dockrell,3,0,16,1,5.33,0,0,3,0,22,T20I # 675
Scotland Vs Ireland,Ireland,Barry McCarthy,7.33,1,0,1,81,41,5,6,197.56,6,T20I # 675
Scotland Vs Ireland,Ireland,Stuart Thompson,6,1,0,0,100.00,3,10,0,0,30.00,T20I # 675
Scotland Vs Ireland,Ireland,Paul Stirling,26,23,3,0,0,113.04,20,14,2,0,T20I # 675
Netherlands Vs Scotland,Scotland,Stuart Whittingham,40,10.00,0,0,0,4,0,32,8.00,0,T20I # 676
Netherlands Vs Scotland,Scotland,Safyaan Sharif,0,4,0,1,18,4.50,1,0,4,0,T20I # 676
Netherlands Vs Scotland,Scotland,Alasdair Evans,29,7.25,0,2,0,2,0,9,4.50,0,T20I # 676
Netherlands Vs Scotland,Scotland,Mark Watt,0,46,29,1,6,2,158.62,42,20,7,T20I # 676
Netherlands Vs Scotland,Scotland,Michael Leask,1,210.00,49,0,32,9,0,153.12,14,15,T20I # 676
Netherlands Vs Scotland,Scotland,Richie Berrington,0,0,93.33,1,9,10,1,0,90.00,3.4,T20I # 676
Scotland Vs Netherlands,Netherlands,Paul van Meekeren,0,4,0,0,47,11.75,0,0,4,0,T20I # 677
Scotland Vs Netherlands,Netherlands,Timm van der Gugten,55,13.75,0,1,0,3,0,40,13.33,1,T20I # 677
Scotland Vs Netherlands,Netherlands,Fred Klaassen,1,4,0,0,34,8.50,0,0,1,0,T20I # 677
Scotland Vs Netherlands,Netherlands,Shane Snater,3,3.00,0,1,0,17,12,3,0,141.66,T20I # 677
Scotland Vs Netherlands,Netherlands,Pieter Seelaar,0,1,0,0,0,0.00,5,5,0,0,T20I # 677
Scotland Vs Netherlands,Netherlands,Wesley Barresi,100.00,9,12,1,0,0,75.00,31,27,3,T20I # 677
India Vs Ireland,Ireland,Boyd Rankin,4,0,34,0,8.50,10,3,2,1,0,T20I # 678
India Vs Ireland,Ireland,Peter Chase,4,0,35,4,8.75,12,1,3,3,0,T20I # 678
India Vs Ireland,Ireland,Stuart Thompson,2,0,31,0,15.50,2,5,1,1,0,T20I # 678
India Vs Ireland,Ireland,Kevin O'Brien,3,0,36,1,12.00,3,3,2,1,0,T20I # 678
India Vs Ireland,Ireland,George Dockrell,4,0,40,0,10.00,5,2,3,0,0,T20I # 678
India Vs Ireland,Ireland,Simi Singh,1,0,12,0,12.00,0,0,1,0,0,T20I # 678
India Vs Ireland,Ireland,Paul Stirling,2,0,16,0,8.00,2,2,0,0,0,T20I # 678
India Vs Ireland,India,Bhuvneshwar Kumar,4,0,16,0,4.00,12,1,0,0,0,T20I # 678
India Vs Ireland,India,Jasprit Bumrah,4,1,19,2,4.75,15,3,0,1,0,T20I # 678
India Vs Ireland,India,Hardik Pandya,4,0,36,0,9.00,6,4,1,0,0,T20I # 678
India Vs Ireland,India,Yuzvendra Chahal,4,0,38,3,9.50,9,0,4,0,0,T20I # 678
India Vs Ireland,India,Kuldeep Yadav,4,1,21,4,5.25,11,0,1,0,0,T20I # 678
England Vs Australia,Australia,Billy Stanlake,0,0,4,1,0,34,8.50,8,1,3,T20I # 679
England Vs Australia,Australia,Ashton Agar,0,0,4,0,0,37,9.25,6,3,1,T20I # 679
England Vs Australia,Australia,Mitchell Swepson,1,0,4,2,0,59,14.75,3,10,1,T20I # 679
England Vs Australia,Australia,Kane Richardson,1,0,4,0,0,37,9.25,8,3,2,T20I # 679
England Vs Australia,Australia,Andrew Tye,0,0,1,0,0,9,9.00,2,0,1,T20I # 679
England Vs Australia,Australia,Marcus Stoinis,0,0,16,1,12,3,0,133.33,84,41,T20I # 679
England Vs Australia,England,David Willey,3.4,0,34,1,9.27,8,3,2,1,0,T20I # 679
England Vs Australia,England,Chris Jordan,4,0,27,3,6.75,11,1,2,0,0,T20I # 679
England Vs Australia,England,Liam Plunkett,4,0,58,2,14.50,3,4,5,0,0,T20I # 679
India Vs Ireland,Ireland,Simi Singh,2,2,0,0,3,0,33,11.00,5,1,T20I # 680
India Vs Ireland,Ireland,Boyd Rankin,3,1,0,0,4,0,42,10.50,5,2,T20I # 680
India Vs Ireland,Ireland,Peter Chase,3,1,0,1,1,0,17,17.00,2,0,T20I # 680
India Vs Ireland,Ireland,Stuart Thompson,2,3,0,0,4,0,30,7.50,3,1,T20I # 680
India Vs Ireland,Ireland,George Dockrell,1,0,0,0,2,0,19,9.50,1,1,T20I # 680
India Vs Ireland,Ireland,Paul Stirling,0,2,0,0,4,0,40,10.00,7,3,T20I # 680
India Vs Ireland,Ireland,Kevin O'Brien,2,3,0,3,0,2,0,0,0.00,2,T20I # 680
India Vs Ireland,India,Umesh Yadav,0,2,0,2,10,5.00,6,1,0,1,T20I # 680
India Vs Ireland,India,Siddarth Kaul,0,4,0,1,21,5.25,12,2,0,1,T20I # 680
India Vs Ireland,India,Hardik Pandya,0,2.3,0,1,16,6.40,8,1,1,0,T20I # 680
Pakistan Vs Zimbabwe,Zimbabwe,John Nyumbu,3,0,32,0,10.66,9,2,3,0,0,T20I # 681
Pakistan Vs Zimbabwe,Zimbabwe,Kyle Jarvis,2,0,9,1,4.50,6,0,0,0,0,T20I # 681
Pakistan Vs Zimbabwe,Zimbabwe,Blessing Muzarabani,4,0,46,0,11.50,5,2,3,0,0,T20I # 681
Pakistan Vs Zimbabwe,Zimbabwe,Chamu Chibhabha,3,0,29,1,9.66,4,0,2,1,0,T20I # 681
Pakistan Vs Zimbabwe,Zimbabwe,Tendai Chisoro,4,0,28,2,7.00,13,3,0,1,0,T20I # 681
Pakistan Vs Zimbabwe,Zimbabwe,Solomon Mire,3,0,29,0,9.66,6,1,1,2,0,T20I # 681
Pakistan Vs Zimbabwe,Zimbabwe,Ryan Burl,1,0,8,0,8.00,1,1,0,0,0,T20I # 681
Pakistan Vs Zimbabwe,Pakistan,Mohammad Nawaz,4,0,11,2,2.75,14,0,0,0,0,T20I # 681
Pakistan Vs Zimbabwe,Pakistan,Usman Shinwari,3,0,11,2,3.66,10,1,0,0,0,T20I # 681
Pakistan Vs Zimbabwe,Pakistan,Faheem Ashraf,3,0,23,0,7.66,7,1,1,1,0,T20I # 681
Pakistan Vs Zimbabwe,Pakistan,Hasan Ali,2,0,19,2,9.50,8,1,2,2,0,T20I # 681
Pakistan Vs Zimbabwe,Pakistan,Shadab Khan,4,0,29,1,7.25,7,0,1,0,0,T20I # 681
Pakistan Vs Zimbabwe,Pakistan,Hussain Talat,1,0,11,0,11.00,1,1,0,0,0,T20I # 681
Pakistan Vs Zimbabwe,Pakistan,Mohammad Hafeez,0.5,0,3,2,3.60,3,0,0,0,0,T20I # 681
Pakistan Vs Australia,Australia,Billy Stanlake,22,5.50,13,4,3,0,1,0,3,0,T20I # 682
Pakistan Vs Australia,Australia,Jhye Richardson,17,5.66,9,1,0,1,1,0,3.5,0,T20I # 682
Pakistan Vs Australia,Australia,Marcus Stoinis,38,9.91,6,1,3,2,1,0,4,0,T20I # 682
Pakistan Vs Australia,Australia,Andrew Tye,27,6.75,7,3,1,1,0,0,1,0,T20I # 682
Pakistan Vs Australia,Australia,Ashton Agar,3,3.00,3,0,0,0,0,0,15,14,T20I # 682
Pakistan Vs Australia,Australia,Glenn Maxwell,3,0,107.14,0,68,33,4,6,206.06,20,T20I # 682
Pakistan Vs Australia,Pakistan,Usman Shinwari,0,2,2,0,0,2,0,18,9.00,7,T20I # 682
Pakistan Vs Australia,Pakistan,Mohammad Nawaz,1,1,1,0,0,3.5,0,41,10.69,4,T20I # 682
Australia Vs Zimbabwe,Zimbabwe,John Nyumbu,2,5,2,0,0,0,4,0,38,9.50,T20I # 683
Australia Vs Zimbabwe,Zimbabwe,Blessing Muzarabani,8,4,1,2,3,0,4,0,53,13.25,T20I # 683
Australia Vs Zimbabwe,Zimbabwe,Chris Mpofu,7,4,4,0,1,0,4,0,19,4.75,T20I # 683
Australia Vs Zimbabwe,Zimbabwe,Tendai Chisoro,11,0,1,0,0,0,2,0,30,15.00,T20I # 683
Australia Vs Zimbabwe,Zimbabwe,Ryan Burl,1,1,3,0,0,0,2,0,19,9.50,T20I # 683
Australia Vs Zimbabwe,Zimbabwe,Chamu Chibhabha,2,2,0,0,0,0,1,0,21,21.00,T20I # 683
Australia Vs Zimbabwe,Zimbabwe,Solomon Mire,0,3,1,0,0,0,18,10,1,1,T20I # 683
Australia Vs Zimbabwe,Australia,Billy Stanlake,1,2,0,1,4,1,16,4.00,12,1,T20I # 683
Australia Vs Zimbabwe,Australia,Jhye Richardson,0,0,0,1,2,0,20,10.00,3,2,T20I # 683
Australia Vs Zimbabwe,Australia,Ashton Agar,1,0,0,2,4,1,12,3.00,18,2,T20I # 683
Australia Vs Zimbabwe,Australia,D'Arcy Short,0,0,0,0,1,0,7,7.00,4,0,T20I # 683
Australia Vs Zimbabwe,Australia,Andrew Tye,1,0,0,3,2,0,11,5.50,7,1,T20I # 683
England Vs India,India,Bhuvneshwar Kumar,0,21,5.25,0,12,3,0,0,0,4,T20I # 684
England Vs India,India,Umesh Yadav,0,34,8.50,2,7,3,1,1,0,4,T20I # 684
England Vs India,India,Yuzvendra Chahal,0,33,8.25,0,10,4,1,0,0,4,T20I # 684
England Vs India,India,Hardik Pandya,0,24,6.00,1,13,1,1,0,0,4,T20I # 684
England Vs India,India,Kuldeep Yadav,4,1,0,5,100.00,32,30,3,1,106.66,T20I # 684
England Vs India,England,David Willey,2,1,0,1,0,4,0,42,10.50,9,T20I # 684
England Vs India,England,Chris Jordan,5,2,2,0,0,4,0,25,6.25,10,T20I # 684
England Vs India,England,Liam Plunkett,2,1,0,0,0,2.2,0,37,15.85,0,T20I # 684
Zimbabwe Vs Pakistan,Pakistan,Shoaib Malik,1,0,0,0,4,0,25,6.25,11,2,T20I # 685
Zimbabwe Vs Pakistan,Pakistan,Mohammad Amir,1,0,0,1,4,0,37,9.25,7,5,T20I # 685
Zimbabwe Vs Pakistan,Pakistan,Hasan Ali,0,0,0,0,4,0,24,6.00,10,1,T20I # 685
Zimbabwe Vs Pakistan,Pakistan,Faheem Ashraf,1,0,0,1,3,0,28,9.33,8,2,T20I # 685
Zimbabwe Vs Pakistan,Pakistan,Shadab Khan,2,1,0,1,3,0,25,8.33,10,2,T20I # 685
Zimbabwe Vs Pakistan,Pakistan,Mohammad Nawaz,2,0,0,0,1,0,10,10.00,1,0,T20I # 685
Zimbabwe Vs Pakistan,Pakistan,Hussain Talat,0,2,0,1,47,38,4,1,123.68,16,T20I # 685
Zimbabwe Vs Pakistan,Zimbabwe,Tendai Chisoro,31,7.75,8,0,3,0,1,0,3.1,0,T20I # 685
Zimbabwe Vs Pakistan,Zimbabwe,Blessing Muzarabani,31,9.78,2,0,3,0,4,0,4,0,T20I # 685
Zimbabwe Vs Pakistan,Zimbabwe,Chris Mpofu,30,7.50,5,1,2,0,0,0,2,0,T20I # 685
Zimbabwe Vs Pakistan,Zimbabwe,Wellington Masakadza,18,9.00,2,1,0,1,0,0,2,0,T20I # 685
Pakistan Vs Australia,Australia,Billy Stanlake,4,0,43,0,10.75,7,4,1,3,0,T20I # 686
Pakistan Vs Australia,Australia,Jhye Richardson,4,0,35,2,8.75,9,1,3,1,0,T20I # 686
Pakistan Vs Australia,Australia,Andrew Tye,3,0,29,3,9.66,6,5,0,1,0,T20I # 686
Pakistan Vs Australia,Australia,Marcus Stoinis,3,0,30,1,10.00,5,2,2,0,0,T20I # 686
Pakistan Vs Australia,Australia,Glenn Maxwell,2,0,27,1,13.50,3,2,2,0,0,T20I # 686
Pakistan Vs Australia,Australia,Ashton Agar,28,34,1,0,0,82.35,16,11,3,0,T20I # 686
Pakistan Vs Australia,Pakistan,Mohammad Amir,4,0,37,1,9.25,7,5,0,1,0,T20I # 686
Pakistan Vs Australia,Pakistan,Faheem Ashraf,4,0,26,1,6.50,10,1,1,0,0,T20I # 686
Pakistan Vs Australia,Pakistan,Shaheen Shah Afridi,4,0,26,3,6.50,8,1,1,1,0,T20I # 686
Zimbabwe Vs Australia,Australia,Billy Stanlake,0,32,8.00,2,11,1,2,2,0,3,T20I # 687
Zimbabwe Vs Australia,Australia,Jhye Richardson,0,31,10.33,2,5,4,1,1,0,3,T20I # 687
Zimbabwe Vs Australia,Australia,Marcus Stoinis,0,22,7.33,0,6,1,1,0,0,4,T20I # 687
Zimbabwe Vs Australia,Australia,Ashton Agar,0,28,7.00,0,9,1,1,1,0,2,T20I # 687
Zimbabwe Vs Australia,Australia,Andrew Tye,0,16,8.00,3,2,1,0,0,0,3,T20I # 687
Zimbabwe Vs Australia,Australia,Jack Wildermuth,5,0,0,1,60.00,16,17,2,0,94.11,T20I # 687
Zimbabwe Vs Australia,Zimbabwe,Wellington Masakadza,0,3.5,0,1,27,7.04,10,3,0,3,T20I # 687
Zimbabwe Vs Australia,Zimbabwe,Blessing Muzarabani,0,2,0,3,17,8.50,2,1,0,0,T20I # 687
Zimbabwe Vs Australia,Zimbabwe,Donald Tiripano,0,4,0,1,33,8.25,7,1,1,2,T20I # 687
Zimbabwe Vs Australia,Zimbabwe,Solomon Mire,0,2,0,0,20,10.00,3,0,2,0,T20I # 687
India Vs England,England,David Willey,0,0,4,1,0,44,11.00,4,5,1,T20I # 688
India Vs England,England,Jake Ball,2,1,4,1,0,17,4.25,14,2,0,T20I # 688
India Vs England,England,Liam Plunkett,0,0,4,1,0,34,8.50,6,1,2,T20I # 688
India Vs England,England,Chris Jordan,0,0,4,0,0,29,7.25,10,2,1,T20I # 688
India Vs England,England,Adil Rashid,0,0,15,1,12,2,1,125.00,14,12,T20I # 688
India Vs England,India,Umesh Yadav,1,1,0,2,0,4,0,28,7.00,6,T20I # 688
India Vs England,India,Bhuvneshwar Kumar,1,0,0,1,0,4,0,28,7.00,10,T20I # 688
India Vs England,India,Hardik Pandya,2,1,1,1,0,4,0,34,8.50,9,T20I # 688
Australia Vs Pakistan,Pakistan,Mohammad Amir,0,38,9.50,3,10,1,3,2,0,4,T20I # 689
Australia Vs Pakistan,Pakistan,Faheem Ashraf,0,38,9.50,1,8,2,2,0,1,4,T20I # 689
Australia Vs Pakistan,Pakistan,Hasan Ali,0,32,8.00,1,7,3,1,0,0,4,T20I # 689
Australia Vs Pakistan,Pakistan,Shaheen Shah Afridi,0,38,9.50,1,9,3,2,0,0,91,T20I # 689
Australia Vs Pakistan,Pakistan,Shadab Khan,46,12,3,2,197.82,0,0,0,0,-,T20I # 689
Australia Vs Pakistan,Australia,Glenn Maxwell,0,0,4,2,0,29,7.25,11,1,2,T20I # 689
Australia Vs Pakistan,Australia,Billy Stanlake,1,0,4,0,0,33,8.25,8,5,0,T20I # 689
Australia Vs Pakistan,Australia,Jhye Richardson,0,0,2.2,1,0,31,13.28,1,4,1,T20I # 689
Australia Vs Pakistan,Australia,Andrew Tye,0,0,1,0,0,16,16.00,1,2,0,T20I # 689
Australia Vs Pakistan,Australia,Marcus Stoinis,4,0,1,0,0,16,16.00,1,2,1,T20I # 689
England Vs India,India,Deepak Chahar,0,48,12.00,1,9,6,3,0,0,4,T20I # 690
England Vs India,India,Umesh Yadav,0,35,8.75,1,9,3,2,0,0,4,T20I # 690
England Vs India,India,Siddarth Kaul,0,38,9.50,2,11,3,3,0,0,4,T20I # 690
England Vs India,India,Hardik Pandya,0,30,7.50,4,9,3,1,0,0,100,T20I # 690
England Vs India,India,Yuzvendra Chahal,56,11,5,0,178.57,5,3,1,0,166.66,T20I # 690
England Vs India,England,David Willey,1,0,0,1,3.4,0,40,10.90,9,2,T20I # 690
England Vs India,England,Jake Ball,4,1,0,1,3,0,42,14.00,2,3,T20I # 690
England Vs India,England,Chris Jordan,3,0,0,1,2,0,11,5.50,4,1,T20I # 690
England Vs India,England,Liam Plunkett,0,0,0,0,4,0,32,8.00,6,2,T20I # 690
Netherlands Vs Nepal,Nepal,Sompal Kami,3,0,30,1,10.00,0,0,1.4,0,17,T20I # 691
Netherlands Vs Nepal,Nepal,Basant Regmi,10.20,0,0,1,4,0,43,10.75,0,0,T20I # 691
Netherlands Vs Nepal,Nepal,Karan KC,3,0,25,1,8.33,1,0,1,0,15,T20I # 691
Bangladesh Vs West Indies,West Indies,Ashley Nurse,27,6.75,11,2,4,0,0,0,3,0,T20I # 692
Bangladesh Vs West Indies,West Indies,Andre Russell,35,11.66,4,1,5,1,0,0,4,0,T20I # 692
Bangladesh Vs West Indies,West Indies,Samuel Badree,24,6.00,13,0,1,1,4,0,4,0,T20I # 692
Bangladesh Vs West Indies,West Indies,Keemo Paul,21,5.25,12,2,1,0,1,0,4,0,T20I # 692
Bangladesh Vs West Indies,West Indies,Carlos Brathwaite,28,7.00,8,0,3,0,1,0,7,7,T20I # 692
Bangladesh Vs West Indies,West Indies,Kesrick Williams,0,1,100.00,4,2,5,0,0,40.00,35,T20I # 692
Bangladesh Vs West Indies,Bangladesh,Mehidy Hasan Miraz,0,0,2.1,0,0,27,12.46,5,1,3,T20I # 692
Bangladesh Vs West Indies,Bangladesh,Mustafizur Rahman,1,0,2,2,0,24,12.00,4,0,3,T20I # 692
Bangladesh Vs West Indies,Bangladesh,Shakib Al Hasan,0,0,2,0,0,13,6.50,7,1,0,T20I # 692
Bangladesh Vs West Indies,West Indies,Samuel Badree,0,0,4,0,0,25,6.25,9,1,1,T20I # 693
Bangladesh Vs West Indies,West Indies,Ashley Nurse,1,0,4,2,0,33,8.25,13,2,3,T20I # 693
Bangladesh Vs West Indies,West Indies,Andre Russell,0,0,4,1,0,39,9.75,7,4,1,T20I # 693
Bangladesh Vs West Indies,West Indies,Keemo Paul,1,0,3,2,0,29,9.66,5,5,0,T20I # 693
Bangladesh Vs West Indies,West Indies,Kesrick Williams,0,0,3,0,0,29,9.66,4,4,0,T20I # 693
Bangladesh Vs West Indies,West Indies,Carlos Brathwaite,0,0,43,0,38,3,2,113.15,1,3,T20I # 693
Bangladesh Vs West Indies,Bangladesh,Abu Hider,4,0,35,0,8.75,7,3,1,2,0,T20I # 693
Bangladesh Vs West Indies,Bangladesh,Mustafizur Rahman,4,0,19,3,4.75,10,1,0,1,0,T20I # 693
Bangladesh Vs West Indies,Bangladesh,Rubel Hossain,4,0,28,1,7.00,11,1,2,1,0,T20I # 693
Bangladesh Vs West Indies,West Indies,Samuel Badree,0,0,3,0,0,31,10.33,5,1,3,T20I # 694
Bangladesh Vs West Indies,West Indies,Ashley Nurse,0,0,3,0,0,36,12.00,4,5,1,T20I # 694
Bangladesh Vs West Indies,West Indies,Andre Russell,1,0,4,0,0,32,8.00,8,3,0,T20I # 694
Bangladesh Vs West Indies,West Indies,Carlos Brathwaite,3,0,3,2,0,26,8.66,7,4,0,T20I # 694
Bangladesh Vs West Indies,West Indies,Keemo Paul,1,0,4,2,0,32,8.00,7,3,0,T20I # 694
Bangladesh Vs West Indies,West Indies,Kesrick Williams,1,1,19,1,19,3,0,100.00,6,7,T20I # 694
Bangladesh Vs West Indies,Bangladesh,Abu Hider,1,0,0,1,3.1,0,31,9.78,9,1,T20I # 694
Bangladesh Vs West Indies,Bangladesh,Rubel Hossain,2,1,0,1,0.3,0,2,4.00,1,0,T20I # 694
Bangladesh Vs West Indies,Bangladesh,Mustafizur Rahman,0,0,0,3,2.3,0,18,7.20,4,1,T20I # 694
Bangladesh Vs West Indies,Bangladesh,Nazmul Islam,0,4,0,0,4,0,22,5.50,12,0,T20I # 694
South Africa Vs Sri Lanka,Sri Lanka,Kasun Rajitha,22,5.50,11,1,1,1,0,1,4,0,T20I # 695
South Africa Vs Sri Lanka,Sri Lanka,Dhananjaya de Silva,15,3.75,15,2,0,1,1,0,4,1,T20I # 695
South Africa Vs Sri Lanka,Sri Lanka,Akila Dananjaya,19,4.75,14,2,3,0,0,0,1.4,0,T20I # 695
South Africa Vs Sri Lanka,Sri Lanka,Lakshan Sandakan,9,5.40,4,3,1,0,0,0,3,3,T20I # 695
South Africa Vs Sri Lanka,Sri Lanka,Isuru Udana,0,0,100.00,1,1,3,0,0,33.33,36,T20I # 695
South Africa Vs Sri Lanka,South Africa,Kagiso Rabada,26,6.50,16,2,4,1,1,0,4,0,T20I # 695
South Africa Vs Sri Lanka,South Africa,Lungi Ngidi,22,5.50,13,0,1,1,2,0,1,0,T20I # 695
Afghanistan Vs Ireland,Ireland,Tyrone Kane,4,0,50,2,12.50,2,0,4,0,29,T20I # 696
Afghanistan Vs Ireland,Ireland,Peter Chase,7.25,2,0,1,4,0,20,5.00,1,1,T20I # 696
Afghanistan Vs Ireland,Ireland,Josh Little,3,0,27,2,9.00,2,0,1,0,16,T20I # 696
Afghanistan Vs Ireland,Ireland,Simi Singh,16.00,1,0,1,2,0,17,8.50,0,0,T20I # 696
Afghanistan Vs Ireland,Ireland,Kevin O'Brien,27,19,31,0,1,2,142.10,5,5,8,T20I # 696
Afghanistan Vs Ireland,Ireland,George Dockrell,1,0,100.00,0,8,10,10,2,0,80.00,T20I # 696
Afghanistan Vs Ireland,Afghanistan,Aftab Alam,3,0,33,2,11.00,1,0,4,0,35,T20I # 696
Afghanistan Vs Ireland,Ireland,Boyd Rankin,4,0,14,2,3.50,1,0,3,0,23,T20I # 697
Afghanistan Vs Ireland,Ireland,Simi Singh,7.66,0,0,1,4,0,35,8.75,2,0,T20I # 697
Afghanistan Vs Ireland,Ireland,Peter Chase,4,0,48,3,12.00,0,0,4,0,19,T20I # 697
Afghanistan Vs Ireland,Ireland,Josh Little,4.75,0,0,1,1,0,20,20.00,0,0,T20I # 697
Afghanistan Vs Ireland,Ireland,George Dockrell,2,5,6,1,0,0,40.00,3,7,10,T20I # 697
Afghanistan Vs Ireland,Ireland,Paul Stirling,0,0,42.85,0,33,23,32,2,2,143.47,T20I # 697
Afghanistan Vs Ireland,Afghanistan,Mujeeb Ur Rahman,3,0,19,3,6.33,0,0,3,0,17,T20I # 697
South Africa Vs Zimbabwe,Zimbabwe,Kyle Jarvis,4,0,37,3,9.25,12,3,3,0,0,T20I # 698
South Africa Vs Zimbabwe,Zimbabwe,Chris Mpofu,4,0,24,2,6.00,14,2,0,1,0,T20I # 698
South Africa Vs Zimbabwe,Zimbabwe,Tendai Chisoro,3,0,37,0,12.33,8,4,2,3,0,T20I # 698
South Africa Vs Zimbabwe,Zimbabwe,Brandon Mavuta,4,0,19,1,4.75,10,1,0,0,0,T20I # 698
South Africa Vs Zimbabwe,Zimbabwe,Sean Williams,4,0,28,0,7.00,7,1,1,0,0,T20I # 698
South Africa Vs Zimbabwe,Zimbabwe,Chamu Chibhabha,1,0,11,0,11.00,0,1,0,0,0,T20I # 698
South Africa Vs Zimbabwe,South Africa,Lungi Ngidi,3,0,7,1,2.33,15,1,0,1,0,T20I # 698
South Africa Vs Zimbabwe,South Africa,Imran Tahir,4,0,23,5,5.75,11,1,1,1,0,T20I # 698
South Africa Vs Zimbabwe,South Africa,Junior Dala,3,0,25,2,8.33,9,3,1,0,0,T20I # 698
South Africa Vs Zimbabwe,South Africa,Andile Phehlukwayo,3.2,0,25,2,7.50,10,3,1,0,0,T20I # 698
South Africa Vs Zimbabwe,South Africa,Tabraiz Shamsi,4,0,43,0,10.75,6,0,4,2,0,T20I # 698
Zimbabwe Vs South Africa,South Africa,Lungi Ngidi,4,0,36,2,9.00,11,2,3,1,0,T20I # 699
Zimbabwe Vs South Africa,South Africa,Dane Paterson,4,0,22,2,5.50,17,3,1,0,0,T20I # 699
Zimbabwe Vs South Africa,South Africa,Robbie Frylinck,4,0,20,2,5.00,11,2,0,0,0,T20I # 699
Zimbabwe Vs South Africa,South Africa,Andile Phehlukwayo,4,0,15,0,3.75,14,0,1,0,0,T20I # 699
Zimbabwe Vs South Africa,South Africa,Tabraiz Shamsi,4,0,37,1,9.25,8,1,3,1,0,T20I # 699
Zimbabwe Vs South Africa,Zimbabwe,Kyle Jarvis,2,0,29,0,14.50,3,3,2,1,0,T20I # 699
Zimbabwe Vs South Africa,Zimbabwe,Chris Mpofu,3.4,0,31,1,8.45,9,5,0,2,0,T20I # 699
Zimbabwe Vs South Africa,Zimbabwe,Tendai Chisoro,3,0,21,0,7.00,10,1,1,5,0,T20I # 699
Zimbabwe Vs South Africa,Zimbabwe,Brandon Mavuta,4,0,29,1,7.25,10,3,1,1,0,T20I # 699
Zimbabwe Vs South Africa,Zimbabwe,Sean Williams,3,0,25,2,8.33,5,2,1,1,0,T20I # 699
United Arab Emirates Vs Australia,Australia,Nathan Coulter-Nile,1,20,5.00,2,0,0,4,0,39,9.75,T20I # 700
United Arab Emirates Vs Australia,Australia,Billy Stanlake,0,1,4,2,0,22,5.50,0,0,3,T20I # 700
United Arab Emirates Vs Australia,Australia,Andrew Tye,0,10,3.33,1,2,0,1,0,5,5.00,T20I # 700
United Arab Emirates Vs Australia,Australia,Adam Zampa,0,0,68,0,53,8,0,128.30,1,6,T20I # 700
United Arab Emirates Vs Australia,Australia,Ashton Agar,0,0,16.66,0,20,13,4,0,153.84,18,T20I # 700
United Arab Emirates Vs Australia,Australia,D'Arcy Short,16,1,0,0,112.50,10,10,1,0,100.00,T20I # 700
Pakistan Vs Australia,Australia,Nathan Coulter-Nile,0,21,5.25,0,13,3,0,1,0,4,T20I # 701
Pakistan Vs Australia,Australia,Billy Stanlake,0,24,6.00,3,8,1,0,0,0,2,T20I # 701
Pakistan Vs Australia,Australia,Andrew Tye,0,19,9.50,3,2,1,1,0,0,4,T20I # 701
Pakistan Vs Australia,Australia,Ashton Agar,0,32,8.00,0,5,2,1,0,0,2,T20I # 701
Pakistan Vs Australia,Australia,Adam Zampa,0,13,6.50,1,3,1,0,0,0,0,T20I # 701
Pakistan Vs Australia,Australia,D'Arcy Short,3,0,0,1,0.00,4,2,1,0,200.00,T20I # 701
Pakistan Vs Australia,Pakistan,Imad Wasim,5.33,11,3,3,0,0,0,3,0,23,T20I # 701
Pakistan Vs Australia,Pakistan,Faheem Ashraf,7.66,9,4,2,0,0,0,3.5,0,16,T20I # 701
Pakistan Vs Australia,Australia,Glenn Maxwell,0,3,0,0,18,6.00,7,2,0,0,T20I # 702
Pakistan Vs Australia,Australia,Nathan Coulter-Nile,0,4,0,3,36,9.00,8,3,2,0,T20I # 702
Pakistan Vs Australia,Australia,Billy Stanlake,0,4,0,2,40,10.00,4,3,1,3,T20I # 702
Pakistan Vs Australia,Australia,Andrew Tye,0,1,0,0,5,5.00,4,1,0,0,T20I # 702
Pakistan Vs Australia,Australia,Mitchell Marsh,0,4,0,0,21,5.25,8,0,1,0,T20I # 702
Pakistan Vs Australia,Australia,Adam Zampa,0,3,0,0,16,5.33,4,0,0,0,T20I # 702
Pakistan Vs Australia,Australia,D'Arcy Short,0,2,12,1,0,0,16.66,3,10,0,T20I # 702
Pakistan Vs Australia,Pakistan,Imad Wasim,4,0,30,1,7.50,8,1,2,0,0,T20I # 702
Pakistan Vs Australia,Pakistan,Faheem Ashraf,4,0,35,0,8.75,11,1,2,4,0,T20I # 702
Pakistan Vs Australia,Pakistan,Shadab Khan,4,0,32,2,8.00,8,3,1,0,0,T20I # 702
Pakistan Vs Australia,Pakistan,Shaheen Shah Afridi,1,0,4,2,4.00,3,0,0,0,0,T20I # 702
England Vs Sri Lanka,Sri Lanka,Lasith Malinga,0,29,9.66,2,7,6,0,0,0,3,T20I # 703
England Vs Sri Lanka,Sri Lanka,Amila Aponso,0,24,8.00,2,4,1,1,0,0,4,T20I # 703
England Vs Sri Lanka,Sri Lanka,Isuru Udana,0,39,9.75,1,9,1,4,1,0,3,T20I # 703
England Vs Sri Lanka,Sri Lanka,Lakshan Sandakan,0,27,9.00,1,5,1,2,0,0,1,T20I # 703
England Vs Sri Lanka,Sri Lanka,Kamindu Mendis,0,15,15.00,0,1,0,2,0,0,2,T20I # 703
England Vs Sri Lanka,Sri Lanka,Thisara Perera,0,22,11.00,0,3,4,0,0,0,3,T20I # 703
England Vs Sri Lanka,Sri Lanka,Dhananjaya de Silva,7,0,0,1,42.85,1,3,0,0,33.33,T20I # 703
England Vs Sri Lanka,England,Joe Denly,7.25,11,3,4,1,0,0,4,0,11,T20I # 703
England Vs Sri Lanka,England,Tom Curran,2.75,14,0,0,0,0,0,2,0,24,T20I # 703
England Vs Sri Lanka,England,Chris Jordan,12.00,5,2,2,2,1,0,2,0,24,T20I # 703
Pakistan Vs Australia,Australia,Nathan Lyon,2,0,3,1,0,29,9.66,6,3,1,T20I # 704
Pakistan Vs Australia,Australia,Nathan Coulter-Nile,0,0,4,0,0,30,7.50,8,3,1,T20I # 704
Pakistan Vs Australia,Australia,Andrew Tye,0,0,4,1,0,27,6.75,8,1,1,T20I # 704
Pakistan Vs Australia,Australia,D'Arcy Short,1,0,4,0,0,25,6.25,9,1,1,T20I # 704
Pakistan Vs Australia,Australia,Adam Zampa,1,0,1,1,0,6,6.00,2,0,0,T20I # 704
Pakistan Vs Australia,Australia,Mitchell Marsh,0,0,20,2,9,2,2,222.22,1,3,T20I # 704
Pakistan Vs Australia,Pakistan,Imad Wasim,2,0,16,0,8.00,4,1,1,0,0,T20I # 704
Pakistan Vs Australia,Pakistan,Faheem Ashraf,3.1,0,14,1,4.42,13,1,1,0,0,T20I # 704
Pakistan Vs Australia,Pakistan,Mohammad Hafeez,4,0,19,1,4.75,9,1,0,1,0,T20I # 704
Pakistan Vs Australia,Pakistan,Hasan Ali,4,0,22,2,5.50,12,1,0,0,1,T20I # 704
Pakistan Vs New Zealand,New Zealand,Ajaz Patel,0,4,0,1,30,7.50,13,2,2,0,T20I # 705
Pakistan Vs New Zealand,New Zealand,Tim Southee,0,4,0,0,28,7.00,12,3,1,1,T20I # 705
Pakistan Vs New Zealand,New Zealand,Adam Milne,0,3,0,2,24,8.00,5,3,0,1,T20I # 705
Pakistan Vs New Zealand,New Zealand,Colin de Grandhomme,0,4,0,1,24,6.00,7,0,1,1,T20I # 705
Pakistan Vs New Zealand,New Zealand,Ish Sodhi,0,1,0,1,13,13.00,1,1,1,0,T20I # 705
Pakistan Vs New Zealand,New Zealand,Colin Munro,0,58,42,0,6,3,138.09,12,15,2,T20I # 705
Pakistan Vs New Zealand,Pakistan,Imad Wasim,0,0,4,1,0,35,8.75,6,2,1,T20I # 705
Pakistan Vs New Zealand,Pakistan,Faheem Ashraf,0,0,3,0,0,13,4.33,10,1,0,T20I # 705
Pakistan Vs New Zealand,Pakistan,Hasan Ali,0,0,4,3,0,26,6.50,8,2,0,T20I # 705
Pakistan Vs New Zealand,Pakistan,Mohammad Hafeez,0,0,3,0,0,29,9.66,3,3,0,T20I # 705
New Zealand Vs Pakistan,Pakistan,Imad Wasim,3,0,27,1,9.00,9,4,1,0,0,T20I # 706
New Zealand Vs Pakistan,Pakistan,Faheem Ashraf,2,0,12,0,6.00,4,1,0,0,0,T20I # 706
New Zealand Vs Pakistan,Pakistan,Mohammad Hafeez,3,0,43,1,14.33,2,4,2,0,2,T20I # 706
New Zealand Vs Pakistan,Pakistan,Hasan Ali,4,0,20,0,5.00,12,0,1,0,0,T20I # 706
New Zealand Vs Pakistan,Pakistan,Shaheen Shah Afridi,4,0,24,3,6.00,9,2,0,1,0,T20I # 706
New Zealand Vs Pakistan,Pakistan,Shadab Khan,24,15,3,0,1,160.00,40,41,4,0,T20I # 706
New Zealand Vs Pakistan,New Zealand,Ajaz Patel,1,2,0,0,2.4,0,25,9.37,4,2,T20I # 706
New Zealand Vs Pakistan,New Zealand,Tim Southee,1,0,0,1,4,0,21,5.25,7,1,T20I # 706
New Zealand Vs Pakistan,New Zealand,Adam Milne,0,1,0,2,4,0,39,9.75,5,2,T20I # 706
New Zealand Vs Pakistan,New Zealand,Colin de Grandhomme,2,1,0,0,3,0,22,7.33,6,0,T20I # 706
West Indies Vs India,India,Umesh Yadav,1,16,4.00,1,16,2,0,1,0,4,T20I # 707
West Indies Vs India,India,Khaleel Ahmed,0,27,6.75,1,9,3,0,0,0,4,T20I # 707
West Indies Vs India,India,Jasprit Bumrah,0,15,3.75,1,16,0,1,2,0,4,T20I # 707
West Indies Vs India,India,Krunal Pandya,0,13,3.25,1,15,1,0,0,0,6,T20I # 707
West Indies Vs India,India,Kuldeep Yadav,6,1,0,3,100.00,3,8,0,0,37.50,T20I # 707
West Indies Vs India,West Indies,Oshane Thomas,0,4,1,2,11,2.75,18,1,0,1,T20I # 707
West Indies Vs India,West Indies,Keemo Paul,0,4,0,0,16,4.00,12,1,0,0,T20I # 707
West Indies Vs India,West Indies,Carlos Brathwaite,0,1,0,2,12,12.00,3,3,0,0,T20I # 707
West Indies Vs India,West Indies,Khary Pierre,0,1,0,1,11,11.00,0,1,0,0,T20I # 707
Pakistan Vs New Zealand,New Zealand,Seth Rance,4,0,22,0,5.50,9,2,0,0,0,T20I # 708
Pakistan Vs New Zealand,New Zealand,Tim Southee,4,0,30,0,7.50,6,3,0,0,0,T20I # 708
Pakistan Vs New Zealand,New Zealand,Lockie Ferguson,4,0,29,1,7.25,8,4,0,0,0,T20I # 708
Pakistan Vs New Zealand,New Zealand,Colin de Grandhomme,4,0,41,2,10.25,4,6,0,1,0,T20I # 708
Pakistan Vs New Zealand,New Zealand,Ish Sodhi,2,0,22,0,11.00,1,0,2,0,0,T20I # 708
Pakistan Vs New Zealand,New Zealand,Colin Munro,2,0,21,0,10.50,2,0,2,0,0,T20I # 708
Pakistan Vs New Zealand,Pakistan,Mohammad Hafeez,2,0,8,0,4.00,4,0,0,0,0,T20I # 708
Pakistan Vs New Zealand,Pakistan,Faheem Ashraf,2,0,6,1,3.00,9,1,0,0,0,T20I # 708
Pakistan Vs New Zealand,Pakistan,Imad Wasim,4,0,28,2,7.00,9,2,1,1,0,T20I # 708
Pakistan Vs New Zealand,Pakistan,Usman Shinwari,3,0,24,0,8.00,6,2,1,0,0,T20I # 708
Pakistan Vs New Zealand,Pakistan,Waqas Maqsood,1.5,0,21,2,11.45,3,4,0,0,0,T20I # 708
Pakistan Vs New Zealand,Pakistan,Shadab Khan,4,0,30,3,7.50,7,2,1,0,0,T20I # 708
India Vs West Indies,West Indies,Oshane Thomas,4,1,27,0,6.75,13,3,1,0,1,T20I # 709
India Vs West Indies,West Indies,Keemo Paul,4,0,30,0,7.50,6,1,0,2,1,T20I # 709
India Vs West Indies,West Indies,Khary Pierre,4,0,49,1,12.25,5,3,3,3,0,T20I # 709
India Vs West Indies,West Indies,Carlos Brathwaite,4,0,56,0,14.00,1,6,2,1,0,T20I # 709
India Vs West Indies,West Indies,Fabian Allen,4,0,33,1,8.25,8,1,2,1,0,T20I # 709
India Vs West Indies,India,Bhuvneshwar Kumar,4,0,12,2,3.00,18,0,1,0,0,T20I # 709
India Vs West Indies,India,Khaleel Ahmed,4,0,30,2,7.50,11,5,0,1,0,T20I # 709
India Vs West Indies,India,Jasprit Bumrah,4,0,20,2,5.00,14,3,0,1,0,T20I # 709
India Vs West Indies,India,Krunal Pandya,4,0,23,0,5.75,12,1,0,2,0,T20I # 709
India Vs West Indies,India,Kuldeep Yadav,4,0,32,2,8.00,14,2,3,0,0,T20I # 709
West Indies Vs India,India,Khaleel Ahmed,4,2,1,0,0,4,0,33,8.25,13,T20I # 710
West Indies Vs India,India,Washington Sundar,3,1,3,1,0,4,0,39,9.75,7,T20I # 710
West Indies Vs India,India,Bhuvneshwar Kumar,4,2,0,0,0,4,0,40,10.00,7,T20I # 710
West Indies Vs India,India,Krunal Pandya,1,3,3,0,0,4,0,28,7.00,8,T20I # 710
West Indies Vs India,India,Yuzvendra Chahal,1,1,3,2,0,92,62,10,2,148.38,T20I # 710
West Indies Vs India,West Indies,Khary Pierre,43,10.75,9,0,5,2,1,1,4,0,T20I # 710
West Indies Vs India,West Indies,Oshane Thomas,32,8.00,8,1,3,1,0,0,4,0,T20I # 710
West Indies Vs India,West Indies,Keemo Paul,41,10.25,9,2,6,0,3,1,3,0,T20I # 710
West Indies Vs India,West Indies,Carlos Brathwaite,29,9.66,4,0,3,1,0,0,3,0,T20I # 710
South Africa Vs Australia,Australia,Jason Behrendorff,0,2,0,0,23,11.50,5,2,1,2,T20I # 711
South Africa Vs Australia,Australia,Billy Stanlake,0,2,0,1,19,9.50,6,2,1,0,T20I # 711
South Africa Vs Australia,Australia,Nathan Coulter-Nile,0,2,0,2,14,7.00,5,2,0,0,T20I # 711
South Africa Vs Australia,Australia,Glenn Maxwell,0,1,0,1,12,12.00,1,1,0,0,T20I # 711
South Africa Vs Australia,Australia,D'Arcy Short,0,2,0,0,18,9.00,4,2,0,1,T20I # 711
South Africa Vs Australia,Australia,Andrew Tye,1,7,6,2,1,0,116.66,14,10,3,T20I # 711
South Africa Vs Australia,South Africa,Kagiso Rabada,1,0,2,0,0,12,6.00,6,1,0,T20I # 711
South Africa Vs Australia,South Africa,Lungi Ngidi,1,0,2,2,0,21,10.50,3,1,1,T20I # 711
South Africa Vs Australia,South Africa,Chris Morris,1,0,2,2,0,12,6.00,4,0,0,T20I # 711
Australia Vs India,India,Bhuvneshwar Kumar,0,0,0,0,3,0,21,7.00,7,2,T20I # 712
Australia Vs India,India,Jasprit Bumrah,0,0,0,1,3,0,42,14.00,5,3,T20I # 712
Australia Vs India,India,Khaleel Ahmed,3,2,0,1,4,0,24,6.00,9,1,T20I # 712
Australia Vs India,India,Kuldeep Yadav,0,2,0,2,4,0,55,13.75,5,0,T20I # 712
Australia Vs India,India,Krunal Pandya,6,1,0,0,7,8,0,0,87.50,76,T20I # 712
Australia Vs India,Australia,Jason Behrendorff,1,1,1,1,3,0,47,15.66,3,6,T20I # 712
Australia Vs India,Australia,Billy Stanlake,2,3,0,1,4,0,22,5.50,11,1,T20I # 712
Australia Vs India,Australia,Andrew Tye,0,0,1,1,3,0,27,9.00,4,2,T20I # 712
Australia Vs India,India,Bhuvneshwar Kumar,4,0,39,2,9.75,12,5,1,4,0,T20I # 713
Australia Vs India,India,Khaleel Ahmed,4,0,20,2,5.00,16,2,0,1,0,T20I # 713
Australia Vs India,India,Jasprit Bumrah,4,0,23,1,5.75,12,1,1,1,0,T20I # 713
Australia Vs India,India,Kuldeep Yadav,4,0,26,1,6.50,7,2,0,1,0,T20I # 713
Australia Vs India,India,Bhuvneshwar Kumar,0,4,0,0,35,8.75,10,5,0,4,T20I # 714
Australia Vs India,India,Khaleel Ahmed,0,4,0,0,38,9.50,5,5,0,1,T20I # 714
Australia Vs India,India,Jasprit Bumrah,0,4,0,0,19,4.75,13,1,0,2,T20I # 714
Australia Vs India,India,Kuldeep Yadav,0,4,0,1,36,9.00,5,5,0,1,T20I # 714
Australia Vs India,India,Krunal Pandya,0,23,16,4,1,2,143.75,41,22,6,T20I # 714
Australia Vs India,Australia,Mitchell Starc,3,3,1,1,0,1,0,22,22.00,1,T20I # 714
Australia Vs India,Australia,Nathan Coulter-Nile,2,2,1,0,0,4,1,22,5.50,11,T20I # 714
Australia Vs India,Australia,Marcus Stoinis,1,0,1,0,0,4,0,25,6.25,8,T20I # 714
Australia Vs India,Australia,Adam Zampa,0,1,0,1,0,3.4,0,32,8.72,11,T20I # 714
Bangladesh Vs West Indies,West Indies,Oshane Thomas,28,7.00,11,1,2,1,1,0,4,0,T20I # 715
Bangladesh Vs West Indies,West Indies,Sheldon Cottrell,23,5.75,14,4,4,0,0,1,3,0,T20I # 715
Bangladesh Vs West Indies,West Indies,Keemo Paul,13,4.33,8,2,1,0,0,0,3,0,T20I # 715
Bangladesh Vs West Indies,West Indies,Carlos Brathwaite,19,6.33,8,1,1,1,0,0,1,0,T20I # 715
Bangladesh Vs West Indies,West Indies,Fabian Allen,7,7.00,2,1,1,0,0,0,18,11,T20I # 715
Bangladesh Vs West Indies,West Indies,Rovman Powell,1,1,163.63,0,55,23,3,6,239.13,23,T20I # 715
Bangladesh Vs West Indies,Bangladesh,Shakib Al Hasan,5,0,0,0,1,0,15,15.00,1,1,T20I # 715
Bangladesh Vs West Indies,Bangladesh,Mehidy Hasan Miraz,1,0,0,0,1,0,13,13.00,2,1,T20I # 715
Bangladesh Vs West Indies,Bangladesh,Abu Hider,1,1,0,0,1,0,15,15.00,0,3,T20I # 715
Bangladesh Vs West Indies,Bangladesh,Mohammad Saifuddin,0,0,0,1,2,0,13,6.50,5,0,T20I # 715
Bangladesh Vs West Indies,West Indies,Sheldon Cottrell,0,0,1,2,4,0,43,10.75,7,4,T20I # 716
Bangladesh Vs West Indies,West Indies,Oshane Thomas,2,0,1,1,4,0,43,10.75,8,2,T20I # 716
Bangladesh Vs West Indies,West Indies,Carlos Brathwaite,3,5,0,0,4,0,29,7.25,6,1,T20I # 716
Bangladesh Vs West Indies,West Indies,Fabian Allen,1,2,0,1,4,0,54,13.50,2,8,T20I # 716
Bangladesh Vs West Indies,West Indies,Keemo Paul,0,3,0,0,1,6,0,0,16.66,36,T20I # 716
Bangladesh Vs West Indies,Bangladesh,Abu Hider,0,4,0,1,50,12.50,8,5,2,2,T20I # 716
Bangladesh Vs West Indies,Bangladesh,Mohammad Saifuddin,0,4,0,0,20,5.00,12,0,1,1,T20I # 716
Bangladesh Vs West Indies,Bangladesh,Mustafizur Rahman,0,3,0,2,23,7.66,7,1,1,0,T20I # 716
Bangladesh Vs West Indies,Bangladesh,Shakib Al Hasan,0,0.2,0,5,1,3.00,1,0,0,0,T20I # 716
West Indies Vs Bangladesh,Bangladesh,Abu Hider,36,9.00,10,0,4,1,2,0,2,0,T20I # 717
West Indies Vs Bangladesh,Bangladesh,Mohammad Saifuddin,26,13.00,3,0,2,2,0,0,4,0,T20I # 717
West Indies Vs Bangladesh,Bangladesh,Mehidy Hasan Miraz,37,9.25,14,0,2,4,0,0,4,0,T20I # 717
West Indies Vs Bangladesh,Bangladesh,Shakib Al Hasan,33,8.25,9,3,3,1,1,0,3.2,0,T20I # 717
West Indies Vs Bangladesh,Bangladesh,Mustafizur Rahman,18,5.40,8,3,1,0,2,0,8,6,T20I # 717
West Indies Vs Bangladesh,Bangladesh,Mahmudullah,0,1,133.33,3,43,25,3,3,172.00,9,T20I # 717
West Indies Vs Bangladesh,West Indies,Sheldon Cottrell,12,1,0,1,1,0,4,0,15,3.75,T20I # 717
West Indies Vs Bangladesh,West Indies,Oshane Thomas,18,3,0,0,0,0,2,0,15,7.50,T20I # 717
West Indies Vs Bangladesh,West Indies,Fabian Allen,6,1,1,,0,0,,,,,T20I # 717
