match,teamInnings,battingPos,batsmanName,runs,balls,4s,6s,SR,out/not_out,match_id
West Indies Vs South Africa,West Indies,1,Devon Smith,12,7,2,0,171.42,out,T20I # 51
West Indies Vs South Africa,West Indies,2,Denesh Ramdin,19,26,2,1,73.07,out,T20I # 51
West Indies Vs South Africa,West Indies,3,Marlon Samuels,4,7,1,0,57.14,out,T20I # 51
West Indies Vs South Africa,West Indies,4,Shivnarine Chanderpaul,10,20,0,0,50.00,out,T20I # 51
West Indies Vs South Africa,West Indies,5,Runako Morton,12,18,2,0,66.66,out,T20I # 51
West Indies Vs South Africa,West Indies,6,Dwayne Bravo,24,17,0,2,141.17,out,T20I # 51
West Indies Vs South Africa,West Indies,7,Rawl Lewis,0,4,0,0,0.00,out,T20I # 51
West Indies Vs South Africa,West Indies,8,Daren Sammy,14,16,1,1,87.50,not_out,T20I # 51
West Indies Vs South Africa,West Indies,9,Jerome Taylor,7,5,0,1,140.00,not_out,T20I # 51
West Indies Vs South Africa,South Africa,1,Herschelle Gibbs,0,3,0,0,0.00,out,T20I # 51
West Indies Vs South Africa,South Africa,2,Graeme Smith,4,4,0,0,100.00,out,T20I # 51
West Indies Vs South Africa,South Africa,3,AB de Villiers,25,22,4,0,113.63,out,T20I # 51
West Indies Vs South Africa,South Africa,4,Jean-Paul Duminy,13,13,2,0,100.00,out,T20I # 51
West Indies Vs South Africa,South Africa,5,Justin Ontong,14,16,0,0,87.50,out,T20I # 51
West Indies Vs South Africa,South Africa,6,Mark Boucher,6,17,0,0,35.29,out,T20I # 51
West Indies Vs South Africa,South Africa,7,Shaun Pollock,36,25,2,2,144.00,not_out,T20I # 51
West Indies Vs South Africa,South Africa,8,Albie Morkel,28,16,2,2,175.00,not_out,T20I # 51
India Vs Australia,India,1,Gautam Gambhir,9,6,1,0,150.00,out,T20I # 52
India Vs Australia,India,2,Virender Sehwag,0,3,0,0,0.00,out,T20I # 52
India Vs Australia,India,3,Dinesh Karthik,8,8,1,0,100.00,out,T20I # 52
India Vs Australia,India,4,Robin Uthappa,1,3,0,0,33.33,out,T20I # 52
India Vs Australia,India,5,Rohit Sharma,8,8,1,0,100.00,out,T20I # 52
India Vs Australia,India,6,MS Dhoni,9,27,0,0,33.33,out,T20I # 52
India Vs Australia,India,7,Irfan Pathan,26,30,0,0,86.66,out,T20I # 52
India Vs Australia,India,8,Praveen Kumar,6,10,0,0,60.00,out,T20I # 52
India Vs Australia,India,9,Harbhajan Singh,1,3,0,0,33.33,out,T20I # 52
India Vs Australia,India,10,Sreesanth,0,1,0,0,0.00,out,T20I # 52
India Vs Australia,India,11,Ishant Sharma,3,6,0,0,50.00,not_out,T20I # 52
India Vs Australia,Australia,1,Adam Gilchrist,25,22,2,1,113.63,out,T20I # 52
India Vs Australia,Australia,2,Michael Clarke,37,36,1,1,102.77,not_out,T20I # 52
India Vs Australia,Australia,3,Brad Hodge,10,10,0,0,100.00,not_out,T20I # 52
England Vs New Zealand,England,1,Phil Mustard,20,13,2,1,153.84,out,T20I # 53
England Vs New Zealand,England,2,Luke Wright,1,3,0,0,33.33,out,T20I # 53
England Vs New Zealand,England,3,Kevin Pietersen,43,23,6,1,186.95,out,T20I # 53
England Vs New Zealand,England,4,Ian Bell,12,10,2,0,120.00,out,T20I # 53
England Vs New Zealand,England,5,Paul Collingwood,26,22,1,1,118.18,out,T20I # 53
England Vs New Zealand,England,6,Owais Shah,23,17,2,1,135.29,out,T20I # 53
England Vs New Zealand,England,7,Dimitri Mascarenhas,31,14,1,4,221.42,out,T20I # 53
England Vs New Zealand,England,8,Graeme Swann,15,10,2,0,150.00,not_out,T20I # 53
England Vs New Zealand,England,9,Stuart Broad,6,4,1,0,150.00,out,T20I # 53
England Vs New Zealand,England,10,Ryan Sidebottom,5,4,1,0,125.00,not_out,T20I # 53
England Vs New Zealand,New Zealand,1,Jesse Ryder,22,21,4,0,104.76,out,T20I # 53
England Vs New Zealand,New Zealand,2,Brendon McCullum,9,7,0,1,128.57,out,T20I # 53
England Vs New Zealand,New Zealand,3,Ross Taylor,0,2,0,0,0.00,out,T20I # 53
England Vs New Zealand,New Zealand,4,Jamie How,6,8,1,0,75.00,out,T20I # 53
England Vs New Zealand,New Zealand,5,Scott Styris,1,8,0,0,12.50,out,T20I # 53
England Vs New Zealand,New Zealand,6,Peter Fulton,8,9,1,0,88.88,out,T20I # 53
England Vs New Zealand,New Zealand,7,Jacob Oram,61,40,7,2,152.50,out,T20I # 53
England Vs New Zealand,New Zealand,8,Kyle Mills,11,8,0,1,137.50,out,T20I # 53
England Vs New Zealand,New Zealand,9,Tim Southee,1,2,0,0,50.00,out,T20I # 53
England Vs New Zealand,New Zealand,10,Jeetan Patel,5,5,0,0,100.00,out,T20I # 53
England Vs New Zealand,New Zealand,11,Chris Martin,5,6,0,0,83.33,not_out,T20I # 53
England Vs New Zealand,England,1,Phil Mustard,40,24,3,3,166.66,out,T20I # 54
England Vs New Zealand,England,2,Luke Wright,30,19,5,1,157.89,out,T20I # 54
England Vs New Zealand,England,3,Kevin Pietersen,3,3,0,0,100.00,out,T20I # 54
England Vs New Zealand,England,4,Ian Bell,1,4,0,0,25.00,out,T20I # 54
England Vs New Zealand,England,5,Paul Collingwood,54,28,5,3,192.85,out,T20I # 54
England Vs New Zealand,England,6,Owais Shah,47,35,4,2,134.28,out,T20I # 54
England Vs New Zealand,England,7,Dimitri Mascarenhas,11,4,1,1,275.00,out,T20I # 54
England Vs New Zealand,England,8,Graeme Swann,3,2,0,0,150.00,not_out,T20I # 54
England Vs New Zealand,England,9,Stuart Broad,0,1,0,0,0.00,out,T20I # 54
England Vs New Zealand,New Zealand,1,Jesse Ryder,12,13,2,0,92.30,out,T20I # 54
England Vs New Zealand,New Zealand,2,Brendon McCullum,5,9,0,0,55.55,out,T20I # 54
England Vs New Zealand,New Zealand,3,Ross Taylor,21,10,1,2,210.00,out,T20I # 54
England Vs New Zealand,New Zealand,4,Jamie How,31,25,3,0,124.00,out,T20I # 54
England Vs New Zealand,New Zealand,5,Scott Styris,13,14,0,1,92.85,out,T20I # 54
England Vs New Zealand,New Zealand,6,Peter Fulton,2,5,0,0,40.00,out,T20I # 54
England Vs New Zealand,New Zealand,7,Daniel Flynn,1,2,0,0,50.00,out,T20I # 54
England Vs New Zealand,New Zealand,8,Kyle Mills,30,22,2,1,136.36,not_out,T20I # 54
England Vs New Zealand,New Zealand,9,Paul Hitchcock,13,11,1,1,118.18,out,T20I # 54
England Vs New Zealand,New Zealand,10,Tim Southee,12,10,2,0,120.00,not_out,T20I # 54
Pakistan Vs Bangladesh,Pakistan,1,Salman Butt,1,1,0,0,100.00,out,T20I # 55
Pakistan Vs Bangladesh,Pakistan,2,Kamran Akmal,0,5,0,0,0.00,out,T20I # 55
Pakistan Vs Bangladesh,Pakistan,3,Younis Khan,47,28,7,0,167.85,out,T20I # 55
Pakistan Vs Bangladesh,Pakistan,4,Misbah-ul-Haq,87,53,3,5,164.15,not_out,T20I # 55
Pakistan Vs Bangladesh,Pakistan,5,Shoaib Malik,35,18,2,3,194.44,out,T20I # 55
Pakistan Vs Bangladesh,Pakistan,6,Shahid Afridi,10,8,1,0,125.00,out,T20I # 55
Pakistan Vs Bangladesh,Pakistan,7,Fawad Alam,16,7,1,1,228.57,not_out,T20I # 55
Pakistan Vs Bangladesh,Bangladesh,1,Tamim Iqbal,23,17,4,0,135.29,out,T20I # 55
Pakistan Vs Bangladesh,Bangladesh,2,Nazimuddin,42,48,0,3,87.50,out,T20I # 55
Pakistan Vs Bangladesh,Bangladesh,3,Mohammad Ashraful,13,11,1,0,118.18,out,T20I # 55
Pakistan Vs Bangladesh,Bangladesh,4,Aftab Ahmed,3,5,0,0,60.00,out,T20I # 55
Pakistan Vs Bangladesh,Bangladesh,5,Shakib Al Hasan,0,1,0,0,0.00,out,T20I # 55
Pakistan Vs Bangladesh,Bangladesh,6,Farhad Reza,2,4,0,0,50.00,out,T20I # 55
Pakistan Vs Bangladesh,Bangladesh,7,Dhiman Ghosh,1,2,0,0,50.00,out,T20I # 55
Pakistan Vs Bangladesh,Bangladesh,8,Mahmudullah,2,5,0,0,40.00,out,T20I # 55
Pakistan Vs Bangladesh,Bangladesh,9,Mashrafe Mortaza,2,4,0,0,50.00,out,T20I # 55
Pakistan Vs Bangladesh,Bangladesh,10,Abdur Razzak,1,3,0,0,33.33,not_out,T20I # 55
Pakistan Vs Bangladesh,Bangladesh,11,Shahadat Hossain,0,1,0,0,0.00,out,T20I # 55
New Zealand Vs England,New Zealand,1,Jamie How,1,5,0,0,20.00,out,T20I # 56
New Zealand Vs England,New Zealand,2,Brendon McCullum,24,23,1,1,104.34,out,T20I # 56
New Zealand Vs England,New Zealand,3,James Marshall,13,11,2,0,118.18,out,T20I # 56
New Zealand Vs England,New Zealand,4,Ross Taylor,25,18,3,2,138.88,out,T20I # 56
New Zealand Vs England,New Zealand,5,Scott Styris,10,22,0,0,45.45,out,T20I # 56
New Zealand Vs England,New Zealand,6,Peter Fulton,0,2,0,0,0.00,out,T20I # 56
New Zealand Vs England,New Zealand,7,Daniel Flynn,23,19,1,1,121.05,out,T20I # 56
New Zealand Vs England,New Zealand,8,Daniel Vettori,11,11,1,0,100.00,not_out,T20I # 56
New Zealand Vs England,New Zealand,9,Kyle Mills,12,7,2,0,171.42,out,T20I # 56
New Zealand Vs England,New Zealand,10,Michael Mason,2,2,0,0,100.00,out,T20I # 56
New Zealand Vs England,England,1,Ian Bell,60,46,9,1,130.43,not_out,T20I # 56
New Zealand Vs England,England,2,Luke Wright,24,18,5,0,133.33,out,T20I # 56
New Zealand Vs England,England,3,Kevin Pietersen,42,41,5,0,102.43,not_out,T20I # 56
Australia Vs West Indies,Australia,1,Shaun Marsh,29,22,1,2,131.81,out,T20I # 57
Australia Vs West Indies,Australia,2,Luke Ronchi,36,22,6,1,163.63,out,T20I # 57
Australia Vs West Indies,Australia,3,Shane Watson,17,15,1,1,113.33,not_out,T20I # 57
Australia Vs West Indies,Australia,4,David Hussey,0,2,0,0,0.00,out,T20I # 57
Australia Vs West Indies,Australia,5,Cameron White,10,6,1,0,166.66,not_out,T20I # 57
Australia Vs West Indies,West Indies,1,Xavier Marshall,36,15,3,3,240.00,out,T20I # 57
Australia Vs West Indies,West Indies,2,William Perkins,9,11,1,0,81.81,out,T20I # 57
Australia Vs West Indies,West Indies,3,Denesh Ramdin,8,6,1,0,133.33,out,T20I # 57
Australia Vs West Indies,West Indies,4,Dwayne Bravo,28,15,1,3,186.66,not_out,T20I # 57
Australia Vs West Indies,West Indies,5,Andre Fletcher,6,8,1,0,75.00,not_out,T20I # 57
Netherlands Vs Kenya,Netherlands,1,Darron Reekers,29,24,6,0,120.83,out,T20I # 58
Netherlands Vs Kenya,Netherlands,2,Eric Szwarczynski,28,21,2,1,133.33,out,T20I # 58
Netherlands Vs Kenya,Netherlands,3,Ryan ten Doeschate,56,45,1,3,124.44,out,T20I # 58
Netherlands Vs Kenya,Netherlands,4,Daan van Bunge,12,13,0,0,92.30,out,T20I # 58
Netherlands Vs Kenya,Netherlands,5,Peter Borren,1,5,0,0,20.00,out,T20I # 58
Netherlands Vs Kenya,Netherlands,6,Tom de Grooth,10,14,0,0,71.42,not_out,T20I # 58
Netherlands Vs Kenya,Netherlands,7,Mudassar Bukhari,0,0,0,0,-,not_out,T20I # 58
Netherlands Vs Kenya,Kenya,1,Morris Ouma,37,33,3,1,112.12,out,T20I # 58
Netherlands Vs Kenya,Kenya,2,Kennedy Otieno,17,17,0,0,100.00,out,T20I # 58
Netherlands Vs Kenya,Kenya,3,Alex Obanda,12,13,0,1,92.30,out,T20I # 58
Netherlands Vs Kenya,Kenya,4,Steve Tikolo,16,6,0,1,266.66,out,T20I # 58
Netherlands Vs Kenya,Kenya,5,Thomas Odoyo,11,10,1,0,110.00,out,T20I # 58
Netherlands Vs Kenya,Kenya,6,Ragheb Aga,1,2,0,0,50.00,out,T20I # 58
Netherlands Vs Kenya,Kenya,7,Collins Obuya,0,0,0,0,-,out,T20I # 58
Netherlands Vs Kenya,Kenya,8,Jimmy Kamande,4,0,5.75,1,1,out,T20I # 58
Netherlands Vs Kenya,Kenya,9,Peter Ongondo,4,0,5.00,0,0,out,T20I # 58
Netherlands Vs Kenya,Kenya,10,Tony Suji,4,0,6.75,1,0,not_out,T20I # 58
Scotland Vs Ireland,Scotland,1,Gavin Hamilton,3,9,0,0,33.33,out,T20I # 59
Scotland Vs Ireland,Scotland,2,Ryan Watson,24,16,3,1,150.00,out,T20I # 59
Scotland Vs Ireland,Scotland,3,Kyle Coetzer,11,20,1,0,55.00,out,T20I # 59
Scotland Vs Ireland,Scotland,4,Colin Smith,1,2,0,0,50.00,out,T20I # 59
Scotland Vs Ireland,Scotland,5,Richie Berrington,17,23,1,0,73.91,out,T20I # 59
Scotland Vs Ireland,Scotland,6,Neil McCallum,27,25,3,0,108.00,out,T20I # 59
Scotland Vs Ireland,Scotland,7,Gregor Maiden,0,1,0,0,0.00,out,T20I # 59
Scotland Vs Ireland,Scotland,8,Gordon Drummond,11,12,0,0,91.66,out,T20I # 59
Scotland Vs Ireland,Scotland,9,John Blain,1,2,0,0,50.00,out,T20I # 59
Scotland Vs Ireland,Scotland,10,Glenn Rogers,6,5,0,0,120.00,not_out,T20I # 59
Scotland Vs Ireland,Scotland,11,Dewald Nel,5,5,0,0,100.00,out,T20I # 59
Scotland Vs Ireland,Ireland,1,William Porterfield,38,34,1,1,111.76,out,T20I # 59
Scotland Vs Ireland,Ireland,2,Gary Wilson,3,4,0,0,75.00,out,T20I # 59
Scotland Vs Ireland,Ireland,3,Niall O'Brien,5,6,0,0,83.33,out,T20I # 59
Scotland Vs Ireland,Ireland,4,Andre Botha,11,9,1,0,122.22,out,T20I # 59
Scotland Vs Ireland,Ireland,5,Kevin O'Brien,5,4,0,0,125.00,out,T20I # 59
Scotland Vs Ireland,Ireland,6,Trent Johnston,4,0,6.00,2,0,out,T20I # 59
Scotland Vs Ireland,Ireland,7,Andrew White,4,0,4.75,0,1,not_out,T20I # 59
Scotland Vs Ireland,Ireland,8,Reinhardt Strydom,3.5,0,7.04,0,0,not_out,T20I # 59
Netherlands Vs Canada,Netherlands,1,Darron Reekers,0,3,0,0,0.00,out,T20I # 60
Netherlands Vs Canada,Netherlands,2,Eric Szwarczynski,19,17,2,0,111.76,out,T20I # 60
Netherlands Vs Canada,Netherlands,3,Daan van Bunge,14,25,0,0,56.00,out,T20I # 60
Netherlands Vs Canada,Netherlands,4,Tom de Grooth,9,6,1,0,150.00,out,T20I # 60
Netherlands Vs Canada,Netherlands,5,Ryan ten Doeschate,4,7,0,0,57.14,out,T20I # 60
Netherlands Vs Canada,Netherlands,6,Peter Borren,37,38,4,0,97.36,not_out,T20I # 60
Netherlands Vs Canada,Netherlands,7,Henk-Jan Mol,0,1,0,0,0.00,out,T20I # 60
Netherlands Vs Canada,Netherlands,8,Mudassar Bukhari,2,3,0,0,66.66,out,T20I # 60
Netherlands Vs Canada,Netherlands,9,Edgar Schiferli,0,3,0,0,0.00,out,T20I # 60
Netherlands Vs Canada,Netherlands,10,Jeroen Smits,4,10,0,0,40.00,out,T20I # 60
Netherlands Vs Canada,Netherlands,11,Pieter Seelaar,0,1,0,0,0.00,out,T20I # 60
Netherlands Vs Canada,Canada,1,Geoff Barnett,1,1,0,0,100.00,out,T20I # 60
Netherlands Vs Canada,Canada,2,John Davison,6,22,0,0,27.27,out,T20I # 60
Netherlands Vs Canada,Canada,3,Abdool Samad,26,21,2,0,123.80,out,T20I # 60
Netherlands Vs Canada,Canada,4,Ashish Bagai,3,6,0,0,50.00,out,T20I # 60
Netherlands Vs Canada,Canada,5,Zubin Surkari,2,2,0,0,100.00,out,T20I # 60
Netherlands Vs Canada,Canada,6,Sunil Dhaniram,4,0,2.50,0,0,out,T20I # 60
Netherlands Vs Canada,Canada,7,Sanjayan Thuraisingam,2,0,12.50,0,0,not_out,T20I # 60
Netherlands Vs Canada,Canada,8,Karun Jethi,4,0,4.25,0,0,not_out,T20I # 60
Bermuda Vs Scotland,Bermuda,1,Chris Foggo,6,11,1,0,54.54,out,T20I # 61
Bermuda Vs Scotland,Bermuda,2,Oliver Pitcher,13,18,1,0,72.22,out,T20I # 61
Bermuda Vs Scotland,Bermuda,3,David Hemp,20,30,2,1,66.66,out,T20I # 61
Bermuda Vs Scotland,Bermuda,4,James Celestine,0,1,0,0,0.00,out,T20I # 61
Bermuda Vs Scotland,Bermuda,5,Steven Outerbridge,37,35,1,1,105.71,not_out,T20I # 61
Bermuda Vs Scotland,Bermuda,6,Irving Romaine,8,12,0,0,66.66,out,T20I # 61
Bermuda Vs Scotland,Bermuda,7,Jekon Edness,0,1,0,0,0.00,out,T20I # 61
Bermuda Vs Scotland,Bermuda,8,Rodney Trott,0,5,0,0,0.00,out,T20I # 61
Bermuda Vs Scotland,Bermuda,9,George O'Brien,7,7,0,0,100.00,not_out,T20I # 61
Bermuda Vs Scotland,Scotland,1,Fraser Watts,46,42,4,0,109.52,out,T20I # 61
Bermuda Vs Scotland,Scotland,2,Ryan Watson,4,0,2.75,1,2,out,T20I # 61
Bermuda Vs Scotland,Scotland,3,Navdeep Poonia,2,0,5.50,0,0,not_out,T20I # 61
Bermuda Vs Scotland,Scotland,4,Colin Smith,4,0,5.50,0,0,not_out,T20I # 61
Canada Vs Kenya,Canada,1,John Davison,6,13,0,0,46.15,out,T20I # 62
Canada Vs Kenya,Canada,2,Geoff Barnett,13,16,2,0,81.25,out,T20I # 62
Canada Vs Kenya,Canada,3,Abdool Samad,6,4,1,0,150.00,out,T20I # 62
Canada Vs Kenya,Canada,4,Ashish Bagai,8,10,0,0,80.00,out,T20I # 62
Canada Vs Kenya,Canada,5,Zubin Surkari,4,10,0,0,40.00,out,T20I # 62
Canada Vs Kenya,Canada,6,Sunil Dhaniram,6,7,1,0,85.71,out,T20I # 62
Canada Vs Kenya,Canada,7,Karun Jethi,13,19,0,0,68.42,out,T20I # 62
Canada Vs Kenya,Canada,8,Sanjayan Thuraisingam,15,18,1,0,83.33,out,T20I # 62
Canada Vs Kenya,Canada,9,Harvir Baidwan,1,3,0,0,33.33,out,T20I # 62
Canada Vs Kenya,Canada,10,Eion Katchay,7,12,0,0,58.33,not_out,T20I # 62
Canada Vs Kenya,Canada,11,Henry Osinde,2,7,0,0,28.57,out,T20I # 62
Canada Vs Kenya,Kenya,1,Morris Ouma,12,13,2,0,92.30,out,T20I # 62
Canada Vs Kenya,Kenya,2,Kennedy Otieno,7,13,0,0,53.84,out,T20I # 62
Canada Vs Kenya,Kenya,3,Nehemiah Odhiambo,5,6,0,0,83.33,out,T20I # 62
Canada Vs Kenya,Kenya,4,Steve Tikolo,6,7,0,0,85.71,out,T20I # 62
Canada Vs Kenya,Kenya,5,Thomas Odoyo,3,5,0,0,60.00,out,T20I # 62
Canada Vs Kenya,Kenya,6,Jimmy Kamande,3,0,7.00,1,0,out,T20I # 62
Canada Vs Kenya,Kenya,7,Ragheb Aga,2.5,0,5.64,1,0,not_out,T20I # 62
Canada Vs Kenya,Kenya,8,Alex Obanda,2,0,3.50,1,0,not_out,T20I # 62
Ireland Vs Bermuda,Ireland,1,William Porterfield,4,10,0,0,40.00,out,T20I # 63
Ireland Vs Bermuda,Ireland,2,Niall O'Brien,5,4,1,0,125.00,out,T20I # 63
Ireland Vs Bermuda,Ireland,3,Kevin O'Brien,6,9,1,0,66.66,out,T20I # 63
Ireland Vs Bermuda,Ireland,4,Andre Botha,1,3,0,0,33.33,out,T20I # 63
Ireland Vs Bermuda,Ireland,5,Gary Wilson,7,12,0,0,58.33,out,T20I # 63
Ireland Vs Bermuda,Ireland,6,Andrew White,5,5,1,0,100.00,out,T20I # 63
Ireland Vs Bermuda,Ireland,7,Alex Cusack,5,7,0,0,71.42,out,T20I # 63
Ireland Vs Bermuda,Ireland,8,Trent Johnston,1,1,0,0,100.00,not_out,T20I # 63
Ireland Vs Bermuda,Ireland,9,Reinhardt Strydom,1,3,0,0,33.33,out,T20I # 63
Ireland Vs Bermuda,Bermuda,1,Chris Foggo,8,6,1,0,133.33,out,T20I # 63
Ireland Vs Bermuda,Bermuda,2,David Hemp,7,9,0,0,77.77,out,T20I # 63
Ireland Vs Bermuda,Bermuda,3,Steven Outerbridge,6,8,0,0,75.00,out,T20I # 63
Ireland Vs Bermuda,Bermuda,4,James Celestine,1,8,0,0,12.50,out,T20I # 63
Ireland Vs Bermuda,Bermuda,5,Oliver Pitcher,4,6,0,0,66.66,out,T20I # 63
Ireland Vs Bermuda,Bermuda,6,Irving Romaine,7,7,0,1,100.00,out,T20I # 63
Ireland Vs Bermuda,Bermuda,7,Jekon Edness,2,4,0,0,50.00,out,T20I # 63
Ireland Vs Bermuda,Bermuda,8,George O'Brien,2,3,0,0,66.66,out,T20I # 63
Ireland Vs Bermuda,Bermuda,9,Rodney Trott,2,0,4.00,2,0,not_out,T20I # 63
Ireland Vs Bermuda,Bermuda,10,Stefan Kelly,2,0,7.00,0,0,not_out,T20I # 63
Kenya Vs Ireland,Kenya,1,Morris Ouma,6,5,1,0,120.00,out,T20I # 64
Kenya Vs Ireland,Kenya,2,Kennedy Otieno,7,10,0,0,70.00,out,T20I # 64
Kenya Vs Ireland,Kenya,3,Nehemiah Odhiambo,1,3,0,0,33.33,out,T20I # 64
Kenya Vs Ireland,Kenya,4,Steve Tikolo,13,26,1,0,50.00,out,T20I # 64
Kenya Vs Ireland,Kenya,5,Alex Obanda,0,5,0,0,0.00,out,T20I # 64
Kenya Vs Ireland,Kenya,6,Thomas Odoyo,10,16,1,0,62.50,out,T20I # 64
Kenya Vs Ireland,Kenya,7,Ragheb Aga,5,6,1,0,83.33,out,T20I # 64
Kenya Vs Ireland,Kenya,8,Jimmy Kamande,0,2,0,0,0.00,out,T20I # 64
Kenya Vs Ireland,Kenya,9,Tony Suji,7,17,0,0,41.17,out,T20I # 64
Kenya Vs Ireland,Kenya,10,Peter Ongondo,0,1,0,0,0.00,out,T20I # 64
Kenya Vs Ireland,Kenya,11,Hiren Varaiya,6,13,0,0,46.15,not_out,T20I # 64
Kenya Vs Ireland,Ireland,1,William Porterfield,22,34,2,0,64.70,out,T20I # 64
Kenya Vs Ireland,Ireland,2,Gary Wilson,1,3,0,0,33.33,out,T20I # 64
Kenya Vs Ireland,Ireland,3,Niall O'Brien,2,2,0,0,100.00,out,T20I # 64
Kenya Vs Ireland,Ireland,4,Andre Botha,17,16,1,1,106.25,out,T20I # 64
Kenya Vs Ireland,Ireland,5,Andrew White,8,14,0,0,57.14,out,T20I # 64
Kenya Vs Ireland,Ireland,6,Alex Cusack,4,0,3.25,2,0,out,T20I # 64
Kenya Vs Ireland,Ireland,7,Kevin O'Brien,4,1,1.75,1,0,not_out,T20I # 64
Kenya Vs Ireland,Ireland,8,Trent Johnston,4,1,3.00,0,0,not_out,T20I # 64
Scotland Vs Netherlands,Scotland,1,Ryan Watson,22,27,1,0,81.48,out,T20I # 65
Scotland Vs Netherlands,Scotland,2,Kyle Coetzer,40,44,4,2,90.90,out,T20I # 65
Scotland Vs Netherlands,Scotland,3,Navdeep Poonia,25,27,1,0,92.59,out,T20I # 65
Scotland Vs Netherlands,Scotland,4,Colin Smith,0,1,0,0,0.00,out,T20I # 65
Scotland Vs Netherlands,Scotland,5,Gavin Hamilton,7,11,0,0,63.63,out,T20I # 65
Scotland Vs Netherlands,Scotland,6,Neil McCallum,0,1,0,0,0.00,out,T20I # 65
Scotland Vs Netherlands,Scotland,7,Gordon Drummond,2,5,0,0,40.00,out,T20I # 65
Scotland Vs Netherlands,Scotland,8,Richie Berrington,2,2,0,0,100.00,out,T20I # 65
Scotland Vs Netherlands,Scotland,9,John Blain,3,2,0,0,150.00,not_out,T20I # 65
Scotland Vs Netherlands,Scotland,10,Majid Haq,0,0,0,0,-,not_out,T20I # 65
Scotland Vs Netherlands,Netherlands,1,Darron Reekers,3,0,9,7,8,out,T20I # 65
Scotland Vs Netherlands,Netherlands,2,Eric Szwarczynski,2,0,24,18,28,out,T20I # 65
Scotland Vs Netherlands,Netherlands,3,Tom de Grooth,1,1,0,2,3,out,T20I # 65
Scotland Vs Netherlands,Netherlands,4,Mudassar Bukhari,0,0,16,12,10,out,T20I # 65
Scotland Vs Netherlands,Netherlands,5,Ryan ten Doeschate,3,0,4,0,24,not_out,T20I # 65
Scotland Vs Netherlands,Netherlands,6,Daan van Bunge,6.00,1,3,0,19,out,T20I # 65
Scotland Vs Netherlands,Netherlands,7,Peter Borren,6.33,0,3,0,14,not_out,T20I # 65
Kenya Vs Scotland,Kenya,1,Morris Ouma,2,10,0,0,20.00,out,T20I # 66
Kenya Vs Scotland,Kenya,2,Kennedy Otieno,14,14,1,0,100.00,out,T20I # 66
Kenya Vs Scotland,Kenya,3,Nehemiah Odhiambo,11,11,1,0,100.00,out,T20I # 66
Kenya Vs Scotland,Kenya,4,Steve Tikolo,18,21,3,0,85.71,out,T20I # 66
Kenya Vs Scotland,Kenya,5,Thomas Odoyo,6,10,0,0,60.00,out,T20I # 66
Kenya Vs Scotland,Kenya,6,Rakep Patel,6,16,0,0,37.50,out,T20I # 66
Kenya Vs Scotland,Kenya,7,Ragheb Aga,28,25,1,1,112.00,out,T20I # 66
Kenya Vs Scotland,Kenya,8,Jimmy Kamande,1,4,0,0,25.00,out,T20I # 66
Kenya Vs Scotland,Kenya,9,Peter Ongondo,8,6,0,1,133.33,out,T20I # 66
Kenya Vs Scotland,Kenya,10,Tony Suji,3,2,0,0,150.00,not_out,T20I # 66
Kenya Vs Scotland,Kenya,11,Hiren Varaiya,3,1,0,0,300.00,not_out,T20I # 66
Kenya Vs Scotland,Scotland,1,Ryan Watson,0,0,3,0,16,out,T20I # 66
Kenya Vs Scotland,Scotland,2,Kyle Coetzer,5.33,1,3,0,19,not_out,T20I # 66
Kenya Vs Scotland,Scotland,3,Navdeep Poonia,6.33,1,3,0,20,not_out,T20I # 66
Bermuda Vs Canada,Bermuda,1,Chris Foggo,7,5,1,0,140.00,out,T20I # 67
Bermuda Vs Canada,Bermuda,2,Oliver Pitcher,15,27,0,0,55.55,out,T20I # 67
Bermuda Vs Canada,Bermuda,3,Oronde Bascome,2,6,0,0,33.33,out,T20I # 67
Bermuda Vs Canada,Bermuda,4,Steven Outerbridge,4,10,0,0,40.00,out,T20I # 67
Bermuda Vs Canada,Bermuda,5,James Celestine,2,7,0,0,28.57,out,T20I # 67
Bermuda Vs Canada,Bermuda,6,George O'Brien,0,2,0,0,0.00,out,T20I # 67
Bermuda Vs Canada,Bermuda,7,Jekon Edness,9,21,0,0,42.85,out,T20I # 67
Bermuda Vs Canada,Bermuda,8,Rodney Trott,8,15,0,0,53.33,out,T20I # 67
Bermuda Vs Canada,Bermuda,9,Stefan Kelly,11,21,0,0,52.38,not_out,T20I # 67
Bermuda Vs Canada,Bermuda,10,Kyle Hodsoll,0,1,0,0,0.00,out,T20I # 67
Bermuda Vs Canada,Bermuda,11,Tamauri Tucker,1,5,0,0,20.00,out,T20I # 67
Bermuda Vs Canada,Canada,1,Mohammad Qazi,15,15,1,0,100.00,out,T20I # 67
Bermuda Vs Canada,Canada,2,John Davison,3,0,5.66,1,0,out,T20I # 67
Bermuda Vs Canada,Canada,3,Geoff Barnett,2,0,10.50,2,0,not_out,T20I # 67
Bermuda Vs Canada,Canada,4,Ashish Bagai,1,0,8.00,0,0,not_out,T20I # 67
Zimbabwe Vs Sri Lanka,Zimbabwe,1,Stuart Matsikenyeri,1,3,0,33.33,22,out,T20I # 69
Zimbabwe Vs Sri Lanka,Zimbabwe,2,Hamilton Masakadza,14,2,157.14,13,15,out,T20I # 69
Zimbabwe Vs Sri Lanka,Zimbabwe,3,Chamu Chibhabha,2,0,45,47,6,out,T20I # 69
Zimbabwe Vs Sri Lanka,Zimbabwe,4,Tatenda Taibu,0,95.74,5,0,0,not_out,T20I # 69
Zimbabwe Vs Sri Lanka,Zimbabwe,5,Keith Dabengwa,80.00,5,1,0,100.00,out,T20I # 69
Zimbabwe Vs Sri Lanka,Zimbabwe,6,Elton Chigumbura,3,4,0,75.00,4,out,T20I # 69
Zimbabwe Vs Sri Lanka,Zimbabwe,7,Timycen Maruma,6,0,66.66,1,2,out,T20I # 69
Zimbabwe Vs Sri Lanka,Zimbabwe,8,Prosper Utseya,0,0,2,2,0,out,T20I # 69
Zimbabwe Vs Sri Lanka,Zimbabwe,9,Ray Price,0,100.00,0,27,9.00,out,T20I # 69
Zimbabwe Vs Sri Lanka,Zimbabwe,10,Tawanda Mupariwa,2,0,0,18,4.50,not_out,T20I # 69
Zimbabwe Vs Sri Lanka,Sri Lanka,1,Mahela Udawatte,18,11,1,163.63,13,out,T20I # 69
Zimbabwe Vs Sri Lanka,Sri Lanka,2,Tillakaratne Dilshan,11,0,118.18,2,0,out,T20I # 69
Zimbabwe Vs Sri Lanka,Sri Lanka,3,Jeevantha Kulatunga,26,13.00,0,4,0,out,T20I # 69
Zimbabwe Vs Sri Lanka,Sri Lanka,4,Thilina Kandamby,18,4.50,0,1,0,out,T20I # 69
Zimbabwe Vs Sri Lanka,Sri Lanka,5,Mahela Jayawardene,10,10.00,0,4,0,out,T20I # 69
Zimbabwe Vs Sri Lanka,Sri Lanka,6,Chamara Kapugedera,9,2.25,0,3,0,not_out,T20I # 69
Zimbabwe Vs Sri Lanka,Sri Lanka,7,Farveez Maharoof,19,6.33,0,2,0,not_out,T20I # 69
Pakistan Vs Canada,Pakistan,1,Salman Butt,74,56,3,132.14,9,out,T20I # 70
Pakistan Vs Canada,Pakistan,2,Shoaib Khan,8,1,112.50,13,19,out,T20I # 70
Pakistan Vs Canada,Pakistan,3,Younis Khan,0,0,9,11,1,out,T20I # 70
Pakistan Vs Canada,Pakistan,4,Shoaib Malik,0,81.81,17,0,1,out,T20I # 70
Pakistan Vs Canada,Pakistan,5,Misbah-ul-Haq,100.00,7,0,1,233.33,out,T20I # 70
Pakistan Vs Canada,Pakistan,6,Shahid Afridi,2,3,0,66.66,0,out,T20I # 70
Pakistan Vs Canada,Pakistan,7,Kamran Akmal,3,0,0.00,0,0,out,T20I # 70
Pakistan Vs Canada,Pakistan,8,Sohail Tanvir,0,0,4,0,23,not_out,T20I # 70
Pakistan Vs Canada,Pakistan,9,Umar Gul,5.75,0,4,0,23,not_out,T20I # 70
Pakistan Vs Canada,Canada,1,Abdool Samad,0,2,0,4,0,out,T20I # 70
Pakistan Vs Canada,Canada,2,Rizwan Cheema,0,0.00,8,1,0,out,T20I # 70
Pakistan Vs Canada,Canada,3,Mohammad Iqbal,87.50,5,0,0,50.00,out,T20I # 70
Pakistan Vs Canada,Canada,4,Ramesh David,1,1,0,100.00,1,out,T20I # 70
Pakistan Vs Canada,Canada,5,Ashif Mulla,1,0,100.00,3,0,out,T20I # 70
Pakistan Vs Canada,Canada,6,Sunil Dhaniram,11,3.66,0,4,0,out,T20I # 70
Pakistan Vs Canada,Canada,7,Karun Jethi,29,7.25,0,1,0,out,T20I # 70
Pakistan Vs Canada,Canada,8,Balaji Rao,7,7.00,0,4,1,out,T20I # 70
Pakistan Vs Canada,Canada,9,Umar Bhatti,13,3.25,0,4,0,not_out,T20I # 70
Pakistan Vs Canada,Canada,10,Harvir Baidwan,14,3.50,0,4,0,out,T20I # 70
Canada Vs Zimbabwe,Canada,1,Ashif Mulla,0,1,0,0.00,23,out,T20I # 71
Canada Vs Zimbabwe,Canada,2,Rizwan Cheema,11,2,209.09,22,25,out,T20I # 71
Canada Vs Zimbabwe,Canada,3,Mohammad Iqbal,1,0,18,11,3,out,T20I # 71
Canada Vs Zimbabwe,Canada,4,Abdool Samad,0,163.63,11,0,0,out,T20I # 71
Canada Vs Zimbabwe,Canada,5,Ramesh David,18.18,5,0,0,35.71,out,T20I # 71
Canada Vs Zimbabwe,Canada,6,Sunil Dhaniram,24,24,2,100.00,22,out,T20I # 71
Canada Vs Zimbabwe,Canada,7,Karun Jethi,15,0,146.66,4,8,out,T20I # 71
Canada Vs Zimbabwe,Canada,8,Balaji Rao,0,0,3,0,31,not_out,T20I # 71
Canada Vs Zimbabwe,Canada,9,Umar Bhatti,10.33,1,4,0,31,not_out,T20I # 71
Canada Vs Zimbabwe,Zimbabwe,1,Hamilton Masakadza,1,0,30,20,0,out,T20I # 71
Canada Vs Zimbabwe,Zimbabwe,2,Cephas Zhuwao,2,150.00,8,0,0,out,T20I # 71
Canada Vs Zimbabwe,Zimbabwe,3,Chamu Chibhabha,50.00,3,0,0,300.00,out,T20I # 71
Canada Vs Zimbabwe,Zimbabwe,4,Tatenda Taibu,6,3,0,200.00,4,out,T20I # 71
Canada Vs Zimbabwe,Zimbabwe,5,Stuart Matsikenyeri,0,22,0,0,2,out,T20I # 71
Canada Vs Zimbabwe,Zimbabwe,6,Keith Dabengwa,0,15,1,0,4,out,T20I # 71
Canada Vs Zimbabwe,Zimbabwe,7,Elton Chigumbura,1,19,1,0,4,out,T20I # 71
Canada Vs Zimbabwe,Zimbabwe,8,Timycen Maruma,0,27,1,0,3,out,T20I # 71
Canada Vs Zimbabwe,Zimbabwe,9,Tawanda Mupariwa,0,22,0,0,3,not_out,T20I # 71
Sri Lanka Vs Pakistan,Sri Lanka,1,Sanath Jayasuriya,8,4,0,200.00,16,out,T20I # 72
Sri Lanka Vs Pakistan,Sri Lanka,2,Mahela Udawatte,21,1,76.19,39,29,out,T20I # 72
Sri Lanka Vs Pakistan,Sri Lanka,3,Jehan Mubarak,6,0,27,28,3,out,T20I # 72
Sri Lanka Vs Pakistan,Sri Lanka,4,Chamara Kapugedera,0,96.42,14,0,0,out,T20I # 72
Sri Lanka Vs Pakistan,Sri Lanka,5,Thilina Kandamby,71.42,20,1,1,153.84,out,T20I # 72
Sri Lanka Vs Pakistan,Sri Lanka,6,Kaushalya Weeraratne,0,1,0,0.00,2,not_out,T20I # 72
Sri Lanka Vs Pakistan,Sri Lanka,7,Tillakaratne Dilshan,6,0,33.33,1,2,out,T20I # 72
Sri Lanka Vs Pakistan,Sri Lanka,8,Farveez Maharoof,0,0,1,3,0,out,T20I # 72
Sri Lanka Vs Pakistan,Sri Lanka,9,Thilan Thushara,0,33.33,0,0,0,out,T20I # 72
Sri Lanka Vs Pakistan,Sri Lanka,10,Nuwan Kulasekara,-,4,31,7.75,0,out,T20I # 72
Sri Lanka Vs Pakistan,Sri Lanka,11,Dilhara Fernando,0,4,29,7.25,2,not_out,T20I # 72
Sri Lanka Vs Pakistan,Pakistan,1,Salman Butt,50.00,11,0,1,78.57,out,T20I # 72
Sri Lanka Vs Pakistan,Pakistan,2,Shoaib Khan,2,3,0,66.66,23,out,T20I # 72
Sri Lanka Vs Pakistan,Pakistan,3,Younis Khan,8,0,287.50,4,0,out,T20I # 72
Sri Lanka Vs Pakistan,Pakistan,4,Misbah-ul-Haq,23,5.75,0,3.5,0,out,T20I # 72
Sri Lanka Vs Pakistan,Pakistan,5,Shoaib Malik,36,9.39,0,4,0,not_out,T20I # 72
Sri Lanka Vs Pakistan,Pakistan,6,Shahid Afridi,30,7.50,0,4,0,out,T20I # 72
Sri Lanka Vs Pakistan,Pakistan,7,Kamran Akmal,31,7.75,2,4,0,out,T20I # 72
Zimbabwe Vs Pakistan,Zimbabwe,1,Hamilton Masakadza,53,38,5,3,139.47,out,T20I # 73
Zimbabwe Vs Pakistan,Zimbabwe,2,Cephas Zhuwao,12,22,2,0,54.54,out,T20I # 73
Zimbabwe Vs Pakistan,Zimbabwe,3,Chamu Chibhabha,8,26,0,0,30.76,out,T20I # 73
Zimbabwe Vs Pakistan,Zimbabwe,4,Tatenda Taibu,4,6,1,0,66.66,out,T20I # 73
Zimbabwe Vs Pakistan,Zimbabwe,5,Elton Chigumbura,4,8,0,0,50.00,out,T20I # 73
Zimbabwe Vs Pakistan,Zimbabwe,6,Stuart Matsikenyeri,0,1,0,0,0.00,out,T20I # 73
Zimbabwe Vs Pakistan,Zimbabwe,7,Timycen Maruma,7,9,1,0,77.77,out,T20I # 73
Zimbabwe Vs Pakistan,Zimbabwe,8,Regis Chakabva,1,6,0,0,16.66,out,T20I # 73
Zimbabwe Vs Pakistan,Zimbabwe,9,Prosper Utseya,0,2,0,0,0.00,not_out,T20I # 73
Zimbabwe Vs Pakistan,Zimbabwe,10,Ray Price,0,2,0,0,0.00,not_out,T20I # 73
Zimbabwe Vs Pakistan,Pakistan,1,Shoaib Khan,0,4,0,0,0.00,out,T20I # 73
Zimbabwe Vs Pakistan,Pakistan,2,Shahid Afridi,5,3,1,0,166.66,out,T20I # 73
Zimbabwe Vs Pakistan,Pakistan,3,Salman Butt,4,0,7.00,0,0,not_out,T20I # 73
Zimbabwe Vs Pakistan,Pakistan,4,Khalid Latif,3,0,5.33,3,0,out,T20I # 73
Zimbabwe Vs Pakistan,Pakistan,5,Fawad Alam,4,1,1.50,1,0,not_out,T20I # 73
Sri Lanka Vs Canada,Sri Lanka,1,Sanath Jayasuriya,14,17,1,82.35,17,out,T20I # 74
Sri Lanka Vs Canada,Sri Lanka,2,Jehan Mubarak,19,2,89.47,35,21,out,T20I # 74
Sri Lanka Vs Canada,Sri Lanka,3,Mahela Jayawardene,6,0,11,18,0,out,T20I # 74
Sri Lanka Vs Canada,Sri Lanka,4,Jeevantha Kulatunga,0,61.11,2,0,0,out,T20I # 74
Sri Lanka Vs Canada,Sri Lanka,5,Thilina Kandamby,0.00,26,2,1,130.00,out,T20I # 74
Sri Lanka Vs Canada,Sri Lanka,6,Tillakaratne Dilshan,4,8,0,50.00,18,out,T20I # 74
Sri Lanka Vs Canada,Sri Lanka,7,Kaushalya Weeraratne,9,0,200.00,19,6,out,T20I # 74
Sri Lanka Vs Canada,Sri Lanka,8,Dilhara Lokuhettige,0,2,4,0,27,not_out,T20I # 74
Sri Lanka Vs Canada,Sri Lanka,9,Nuwan Kulasekara,6.75,1,4,0,44,not_out,T20I # 74
Sri Lanka Vs Canada,Canada,1,Ashif Mulla,1,0,0,2,0,out,T20I # 74
Sri Lanka Vs Canada,Canada,2,Rizwan Cheema,0,0.00,8,0,0,out,T20I # 74
Sri Lanka Vs Canada,Canada,3,Mohammad Iqbal,125.00,0,0,0,0.00,out,T20I # 74
Sri Lanka Vs Canada,Canada,4,Zubin Surkari,0,4,0,0.00,7,out,T20I # 74
Sri Lanka Vs Canada,Canada,5,Sunil Dhaniram,9,0,77.77,3,0,out,T20I # 74
Sri Lanka Vs Canada,Canada,6,Ramesh David,24,8.00,2,4,0,out,T20I # 74
Sri Lanka Vs Canada,Canada,7,Balaji Rao,23,5.75,1,4,1,out,T20I # 74
Sri Lanka Vs Canada,Canada,8,Sandeep Jyoti,17,4.25,0,3,0,not_out,T20I # 74
Sri Lanka Vs Canada,Canada,9,Harvir Baidwan,29,9.66,0,4,0,out,T20I # 74
Sri Lanka Vs Canada,Canada,10,Eion Katchay,33,8.25,0,2,0,out,T20I # 74
Zimbabwe Vs Canada,Zimbabwe,1,Hamilton Masakadza,79,52,8,3,151.92,out,T20I # 75
Zimbabwe Vs Canada,Zimbabwe,2,Cephas Zhuwao,0,2,0,0,0.00,out,T20I # 75
Zimbabwe Vs Canada,Zimbabwe,3,Chamu Chibhabha,40,35,5,0,114.28,out,T20I # 75
Zimbabwe Vs Canada,Zimbabwe,4,Tatenda Taibu,8,11,0,0,72.72,not_out,T20I # 75
Zimbabwe Vs Canada,Zimbabwe,5,Stuart Matsikenyeri,6,5,1,0,120.00,out,T20I # 75
Zimbabwe Vs Canada,Zimbabwe,6,Elton Chigumbura,25,10,3,2,250.00,out,T20I # 75
Zimbabwe Vs Canada,Zimbabwe,7,Keith Dabengwa,16,6,2,1,266.66,not_out,T20I # 75
Zimbabwe Vs Canada,Canada,1,Ashif Mulla,1,0,29,23,30,out,T20I # 75
Zimbabwe Vs Canada,Canada,2,Rizwan Cheema,2,2,6,10,9,out,T20I # 75
Zimbabwe Vs Canada,Canada,3,Sandeep Jyoti,1,0,2,10,17,out,T20I # 75
Zimbabwe Vs Canada,Canada,4,Sunil Dhaniram,0,0,3,5,3,out,T20I # 75
Zimbabwe Vs Canada,Canada,5,Abdool Samad,0,0,11,10,15,out,T20I # 75
Zimbabwe Vs Canada,Canada,6,Ramesh David,2,0,0,2,2,out,T20I # 75
Zimbabwe Vs Canada,Canada,7,Karun Jethi,0,0,8,9,-,out,T20I # 75
Zimbabwe Vs Canada,Canada,8,Balaji Rao,0,0,4,0,6,out,T20I # 75
Zimbabwe Vs Canada,Canada,9,Umar Bhatti,1.50,2,4,2,6,out,T20I # 75
Zimbabwe Vs Canada,Canada,10,Harvir Baidwan,1.50,1,3,0,20,out,T20I # 75
Zimbabwe Vs Canada,Canada,11,Eion Katchay,6.66,0,4,0,26,not_out,T20I # 75
Pakistan Vs Sri Lanka,Pakistan,1,Salman Butt,44,41,4,1,107.31,out,T20I # 76
Pakistan Vs Sri Lanka,Pakistan,2,Shoaib Khan,0,5,0,0,0.00,out,T20I # 76
Pakistan Vs Sri Lanka,Pakistan,3,Shahid Afridi,14,13,1,0,107.69,out,T20I # 76
Pakistan Vs Sri Lanka,Pakistan,4,Younis Khan,0,4,0,0,0.00,out,T20I # 76
Pakistan Vs Sri Lanka,Pakistan,5,Shoaib Malik,19,19,1,1,100.00,out,T20I # 76
Pakistan Vs Sri Lanka,Pakistan,6,Misbah-ul-Haq,23,25,2,0,92.00,not_out,T20I # 76
Pakistan Vs Sri Lanka,Pakistan,7,Fawad Alam,2,4,0,0,50.00,out,T20I # 76
Pakistan Vs Sri Lanka,Pakistan,8,Kamran Akmal,12,8,1,0,150.00,out,T20I # 76
Pakistan Vs Sri Lanka,Pakistan,9,Umar Gul,2,1,0,0,200.00,not_out,T20I # 76
Pakistan Vs Sri Lanka,Sri Lanka,1,Sanath Jayasuriya,0,0,8,11,15,out,T20I # 76
Pakistan Vs Sri Lanka,Sri Lanka,2,Mahela Udawatte,0,0,17,22,37,out,T20I # 76
Pakistan Vs Sri Lanka,Sri Lanka,3,Mahela Jayawardene,2,0,12,10,13,out,T20I # 76
Pakistan Vs Sri Lanka,Sri Lanka,4,Jehan Mubarak,2,0,7,9,15,out,T20I # 76
Pakistan Vs Sri Lanka,Sri Lanka,5,Chamara Kapugedera,0,0,3,0,40,not_out,T20I # 76
Pakistan Vs Sri Lanka,Sri Lanka,6,Kaushalya Weeraratne,13.33,2,2,0,13,out,T20I # 76
Pakistan Vs Sri Lanka,Sri Lanka,7,Tillakaratne Dilshan,6.50,0,3,0,24,not_out,T20I # 76
South Africa Vs Bangladesh,South Africa,1,Loots Bosman,28,18,4,1,155.55,out,T20I # 77
South Africa Vs Bangladesh,South Africa,2,Herschelle Gibbs,18,10,4,0,180.00,out,T20I # 77
South Africa Vs Bangladesh,South Africa,3,Justin Ontong,6,12,0,0,50.00,out,T20I # 77
South Africa Vs Bangladesh,South Africa,4,AB de Villiers,36,26,2,1,138.46,out,T20I # 77
South Africa Vs Bangladesh,South Africa,5,Jean-Paul Duminy,6,6,0,0,100.00,out,T20I # 77
South Africa Vs Bangladesh,South Africa,6,Albie Morkel,6,6,0,0,100.00,out,T20I # 77
South Africa Vs Bangladesh,South Africa,7,Rory Kleinveldt,3,3,0,0,100.00,not_out,T20I # 77
South Africa Vs Bangladesh,South Africa,8,Johan Botha,1,2,0,0,50.00,out,T20I # 77
South Africa Vs Bangladesh,South Africa,9,Johann Louw,1,1,0,0,100.00,not_out,T20I # 77
South Africa Vs Bangladesh,Bangladesh,1,Tamim Iqbal,25,24,4,0,104.16,out,T20I # 77
South Africa Vs Bangladesh,Bangladesh,2,Junaid Siddique,4,2,1,0,200.00,out,T20I # 77
South Africa Vs Bangladesh,Bangladesh,3,Mohammad Ashraful,21,10,5,0,210.00,out,T20I # 77
South Africa Vs Bangladesh,Bangladesh,4,Raqibul Hasan,3,5,0,0,60.00,out,T20I # 77
South Africa Vs Bangladesh,Bangladesh,5,Shakib Al Hasan,4,3,1,0,133.33,out,T20I # 77
South Africa Vs Bangladesh,Bangladesh,6,Naeem Islam,15,17,1,0,88.23,out,T20I # 77
South Africa Vs Bangladesh,Bangladesh,7,Mushfiqur Rahim,12,9,2,0,133.33,out,T20I # 77
South Africa Vs Bangladesh,Bangladesh,8,Mehrab Hossain jnr,6,8,0,0,75.00,not_out,T20I # 77
South Africa Vs Bangladesh,Bangladesh,9,Abdur Razzak,0,2,0,0,0.00,out,T20I # 77
South Africa Vs Bangladesh,Bangladesh,10,Shahadat Hossain,4,4,0,0,100.00,not_out,T20I # 77
New Zealand Vs West Indies,New Zealand,1,Jesse Ryder,12,17,1,0,70.58,out,T20I # 78
New Zealand Vs West Indies,New Zealand,2,Brendon McCullum,14,10,3,0,140.00,out,T20I # 78
New Zealand Vs West Indies,New Zealand,3,Ross Taylor,63,50,4,4,126.00,out,T20I # 78
New Zealand Vs West Indies,New Zealand,4,Scott Styris,21,12,2,1,175.00,out,T20I # 78
New Zealand Vs West Indies,New Zealand,5,Jacob Oram,13,14,1,0,92.85,out,T20I # 78
New Zealand Vs West Indies,New Zealand,6,James Franklin,2,3,0,0,66.66,out,T20I # 78
New Zealand Vs West Indies,New Zealand,7,Daniel Flynn,10,7,0,1,142.85,out,T20I # 78
New Zealand Vs West Indies,New Zealand,8,Kyle Mills,10,6,0,1,166.66,not_out,T20I # 78
New Zealand Vs West Indies,New Zealand,9,Daniel Vettori,2,2,0,0,100.00,not_out,T20I # 78
New Zealand Vs West Indies,West Indies,1,Chris Gayle,4,12,0,0,33.33,out,T20I # 78
New Zealand Vs West Indies,West Indies,2,Shivnarine Chanderpaul,19,17,2,0,111.76,out,T20I # 78
New Zealand Vs West Indies,West Indies,3,Xavier Marshall,7,4,0,1,175.00,out,T20I # 78
New Zealand Vs West Indies,West Indies,4,Ramnaresh Sarwan,2,2,0,0,100.00,out,T20I # 78
New Zealand Vs West Indies,West Indies,5,Shawn Findlay,11,11,1,0,100.00,out,T20I # 78
New Zealand Vs West Indies,West Indies,6,Kieron Pollard,1,2,0,0,50.00,out,T20I # 78
New Zealand Vs West Indies,West Indies,7,Carlton Baugh,5,2,1,0,250.00,out,T20I # 78
New Zealand Vs West Indies,West Indies,8,Jerome Taylor,4,0,6.75,0,0,not_out,T20I # 78
New Zealand Vs West Indies,West Indies,9,Fidel Edwards,4,0,9.75,0,0,out,T20I # 78
New Zealand Vs West Indies,West Indies,10,Sulieman Benn,4,0,8.75,0,0,not_out,T20I # 78
New Zealand Vs West Indies,New Zealand,1,Jesse Ryder,62,41,7,3,151.21,out,T20I # 79
New Zealand Vs West Indies,New Zealand,2,Brendon McCullum,59,34,6,4,173.52,out,T20I # 79
New Zealand Vs West Indies,New Zealand,3,Ross Taylor,6,4,1,0,150.00,out,T20I # 79
New Zealand Vs West Indies,New Zealand,4,Jacob Oram,9,11,0,0,81.81,out,T20I # 79
New Zealand Vs West Indies,New Zealand,5,Daniel Flynn,3,4,0,0,75.00,out,T20I # 79
New Zealand Vs West Indies,New Zealand,6,James Franklin,20,11,1,2,181.81,out,T20I # 79
New Zealand Vs West Indies,New Zealand,7,Daniel Vettori,2,4,0,0,50.00,out,T20I # 79
New Zealand Vs West Indies,New Zealand,8,Kyle Mills,6,7,0,0,85.71,out,T20I # 79
New Zealand Vs West Indies,New Zealand,9,Ewen Thompson,1,1,0,0,100.00,not_out,T20I # 79
New Zealand Vs West Indies,New Zealand,10,Tim Southee,2,3,0,0,66.66,out,T20I # 79
New Zealand Vs West Indies,West Indies,1,Chris Gayle,5,4,1,0,125.00,out,T20I # 79
New Zealand Vs West Indies,West Indies,2,Ramnaresh Sarwan,13,14,2,0,92.85,out,T20I # 79
New Zealand Vs West Indies,West Indies,3,Xavier Marshall,38,24,4,2,158.33,out,T20I # 79
New Zealand Vs West Indies,West Indies,4,Shivnarine Chanderpaul,30,21,4,0,142.85,out,T20I # 79
New Zealand Vs West Indies,West Indies,5,Shawn Findlay,0,0,0,0,-,out,T20I # 79
New Zealand Vs West Indies,West Indies,6,Kieron Pollard,0,3,0,0,0.00,out,T20I # 79
New Zealand Vs West Indies,West Indies,7,Denesh Ramdin,4,0,8.75,0,0,out,T20I # 79
New Zealand Vs West Indies,West Indies,8,Jerome Taylor,3,1,6.00,1,0,not_out,T20I # 79
New Zealand Vs West Indies,West Indies,9,Sulieman Benn,4,0,11.00,0,0,not_out,T20I # 79
