Team 1,Team 2,Winner,Margin,Ground,Match Date,match_id
Australia,South Africa,Australia,95 runs,Brisbane,"Jan 9, 2006",T20I # 4
New Zealand,West Indies,tied,-,Auckland,"Feb 16, 2006",T20I # 5
South Africa,Australia,South Africa,2 runs,Johannesburg,"Feb 24, 2006",T20I # 6
England,Sri Lanka,Sri Lanka,2 runs,Southampton,"Jun 15, 2006",T20I # 7
England,Pakistan,Pakistan,5 wickets,Bristol,"Aug 28, 2006",T20I # 8
Bangladesh,Zimbabwe,Bangladesh,43 runs,Khulna,"Nov 28, 2006",T20I # 9
South Africa,India,India,6 wickets,Johannesburg,"Dec 1, 2006",T20I # 10
New Zealand,Sri Lanka,Sri Lanka,18 runs,Wellington,"Dec 22, 2006",T20I # 11
New Zealand,Sri Lanka,New Zealand,5 wickets,Auckland,"Dec 26, 2006",T20I # 12
