match,bowlingTeam,bowlerName,overs,maiden,runs,wickets,economy,0s,4s,6s,wides,noBalls,match_id
Afghanistan Vs Ireland,Ireland,Alex Cusack,4,0,38,0,9.50,9,4,1,2,0,T20I # 128
Afghanistan Vs Ireland,Ireland,Trent Johnston,4,1,22,4,5.50,16,4,0,0,0,T20I # 128
Afghanistan Vs Ireland,Ireland,Kevin O'Brien,4,0,34,0,8.50,7,4,0,0,0,T20I # 128
Afghanistan Vs Ireland,Ireland,Andre Botha,4,0,14,3,3.50,15,0,1,0,0,T20I # 128
Afghanistan Vs Ireland,Ireland,George Dockrell,4,0,11,2,2.75,15,0,0,0,0,T20I # 128
Afghanistan Vs Ireland,Afghanistan,Shapoor Zadran,2,0,18,0,9.00,5,3,0,0,0,T20I # 128
Afghanistan Vs Ireland,Afghanistan,Mohammad Nabi,4,1,19,1,4.75,15,3,0,0,0,T20I # 128
Afghanistan Vs Ireland,Afghanistan,Dawlat Ahmadzai,2,0,25,1,12.50,3,5,0,0,0,T20I # 128
Afghanistan Vs Ireland,Afghanistan,Karim Sadiq,4,0,17,2,4.25,12,1,0,1,0,T20I # 128
Afghanistan Vs Ireland,Afghanistan,Samiullah Shinwari,3,0,19,0,6.33,10,2,0,1,0,T20I # 128
Afghanistan Vs Ireland,Afghanistan,Hamid Hassan,3,0,14,1,4.66,8,1,0,0,0,T20I # 128
Afghanistan Vs Ireland,Afghanistan,Nawroz Mangal,0.1,0,4,0,24.00,0,1,0,0,0,T20I # 128
Scotland Vs Kenya,Kenya,Nehemiah Odhiambo,9,4.50,9,0,2,0,0,0,4,0,T20I # 129
Scotland Vs Kenya,Kenya,Tony Suji,24,6.00,8,1,2,0,0,0,4,0,T20I # 129
Scotland Vs Kenya,Kenya,Hiren Varaiya,28,7.00,13,0,2,2,0,0,4,0,T20I # 129
Scotland Vs Kenya,Kenya,Jimmy Kamande,10,2.50,15,3,0,0,0,0,4,0,T20I # 129
Scotland Vs Kenya,Kenya,Steve Tikolo,10,2.50,-,1,-,-,0,0,60,48,T20I # 129
Scotland Vs Kenya,Kenya,Shem Ngoche,7,2,125.00,2,46,28,7,1,164.28,3,T20I # 129
Scotland Vs Kenya,Scotland,Dewald Nel,2,2,2,0,0,0,2,0,19,9.50,T20I # 129
Scotland Vs Kenya,Scotland,Gordon Goudie,5,4,0,0,0,0,3,1,14,4.66,T20I # 129
Scotland Vs Kenya,Scotland,Jan Stander,10,1,0,0,0,0,2,0,14,7.00,T20I # 129
Scotland Vs Kenya,Scotland,Majid Haq,6,1,1,0,0,0,1,0,11,11.00,T20I # 129
Scotland Vs Kenya,Scotland,Ross Lyons,1,1,0,0,0,0,0.3,0,5,10.00,T20I # 129
Canada Vs Ireland,Ireland,Phil Eaglestone,2,0,16,0,8.00,5,2,0,1,0,T20I # 130
Canada Vs Ireland,Ireland,Trent Johnston,4,0,26,0,6.50,14,2,1,1,0,T20I # 130
Canada Vs Ireland,Ireland,Kevin O'Brien,4,0,38,0,9.50,7,4,1,1,0,T20I # 130
Canada Vs Ireland,Ireland,Gary Kidd,3,0,32,0,10.66,2,3,1,0,0,T20I # 130
Canada Vs Ireland,Ireland,Andre Botha,4,0,35,3,8.75,6,4,1,0,0,T20I # 130
Canada Vs Ireland,Ireland,John Mooney,2,0,16,0,8.00,5,3,0,0,0,T20I # 130
Canada Vs Ireland,Ireland,Paul Stirling,1,0,10,0,10.00,0,1,0,0,0,T20I # 130
Canada Vs Ireland,Canada,Henry Osinde,1,0,13,0,13.00,1,2,0,1,0,T20I # 130
Canada Vs Ireland,Canada,Khurram Chohan,4,0,24,1,6.00,12,3,0,0,0,T20I # 130
Canada Vs Ireland,Canada,Harvir Baidwan,4,0,38,1,9.50,6,4,1,0,0,T20I # 130
Canada Vs Ireland,Canada,Rizwan Cheema,4,0,41,0,10.25,6,5,1,1,0,T20I # 130
Canada Vs Ireland,Canada,Hiral Patel,1,0,6,0,6.00,1,0,0,0,0,T20I # 130
Canada Vs Ireland,Canada,Sunil Dhaniram,2,0,17,0,8.50,2,2,0,0,0,T20I # 130
Canada Vs Ireland,Canada,Umar Bhatti,4,0,26,3,6.50,10,4,0,0,0,T20I # 130
Bangladesh Vs New Zealand,New Zealand,Daryl Tuffey,4,0,16,2,4.00,0,0,2,0,15,T20I # 131
Bangladesh Vs New Zealand,New Zealand,Tim Southee,7.50,0,0,0,1,0,8,8.00,0,0,T20I # 131
Bangladesh Vs New Zealand,New Zealand,James Franklin,4,1,6,1,1.50,0,0,4,0,15,T20I # 131
Bangladesh Vs New Zealand,New Zealand,Daniel Vettori,3.75,0,0,3,2.3,0,16,6.40,0,0,T20I # 131
Bangladesh Vs New Zealand,New Zealand,Nathan McCullum,56,27,35,2,7,2,207.40,20,23,35,T20I # 131
Bangladesh Vs New Zealand,New Zealand,Jacob Oram,3,0,86.95,2,3,0,28,9.33,1,0,T20I # 131
Bangladesh Vs New Zealand,Bangladesh,Shahadat Hossain,2,0,16,0,8.00,0,0,0.2,0,8,T20I # 131
Canada Vs Afghanistan,Afghanistan,Shapoor Zadran,3,0,16,0,5.33,8,2,0,0,0,T20I # 132
Canada Vs Afghanistan,Afghanistan,Mirwais Ashraf,4,0,23,0,5.75,14,4,0,0,0,T20I # 132
Canada Vs Afghanistan,Afghanistan,Samiullah Shinwari,4,0,26,1,6.50,9,3,0,0,0,T20I # 132
Canada Vs Afghanistan,Afghanistan,Mohammad Nabi,3,0,25,1,8.33,4,2,0,1,1,T20I # 132
Canada Vs Afghanistan,Afghanistan,Karim Sadiq,2,0,20,0,10.00,4,2,1,0,0,T20I # 132
Canada Vs Afghanistan,Afghanistan,Hamid Hassan,4,0,27,2,6.75,8,1,1,0,1,T20I # 132
Canada Vs Afghanistan,Canada,Harvir Baidwan,3.5,0,23,3,6.00,11,3,0,0,0,T20I # 132
Canada Vs Afghanistan,Canada,Khurram Chohan,4,0,35,0,8.75,7,5,0,0,0,T20I # 132
Canada Vs Afghanistan,Canada,Rizwan Cheema,4,0,38,1,9.50,5,3,1,1,0,T20I # 132
Canada Vs Afghanistan,Canada,Sunil Dhaniram,4,0,24,0,6.00,9,2,0,0,0,T20I # 132
Canada Vs Afghanistan,Canada,Umar Bhatti,4,0,19,1,4.75,9,1,0,0,0,T20I # 132
Scotland Vs Kenya,Kenya,Nehemiah Odhiambo,33,8.25,13,5,1,2,1,1,3.2,0,T20I # 133
Scotland Vs Kenya,Kenya,Nelson Odhiambo,15,4.50,13,2,2,0,2,0,4,0,T20I # 133
Scotland Vs Kenya,Kenya,Jimmy Kamande,22,5.50,10,0,2,0,0,0,2,0,T20I # 133
Scotland Vs Kenya,Kenya,Hiren Varaiya,17,8.50,-,0,-,-,0,0,2,0,T20I # 133
Scotland Vs Kenya,Kenya,Shem Ngoche,15,7.50,7,0,0,2,0,0,65,47,T20I # 133
Scotland Vs Kenya,Kenya,Steve Tikolo,7,2,138.29,0,56,42,8,1,133.33,2,T20I # 133
Scotland Vs Kenya,Scotland,Dewald Nel,3,4,0,0,0,0,3,0,23,7.66,T20I # 133
Scotland Vs Kenya,Scotland,Gordon Drummond,7,0,2,0,0,0,2,0,23,11.50,T20I # 133
Scotland Vs Kenya,Scotland,Majid Haq,5,3,1,0,0,1,2.3,0,24,9.60,T20I # 133
Scotland Vs Kenya,Scotland,Ryan Watson,6,4,0,0,0,1,2,0,11,5.50,T20I # 133
Scotland Vs Kenya,Scotland,Jan Stander,4,1,0,0,0,0,1,0,8,8.00,T20I # 133
Australia Vs Pakistan,Pakistan,Mohammad Asif,4,0,31,1,7.75,9,2,1,0,0,T20I # 134
Australia Vs Pakistan,Pakistan,Naved-ul-Hasan,4,0,27,1,6.75,7,1,0,0,0,T20I # 134
Australia Vs Pakistan,Pakistan,Shoaib Malik,4,0,31,2,7.75,6,2,1,1,0,T20I # 134
Australia Vs Pakistan,Pakistan,Umar Gul,3.4,0,20,3,5.45,7,1,0,1,0,T20I # 134
Australia Vs Pakistan,Pakistan,Saeed Ajmal,3,0,18,0,6.00,8,0,1,0,0,T20I # 134
Australia Vs Pakistan,Australia,Shaun Tait,4,0,13,3,3.25,18,1,0,1,0,T20I # 134
Australia Vs Pakistan,Australia,Dirk Nannes,4,1,27,1,6.75,13,2,1,0,0,T20I # 134
Australia Vs Pakistan,Australia,Mitchell Johnson,4,1,24,0,6.00,15,2,1,1,0,T20I # 134
Australia Vs Pakistan,Australia,Shane Watson,4,1,24,2,6.00,11,3,0,0,0,T20I # 134
Australia Vs Pakistan,Australia,Steven Smith,4,0,34,2,8.50,6,2,1,0,0,T20I # 134
Afghanistan Vs Ireland,Ireland,Peter Connell,4,0,20,0,5.00,2,0,4,0,18,T20I # 135
Afghanistan Vs Ireland,Ireland,Trent Johnston,4.50,0,0,2,2,0,20,10.00,0,0,T20I # 135
Afghanistan Vs Ireland,Ireland,Kevin O'Brien,4,0,25,0,6.25,1,0,3,0,31,T20I # 135
Afghanistan Vs Ireland,Ireland,Andre Botha,10.33,1,0,2,3,0,23,7.66,1,0,T20I # 135
Afghanistan Vs Ireland,Ireland,George Dockrell,35,23,28,1,3,2,152.17,2,6,12,T20I # 135
Afghanistan Vs Ireland,Ireland,Alex Cusack,0,0,33.33,0,21,23,38,2,0,91.30,T20I # 135
Afghanistan Vs Ireland,Afghanistan,Shapoor Zadran,2,0,7,1,3.50,0,0,3.2,0,19,T20I # 135
Afghanistan Vs Ireland,Afghanistan,Mirwais Ashraf,5.70,0,1,0,4,0,25,6.25,1,0,T20I # 135
Canada Vs Netherlands,Netherlands,Edgar Schiferli,3,0,27,1,9.00,1,0,4,0,25,T20I # 136
Canada Vs Netherlands,Netherlands,Mudassar Bukhari,6.25,0,0,1,4,0,30,7.50,1,0,T20I # 136
Canada Vs Netherlands,Netherlands,Ryan ten Doeschate,3,0,25,1,8.33,0,0,4,0,18,T20I # 136
Canada Vs Netherlands,Netherlands,Peter Borren,4.50,0,0,0,2,0,14,7.00,0,0,T20I # 136
Canada Vs Netherlands,Netherlands,Pieter Seelaar,39,31,38,2,6,0,125.80,25,17,24,T20I # 136
Canada Vs Netherlands,Netherlands,Daan van Bunge,5,0,147.05,1,43,41,52,2,1,104.87,T20I # 136
Canada Vs Netherlands,Canada,Harvir Baidwan,2,0,14,1,7.00,0,0,4,0,24,T20I # 136
Canada Vs Netherlands,Canada,Khurram Chohan,6.00,0,0,0,1,0,7,7.00,0,0,T20I # 136
Afghanistan Vs Scotland,Scotland,Dewald Nel,4,0,23,1,5.75,12,0,0,2,0,T20I # 137
Afghanistan Vs Scotland,Scotland,Gordon Drummond,4,0,14,2,3.50,13,1,0,0,0,T20I # 137
Afghanistan Vs Scotland,Scotland,Richie Berrington,2,0,12,0,6.00,6,1,0,0,0,T20I # 137
Afghanistan Vs Scotland,Scotland,Kyle Coetzer,4,0,25,3,6.25,10,1,1,0,0,T20I # 137
Afghanistan Vs Scotland,Scotland,Majid Haq,3,0,24,0,8.00,4,1,1,0,0,T20I # 137
Afghanistan Vs Scotland,Scotland,Jan Stander,3,0,28,1,9.33,4,1,1,0,1,T20I # 137
Afghanistan Vs Scotland,Afghanistan,Shapoor Zadran,4,2,8,1,2.00,20,0,0,0,0,T20I # 137
Afghanistan Vs Scotland,Afghanistan,Mirwais Ashraf,3,0,13,1,4.33,12,2,0,0,0,T20I # 137
Afghanistan Vs Scotland,Afghanistan,Karim Sadiq,4,0,19,1,4.75,7,0,0,0,0,T20I # 137
Afghanistan Vs Scotland,Afghanistan,Mohammad Nabi,3,0,27,2,9.00,4,2,1,0,0,T20I # 137
Afghanistan Vs Scotland,Afghanistan,Hamid Hassan,4,0,32,3,8.00,8,2,1,0,0,T20I # 137
Afghanistan Vs Scotland,Afghanistan,Samiullah Shinwari,2,0,14,0,7.00,2,0,0,0,0,T20I # 137
Canada Vs Kenya,Kenya,Hiren Varaiya,4,0,18,1,4.50,0,0,4,0,32,T20I # 138
Canada Vs Kenya,Kenya,Steve Tikolo,8.00,0,1,1,4,0,18,4.50,0,0,T20I # 138
Canada Vs Kenya,Kenya,Jimmy Kamande,2,0,17,2,8.50,0,0,3,0,27,T20I # 138
Canada Vs Kenya,Kenya,Shem Ngoche,9.00,1,0,0,2,0,16,8.00,0,0,T20I # 138
Canada Vs Kenya,Kenya,Tony Suji,1,0,10,0,10.00,0,0,79,48,46,T20I # 138
Canada Vs Kenya,Kenya,Nehemiah Odhiambo,11,1,164.58,3,50,36,54,5,1,138.88,T20I # 138
Canada Vs Kenya,Kenya,Lameck Onyango,6,8,8,1,1,0,75.00,1,0,13,T20I # 138
Canada Vs Kenya,Canada,Umar Bhatti,8.00,0,0,0,1,0,15,15.00,0,0,T20I # 138
Canada Vs Kenya,Canada,Harvir Baidwan,1,0,12,0,12.00,0,0,4,0,17,T20I # 138
Canada Vs Kenya,Canada,Hiral Patel,4.25,0,0,0,2,0,19,9.50,1,0,T20I # 138
Kenya Vs Netherlands,Netherlands,Mudassar Bukhari,3.4,0,33,4,9.00,9,6,0,0,0,T20I # 139
Kenya Vs Netherlands,Netherlands,Ryan ten Doeschate,4,0,27,0,6.75,10,2,1,1,0,T20I # 139
Kenya Vs Netherlands,Netherlands,Mark Jonkman,1,0,3,0,3.00,3,0,0,0,0,T20I # 139
Kenya Vs Netherlands,Netherlands,Pieter Seelaar,4,0,19,4,4.75,11,0,0,1,0,T20I # 139
Kenya Vs Netherlands,Netherlands,Peter Borren,4,0,16,0,4.00,13,1,0,0,0,T20I # 139
Kenya Vs Netherlands,Netherlands,Mohammad Kashif,3,0,28,2,9.33,6,0,2,0,1,T20I # 139
Kenya Vs Netherlands,Kenya,Hiren Varaiya,3,0,20,0,6.66,12,3,0,3,0,T20I # 139
Kenya Vs Netherlands,Kenya,Steve Tikolo,4,0,24,0,6.00,10,1,1,0,0,T20I # 139
Kenya Vs Netherlands,Kenya,Jimmy Kamande,3,0,19,0,6.33,6,1,0,1,0,T20I # 139
Kenya Vs Netherlands,Kenya,Nehemiah Odhiambo,3.1,0,25,0,7.89,10,3,1,1,0,T20I # 139
Kenya Vs Netherlands,Kenya,Tony Suji,1,0,10,0,10.00,1,3,0,0,0,T20I # 139
Kenya Vs Netherlands,Kenya,Shem Ngoche,2,0,15,1,7.50,-,-,-,0,0,T20I # 139
Kenya Vs Netherlands,Kenya,Lameck Onyango,3,0,17,2,5.66,6,1,0,0,0,T20I # 139
Ireland Vs Scotland,Scotland,Dewald Nel,3,0,24,0,8.00,3,0,3,0,28,T20I # 140
Ireland Vs Scotland,Scotland,Gordon Drummond,9.33,1,0,1,3,0,19,6.33,0,0,T20I # 140
Ireland Vs Scotland,Scotland,Richie Berrington,4,0,26,0,6.50,0,0,4,0,16,T20I # 140
Ireland Vs Scotland,Scotland,Ross Lyons,4.00,0,0,1,3,0,14,4.66,0,0,T20I # 140
Ireland Vs Scotland,Scotland,Majid Haq,0,2,2,2,0,0,0.00,5,3,3,T20I # 140
Ireland Vs Scotland,Scotland,Kyle Coetzer,1,0,166.66,2,0,3,6,0,0,0.00,T20I # 140
Ireland Vs Scotland,Ireland,Peter Connell,3,0,17,2,5.66,1,0,2.3,0,11,T20I # 140
Ireland Vs Scotland,Ireland,Trent Johnston,4.40,0,0,3,2,0,9,4.50,0,0,T20I # 140
Afghanistan Vs Netherlands,Netherlands,Mudassar Bukhari,4,0,31,0,7.75,0,0,2,0,15,T20I # 141
Afghanistan Vs Netherlands,Netherlands,Ryan ten Doeschate,7.50,1,0,1,4,0,23,5.75,2,0,T20I # 141
Afghanistan Vs Netherlands,Netherlands,Mark Jonkman,4,0,25,2,6.25,0,0,4,0,24,T20I # 141
Afghanistan Vs Netherlands,Netherlands,Pieter Seelaar,6.00,0,0,1,2,0,8,4.00,0,0,T20I # 141
Afghanistan Vs Netherlands,Netherlands,Peter Borren,39,33,34,0,5,0,118.18,21,24,41,T20I # 141
Afghanistan Vs Netherlands,Netherlands,Mohammad Kashif,0,1,87.50,1,24,22,29,0,1,109.09,T20I # 141
Afghanistan Vs Netherlands,Afghanistan,Shapoor Zadran,3,0,26,0,8.66,3,0,4,0,23,T20I # 141
Afghanistan Vs Netherlands,Afghanistan,Mirwais Ashraf,5.75,1,0,0,3.5,0,22,5.73,0,0,T20I # 141
Ireland Vs Netherlands,Netherlands,Mudassar Bukhari,4,0,24,1,6.00,0,0,4,0,25,T20I # 142
Ireland Vs Netherlands,Netherlands,Ryan ten Doeschate,6.25,0,0,1,3,0,21,7.00,1,0,T20I # 142
Ireland Vs Netherlands,Netherlands,Mark Jonkman,4,0,31,2,7.75,0,0,3,0,25,T20I # 142
Ireland Vs Netherlands,Netherlands,Peter Borren,8.33,0,0,0,2,0,19,9.50,0,0,T20I # 142
Ireland Vs Netherlands,Netherlands,Pieter Seelaar,2,4,2,1,0,0,50.00,17,20,37,T20I # 142
Ireland Vs Netherlands,Netherlands,Mohammad Kashif,2,0,85.00,1,0,2,2,0,0,0.00,T20I # 142
Ireland Vs Netherlands,Ireland,Peter Connell,3.3,0,20,2,5.71,0,0,3,0,15,T20I # 142
Ireland Vs Afghanistan,Afghanistan,Shapoor Zadran,3,0,25,1,8.33,1,0,2,0,10,T20I # 143
Ireland Vs Afghanistan,Afghanistan,Mirwais Ashraf,5.00,0,0,0,2,0,17,8.50,1,0,T20I # 143
Ireland Vs Afghanistan,Afghanistan,Karim Sadiq,3,0,23,0,7.66,0,0,2,0,9,T20I # 143
Ireland Vs Afghanistan,Afghanistan,Mohammad Nabi,4.50,0,0,1,4,0,23,5.75,2,0,T20I # 143
Ireland Vs Afghanistan,Afghanistan,Samiullah Shinwari,4,0,27,1,6.75,1,2,34,17,15,T20I # 143
Ireland Vs Afghanistan,Afghanistan,Nawroz Mangal,4,1,200.00,3,16,24,47,1,0,66.66,T20I # 143
Ireland Vs Afghanistan,Afghanistan,Hamid Hassan,65,46,64,1,6,1,141.30,21,18,31,T20I # 143
Ireland Vs Afghanistan,Ireland,Peter Connell,6.50,2,0,0,2,0,16,8.00,0,0,T20I # 143
Pakistan Vs England,England,Ryan Sidebottom,4,0,21,0,5.25,12,3,0,0,0,T20I # 144
Pakistan Vs England,England,Tim Bresnan,4,0,30,2,7.50,12,4,0,0,0,T20I # 144
Pakistan Vs England,England,Stuart Broad,4,0,23,2,5.75,12,1,1,1,0,T20I # 144
Pakistan Vs England,England,Luke Wright,4,0,27,1,6.75,9,2,0,0,1,T20I # 144
Pakistan Vs England,England,Graeme Swann,3,0,18,2,6.00,5,1,0,0,0,T20I # 144
Pakistan Vs England,England,Paul Collingwood,1,0,9,0,9.00,2,0,1,0,0,T20I # 144
Pakistan Vs England,Pakistan,Abdul Razzaq,4,0,24,1,6.00,13,3,0,0,0,T20I # 144
Pakistan Vs England,Pakistan,Yasir Arafat,4,0,18,1,4.50,13,1,0,3,0,T20I # 144
Pakistan Vs England,Pakistan,Shoaib Malik,3,0,28,0,9.33,5,2,0,3,0,T20I # 144
Pakistan Vs England,Pakistan,Saeed Ajmal,4,0,18,0,4.50,9,0,0,1,0,T20I # 144
Pakistan Vs England,Pakistan,Umar Gul,3.3,0,36,0,10.28,8,4,2,0,0,T20I # 144
England Vs Pakistan,Pakistan,Abdul Razzaq,4,0,17,0,4.25,13,1,0,0,0,T20I # 145
England Vs Pakistan,Pakistan,Yasir Arafat,4,0,32,3,8.00,10,2,0,1,0,T20I # 145
England Vs Pakistan,Pakistan,Shahid Afridi,4,0,27,0,6.75,11,2,1,0,0,T20I # 145
England Vs Pakistan,Pakistan,Saeed Ajmal,4,0,29,1,7.25,6,1,1,0,0,T20I # 145
England Vs Pakistan,Pakistan,Umar Gul,4,0,43,1,10.75,8,1,4,2,1,T20I # 145
England Vs Pakistan,England,Ajmal Shahzad,4,0,38,2,9.50,10,4,2,0,0,T20I # 145
England Vs Pakistan,England,Tim Bresnan,3,0,25,0,8.33,6,3,0,1,0,T20I # 145
England Vs Pakistan,England,Stuart Broad,4,0,24,1,6.00,10,1,0,0,0,T20I # 145
England Vs Pakistan,England,Graeme Swann,4,1,14,3,3.50,14,0,0,1,0,T20I # 145
England Vs Pakistan,England,Luke Wright,2,0,21,0,10.50,3,1,1,0,0,T20I # 145
England Vs Pakistan,England,Paul Collingwood,2,0,20,0,10.00,3,0,2,0,0,T20I # 145
Australia Vs West Indies,West Indies,Narsingh Deonarine,2,0,17,0,8.50,6,2,1,0,0,T20I # 146
Australia Vs West Indies,West Indies,Nikita Miller,4,0,20,2,5.00,9,1,0,0,0,T20I # 146
Australia Vs West Indies,West Indies,Daren Sammy,3,0,36,1,12.00,5,4,2,0,0,T20I # 146
Australia Vs West Indies,West Indies,Kemar Roach,2,0,30,0,15.00,1,2,1,1,1,T20I # 146
Australia Vs West Indies,West Indies,Dwayne Smith,3,0,38,2,12.66,3,2,3,0,0,T20I # 146
Australia Vs West Indies,West Indies,Chris Gayle,2,0,15,2,7.50,3,0,1,0,0,T20I # 146
Australia Vs West Indies,West Indies,Kieron Pollard,4,0,23,1,5.75,9,2,0,1,0,T20I # 146
Australia Vs West Indies,Australia,Dirk Nannes,4,0,21,3,5.25,13,3,0,1,0,T20I # 146
Australia Vs West Indies,Australia,Shaun Tait,4,0,30,3,7.50,11,4,0,3,0,T20I # 146
Australia Vs West Indies,Australia,Mitchell Johnson,4,0,28,2,7.00,9,4,0,0,0,T20I # 146
Australia Vs West Indies,Australia,David Hussey,1,0,4,0,4.00,2,0,0,0,0,T20I # 146
Australia Vs West Indies,Australia,Steven Smith,3,0,23,0,7.66,3,2,0,0,0,T20I # 146
Australia Vs West Indies,Australia,Michael Clarke,2,0,19,0,9.50,3,2,0,0,0,T20I # 146
Australia Vs West Indies,Australia,Shane Watson,2,0,14,0,7.00,1,1,0,0,0,T20I # 146
West Indies Vs Australia,Australia,Shaun Tait,4,0,27,1,6.75,12,3,0,3,0,T20I # 147
West Indies Vs Australia,Australia,Ryan Harris,4,0,27,2,6.75,11,2,1,1,0,T20I # 147
West Indies Vs Australia,Australia,Mitchell Johnson,4,0,22,0,5.50,11,2,0,1,0,T20I # 147
West Indies Vs Australia,Australia,Shane Watson,3,0,15,1,5.00,6,0,0,0,0,T20I # 147
West Indies Vs Australia,Australia,Dan Christian,4,0,29,2,7.25,8,0,2,0,0,T20I # 147
West Indies Vs Australia,Australia,Steven Smith,1,0,13,0,13.00,1,2,0,0,0,T20I # 147
West Indies Vs Australia,West Indies,Kemar Roach,2,0,33,0,16.50,3,2,3,1,0,T20I # 147
West Indies Vs Australia,West Indies,Daren Sammy,1,0,14,0,14.00,1,1,1,1,0,T20I # 147
West Indies Vs Australia,West Indies,Dwayne Smith,1,0,9,0,9.00,3,0,1,1,0,T20I # 147
West Indies Vs Australia,West Indies,Narsingh Deonarine,2,0,18,0,9.00,8,3,1,0,0,T20I # 147
West Indies Vs Australia,West Indies,Nikita Miller,3.4,0,56,2,15.27,6,5,4,0,0,T20I # 147
West Indies Vs Australia,West Indies,Kieron Pollard,2,0,12,0,6.00,5,0,1,0,0,T20I # 147
New Zealand Vs Australia,Australia,Shaun Tait,4,0,21,2,5.25,15,2,1,0,0,T20I # 148
New Zealand Vs Australia,Australia,Dirk Nannes,4,0,22,2,5.50,15,4,0,0,0,T20I # 148
New Zealand Vs Australia,Australia,Mitchell Johnson,4,0,19,3,4.75,12,1,0,1,0,T20I # 148
New Zealand Vs Australia,Australia,Steven Smith,2,0,9,0,4.50,5,0,0,0,0,T20I # 148
New Zealand Vs Australia,Australia,David Hussey,1,0,6,0,6.00,1,0,0,0,0,T20I # 148
New Zealand Vs Australia,Australia,Shane Watson,4,0,23,2,5.75,10,1,1,0,0,T20I # 148
New Zealand Vs Australia,Australia,Dan Christian,1,0,14,0,14.00,0,1,1,0,0,T20I # 148
New Zealand Vs Australia,New Zealand,Shane Bond,4,0,32,2,8.00,13,2,1,3,0,T20I # 148
New Zealand Vs Australia,New Zealand,Daryl Tuffey,2,0,27,0,13.50,2,5,0,0,0,T20I # 148
New Zealand Vs Australia,New Zealand,Daniel Vettori,4,0,13,1,3.25,13,0,0,1,0,T20I # 148
New Zealand Vs Australia,New Zealand,Jacob Oram,2,0,15,0,7.50,5,2,0,1,0,T20I # 148
New Zealand Vs Australia,New Zealand,Nathan McCullum,3,0,21,1,7.00,7,3,0,0,0,T20I # 148
New Zealand Vs Australia,New Zealand,Martin Guptill,1,0,11,0,11.00,3,1,1,0,0,T20I # 148
New Zealand Vs Australia,Australia,Shaun Tait,4,0,40,2,10.00,12,4,2,3,1,T20I # 149
New Zealand Vs Australia,Australia,Dirk Nannes,4,0,51,1,12.75,8,4,4,0,0,T20I # 149
New Zealand Vs Australia,Australia,Ryan Harris,4,1,40,1,10.00,10,5,2,1,0,T20I # 149
New Zealand Vs Australia,Australia,David Hussey,3,0,21,0,7.00,9,2,1,0,0,T20I # 149
New Zealand Vs Australia,Australia,Steven Smith,3,0,24,1,8.00,6,4,0,0,0,T20I # 149
New Zealand Vs Australia,Australia,Dan Christian,2,0,26,0,13.00,2,2,2,0,0,T20I # 149
New Zealand Vs Australia,New Zealand,Shane Bond,4,0,27,1,6.75,11,3,1,0,0,T20I # 149
New Zealand Vs Australia,New Zealand,Tim Southee,4,0,44,0,11.00,3,5,1,1,0,T20I # 149
New Zealand Vs Australia,New Zealand,Jacob Oram,4,0,52,0,13.00,5,4,3,1,2,T20I # 149
New Zealand Vs Australia,New Zealand,Daniel Vettori,4,0,41,0,10.25,2,1,3,0,0,T20I # 149
New Zealand Vs Australia,New Zealand,James Franklin,3,0,32,2,10.66,6,4,1,0,1,T20I # 149
New Zealand Vs Australia,New Zealand,Nathan McCullum,1,0,17,0,17.00,0,2,1,0,0,T20I # 149
Zimbabwe Vs West Indies,West Indies,Sulieman Benn,4,2,6,4,1.50,20,0,0,0,0,T20I # 150
Zimbabwe Vs West Indies,West Indies,Kemar Roach,4,1,15,0,3.75,15,1,0,0,1,T20I # 150
Zimbabwe Vs West Indies,West Indies,Ravi Rampaul,4,0,28,1,7.00,16,3,1,0,3,T20I # 150
Zimbabwe Vs West Indies,West Indies,Kieron Pollard,4,0,24,0,6.00,7,1,0,3,0,T20I # 150
Zimbabwe Vs West Indies,West Indies,Daren Sammy,3.5,0,26,5,6.78,8,0,2,1,0,T20I # 150
Zimbabwe Vs West Indies,Zimbabwe,Prosper Utseya,4,0,12,1,3.00,16,0,0,2,0,T20I # 150
Zimbabwe Vs West Indies,Zimbabwe,Ray Price,4,1,18,1,4.50,17,2,0,1,0,T20I # 150
Zimbabwe Vs West Indies,Zimbabwe,Graeme Cremer,4,0,11,3,2.75,15,0,0,1,0,T20I # 150
Zimbabwe Vs West Indies,Zimbabwe,Greg Lamb,4,0,14,2,3.50,13,0,0,2,0,T20I # 150
Zimbabwe Vs West Indies,Zimbabwe,Stuart Matsikenyeri,1,0,10,0,10.00,1,0,1,0,0,T20I # 150
Zimbabwe Vs West Indies,Zimbabwe,Brendan Taylor,1,0,1,0,1.00,5,0,0,0,0,T20I # 150
Zimbabwe Vs West Indies,Zimbabwe,Elton Chigumbura,1,0,7,0,7.00,2,1,0,0,0,T20I # 150
Zimbabwe Vs West Indies,Zimbabwe,Shingi Masakadza,1,0,6,0,6.00,1,0,0,1,0,T20I # 150
Sri Lanka Vs New Zealand,New Zealand,Nathan McCullum,3,0,17,1,5.66,9,2,0,1,0,T20I # 151
Sri Lanka Vs New Zealand,New Zealand,Shane Bond,4,0,35,2,8.75,10,3,2,0,0,T20I # 151
Sri Lanka Vs New Zealand,New Zealand,Tim Southee,4,0,21,1,5.25,9,2,0,0,0,T20I # 151
Sri Lanka Vs New Zealand,New Zealand,Jacob Oram,3,0,23,1,7.66,6,2,1,0,0,T20I # 151
Sri Lanka Vs New Zealand,New Zealand,Daniel Vettori,4,0,23,0,5.75,5,0,0,0,0,T20I # 151
Sri Lanka Vs New Zealand,New Zealand,Scott Styris,2,0,13,1,6.50,7,0,1,0,0,T20I # 151
Sri Lanka Vs New Zealand,Sri Lanka,Angelo Mathews,2,1,7,1,3.50,10,0,1,0,0,T20I # 151
Sri Lanka Vs New Zealand,Sri Lanka,Chanaka Welegedara,2,0,21,1,10.50,3,3,0,1,0,T20I # 151
Sri Lanka Vs New Zealand,Sri Lanka,Ajantha Mendis,4,0,34,1,8.50,8,2,2,0,0,T20I # 151
Sri Lanka Vs New Zealand,Sri Lanka,Lasith Malinga,3.5,0,33,0,8.60,6,1,2,0,0,T20I # 151
Sri Lanka Vs New Zealand,Sri Lanka,Muthiah Muralidaran,4,0,25,2,6.25,9,1,1,0,0,T20I # 151
Sri Lanka Vs New Zealand,Sri Lanka,Sanath Jayasuriya,4,0,17,1,4.25,9,0,0,0,0,T20I # 151
West Indies Vs Ireland,Ireland,Boyd Rankin,4,0,35,2,8.75,9,5,0,0,0,T20I # 152
West Indies Vs Ireland,Ireland,Trent Johnston,4,0,36,0,9.00,7,0,3,0,0,T20I # 152
West Indies Vs Ireland,Ireland,Kevin O'Brien,1,0,8,0,8.00,2,1,0,0,0,T20I # 152
West Indies Vs Ireland,Ireland,Alex Cusack,3,0,19,2,6.33,10,0,1,0,1,T20I # 152
West Indies Vs Ireland,Ireland,Paul Stirling,2,0,15,0,7.50,3,1,0,1,0,T20I # 152
West Indies Vs Ireland,Ireland,George Dockrell,4,0,16,3,4.00,12,0,0,0,0,T20I # 152
West Indies Vs Ireland,Ireland,Andre Botha,2,0,7,2,3.50,7,0,0,0,0,T20I # 152
West Indies Vs Ireland,West Indies,Kemar Roach,4,0,12,1,3.00,20,1,0,5,0,T20I # 152
West Indies Vs Ireland,West Indies,Ravi Rampaul,3,0,17,3,5.66,10,2,0,3,0,T20I # 152
West Indies Vs Ireland,West Indies,Dwayne Bravo,2,0,5,2,2.50,8,0,0,1,0,T20I # 152
West Indies Vs Ireland,West Indies,Nikita Miller,4,0,18,1,4.50,9,0,0,1,0,T20I # 152
West Indies Vs Ireland,West Indies,Daren Sammy,3.4,0,8,3,2.18,16,0,0,0,0,T20I # 152
Afghanistan Vs India,India,Praveen Kumar,3,0,14,2,4.66,11,2,0,0,0,T20I # 153
Afghanistan Vs India,India,Ashish Nehra,4,0,19,3,4.75,14,2,0,0,0,T20I # 153
Afghanistan Vs India,India,Zaheer Khan,3,0,24,1,8.00,5,3,0,1,0,T20I # 153
Afghanistan Vs India,India,Ravindra Jadeja,4,1,15,1,3.75,17,1,1,0,0,T20I # 153
Afghanistan Vs India,India,Yuvraj Singh,1,0,4,0,4.00,3,0,0,0,0,T20I # 153
Afghanistan Vs India,India,Harbhajan Singh,4,0,24,0,6.00,9,0,1,1,0,T20I # 153
Afghanistan Vs India,India,Yusuf Pathan,1,0,12,0,12.00,1,0,1,1,0,T20I # 153
Afghanistan Vs India,Afghanistan,Dawlat Ahmadzai,2,0,21,1,10.50,5,1,1,0,1,T20I # 153
Afghanistan Vs India,Afghanistan,Shapoor Zadran,2,0,6,0,3.00,7,0,0,1,0,T20I # 153
Afghanistan Vs India,Afghanistan,Mohammad Nabi,3,0,33,0,11.00,8,1,3,0,1,T20I # 153
Afghanistan Vs India,Afghanistan,Samiullah Shinwari,2,0,11,1,5.50,5,1,0,1,0,T20I # 153
Afghanistan Vs India,Afghanistan,Karim Sadiq,2,0,22,0,11.00,3,0,1,1,2,T20I # 153
Afghanistan Vs India,Afghanistan,Hamid Hassan,3,0,8,1,2.66,12,0,0,0,0,T20I # 153
Afghanistan Vs India,Afghanistan,Nawroz Mangal,0.5,0,14,0,16.80,2,0,2,0,0,T20I # 153
Pakistan Vs Bangladesh,Bangladesh,Mashrafe Mortaza,4,1,1,0,0,4,0,41,10.25,4,T20I # 154
Pakistan Vs Bangladesh,Bangladesh,Abdur Razzak,4,1,0,0,0,4,0,25,6.25,10,T20I # 154
Pakistan Vs Bangladesh,Bangladesh,Shafiul Islam,2,0,0,1,0,2,0,18,9.00,2,T20I # 154
Pakistan Vs Bangladesh,Bangladesh,Naeem Islam,2,0,0,0,0,4,0,27,6.75,6,T20I # 154
Pakistan Vs Bangladesh,Bangladesh,Shakib Al Hasan,2,0,0,2,0,1,0,12,12.00,2,T20I # 154
Pakistan Vs Bangladesh,Bangladesh,Sohrawordi Shuvo,1,1,0,0,0,1,0,8,8.00,1,T20I # 154
Pakistan Vs Bangladesh,Bangladesh,Mohammad Ashraful,1,0,0,0,0,19,18,3,0,105.55,T20I # 154
Pakistan Vs Bangladesh,Pakistan,Mohammad Amir,3,0,1,2,0,3,0,28,9.33,6,T20I # 154
Pakistan Vs Bangladesh,Pakistan,Mohammad Sami,0,2,1,3,0,2,0,23,11.50,3,T20I # 154
Pakistan Vs Bangladesh,Pakistan,Mohammad Hafeez,2,1,0,1,1,3,0,18,6.00,9,T20I # 154
Pakistan Vs Bangladesh,Pakistan,Abdul Razzaq,2,0,1,0,0,4,0,37,9.25,8,T20I # 154
India Vs South Africa,South Africa,Rory Kleinveldt,4,0,48,2,12.00,9,3,4,1,0,T20I # 155
India Vs South Africa,South Africa,Dale Steyn,4,0,24,1,6.00,8,2,0,0,0,T20I # 155
India Vs South Africa,South Africa,Morne Morkel,4,0,32,0,8.00,8,4,0,2,1,T20I # 155
India Vs South Africa,South Africa,Albie Morkel,3,0,39,1,13.00,6,3,3,0,0,T20I # 155
India Vs South Africa,South Africa,Jacques Kallis,4,0,30,1,7.50,8,2,1,1,0,T20I # 155
India Vs South Africa,South Africa,Roelof van der Merwe,1,0,13,0,13.00,2,1,1,0,0,T20I # 155
India Vs South Africa,India,Harbhajan Singh,4,0,33,0,8.25,6,1,2,0,0,T20I # 155
India Vs South Africa,India,Praveen Kumar,1,0,3,0,3.00,3,0,0,0,0,T20I # 155
India Vs South Africa,India,Ashish Nehra,4,0,27,1,6.75,6,1,0,0,1,T20I # 155
India Vs South Africa,India,Yusuf Pathan,4,0,42,2,10.50,5,3,2,0,0,T20I # 155
India Vs South Africa,India,Piyush Chawla,3,0,27,1,9.00,4,0,2,0,0,T20I # 155
India Vs South Africa,India,Ravindra Jadeja,4,0,37,0,9.25,7,1,3,0,0,T20I # 155
Australia Vs Pakistan,Pakistan,Mohammad Amir,4,1,23,3,5.75,13,3,0,0,0,T20I # 156
Australia Vs Pakistan,Pakistan,Mohammad Hafeez,4,0,47,1,11.75,8,3,4,0,0,T20I # 156
Australia Vs Pakistan,Pakistan,Mohammad Sami,4,0,54,1,13.50,6,3,4,1,1,T20I # 156
Australia Vs Pakistan,Pakistan,Shahid Afridi,4,0,33,0,8.25,9,2,2,0,0,T20I # 156
Australia Vs Pakistan,Pakistan,Saeed Ajmal,4,0,34,3,8.50,8,3,1,0,0,T20I # 156
Australia Vs Pakistan,Australia,Dirk Nannes,4,0,41,3,10.25,11,5,2,2,0,T20I # 156
Australia Vs Pakistan,Australia,Shaun Tait,4,0,20,3,5.00,14,1,0,3,0,T20I # 156
Australia Vs Pakistan,Australia,Mitchell Johnson,4,0,21,2,5.25,8,0,0,1,1,T20I # 156
Australia Vs Pakistan,Australia,Shane Watson,3,0,24,0,8.00,4,1,1,0,0,T20I # 156
Australia Vs Pakistan,Australia,David Hussey,2,0,12,1,6.00,4,1,0,0,0,T20I # 156
Australia Vs Pakistan,Australia,Michael Clarke,1,0,14,0,14.00,1,1,1,0,0,T20I # 156
Australia Vs Pakistan,Australia,Steven Smith,2,0,24,1,12.00,2,2,1,1,0,T20I # 156
Sri Lanka Vs Zimbabwe,Zimbabwe,Chris Mpofu,3,0,27,0,9.00,8,2,2,0,0,T20I # 157
Sri Lanka Vs Zimbabwe,Zimbabwe,Ray Price,4,0,31,2,7.75,11,2,2,2,0,T20I # 157
Sri Lanka Vs Zimbabwe,Zimbabwe,Elton Chigumbura,2,0,21,1,10.50,5,3,1,0,0,T20I # 157
Sri Lanka Vs Zimbabwe,Zimbabwe,Greg Lamb,4,0,34,2,8.50,9,2,2,0,0,T20I # 157
Sri Lanka Vs Zimbabwe,Zimbabwe,Prosper Utseya,4,0,32,1,8.00,5,1,1,2,0,T20I # 157
Sri Lanka Vs Zimbabwe,Zimbabwe,Graeme Cremer,3,0,23,1,7.66,9,1,1,3,0,T20I # 157
Sri Lanka Vs Zimbabwe,Sri Lanka,Ajantha Mendis,2,0,9,0,4.50,3,0,0,0,0,T20I # 157
Sri Lanka Vs Zimbabwe,Sri Lanka,Lasith Malinga,1,0,6,0,6.00,2,0,0,1,0,T20I # 157
Sri Lanka Vs Zimbabwe,Sri Lanka,Sanath Jayasuriya,1,0,8,0,8.00,0,0,0,0,0,T20I # 157
Sri Lanka Vs Zimbabwe,Sri Lanka,Suraj Randiv,1,0,6,0,6.00,1,0,0,0,0,T20I # 157
England Vs West Indies,West Indies,Sulieman Benn,0,0,3,0,0,52,17.33,4,3,4,T20I # 158
England Vs West Indies,West Indies,Ravi Rampaul,2,2,1,0,0,11,11.00,1,2,0,T20I # 158
England Vs West Indies,West Indies,Chris Gayle,0,0,4,1,0,29,7.25,10,0,2,T20I # 158
England Vs West Indies,West Indies,Nikita Miller,0,0,4,1,0,22,5.50,9,0,1,T20I # 158
England Vs West Indies,West Indies,Daren Sammy,1,0,4,2,0,36,9.00,8,2,2,T20I # 158
England Vs West Indies,West Indies,Dwayne Bravo,0,0,1,1,0,16,16.00,1,0,2,T20I # 158
England Vs West Indies,West Indies,Kieron Pollard,0,0,25,0,12,2,2,208.33,15,13,T20I # 158
England Vs West Indies,England,Ryan Sidebottom,24,12.00,4,0,0,2,3,0,1,0,T20I # 158
England Vs West Indies,England,Graeme Swann,7,7.00,2,2,0,0,2,0,1,0,T20I # 158
England Vs West Indies,England,Tim Bresnan,6,6.00,0,0,0,0,0,0,0.5,0,T20I # 158
Zimbabwe Vs New Zealand,New Zealand,Nathan McCullum,4,0,16,3,4.00,13,1,0,1,0,T20I # 159
Zimbabwe Vs New Zealand,New Zealand,Shane Bond,3,0,20,0,6.66,8,2,0,2,0,T20I # 159
Zimbabwe Vs New Zealand,New Zealand,Tim Southee,2,0,18,1,9.00,3,2,0,1,0,T20I # 159
Zimbabwe Vs New Zealand,New Zealand,Jacob Oram,1,0,13,0,13.00,1,1,0,1,0,T20I # 159
Zimbabwe Vs New Zealand,New Zealand,Daniel Vettori,3.1,0,10,2,3.15,9,0,0,0,0,T20I # 159
Zimbabwe Vs New Zealand,New Zealand,Scott Styris,2,0,5,3,2.50,7,0,0,0,0,T20I # 159
Zimbabwe Vs New Zealand,Zimbabwe,Prosper Utseya,4,1,21,1,5.25,11,2,0,0,0,T20I # 159
Zimbabwe Vs New Zealand,Zimbabwe,Ray Price,4,0,14,0,3.50,18,0,0,4,0,T20I # 159
Zimbabwe Vs New Zealand,Zimbabwe,Greg Lamb,0.1,0,1,0,6.00,0,0,0,0,0,T20I # 159
England Vs Ireland,Ireland,Boyd Rankin,4,0,25,2,6.25,13,3,0,1,0,T20I # 160
England Vs Ireland,Ireland,Trent Johnston,4,0,14,1,3.50,15,1,0,0,0,T20I # 160
England Vs Ireland,Ireland,Kevin O'Brien,3,0,22,2,7.33,8,0,1,0,1,T20I # 160
England Vs Ireland,Ireland,George Dockrell,4,0,19,0,4.75,12,2,0,0,0,T20I # 160
England Vs Ireland,Ireland,Andre Botha,4,0,29,1,7.25,8,2,0,1,0,T20I # 160
England Vs Ireland,Ireland,Alex Cusack,1,0,7,0,7.00,2,1,0,0,0,T20I # 160
England Vs Ireland,England,Tim Bresnan,2,0,5,0,2.50,10,0,0,1,0,T20I # 160
England Vs Ireland,England,Ryan Sidebottom,1.3,0,9,1,6.00,6,2,0,0,0,T20I # 160
Australia Vs Bangladesh,Bangladesh,Mashrafe Mortaza,4,0,28,2,7.00,10,3,1,0,0,T20I # 161
Australia Vs Bangladesh,Bangladesh,Shafiul Islam,4,0,34,0,8.50,5,1,1,2,0,T20I # 161
Australia Vs Bangladesh,Bangladesh,Shakib Al Hasan,4,0,24,2,6.00,12,2,1,0,0,T20I # 161
Australia Vs Bangladesh,Bangladesh,Abdur Razzak,4,0,29,1,7.25,11,1,2,1,0,T20I # 161
Australia Vs Bangladesh,Bangladesh,Mohammad Ashraful,4,0,24,1,6.00,4,0,0,1,0,T20I # 161
Australia Vs Bangladesh,Australia,Shaun Tait,4,2,15,1,3.75,17,1,0,4,0,T20I # 161
Australia Vs Bangladesh,Australia,Dirk Nannes,4,0,18,4,4.50,14,2,0,0,0,T20I # 161
Australia Vs Bangladesh,Australia,Michael Clarke,1,0,12,0,12.00,1,0,1,0,0,T20I # 161
Australia Vs Bangladesh,Australia,Ryan Harris,3.4,0,28,1,7.63,7,2,1,0,0,T20I # 161
Australia Vs Bangladesh,Australia,Steven Smith,4,0,29,2,7.25,11,0,2,1,0,T20I # 161
Australia Vs Bangladesh,Australia,David Hussey,2,0,8,2,4.00,9,0,1,0,0,T20I # 161
South Africa Vs Afghanistan,Afghanistan,Shapoor Zadran,3,0,29,1,9.66,7,4,1,0,0,T20I # 162
South Africa Vs Afghanistan,Afghanistan,Mirwais Ashraf,2,0,18,0,9.00,5,0,2,0,0,T20I # 162
South Africa Vs Afghanistan,Afghanistan,Mohammad Nabi,4,0,33,1,8.25,7,0,3,0,0,T20I # 162
South Africa Vs Afghanistan,Afghanistan,Samiullah Shinwari,4,0,14,0,3.50,12,0,0,0,0,T20I # 162
South Africa Vs Afghanistan,Afghanistan,Nawroz Mangal,3,0,20,1,6.66,8,1,1,1,0,T20I # 162
South Africa Vs Afghanistan,Afghanistan,Hamid Hassan,4,0,21,3,5.25,11,2,0,0,0,T20I # 162
South Africa Vs Afghanistan,South Africa,Dale Steyn,3,0,6,2,2.00,16,0,0,3,0,T20I # 162
South Africa Vs Afghanistan,South Africa,Charl Langeveldt,4,0,12,3,3.00,19,1,0,3,0,T20I # 162
South Africa Vs Afghanistan,South Africa,Morne Morkel,3,0,20,4,6.66,10,1,1,1,2,T20I # 162
South Africa Vs Afghanistan,South Africa,Roelof van der Merwe,4,0,21,0,5.25,14,0,2,1,0,T20I # 162
South Africa Vs Afghanistan,South Africa,Albie Morkel,2,0,20,0,10.00,5,1,2,0,0,T20I # 162
Pakistan Vs England,England,Ryan Sidebottom,3,0,28,2,9.33,9,2,2,3,0,T20I # 163
Pakistan Vs England,England,Tim Bresnan,4,0,36,1,9.00,12,4,1,4,1,T20I # 163
Pakistan Vs England,England,Stuart Broad,4,0,25,2,6.25,11,1,1,0,1,T20I # 163
Pakistan Vs England,England,Michael Yardy,4,0,19,2,4.75,11,2,0,0,0,T20I # 163
Pakistan Vs England,England,Graeme Swann,4,0,28,1,7.00,7,1,1,0,0,T20I # 163
Pakistan Vs England,England,Paul Collingwood,1,0,10,0,10.00,1,0,1,0,0,T20I # 163
Pakistan Vs England,Pakistan,Abdul Razzaq,3,0,22,1,7.33,7,3,0,0,0,T20I # 163
Pakistan Vs England,Pakistan,Mohammad Asif,4,0,43,0,10.75,5,5,1,0,0,T20I # 163
Pakistan Vs England,Pakistan,Mohammad Amir,4,0,25,0,6.25,13,4,0,1,0,T20I # 163
Pakistan Vs England,Pakistan,Saeed Ajmal,3.3,0,18,2,5.14,14,2,1,0,0,T20I # 163
Pakistan Vs England,Pakistan,Mohammad Hafeez,1,0,12,0,12.00,2,0,1,1,0,T20I # 163
Pakistan Vs England,Pakistan,Shahid Afridi,4,0,28,1,7.00,8,2,1,0,0,T20I # 163
South Africa Vs New Zealand,New Zealand,Nathan McCullum,4,0,35,1,8.75,7,0,3,1,0,T20I # 164
South Africa Vs New Zealand,New Zealand,Shane Bond,4,0,33,0,8.25,8,2,2,0,0,T20I # 164
South Africa Vs New Zealand,New Zealand,Tim Southee,3,0,39,1,13.00,4,1,4,0,0,T20I # 164
South Africa Vs New Zealand,New Zealand,Jacob Oram,3,0,22,1,7.33,5,1,1,0,0,T20I # 164
South Africa Vs New Zealand,New Zealand,Daniel Vettori,4,0,21,0,5.25,10,0,1,0,0,T20I # 164
South Africa Vs New Zealand,New Zealand,Scott Styris,2,0,14,0,7.00,2,1,0,0,0,T20I # 164
South Africa Vs New Zealand,South Africa,Charl Langeveldt,4,0,39,2,9.75,8,3,2,2,0,T20I # 164
South Africa Vs New Zealand,South Africa,Dale Steyn,4,0,25,1,6.25,12,3,0,2,1,T20I # 164
South Africa Vs New Zealand,South Africa,Morne Morkel,4,0,27,2,6.75,13,1,2,0,1,T20I # 164
South Africa Vs New Zealand,South Africa,Jacques Kallis,4,0,23,0,5.75,13,3,0,1,0,T20I # 164
South Africa Vs New Zealand,South Africa,Johan Botha,3,0,23,2,7.66,8,2,1,0,0,T20I # 164
South Africa Vs New Zealand,South Africa,Albie Morkel,1,0,13,0,13.00,1,1,1,0,0,T20I # 164
Australia Vs India,India,Harbhajan Singh,4,1,15,0,3.75,13,1,0,0,0,T20I # 165
Australia Vs India,India,Ashish Nehra,4,0,31,2,7.75,11,2,2,0,0,T20I # 165
Australia Vs India,India,Ravindra Jadeja,2,0,38,0,19.00,4,0,6,0,0,T20I # 165
Australia Vs India,India,Zaheer Khan,4,0,45,0,11.25,4,2,3,1,0,T20I # 165
Australia Vs India,India,Yusuf Pathan,4,0,35,1,8.75,5,0,3,0,0,T20I # 165
Australia Vs India,India,Yuvraj Singh,2,0,20,2,10.00,5,1,2,0,0,T20I # 165
Australia Vs India,Australia,Dirk Nannes,4,0,25,3,6.25,13,2,1,0,0,T20I # 165
Australia Vs India,Australia,Shaun Tait,3.4,0,21,3,5.72,14,3,0,3,0,T20I # 165
Australia Vs India,Australia,Shane Watson,3,0,31,1,10.33,9,2,3,1,0,T20I # 165
Australia Vs India,Australia,Mitchell Johnson,3,0,23,1,7.66,8,1,1,3,0,T20I # 165
Australia Vs India,Australia,Steven Smith,4,0,34,1,8.50,9,0,3,1,0,T20I # 165
Sri Lanka Vs West Indies,West Indies,Kemar Roach,4,0,27,2,6.75,12,2,0,2,0,T20I # 166
Sri Lanka Vs West Indies,West Indies,Jerome Taylor,3,0,28,0,9.33,6,3,1,1,0,T20I # 166
Sri Lanka Vs West Indies,West Indies,Dwayne Bravo,3,0,36,1,12.00,5,4,2,0,0,T20I # 166
Sri Lanka Vs West Indies,West Indies,Sulieman Benn,4,0,41,0,10.25,5,2,2,2,0,T20I # 166
Sri Lanka Vs West Indies,West Indies,Daren Sammy,2,0,23,0,11.50,4,3,1,0,0,T20I # 166
Sri Lanka Vs West Indies,West Indies,Kieron Pollard,4,0,38,0,9.50,3,3,1,1,0,T20I # 166
Sri Lanka Vs West Indies,Sri Lanka,Nuwan Kulasekara,4,0,27,1,6.75,10,3,0,3,0,T20I # 166
Sri Lanka Vs West Indies,Sri Lanka,Angelo Mathews,2,0,13,1,6.50,7,1,1,0,0,T20I # 166
Sri Lanka Vs West Indies,Sri Lanka,Ajantha Mendis,4,0,24,3,6.00,13,4,0,1,0,T20I # 166
Sri Lanka Vs West Indies,Sri Lanka,Thisara Perera,2,0,13,0,6.50,5,2,0,0,0,T20I # 166
Sri Lanka Vs West Indies,Sri Lanka,Muthiah Muralidaran,4,0,26,0,6.50,9,2,0,3,0,T20I # 166
Sri Lanka Vs West Indies,Sri Lanka,Lasith Malinga,4,0,28,3,7.00,7,2,0,3,0,T20I # 166
New Zealand Vs Pakistan,Pakistan,Mohammad Amir,3,0,20,0,6.66,8,1,0,2,1,T20I # 167
New Zealand Vs Pakistan,Pakistan,Mohammad Sami,3,0,25,2,8.33,9,3,0,2,0,T20I # 167
New Zealand Vs Pakistan,Pakistan,Abdur Rehman,3,0,19,2,6.33,8,2,0,2,0,T20I # 167
New Zealand Vs Pakistan,Pakistan,Mohammad Hafeez,3,0,11,0,3.66,10,1,0,0,0,T20I # 167
New Zealand Vs Pakistan,Pakistan,Shahid Afridi,4,0,29,2,7.25,10,1,2,1,0,T20I # 167
New Zealand Vs Pakistan,Pakistan,Saeed Ajmal,4,0,27,0,6.75,10,0,2,1,0,T20I # 167
New Zealand Vs Pakistan,New Zealand,Shane Bond,4,0,28,1,7.00,12,3,1,1,0,T20I # 167
New Zealand Vs Pakistan,New Zealand,Kyle Mills,4,0,33,2,8.25,9,3,1,2,1,T20I # 167
New Zealand Vs Pakistan,New Zealand,Ian Butler,4,1,19,3,4.75,14,3,0,0,0,T20I # 167
New Zealand Vs Pakistan,New Zealand,Daniel Vettori,4,0,31,0,7.75,11,2,2,1,0,T20I # 167
New Zealand Vs Pakistan,New Zealand,Nathan McCullum,4,0,19,1,4.75,9,1,0,0,0,T20I # 167
England Vs South Africa,South Africa,Johan Botha,4,0,15,2,3.75,11,0,0,0,0,T20I # 168
England Vs South Africa,South Africa,Dale Steyn,4,0,50,0,12.50,6,7,1,2,0,T20I # 168
England Vs South Africa,South Africa,Morne Morkel,4,0,40,2,10.00,10,5,1,0,3,T20I # 168
England Vs South Africa,South Africa,Charl Langeveldt,4,0,34,2,8.50,11,3,1,1,0,T20I # 168
England Vs South Africa,South Africa,Jacques Kallis,3,0,15,0,5.00,10,0,1,0,0,T20I # 168
England Vs South Africa,South Africa,Jean-Paul Duminy,1,0,11,1,11.00,3,1,1,0,0,T20I # 168
England Vs South Africa,England,Ryan Sidebottom,4,0,23,3,5.75,11,0,1,0,0,T20I # 168
England Vs South Africa,England,Tim Bresnan,3,0,14,0,4.66,7,1,0,0,0,T20I # 168
England Vs South Africa,England,Stuart Broad,4,0,26,2,6.50,12,2,1,1,1,T20I # 168
England Vs South Africa,England,Michael Yardy,4,0,31,2,7.75,7,1,1,3,0,T20I # 168
England Vs South Africa,England,Graeme Swann,4,0,24,3,6.00,11,1,1,1,0,T20I # 168
West Indies Vs India,India,Harbhajan Singh,4,0,16,0,4.00,15,0,1,0,0,T20I # 169
West Indies Vs India,India,Zaheer Khan,4,0,36,1,9.00,10,3,2,0,1,T20I # 169
West Indies Vs India,India,Ashish Nehra,4,0,35,3,8.75,9,4,1,1,0,T20I # 169
West Indies Vs India,India,Yusuf Pathan,4,0,28,0,7.00,8,1,1,1,0,T20I # 169
West Indies Vs India,India,Suresh Raina,2,0,23,0,11.50,3,1,2,0,0,T20I # 169
West Indies Vs India,India,Ravindra Jadeja,2,0,27,1,13.50,3,1,3,0,0,T20I # 169
West Indies Vs India,West Indies,Daren Sammy,3,0,16,1,5.33,10,2,0,1,1,T20I # 169
West Indies Vs India,West Indies,Jerome Taylor,4,0,24,1,6.00,13,1,1,4,0,T20I # 169
West Indies Vs India,West Indies,Kemar Roach,4,0,38,2,9.50,11,3,1,7,1,T20I # 169
West Indies Vs India,West Indies,Dwayne Bravo,4,0,28,1,7.00,10,3,1,0,0,T20I # 169
West Indies Vs India,West Indies,Kieron Pollard,2,0,23,1,11.50,3,2,1,2,0,T20I # 169
West Indies Vs India,West Indies,Chris Gayle,2,0,22,1,11.00,4,1,2,1,0,T20I # 169
West Indies Vs India,West Indies,Sulieman Benn,1,0,2,1,2.00,4,0,0,0,0,T20I # 169
Australia Vs Sri Lanka,Sri Lanka,Angelo Mathews,4,0,24,2,6.00,10,3,0,0,0,T20I # 170
Australia Vs Sri Lanka,Sri Lanka,Chanaka Welegedara,4,0,40,0,10.00,8,3,2,1,1,T20I # 170
Australia Vs Sri Lanka,Sri Lanka,Suraj Randiv,4,0,20,3,5.00,12,2,0,0,0,T20I # 170
Australia Vs Sri Lanka,Sri Lanka,Lasith Malinga,4,0,40,0,10.00,6,5,1,0,0,T20I # 170
Australia Vs Sri Lanka,Sri Lanka,Ajantha Mendis,4,0,42,0,10.50,8,1,4,0,1,T20I # 170
Australia Vs Sri Lanka,Australia,Dirk Nannes,3,0,19,2,6.33,9,1,1,0,0,T20I # 170
Australia Vs Sri Lanka,Australia,Shaun Tait,2,0,10,1,5.00,8,1,0,2,0,T20I # 170
Australia Vs Sri Lanka,Australia,Shane Watson,3,0,27,0,9.00,6,3,1,0,0,T20I # 170
Australia Vs Sri Lanka,Australia,Mitchell Johnson,3.2,0,15,3,4.50,11,1,0,1,0,T20I # 170
Australia Vs Sri Lanka,Australia,Steven Smith,4,1,12,2,3.00,13,0,0,1,0,T20I # 170
Australia Vs Sri Lanka,Australia,Michael Clarke,1,0,2,1,2.00,4,0,0,0,0,T20I # 170
Pakistan Vs South Africa,South Africa,Albie Morkel,4,0,28,0,7.00,9,1,2,0,0,T20I # 171
Pakistan Vs South Africa,South Africa,Dale Steyn,4,0,26,1,6.50,11,3,0,1,0,T20I # 171
Pakistan Vs South Africa,South Africa,Charl Langeveldt,4,0,19,4,4.75,14,0,1,0,0,T20I # 171
Pakistan Vs South Africa,South Africa,Jacques Kallis,4,0,28,1,7.00,11,4,0,0,0,T20I # 171
Pakistan Vs South Africa,South Africa,Johan Botha,2,0,13,0,6.50,5,1,0,2,0,T20I # 171
Pakistan Vs South Africa,South Africa,Roelof van der Merwe,2,0,33,1,16.50,2,1,4,0,0,T20I # 171
Pakistan Vs South Africa,Pakistan,Abdul Razzaq,3,0,16,1,5.33,8,2,0,0,0,T20I # 171
Pakistan Vs South Africa,Pakistan,Mohammad Amir,4,0,33,0,8.25,5,4,0,0,0,T20I # 171
Pakistan Vs South Africa,Pakistan,Abdur Rehman,4,0,35,2,8.75,7,1,2,2,0,T20I # 171
Pakistan Vs South Africa,Pakistan,Mohammad Hafeez,1,0,5,0,5.00,1,0,0,0,0,T20I # 171
Pakistan Vs South Africa,Pakistan,Shahid Afridi,4,0,21,0,5.25,8,0,0,0,0,T20I # 171
Pakistan Vs South Africa,Pakistan,Saeed Ajmal,4,0,26,4,6.50,8,2,0,0,0,T20I # 171
New Zealand Vs England,England,Tim Bresnan,4,0,20,1,5.00,12,2,0,0,0,T20I # 172
New Zealand Vs England,England,Ryan Sidebottom,4,0,35,1,8.75,9,2,2,1,0,T20I # 172
New Zealand Vs England,England,Stuart Broad,4,0,33,2,8.25,11,5,0,1,1,T20I # 172
New Zealand Vs England,England,Graeme Swann,4,0,31,2,7.75,5,0,2,0,0,T20I # 172
New Zealand Vs England,England,Michael Yardy,4,0,25,0,6.25,4,0,0,0,0,T20I # 172
New Zealand Vs England,New Zealand,Nathan McCullum,4,0,37,1,9.25,8,5,1,0,0,T20I # 172
New Zealand Vs England,New Zealand,Shane Bond,4,0,29,2,7.25,12,3,1,0,0,T20I # 172
New Zealand Vs England,New Zealand,Kyle Mills,3.1,0,32,1,10.10,4,4,0,0,0,T20I # 172
New Zealand Vs England,New Zealand,Daniel Vettori,4,0,24,1,6.00,10,2,0,1,0,T20I # 172
New Zealand Vs England,New Zealand,Scott Styris,3,0,16,2,5.33,7,0,1,0,0,T20I # 172
New Zealand Vs England,New Zealand,Ian Butler,1,0,10,0,10.00,2,2,0,0,0,T20I # 172
India Vs Sri Lanka,Sri Lanka,Angelo Mathews,3,0,29,0,9.66,6,4,0,0,1,T20I # 173
India Vs Sri Lanka,Sri Lanka,Thisara Perera,3,0,15,1,5.00,7,1,0,1,0,T20I # 173
India Vs Sri Lanka,Sri Lanka,Thilan Thushara,4,0,41,2,10.25,5,5,0,3,0,T20I # 173
India Vs Sri Lanka,Sri Lanka,Lasith Malinga,4,0,25,2,6.25,10,3,0,0,0,T20I # 173
India Vs Sri Lanka,Sri Lanka,Suraj Randiv,3,0,25,0,8.33,4,1,1,1,0,T20I # 173
India Vs Sri Lanka,Sri Lanka,Tillakaratne Dilshan,2,0,14,0,7.00,1,0,0,1,0,T20I # 173
India Vs Sri Lanka,Sri Lanka,Sanath Jayasuriya,1,0,12,0,12.00,1,0,1,0,0,T20I # 173
India Vs Sri Lanka,India,Ashish Nehra,4,0,44,1,11.00,9,6,2,0,0,T20I # 173
India Vs Sri Lanka,India,Vinay Kumar,4,0,30,2,7.50,11,2,2,0,0,T20I # 173
India Vs Sri Lanka,India,Harbhajan Singh,4,0,35,0,8.75,6,2,1,0,0,T20I # 173
India Vs Sri Lanka,India,Yusuf Pathan,3,0,23,1,7.66,8,0,2,0,0,T20I # 173
India Vs Sri Lanka,India,Piyush Chawla,4,0,28,0,7.00,10,3,1,0,0,T20I # 173
India Vs Sri Lanka,India,Yuvraj Singh,1,0,6,0,6.00,1,0,0,0,0,T20I # 173
West Indies Vs Australia,Australia,Dirk Nannes,3,0,19,1,6.33,8,2,0,1,0,T20I # 174
West Indies Vs Australia,Australia,Shaun Tait,3,0,12,0,4.00,11,1,0,1,0,T20I # 174
West Indies Vs Australia,Australia,Shane Watson,2,0,13,1,6.50,7,1,1,0,0,T20I # 174
West Indies Vs Australia,Australia,Mitchell Johnson,4,0,22,2,5.50,15,3,0,2,1,T20I # 174
West Indies Vs Australia,Australia,Steven Smith,4,0,20,3,5.00,10,1,0,0,0,T20I # 174
West Indies Vs Australia,Australia,Michael Clarke,2,0,12,0,6.00,5,0,1,0,0,T20I # 174
West Indies Vs Australia,Australia,David Hussey,1,0,3,2,3.00,4,0,0,0,0,T20I # 174
West Indies Vs Australia,West Indies,Jerome Taylor,4,0,47,1,11.75,6,5,1,2,0,T20I # 174
West Indies Vs Australia,West Indies,Sulieman Benn,4,1,12,1,3.00,15,1,0,0,0,T20I # 174
West Indies Vs Australia,West Indies,Nikita Miller,4,0,16,0,4.00,10,0,0,0,0,T20I # 174
West Indies Vs Australia,West Indies,Dwayne Bravo,1,0,11,0,11.00,2,2,0,0,0,T20I # 174
West Indies Vs Australia,West Indies,Narsingh Deonarine,2,0,15,0,7.50,4,2,0,0,0,T20I # 174
West Indies Vs Australia,West Indies,Daren Sammy,1,0,3,0,3.00,3,0,0,0,0,T20I # 174
West Indies Vs Australia,West Indies,Chris Gayle,0.2,0,5,1,15.00,2,0,0,1,0,T20I # 174
Sri Lanka Vs England,England,Tim Bresnan,4,0,41,1,10.25,5,4,0,4,0,T20I # 175
Sri Lanka Vs England,England,Ryan Sidebottom,4,0,24,1,6.00,12,3,0,1,0,T20I # 175
Sri Lanka Vs England,England,Stuart Broad,4,0,21,2,5.25,12,1,0,2,1,T20I # 175
Sri Lanka Vs England,England,Graeme Swann,4,0,20,1,5.00,10,0,1,0,0,T20I # 175
Sri Lanka Vs England,England,Michael Yardy,4,0,21,0,5.25,11,2,0,0,0,T20I # 175
Sri Lanka Vs England,Sri Lanka,Tillakaratne Dilshan,1,0,5,0,5.00,2,0,0,0,0,T20I # 175
Sri Lanka Vs England,Sri Lanka,Ajantha Mendis,4,0,19,0,4.75,11,2,0,0,0,T20I # 175
Sri Lanka Vs England,Sri Lanka,Suraj Randiv,3,0,27,0,9.00,6,3,1,0,0,T20I # 175
Sri Lanka Vs England,Sri Lanka,Angelo Mathews,1,0,10,0,10.00,4,1,1,0,0,T20I # 175
Sri Lanka Vs England,Sri Lanka,Lasith Malinga,4,0,33,1,8.25,10,3,1,2,0,T20I # 175
Sri Lanka Vs England,Sri Lanka,Sanath Jayasuriya,1,0,15,0,15.00,1,0,2,0,0,T20I # 175
Sri Lanka Vs England,Sri Lanka,Thisara Perera,2,0,19,2,9.50,3,3,0,0,0,T20I # 175
Pakistan Vs Australia,Australia,Dirk Nannes,4,1,32,1,8.00,11,3,1,2,0,T20I # 176
Pakistan Vs Australia,Australia,Shaun Tait,4,0,25,0,6.25,12,3,0,2,0,T20I # 176
Pakistan Vs Australia,Australia,Mitchell Johnson,4,0,37,1,9.25,11,2,3,1,0,T20I # 176
Pakistan Vs Australia,Australia,Shane Watson,2,0,26,0,13.00,1,2,1,1,0,T20I # 176
Pakistan Vs Australia,Australia,Steven Smith,2,0,23,1,11.50,2,2,1,0,0,T20I # 176
Pakistan Vs Australia,Australia,David Hussey,3,0,24,1,8.00,4,0,1,2,0,T20I # 176
Pakistan Vs Australia,Australia,Michael Clarke,1,0,13,0,13.00,1,1,1,0,0,T20I # 176
Pakistan Vs Australia,Pakistan,Mohammad Amir,4,0,35,3,8.75,10,5,0,2,0,T20I # 176
Pakistan Vs Australia,Pakistan,Abdul Razzaq,2,0,22,0,11.00,5,3,1,0,0,T20I # 176
Pakistan Vs Australia,Pakistan,Abdur Rehman,4,0,33,2,8.25,10,0,3,0,1,T20I # 176
Pakistan Vs Australia,Pakistan,Saeed Ajmal,3.5,0,46,1,12.00,11,3,4,1,0,T20I # 176
Pakistan Vs Australia,Pakistan,Shahid Afridi,4,0,34,1,8.50,11,0,4,0,0,T20I # 176
Pakistan Vs Australia,Pakistan,Mohammad Hafeez,2,0,20,0,10.00,2,0,2,0,0,T20I # 176
Australia Vs England,England,Ryan Sidebottom,4,0,26,2,6.50,11,2,0,3,0,T20I # 177
Australia Vs England,England,Tim Bresnan,4,0,35,0,8.75,7,3,1,0,1,T20I # 177
Australia Vs England,England,Stuart Broad,4,0,27,0,6.75,8,2,0,1,0,T20I # 177
Australia Vs England,England,Graeme Swann,4,0,17,1,4.25,11,1,0,0,0,T20I # 177
Australia Vs England,England,Michael Yardy,3,0,34,0,11.33,2,2,2,0,0,T20I # 177
Australia Vs England,England,Luke Wright,1,0,5,1,5.00,1,0,0,0,0,T20I # 177
Australia Vs England,Australia,Dirk Nannes,4,0,29,0,7.25,11,3,1,0,0,T20I # 177
Australia Vs England,Australia,Shaun Tait,3,0,28,1,9.33,6,2,1,1,0,T20I # 177
Australia Vs England,Australia,Mitchell Johnson,4,0,27,1,6.75,10,2,0,2,0,T20I # 177
Australia Vs England,Australia,Steven Smith,3,0,21,1,7.00,7,1,1,0,0,T20I # 177
Australia Vs England,Australia,Shane Watson,3,0,42,0,14.00,4,4,2,1,0,T20I # 177
South Africa Vs West Indies,West Indies,Kemar Roach,4,0,25,2,6.25,13,1,0,1,1,T20I # 178
South Africa Vs West Indies,West Indies,Jerome Taylor,3,0,16,1,5.33,12,3,0,0,0,T20I # 178
South Africa Vs West Indies,West Indies,Sulieman Benn,3,0,20,0,6.66,6,0,1,0,0,T20I # 178
South Africa Vs West Indies,West Indies,Daren Sammy,2,0,11,0,5.50,4,1,0,0,0,T20I # 178
South Africa Vs West Indies,West Indies,Dwayne Bravo,1,0,14,0,14.00,1,0,1,1,0,T20I # 178
South Africa Vs West Indies,West Indies,Chris Gayle,1,0,12,0,12.00,0,0,1,0,0,T20I # 178
South Africa Vs West Indies,West Indies,Nikita Miller,2,0,13,1,6.50,5,0,1,0,0,T20I # 178
South Africa Vs West Indies,West Indies,Kieron Pollard,4,0,22,2,5.50,8,0,0,2,0,T20I # 178
South Africa Vs West Indies,South Africa,Roelof van der Merwe,3,0,17,1,5.66,10,2,0,1,0,T20I # 178
South Africa Vs West Indies,South Africa,Dale Steyn,4,0,23,0,5.75,15,1,0,7,1,T20I # 178
South Africa Vs West Indies,South Africa,Ryan McLaren,3.5,0,19,5,4.95,14,0,1,2,0,T20I # 178
South Africa Vs West Indies,South Africa,Charl Langeveldt,3,0,31,1,10.33,7,4,1,0,0,T20I # 178
South Africa Vs West Indies,South Africa,Jacques Kallis,2,0,13,0,6.50,3,1,0,0,0,T20I # 178
South Africa Vs West Indies,South Africa,Johan Botha,4,0,19,2,4.75,10,1,0,1,0,T20I # 178
South Africa Vs West Indies,West Indies,Kemar Roach,4,0,24,0,6.00,15,1,2,1,0,T20I # 179
South Africa Vs West Indies,West Indies,Jerome Taylor,4,1,14,3,3.50,15,1,0,0,0,T20I # 179
South Africa Vs West Indies,West Indies,Sulieman Benn,3,0,26,1,8.66,6,1,2,0,0,T20I # 179
South Africa Vs West Indies,West Indies,Dwayne Bravo,4,0,20,0,5.00,9,1,0,0,0,T20I # 179
South Africa Vs West Indies,West Indies,Daren Sammy,4,0,16,2,4.00,11,0,0,0,0,T20I # 179
South Africa Vs West Indies,West Indies,Kieron Pollard,1,0,14,0,14.00,1,0,1,1,0,T20I # 179
South Africa Vs West Indies,South Africa,Dale Steyn,4,0,18,1,4.50,14,0,1,2,0,T20I # 179
South Africa Vs West Indies,South Africa,Lonwabo Tsotsobe,4,0,28,0,7.00,13,2,1,0,0,T20I # 179
South Africa Vs West Indies,South Africa,Morne Morkel,4,0,15,2,3.75,17,2,0,2,0,T20I # 179
South Africa Vs West Indies,South Africa,Johan Botha,4,0,22,3,5.50,10,0,1,0,0,T20I # 179
South Africa Vs West Indies,South Africa,Ryan McLaren,4,0,29,0,7.25,7,2,0,0,0,T20I # 179
New Zealand Vs Sri Lanka,Sri Lanka,Angelo Mathews,3,0,17,1,5.66,10,3,0,0,0,T20I # 180
New Zealand Vs Sri Lanka,Sri Lanka,Nuwan Kulasekara,3,0,22,1,7.33,7,1,1,0,0,T20I # 180
New Zealand Vs Sri Lanka,Sri Lanka,Lasith Malinga,4,0,25,1,6.25,11,2,0,2,0,T20I # 180
New Zealand Vs Sri Lanka,Sri Lanka,Suraj Randiv,2,0,12,1,6.00,5,1,0,0,0,T20I # 180
New Zealand Vs Sri Lanka,Sri Lanka,Thisara Perera,4,0,25,0,6.25,7,1,0,1,0,T20I # 180
New Zealand Vs Sri Lanka,Sri Lanka,Ajantha Mendis,4,0,18,2,4.50,8,0,0,0,0,T20I # 180
New Zealand Vs Sri Lanka,New Zealand,Kyle Mills,4,0,17,2,4.25,15,1,0,1,0,T20I # 180
New Zealand Vs Sri Lanka,New Zealand,Andy McKay,3.4,0,20,2,5.45,14,3,0,0,1,T20I # 180
New Zealand Vs Sri Lanka,New Zealand,Tim Southee,3,0,10,0,3.33,9,0,0,1,0,T20I # 180
New Zealand Vs Sri Lanka,New Zealand,Nathan McCullum,2,0,19,0,9.50,3,1,1,1,0,T20I # 180
New Zealand Vs Sri Lanka,New Zealand,Daniel Vettori,4,0,11,1,2.75,13,0,0,0,0,T20I # 180
New Zealand Vs Sri Lanka,New Zealand,Scott Styris,3,0,10,3,3.33,10,0,0,0,0,T20I # 180
New Zealand Vs Sri Lanka,Sri Lanka,Angelo Mathews,4,0,22,1,5.50,12,1,0,1,0,T20I # 181
New Zealand Vs Sri Lanka,Sri Lanka,Nuwan Kulasekara,3,1,4,3,1.33,14,0,0,0,0,T20I # 181
New Zealand Vs Sri Lanka,Sri Lanka,Lasith Malinga,2.3,0,12,3,4.80,6,0,0,0,0,T20I # 181
New Zealand Vs Sri Lanka,Sri Lanka,Ajantha Mendis,4,0,19,2,4.75,9,0,0,2,0,T20I # 181
New Zealand Vs Sri Lanka,Sri Lanka,Sanath Jayasuriya,1,0,12,0,12.00,0,2,0,0,0,T20I # 181
New Zealand Vs Sri Lanka,Sri Lanka,Thisara Perera,2,0,8,0,4.00,7,1,0,0,0,T20I # 181
New Zealand Vs Sri Lanka,Sri Lanka,Tillakaratne Dilshan,1,0,4,0,4.00,2,0,0,0,0,T20I # 181
New Zealand Vs Sri Lanka,New Zealand,Kyle Mills,3,0,18,0,6.00,11,2,1,0,0,T20I # 181
New Zealand Vs Sri Lanka,New Zealand,Andy McKay,2,0,11,0,5.50,4,1,0,0,0,T20I # 181
New Zealand Vs Sri Lanka,New Zealand,Jacob Oram,2,0,3,1,1.50,9,0,0,0,0,T20I # 181
New Zealand Vs Sri Lanka,New Zealand,Nathan McCullum,4,0,15,2,3.75,13,1,0,0,0,T20I # 181
New Zealand Vs Sri Lanka,New Zealand,Daniel Vettori,2,0,10,0,5.00,3,0,0,0,0,T20I # 181
New Zealand Vs Sri Lanka,New Zealand,Tim Southee,1,0,15,0,15.00,1,1,1,1,0,T20I # 181
New Zealand Vs Sri Lanka,New Zealand,Rob Nicol,1.3,0,9,0,6.00,4,1,0,1,0,T20I # 181
Zimbabwe Vs India,India,Vinay Kumar,3,0,24,3,8.00,8,1,2,0,0,T20I # 182
Zimbabwe Vs India,India,Ashok Dinda,3,0,27,2,9.00,10,5,0,0,2,T20I # 182
Zimbabwe Vs India,India,Pragyan Ojha,4,0,11,2,2.75,14,0,0,1,0,T20I # 182
Zimbabwe Vs India,India,Ravichandran Ashwin,4,0,22,1,5.50,9,2,0,0,0,T20I # 182
Zimbabwe Vs India,India,Piyush Chawla,4,0,14,1,3.50,11,0,0,0,0,T20I # 182
Zimbabwe Vs India,India,Yusuf Pathan,2,0,10,0,5.00,5,1,0,0,0,T20I # 182
Zimbabwe Vs India,Zimbabwe,Chris Mpofu,4,0,31,2,7.75,13,3,1,3,0,T20I # 182
Zimbabwe Vs India,Zimbabwe,Ed Rainsford,3,0,25,0,8.33,10,3,1,0,1,T20I # 182
Zimbabwe Vs India,Zimbabwe,Prosper Utseya,2,0,12,0,6.00,6,0,1,0,0,T20I # 182
Zimbabwe Vs India,Zimbabwe,Ray Price,4,0,24,2,6.00,10,3,0,0,0,T20I # 182
Zimbabwe Vs India,Zimbabwe,Elton Chigumbura,1,0,10,0,10.00,4,1,1,0,0,T20I # 182
Zimbabwe Vs India,Zimbabwe,Greg Lamb,1,0,10,0,10.00,1,0,1,0,0,T20I # 182
Zimbabwe Vs India,India,Ashok Dinda,4,0,15,2,3.75,14,1,0,1,0,T20I # 183
Zimbabwe Vs India,India,Vinay Kumar,4,0,28,0,7.00,13,3,1,1,0,T20I # 183
Zimbabwe Vs India,India,Pragyan Ojha,4,0,26,1,6.50,6,2,0,0,0,T20I # 183
Zimbabwe Vs India,India,Amit Mishra,4,0,21,1,5.25,11,2,0,0,0,T20I # 183
Zimbabwe Vs India,India,Ravichandran Ashwin,4,0,48,1,12.00,5,3,3,1,1,T20I # 183
Zimbabwe Vs India,Zimbabwe,Chris Mpofu,3,0,29,0,9.66,8,2,2,1,0,T20I # 183
Zimbabwe Vs India,Zimbabwe,Tendai Chatara,4,0,27,1,6.75,15,3,0,7,0,T20I # 183
Zimbabwe Vs India,Zimbabwe,Ray Price,3,0,25,1,8.33,6,3,0,1,0,T20I # 183
Zimbabwe Vs India,Zimbabwe,Greg Lamb,3,0,21,0,7.00,9,0,2,0,0,T20I # 183
Zimbabwe Vs India,Zimbabwe,Graeme Cremer,1,0,9,0,9.00,1,1,0,0,0,T20I # 183
Zimbabwe Vs India,Zimbabwe,Elton Chigumbura,1,0,12,0,12.00,1,0,1,0,0,T20I # 183
Zimbabwe Vs India,Zimbabwe,Chamu Chibhabha,3,0,19,1,6.33,4,1,0,0,0,T20I # 183
Pakistan Vs Australia,Australia,Dirk Nannes,4,0,41,2,10.25,9,3,2,3,0,T20I # 184
Pakistan Vs Australia,Australia,Shaun Tait,4,0,25,2,6.25,12,1,0,5,0,T20I # 184
Pakistan Vs Australia,Australia,Mitchell Johnson,4,0,33,0,8.25,9,3,1,0,0,T20I # 184
Pakistan Vs Australia,Australia,David Hussey,4,0,33,1,8.25,7,4,0,0,1,T20I # 184
Pakistan Vs Australia,Australia,Steven Smith,4,0,34,1,8.50,7,2,2,0,0,T20I # 184
Pakistan Vs Australia,Pakistan,Mohammad Amir,4,0,27,3,6.75,10,4,0,1,0,T20I # 184
Pakistan Vs Australia,Pakistan,Shoaib Akhtar,2,0,34,0,17.00,3,8,0,0,0,T20I # 184
Pakistan Vs Australia,Pakistan,Abdul Razzaq,2,0,15,1,7.50,6,1,1,0,0,T20I # 184
Pakistan Vs Australia,Pakistan,Shahid Afridi,4,0,26,1,6.50,9,2,0,1,1,T20I # 184
Pakistan Vs Australia,Pakistan,Umar Gul,3,0,13,2,4.33,8,0,0,0,0,T20I # 184
Pakistan Vs Australia,Pakistan,Saeed Ajmal,3.4,0,26,3,7.09,12,1,2,1,0,T20I # 184
Pakistan Vs Australia,Australia,David Hussey,3,1,16,1,5.33,8,0,1,0,1,T20I # 185
Pakistan Vs Australia,Australia,Shaun Tait,4,0,37,0,9.25,8,4,1,3,0,T20I # 185
Pakistan Vs Australia,Australia,Dirk Nannes,4,0,30,3,7.50,13,6,0,0,0,T20I # 185
Pakistan Vs Australia,Australia,Mitchell Johnson,4,0,39,1,9.75,10,6,1,1,0,T20I # 185
Pakistan Vs Australia,Australia,Steve O'Keefe,4,0,29,3,7.25,10,1,1,1,0,T20I # 185
Pakistan Vs Australia,Australia,James Hopes,1,0,8,0,8.00,2,1,0,0,0,T20I # 185
Pakistan Vs Australia,Pakistan,Shoaib Akhtar,4,0,29,1,7.25,11,4,0,1,1,T20I # 185
Pakistan Vs Australia,Pakistan,Mohammad Amir,4,0,27,3,6.75,12,5,0,0,0,T20I # 185
Pakistan Vs Australia,Pakistan,Saeed Ajmal,4,0,26,1,6.50,8,3,0,0,0,T20I # 185
Pakistan Vs Australia,Pakistan,Umar Gul,3.4,0,36,1,9.81,7,4,1,1,0,T20I # 185
Pakistan Vs Australia,Pakistan,Shahid Afridi,4,0,30,2,7.50,7,3,0,0,0,T20I # 185
Pakistan Vs England,England,Ryan Sidebottom,4,0,32,0,8.00,4,2,0,1,0,T20I # 186
Pakistan Vs England,England,Tim Bresnan,3,0,18,1,6.00,8,2,0,0,0,T20I # 186
Pakistan Vs England,England,Stuart Broad,4,0,32,0,8.00,6,2,0,0,0,T20I # 186
Pakistan Vs England,England,Graeme Swann,4,0,14,2,3.50,14,0,0,0,0,T20I # 186
Pakistan Vs England,England,Michael Yardy,4,0,21,1,5.25,12,1,0,0,0,T20I # 186
Pakistan Vs England,England,Paul Collingwood,1,0,8,0,8.00,2,1,0,0,0,T20I # 186
Pakistan Vs England,Pakistan,Abdul Razzaq,2,0,20,0,10.00,2,2,0,0,0,T20I # 186
Pakistan Vs England,Pakistan,Shoaib Akhtar,4,1,23,2,5.75,14,2,0,1,0,T20I # 186
Pakistan Vs England,Pakistan,Wahab Riaz,2,0,11,0,5.50,5,1,0,0,0,T20I # 186
Pakistan Vs England,Pakistan,Shahid Afridi,4,0,27,2,6.75,9,3,0,0,0,T20I # 186
Pakistan Vs England,Pakistan,Umar Gul,2.1,0,17,1,7.84,5,3,0,0,0,T20I # 186
Pakistan Vs England,Pakistan,Saeed Ajmal,3,0,30,0,10.00,5,4,0,0,0,T20I # 186
Pakistan Vs England,England,Ryan Sidebottom,3,0,22,2,7.33,10,4,0,1,0,T20I # 187
Pakistan Vs England,England,Tim Bresnan,3.4,0,10,3,2.72,16,1,0,0,0,T20I # 187
Pakistan Vs England,England,Stuart Broad,4,0,18,2,4.50,13,0,1,0,0,T20I # 187
Pakistan Vs England,England,Michael Yardy,4,0,10,0,2.50,18,1,0,0,0,T20I # 187
Pakistan Vs England,England,Graeme Swann,4,0,27,2,6.75,11,0,2,2,0,T20I # 187
Pakistan Vs England,Pakistan,Shoaib Akhtar,4,1,18,1,4.50,17,1,1,0,0,T20I # 187
Pakistan Vs England,Pakistan,Umar Gul,2,0,23,0,11.50,4,2,1,1,1,T20I # 187
Pakistan Vs England,Pakistan,Saeed Ajmal,3,0,13,1,4.33,10,0,0,0,0,T20I # 187
Pakistan Vs England,Pakistan,Shahid Afridi,3,0,15,1,5.00,11,2,0,0,0,T20I # 187
Pakistan Vs England,Pakistan,Mohammad Hafeez,2,0,15,0,7.50,6,2,0,0,0,T20I # 187
Zimbabwe Vs South Africa,South Africa,Morne Morkel,2,0,9,0,4.50,9,1,0,1,0,T20I # 188
Zimbabwe Vs South Africa,South Africa,Wayne Parnell,4,0,29,2,7.25,11,2,1,0,0,T20I # 188
Zimbabwe Vs South Africa,South Africa,Rusty Theron,4,0,33,1,8.25,10,2,2,1,0,T20I # 188
Zimbabwe Vs South Africa,South Africa,Ryan McLaren,4,0,37,0,9.25,9,5,1,1,0,T20I # 188
Zimbabwe Vs South Africa,South Africa,Johan Botha,4,0,30,0,7.50,8,2,1,0,0,T20I # 188
Zimbabwe Vs South Africa,South Africa,Jean-Paul Duminy,2,0,23,0,11.50,4,3,1,0,0,T20I # 188
Zimbabwe Vs South Africa,Zimbabwe,Chris Mpofu,4,0,25,0,6.25,13,4,0,1,0,T20I # 188
Zimbabwe Vs South Africa,Zimbabwe,Ed Rainsford,3,0,42,0,14.00,2,3,3,0,0,T20I # 188
Zimbabwe Vs South Africa,Zimbabwe,Prosper Utseya,3.5,0,41,2,10.69,7,4,2,0,0,T20I # 188
Zimbabwe Vs South Africa,Zimbabwe,Hamilton Masakadza,1,0,14,0,14.00,3,2,1,0,0,T20I # 188
Zimbabwe Vs South Africa,Zimbabwe,Graeme Cremer,3,0,32,1,10.66,6,3,2,0,0,T20I # 188
Zimbabwe Vs South Africa,Zimbabwe,Keith Dabengwa,1,0,12,0,12.00,0,2,0,0,0,T20I # 188
South Africa Vs Zimbabwe,Zimbabwe,Prosper Utseya,4,0,28,2,7.00,10,4,0,0,0,T20I # 189
South Africa Vs Zimbabwe,Zimbabwe,Shingi Masakadza,4,0,39,2,9.75,8,4,1,1,0,T20I # 189
South Africa Vs Zimbabwe,Zimbabwe,Chris Mpofu,4,0,59,1,14.75,6,9,2,2,0,T20I # 189
South Africa Vs Zimbabwe,Zimbabwe,Brendan Taylor,4,0,16,1,4.00,12,1,0,0,0,T20I # 189
South Africa Vs Zimbabwe,Zimbabwe,Graeme Cremer,3,0,34,0,11.33,4,3,2,0,0,T20I # 189
South Africa Vs Zimbabwe,Zimbabwe,Keith Dabengwa,1,0,14,0,14.00,0,1,1,0,0,T20I # 189
South Africa Vs Zimbabwe,South Africa,Wayne Parnell,4,0,41,0,10.25,5,4,1,2,1,T20I # 189
South Africa Vs Zimbabwe,South Africa,Lonwabo Tsotsobe,4,0,32,1,8.00,11,4,1,1,0,T20I # 189
South Africa Vs Zimbabwe,South Africa,Rusty Theron,4,0,27,2,6.75,7,1,1,0,0,T20I # 189
South Africa Vs Zimbabwe,South Africa,Johan Botha,3,0,30,1,10.00,6,2,2,1,0,T20I # 189
South Africa Vs Zimbabwe,South Africa,Robin Peterson,4,0,36,2,9.00,6,2,2,0,0,T20I # 189
South Africa Vs Zimbabwe,South Africa,Jean-Paul Duminy,1,0,17,0,17.00,1,2,1,0,0,T20I # 189
Pakistan Vs South Africa,South Africa,Albie Morkel,4,0,28,1,7.00,12,4,0,4,0,T20I # 190
Pakistan Vs South Africa,South Africa,Lonwabo Tsotsobe,4,0,16,3,4.00,12,1,0,0,0,T20I # 190
Pakistan Vs South Africa,South Africa,Morne Morkel,4,1,18,1,4.50,18,2,0,0,3,T20I # 190
Pakistan Vs South Africa,South Africa,Rusty Theron,3.5,0,25,0,6.52,10,1,1,0,0,T20I # 190
Pakistan Vs South Africa,South Africa,Johan Botha,4,0,31,3,7.75,11,0,3,1,0,T20I # 190
Pakistan Vs South Africa,Pakistan,Shoaib Akhtar,4,1,29,2,7.25,15,5,1,0,0,T20I # 190
Pakistan Vs South Africa,Pakistan,Abdul Razzaq,2,0,20,0,10.00,5,4,0,1,0,T20I # 190
Pakistan Vs South Africa,Pakistan,Mohammad Hafeez,3,0,10,1,3.33,10,0,0,0,0,T20I # 190
Pakistan Vs South Africa,Pakistan,Umar Gul,3.2,0,17,0,5.10,12,3,0,0,0,T20I # 190
Pakistan Vs South Africa,Pakistan,Saeed Ajmal,4,0,18,1,4.50,11,1,0,1,0,T20I # 190
Pakistan Vs South Africa,Pakistan,Shahid Afridi,2,0,23,0,11.50,1,2,1,0,0,T20I # 190
Pakistan Vs South Africa,South Africa,Albie Morkel,4,0,31,1,7.75,8,2,1,0,0,T20I # 191
Pakistan Vs South Africa,South Africa,Lonwabo Tsotsobe,4,0,20,2,5.00,13,3,0,0,0,T20I # 191
Pakistan Vs South Africa,South Africa,Morne Morkel,4,1,22,1,5.50,11,1,1,1,0,T20I # 191
Pakistan Vs South Africa,South Africa,Johan Botha,4,0,17,0,4.25,14,0,1,2,0,T20I # 191
Pakistan Vs South Africa,South Africa,Rusty Theron,4,0,27,4,6.75,9,2,0,1,0,T20I # 191
Pakistan Vs South Africa,Pakistan,Shoaib Akhtar,4,0,36,1,9.00,11,5,1,1,0,T20I # 191
Pakistan Vs South Africa,Pakistan,Umar Gul,3.4,0,32,0,8.72,9,4,1,1,0,T20I # 191
Pakistan Vs South Africa,Pakistan,Mohammad Hafeez,4,0,19,1,4.75,11,0,0,3,0,T20I # 191
Pakistan Vs South Africa,Pakistan,Shahid Afridi,4,0,13,1,3.25,13,0,0,0,0,T20I # 191
Pakistan Vs South Africa,Pakistan,Saeed Ajmal,3,0,23,1,7.66,8,2,1,1,0,T20I # 191
Australia Vs Sri Lanka,Sri Lanka,Dilhara Fernando,4,0,26,1,6.50,10,2,0,4,1,T20I # 192
Australia Vs Sri Lanka,Sri Lanka,Lasith Malinga,4,0,31,1,7.75,10,3,1,1,0,T20I # 192
Australia Vs Sri Lanka,Sri Lanka,Muthiah Muralidaran,4,0,22,0,5.50,9,0,1,0,0,T20I # 192
Australia Vs Sri Lanka,Sri Lanka,Thisara Perera,4,0,25,2,6.25,8,2,0,0,0,T20I # 192
Australia Vs Sri Lanka,Sri Lanka,Suraj Randiv,24,16,5,3,0,150.00,41,34,6,0,T20I # 192
Australia Vs Sri Lanka,Australia,Clint McKay,4,0,1,0,0,4,0,34,8.50,10,T20I # 192
Australia Vs Sri Lanka,Australia,Dirk Nannes,6,0,0,1,0,3,0,18,6.00,9,T20I # 192
Australia Vs Sri Lanka,Australia,Peter Siddle,2,0,1,1,0,2.3,0,33,13.20,4,T20I # 192
Pakistan Vs New Zealand,New Zealand,James Franklin,2,0,12,0,6.00,4,1,0,1,0,T20I # 193
Pakistan Vs New Zealand,New Zealand,Kyle Mills,4,0,37,3,9.25,13,3,3,0,0,T20I # 193
Pakistan Vs New Zealand,New Zealand,Adam Milne,4,0,46,0,11.50,9,5,3,0,0,T20I # 193
Pakistan Vs New Zealand,New Zealand,Tim Southee,4,1,18,5,4.50,17,3,0,1,0,T20I # 193
Pakistan Vs New Zealand,New Zealand,Scott Styris,4,0,18,1,4.50,10,1,0,1,0,T20I # 193
Pakistan Vs New Zealand,New Zealand,Nathan McCullum,2,0,11,0,5.50,7,0,1,0,0,T20I # 193
Pakistan Vs New Zealand,Pakistan,Abdul Razzaq,1,0,15,0,15.00,2,2,1,0,0,T20I # 193
Pakistan Vs New Zealand,Pakistan,Shoaib Akhtar,4,0,38,3,9.50,12,2,4,0,0,T20I # 193
Pakistan Vs New Zealand,Pakistan,Umar Gul,2,0,16,0,8.00,5,1,1,1,0,T20I # 193
Pakistan Vs New Zealand,Pakistan,Saeed Ajmal,3.1,0,14,0,4.42,11,2,0,0,0,T20I # 193
Pakistan Vs New Zealand,Pakistan,Wahab Riaz,1,0,10,0,10.00,2,2,0,0,0,T20I # 193
Pakistan Vs New Zealand,Pakistan,Shahid Afridi,3,0,19,0,6.33,7,2,0,0,0,T20I # 193
Pakistan Vs New Zealand,Pakistan,Mohammad Hafeez,3,0,29,1,9.66,10,0,3,3,0,T20I # 193
New Zealand Vs Pakistan,Pakistan,Abdul Razzaq,2,0,12,1,6.00,8,1,1,0,0,T20I # 194
New Zealand Vs Pakistan,Pakistan,Shoaib Akhtar,4,0,42,1,10.50,7,1,3,1,1,T20I # 194
New Zealand Vs Pakistan,Pakistan,Umar Gul,3,0,47,0,15.66,4,6,3,0,0,T20I # 194
New Zealand Vs Pakistan,Pakistan,Wahab Riaz,3,0,22,1,7.33,7,1,1,3,0,T20I # 194
New Zealand Vs Pakistan,Pakistan,Shahid Afridi,4,0,22,1,5.50,10,2,0,0,0,T20I # 194
New Zealand Vs Pakistan,Pakistan,Saeed Ajmal,4,0,35,3,8.75,9,1,3,0,0,T20I # 194
New Zealand Vs Pakistan,New Zealand,James Franklin,1,0,10,0,10.00,4,1,1,0,0,T20I # 194
New Zealand Vs Pakistan,New Zealand,Kyle Mills,3,0,34,1,11.33,4,1,3,1,0,T20I # 194
New Zealand Vs Pakistan,New Zealand,Tim Southee,4,0,26,2,6.50,10,4,0,0,0,T20I # 194
New Zealand Vs Pakistan,New Zealand,Ian Butler,4,0,35,1,8.75,5,3,1,0,0,T20I # 194
New Zealand Vs Pakistan,New Zealand,Luke Woodcock,4,0,20,0,5.00,11,0,1,0,0,T20I # 194
New Zealand Vs Pakistan,New Zealand,Nathan McCullum,4,0,16,4,4.00,14,0,1,0,0,T20I # 194
Pakistan Vs New Zealand,New Zealand,Adam Milne,4,0,48,1,12.00,11,7,2,2,0,T20I # 195
Pakistan Vs New Zealand,New Zealand,Kyle Mills,4,0,36,0,9.00,9,7,0,0,0,T20I # 195
Pakistan Vs New Zealand,New Zealand,Tim Southee,4,0,53,1,13.25,4,5,3,0,0,T20I # 195
Pakistan Vs New Zealand,New Zealand,Nathan McCullum,4,0,29,1,7.25,7,2,1,0,0,T20I # 195
Pakistan Vs New Zealand,New Zealand,James Franklin,3,0,12,2,4.00,9,1,0,0,0,T20I # 195
Pakistan Vs New Zealand,New Zealand,Scott Styris,1,0,4,0,4.00,2,0,0,0,0,T20I # 195
Pakistan Vs New Zealand,Pakistan,Abdul Razzaq,4,1,13,3,3.25,17,2,0,0,0,T20I # 195
Pakistan Vs New Zealand,Pakistan,Tanvir Ahmed,3,0,13,1,4.33,14,2,0,2,1,T20I # 195
Pakistan Vs New Zealand,Pakistan,Wahab Riaz,2,0,15,0,7.50,7,1,1,0,1,T20I # 195
Pakistan Vs New Zealand,Pakistan,Abdur Rehman,4,0,22,1,5.50,11,3,0,0,0,T20I # 195
Pakistan Vs New Zealand,Pakistan,Shahid Afridi,2.5,0,14,4,4.94,7,1,0,0,0,T20I # 195
