match,teamInnings,battingPos,batsmanName,runs,balls,4s,6s,SR,out/not_out,match_id
Australia Vs South Africa,Australia,1,Shaun Marsh,9,9,1,0,100.00,out,T20I # 80
Australia Vs South Africa,Australia,2,David Warner,89,43,7,6,206.97,out,T20I # 80
Australia Vs South Africa,Australia,3,Ricky Ponting,21,19,1,0,110.52,out,T20I # 80
Australia Vs South Africa,Australia,4,David Hussey,19,12,1,1,158.33,out,T20I # 80
Australia Vs South Africa,Australia,5,Cameron White,7,5,0,1,140.00,out,T20I # 80
Australia Vs South Africa,Australia,6,Michael Hussey,7,8,0,0,87.50,out,T20I # 80
Australia Vs South Africa,Australia,7,Luke Ronchi,11,5,2,0,220.00,out,T20I # 80
Australia Vs South Africa,Australia,8,James Hopes,13,14,0,0,92.85,out,T20I # 80
Australia Vs South Africa,Australia,9,Nathan Bracken,1,3,0,0,33.33,out,T20I # 80
Australia Vs South Africa,Australia,10,Ben Hilfenhaus,0,1,0,0,0.00,not_out,T20I # 80
Australia Vs South Africa,Australia,11,Shaun Tait,1,1,0,0,100.00,not_out,T20I # 80
Australia Vs South Africa,South Africa,1,Herschelle Gibbs,0,3,0,0,0.00,out,T20I # 80
Australia Vs South Africa,South Africa,2,Jacques Kallis,4,6,1,0,66.66,out,T20I # 80
Australia Vs South Africa,South Africa,3,AB de Villiers,0,4,0,0,0.00,out,T20I # 80
Australia Vs South Africa,South Africa,4,Jean-Paul Duminy,78,48,9,1,162.50,out,T20I # 80
Australia Vs South Africa,South Africa,5,Vaughn van Jaarsveld,12,15,0,0,80.00,out,T20I # 80
Australia Vs South Africa,South Africa,6,Mark Boucher,5,7,0,0,71.42,out,T20I # 80
Australia Vs South Africa,South Africa,7,Albie Morkel,12,8,1,0,150.00,out,T20I # 80
Australia Vs South Africa,South Africa,8,Johan Botha,5,7,0,0,71.42,not_out,T20I # 80
Australia Vs South Africa,South Africa,9,Dale Steyn,1,2,0,0,50.00,out,T20I # 80
Australia Vs South Africa,South Africa,10,Makhaya Ntini,0,1,0,0,0.00,out,T20I # 80
Australia Vs South Africa,South Africa,11,Lonwabo Tsotsobe,1,7,0,0,14.28,out,T20I # 80
South Africa Vs Australia,South Africa,1,Hashim Amla,26,26,1,1,100.00,out,T20I # 81
South Africa Vs Australia,South Africa,2,Herschelle Gibbs,6,12,0,0,50.00,out,T20I # 81
South Africa Vs Australia,South Africa,3,Jean-Paul Duminy,69,41,7,2,168.29,not_out,T20I # 81
South Africa Vs Australia,South Africa,4,Vaughn van Jaarsveld,0,1,0,0,0.00,out,T20I # 81
South Africa Vs Australia,South Africa,5,Mark Boucher,19,19,1,0,100.00,out,T20I # 81
South Africa Vs Australia,South Africa,6,Albie Morkel,19,13,1,1,146.15,out,T20I # 81
South Africa Vs Australia,South Africa,7,Neil McKenzie,7,8,0,0,87.50,not_out,T20I # 81
South Africa Vs Australia,Australia,1,Shaun Marsh,15,17,1,1,88.23,out,T20I # 81
South Africa Vs Australia,Australia,2,David Warner,7,12,0,0,58.33,out,T20I # 81
South Africa Vs Australia,Australia,3,Ricky Ponting,38,31,3,1,122.58,out,T20I # 81
South Africa Vs Australia,Australia,4,Michael Hussey,53,33,5,1,160.60,not_out,T20I # 81
South Africa Vs Australia,Australia,5,David Hussey,2,2,0,0,100.00,out,T20I # 81
South Africa Vs Australia,Australia,6,Cameron White,40,18,5,1,222.22,not_out,T20I # 81
Sri Lanka Vs India,Sri Lanka,1,Tillakaratne Dilshan,61,47,7,1,129.78,out,T20I # 82
Sri Lanka Vs India,Sri Lanka,2,Sanath Jayasuriya,33,17,3,2,194.11,out,T20I # 82
Sri Lanka Vs India,Sri Lanka,3,Jehan Mubarak,13,19,1,0,68.42,out,T20I # 82
Sri Lanka Vs India,Sri Lanka,4,Chamara Kapugedera,16,9,3,0,177.77,out,T20I # 82
Sri Lanka Vs India,Sri Lanka,5,Chamara Silva,21,18,2,1,116.66,not_out,T20I # 82
Sri Lanka Vs India,Sri Lanka,6,Kaushalya Weeraratne,10,10,1,0,100.00,not_out,T20I # 82
Sri Lanka Vs India,India,1,Gautam Gambhir,13,6,3,0,216.66,out,T20I # 82
Sri Lanka Vs India,India,2,Virender Sehwag,1,1,0,0,100.00,out,T20I # 82
Sri Lanka Vs India,India,3,Suresh Raina,35,27,5,1,129.62,out,T20I # 82
Sri Lanka Vs India,India,4,Yuvraj Singh,32,21,3,2,152.38,out,T20I # 82
Sri Lanka Vs India,India,5,MS Dhoni,13,17,1,0,76.47,out,T20I # 82
Sri Lanka Vs India,India,6,Rohit Sharma,4,11,0,0,36.36,out,T20I # 82
Sri Lanka Vs India,India,7,Ravindra Jadeja,5,7,0,0,71.42,out,T20I # 82
Sri Lanka Vs India,India,8,Yusuf Pathan,22,10,1,2,220.00,not_out,T20I # 82
Sri Lanka Vs India,India,9,Irfan Pathan,33,16,2,2,206.25,not_out,T20I # 82
Australia Vs New Zealand,Australia,1,David Warner,23,15,4,0,153.33,out,T20I # 83
Australia Vs New Zealand,Australia,2,Brad Haddin,15,10,2,0,150.00,out,T20I # 83
Australia Vs New Zealand,Australia,3,Callum Ferguson,8,9,1,0,88.88,out,T20I # 83
Australia Vs New Zealand,Australia,4,David Hussey,41,39,1,1,105.12,out,T20I # 83
Australia Vs New Zealand,Australia,5,Adam Voges,26,24,2,0,108.33,out,T20I # 83
Australia Vs New Zealand,Australia,6,Cameron White,16,11,0,1,145.45,out,T20I # 83
Australia Vs New Zealand,Australia,7,James Hopes,16,10,1,0,160.00,not_out,T20I # 83
Australia Vs New Zealand,Australia,8,Moises Henriques,1,2,0,0,50.00,out,T20I # 83
Australia Vs New Zealand,Australia,9,Peter Siddle,1,1,0,0,100.00,not_out,T20I # 83
Australia Vs New Zealand,New Zealand,1,Brendon McCullum,61,47,5,2,129.78,out,T20I # 83
Australia Vs New Zealand,New Zealand,2,Martin Guptill,0,2,0,0,0.00,out,T20I # 83
Australia Vs New Zealand,New Zealand,3,Peter Fulton,1,8,0,0,12.50,out,T20I # 83
Australia Vs New Zealand,New Zealand,4,Neil Broom,36,26,6,0,138.46,out,T20I # 83
Australia Vs New Zealand,New Zealand,5,Grant Elliott,23,30,1,0,76.66,not_out,T20I # 83
Australia Vs New Zealand,New Zealand,6,James Franklin,3,3,0,0,100.00,out,T20I # 83
Australia Vs New Zealand,New Zealand,7,Nathan McCullum,10,4,1,1,250.00,not_out,T20I # 83
India Vs New Zealand,India,1,Gautam Gambhir,6,7,1,0,85.71,out,T20I # 84
India Vs New Zealand,India,2,Virender Sehwag,26,10,0,4,260.00,out,T20I # 84
India Vs New Zealand,India,3,Suresh Raina,61,43,2,5,141.86,not_out,T20I # 84
India Vs New Zealand,India,4,Rohit Sharma,7,7,0,1,100.00,out,T20I # 84
India Vs New Zealand,India,5,Yuvraj Singh,1,3,0,0,33.33,out,T20I # 84
India Vs New Zealand,India,6,MS Dhoni,2,6,0,0,33.33,out,T20I # 84
India Vs New Zealand,India,7,Yusuf Pathan,20,8,0,3,250.00,out,T20I # 84
India Vs New Zealand,India,8,Irfan Pathan,12,14,1,0,85.71,out,T20I # 84
India Vs New Zealand,India,9,Harbhajan Singh,21,22,2,0,95.45,out,T20I # 84
India Vs New Zealand,New Zealand,1,Jesse Ryder,1,4,0,0,25.00,out,T20I # 84
India Vs New Zealand,New Zealand,2,Brendon McCullum,56,49,2,3,114.28,not_out,T20I # 84
India Vs New Zealand,New Zealand,3,Martin Guptill,41,28,4,3,146.42,out,T20I # 84
India Vs New Zealand,New Zealand,4,Ross Taylor,31,20,1,3,155.00,out,T20I # 84
India Vs New Zealand,New Zealand,5,Jacob Oram,29,15,3,2,193.33,not_out,T20I # 84
India Vs New Zealand,India,1,Gautam Gambhir,10,13,0,1,76.92,out,T20I # 85
India Vs New Zealand,India,2,Virender Sehwag,24,11,5,0,218.18,out,T20I # 85
India Vs New Zealand,India,3,Suresh Raina,0,4,0,0,0.00,out,T20I # 85
India Vs New Zealand,India,4,Yuvraj Singh,50,34,3,4,147.05,out,T20I # 85
India Vs New Zealand,India,5,MS Dhoni,28,30,2,0,93.33,not_out,T20I # 85
India Vs New Zealand,India,6,Yusuf Pathan,0,2,0,0,0.00,out,T20I # 85
India Vs New Zealand,India,7,Ravindra Jadeja,19,16,1,1,118.75,out,T20I # 85
India Vs New Zealand,India,8,Irfan Pathan,15,10,0,1,150.00,not_out,T20I # 85
India Vs New Zealand,New Zealand,1,Jesse Ryder,26,15,3,2,173.33,out,T20I # 85
India Vs New Zealand,New Zealand,2,Brendon McCullum,69,55,8,1,125.45,not_out,T20I # 85
India Vs New Zealand,New Zealand,3,Martin Guptill,10,19,1,0,52.63,out,T20I # 85
India Vs New Zealand,New Zealand,4,Ross Taylor,27,25,2,0,108.00,out,T20I # 85
India Vs New Zealand,New Zealand,5,Jacob Oram,0,1,0,0,0.00,out,T20I # 85
India Vs New Zealand,New Zealand,6,Neil Broom,5,3,1,0,166.66,out,T20I # 85
India Vs New Zealand,New Zealand,7,Nathan McCullum,1,2,0,0,50.00,not_out,T20I # 85
England Vs West Indies,England,1,Ravi Bopara,13,11,2,0,118.18,out,T20I # 86
England Vs West Indies,England,2,Steven Davies,27,21,5,0,128.57,out,T20I # 86
England Vs West Indies,England,3,Kevin Pietersen,12,16,0,0,75.00,out,T20I # 86
England Vs West Indies,England,4,Owais Shah,6,12,0,0,50.00,out,T20I # 86
England Vs West Indies,England,5,Paul Collingwood,14,11,2,0,127.27,out,T20I # 86
England Vs West Indies,England,6,Andrew Strauss,22,25,2,0,88.00,out,T20I # 86
England Vs West Indies,England,7,Dimitri Mascarenhas,0,3,0,0,0.00,out,T20I # 86
England Vs West Indies,England,8,Gareth Batty,4,7,0,0,57.14,out,T20I # 86
England Vs West Indies,England,9,Stuart Broad,2,5,0,0,40.00,out,T20I # 86
England Vs West Indies,England,10,Amjad Khan,2,4,0,0,50.00,out,T20I # 86
England Vs West Indies,England,11,James Anderson,0,0,0,0,-,not_out,T20I # 86
England Vs West Indies,West Indies,1,Ramnaresh Sarwan,59,46,4,2,128.26,out,T20I # 86
England Vs West Indies,West Indies,2,Andre Fletcher,6,5,1,0,120.00,out,T20I # 86
England Vs West Indies,West Indies,3,Shivnarine Chanderpaul,12,13,3,0,92.30,out,T20I # 86
England Vs West Indies,West Indies,4,Lendl Simmons,23,32,1,0,71.87,not_out,T20I # 86
England Vs West Indies,West Indies,5,Dwayne Bravo,8,11,1,0,72.72,out,T20I # 86
England Vs West Indies,West Indies,6,Kieron Pollard,4,1,1,0,400.00,not_out,T20I # 86
Australia Vs South Africa,Australia,1,David Warner,38,29,4,1,131.03,out,T20I # 87
Australia Vs South Africa,Australia,2,Michael Clarke,2,6,0,0,33.33,out,T20I # 87
Australia Vs South Africa,Australia,3,Ricky Ponting,1,5,0,0,20.00,out,T20I # 87
Australia Vs South Africa,Australia,4,David Hussey,88,44,5,6,200.00,not_out,T20I # 87
Australia Vs South Africa,Australia,5,Michael Hussey,0,1,0,0,0.00,out,T20I # 87
Australia Vs South Africa,Australia,6,Brad Haddin,0,3,0,0,0.00,out,T20I # 87
Australia Vs South Africa,Australia,7,Cameron White,16,20,0,1,80.00,out,T20I # 87
Australia Vs South Africa,Australia,8,Mitchell Johnson,10,10,1,0,100.00,out,T20I # 87
Australia Vs South Africa,Australia,9,James Hopes,5,2,1,0,250.00,not_out,T20I # 87
Australia Vs South Africa,South Africa,1,Hashim Amla,26,24,3,0,108.33,out,T20I # 87
Australia Vs South Africa,South Africa,2,Herschelle Gibbs,19,12,2,1,158.33,out,T20I # 87
Australia Vs South Africa,South Africa,3,AB de Villiers,7,7,1,0,100.00,out,T20I # 87
Australia Vs South Africa,South Africa,4,Jean-Paul Duminy,21,21,2,0,100.00,out,T20I # 87
Australia Vs South Africa,South Africa,5,Vaughn van Jaarsveld,3,7,0,0,42.85,out,T20I # 87
Australia Vs South Africa,South Africa,6,Mark Boucher,36,22,5,0,163.63,not_out,T20I # 87
Australia Vs South Africa,South Africa,7,Albie Morkel,37,19,4,2,194.73,out,T20I # 87
Australia Vs South Africa,South Africa,8,Johan Botha,7,5,1,0,140.00,not_out,T20I # 87
South Africa Vs Australia,South Africa,1,Robin Peterson,34,27,3,2,125.92,out,T20I # 88
South Africa Vs Australia,South Africa,2,Herschelle Gibbs,20,13,1,1,153.84,out,T20I # 88
South Africa Vs Australia,South Africa,3,AB de Villiers,0,5,0,0,0.00,out,T20I # 88
South Africa Vs Australia,South Africa,4,Jean-Paul Duminy,23,28,1,0,82.14,out,T20I # 88
South Africa Vs Australia,South Africa,5,Roelof van der Merwe,48,30,2,4,160.00,out,T20I # 88
South Africa Vs Australia,South Africa,6,Albie Morkel,14,10,1,1,140.00,not_out,T20I # 88
South Africa Vs Australia,South Africa,7,Mark Boucher,9,8,0,1,112.50,not_out,T20I # 88
South Africa Vs Australia,Australia,1,Michael Clarke,27,33,2,0,81.81,out,T20I # 88
South Africa Vs Australia,Australia,2,David Warner,20,15,2,1,133.33,out,T20I # 88
South Africa Vs Australia,Australia,3,Ricky Ponting,1,3,0,0,33.33,out,T20I # 88
South Africa Vs Australia,Australia,4,David Hussey,27,18,3,1,150.00,out,T20I # 88
South Africa Vs Australia,Australia,5,Callum Ferguson,0,1,0,0,0.00,out,T20I # 88
South Africa Vs Australia,Australia,6,Cameron White,23,22,2,1,104.54,out,T20I # 88
South Africa Vs Australia,Australia,7,Brad Haddin,16,13,0,1,123.07,not_out,T20I # 88
South Africa Vs Australia,Australia,8,James Hopes,18,15,0,1,120.00,out,T20I # 88
South Africa Vs Australia,Australia,9,Nathan Bracken,0,1,0,0,0.00,out,T20I # 88
South Africa Vs Australia,Australia,10,Shane Harwood,0,0,0,0,-,not_out,T20I # 88
Australia Vs Pakistan,Australia,1,Shane Watson,33,14,0,235.71,24,out,T20I # 89
Australia Vs Pakistan,Australia,2,Brad Haddin,27,2,88.88,6,9,out,T20I # 89
Australia Vs Pakistan,Australia,3,James Hopes,0,0,0,1,0,out,T20I # 89
Australia Vs Pakistan,Australia,4,Andrew Symonds,0,0.00,11,0,0,out,T20I # 89
Australia Vs Pakistan,Australia,5,David Hussey,36.36,8,0,0,88.88,out,T20I # 89
Australia Vs Pakistan,Australia,6,Callum Ferguson,20,21,0,95.23,2,out,T20I # 89
Australia Vs Pakistan,Australia,7,Marcus North,7,0,28.57,0,3,out,T20I # 89
Australia Vs Pakistan,Australia,8,Nathan Hauritz,0,0,3,11,0,out,T20I # 89
Australia Vs Pakistan,Australia,9,Brett Lee,0,27.27,8,0,0,out,T20I # 89
Australia Vs Pakistan,Australia,10,Nathan Bracken,25.00,2,18,9.00,5,not_out,T20I # 89
Australia Vs Pakistan,Australia,11,Ben Hilfenhaus,2,0,1,3,0,out,T20I # 89
Australia Vs Pakistan,Pakistan,1,Salman Butt,42,5,140.47,24,32,out,T20I # 89
Australia Vs Pakistan,Pakistan,2,Ahmed Shehzad,1,0,0,1,0,out,T20I # 89
Australia Vs Pakistan,Pakistan,3,Kamran Akmal,0,0.00,0,22,5.50,not_out,T20I # 89
Australia Vs Pakistan,Pakistan,4,Misbah-ul-Haq,13,3,0,1,3,out,T20I # 89
Australia Vs Pakistan,Pakistan,5,Shoaib Malik,0,24,8,2,1,not_out,T20I # 89
England Vs Netherlands,England,1,Ravi Bopara,46,34,5,0,135.29,out,T20I # 90
England Vs Netherlands,England,2,Luke Wright,71,49,8,0,144.89,out,T20I # 90
England Vs Netherlands,England,3,Owais Shah,5,8,0,0,62.50,out,T20I # 90
England Vs Netherlands,England,4,Eoin Morgan,6,8,0,0,75.00,out,T20I # 90
England Vs Netherlands,England,5,Paul Collingwood,11,10,1,0,110.00,out,T20I # 90
England Vs Netherlands,England,6,Rob Key,10,8,0,0,125.00,not_out,T20I # 90
England Vs Netherlands,England,7,James Foster,3,3,0,0,100.00,not_out,T20I # 90
England Vs Netherlands,Netherlands,1,Alexei Kervezee,1,4,0,0,25.00,out,T20I # 90
England Vs Netherlands,Netherlands,2,Darron Reekers,20,13,1,2,153.84,out,T20I # 90
England Vs Netherlands,Netherlands,3,Bas Zuiderent,12,16,1,0,75.00,out,T20I # 90
England Vs Netherlands,Netherlands,4,Tom de Grooth,49,30,6,1,163.33,out,T20I # 90
England Vs Netherlands,Netherlands,5,Peter Borren,30,25,1,1,120.00,out,T20I # 90
England Vs Netherlands,Netherlands,6,Ryan ten Doeschate,22,17,2,0,129.41,not_out,T20I # 90
England Vs Netherlands,Netherlands,7,Daan van Bunge,8,8,1,0,100.00,out,T20I # 90
England Vs Netherlands,Netherlands,8,Edgar Schiferli,5,7,0,0,71.42,not_out,T20I # 90
Scotland Vs New Zealand,Scotland,1,Ryan Watson,27,10,6,0,270.00,out,T20I # 91
Scotland Vs New Zealand,Scotland,2,Navdeep Poonia,27,15,2,1,180.00,out,T20I # 91
Scotland Vs New Zealand,Scotland,3,Kyle Coetzer,33,15,3,2,220.00,out,T20I # 91
Scotland Vs New Zealand,Scotland,4,Jan Stander,0,1,0,0,0.00,not_out,T20I # 91
Scotland Vs New Zealand,Scotland,5,Colin Smith,0,1,0,0,0.00,out,T20I # 91
Scotland Vs New Zealand,New Zealand,1,Brendon McCullum,18,7,4,0,257.14,out,T20I # 91
Scotland Vs New Zealand,New Zealand,2,Jesse Ryder,31,12,3,2,258.33,out,T20I # 91
Scotland Vs New Zealand,New Zealand,3,Ross Taylor,21,10,1,2,210.00,not_out,T20I # 91
Scotland Vs New Zealand,New Zealand,4,Jacob Oram,8,6,1,0,133.33,out,T20I # 91
Scotland Vs New Zealand,New Zealand,5,Scott Styris,8,4,0,1,200.00,not_out,T20I # 91
Australia Vs West Indies,Australia,1,Shane Watson,0,3,0,0,0.00,out,T20I # 92
Australia Vs West Indies,Australia,2,David Warner,63,53,6,1,118.86,out,T20I # 92
Australia Vs West Indies,Australia,3,Ricky Ponting,0,1,0,0,0.00,out,T20I # 92
Australia Vs West Indies,Australia,4,Michael Clarke,2,7,0,0,28.57,out,T20I # 92
Australia Vs West Indies,Australia,5,Brad Haddin,24,19,2,1,126.31,out,T20I # 92
Australia Vs West Indies,Australia,6,David Hussey,27,16,0,3,168.75,out,T20I # 92
Australia Vs West Indies,Australia,7,Michael Hussey,28,15,3,1,186.66,not_out,T20I # 92
Australia Vs West Indies,Australia,8,Mitchell Johnson,9,7,1,0,128.57,out,T20I # 92
Australia Vs West Indies,Australia,9,Brett Lee,1,1,0,0,100.00,not_out,T20I # 92
Australia Vs West Indies,West Indies,1,Chris Gayle,88,50,6,6,176.00,out,T20I # 92
Australia Vs West Indies,West Indies,2,Andre Fletcher,53,32,7,1,165.62,out,T20I # 92
Australia Vs West Indies,West Indies,3,Xavier Marshall,8,12,0,0,66.66,out,T20I # 92
Australia Vs West Indies,West Indies,4,Shivnarine Chanderpaul,0,1,0,0,0.00,not_out,T20I # 92
Australia Vs West Indies,West Indies,5,Ramnaresh Sarwan,8,2,2,0,400.00,not_out,T20I # 92
India Vs Bangladesh,India,1,Gautam Gambhir,50,46,4,0,108.69,out,T20I # 93
India Vs Bangladesh,India,2,Rohit Sharma,36,23,3,2,156.52,out,T20I # 93
India Vs Bangladesh,India,3,MS Dhoni,26,21,0,1,123.80,out,T20I # 93
India Vs Bangladesh,India,4,Yuvraj Singh,41,18,3,4,227.77,out,T20I # 93
India Vs Bangladesh,India,5,Suresh Raina,10,8,1,0,125.00,out,T20I # 93
India Vs Bangladesh,India,6,Yusuf Pathan,1,1,0,0,100.00,not_out,T20I # 93
India Vs Bangladesh,India,7,Irfan Pathan,11,3,1,1,366.66,not_out,T20I # 93
India Vs Bangladesh,Bangladesh,1,Tamim Iqbal,15,10,3,0,150.00,out,T20I # 93
India Vs Bangladesh,Bangladesh,2,Junaid Siddique,41,22,2,3,186.36,out,T20I # 93
India Vs Bangladesh,Bangladesh,3,Mohammad Ashraful,11,9,1,0,122.22,out,T20I # 93
India Vs Bangladesh,Bangladesh,4,Shakib Al Hasan,8,10,0,0,80.00,out,T20I # 93
India Vs Bangladesh,Bangladesh,5,Mahmudullah,8,13,0,0,61.53,out,T20I # 93
India Vs Bangladesh,Bangladesh,6,Raqibul Hasan,16,20,1,0,80.00,out,T20I # 93
India Vs Bangladesh,Bangladesh,7,Mashrafe Mortaza,11,8,0,1,137.50,out,T20I # 93
India Vs Bangladesh,Bangladesh,8,Mushfiqur Rahim,11,11,1,0,100.00,not_out,T20I # 93
India Vs Bangladesh,Bangladesh,9,Naeem Islam,28,17,0,3,164.70,out,T20I # 93
India Vs Bangladesh,Bangladesh,10,Shahadat Hossain,0,0,0,0,-,not_out,T20I # 93
South Africa Vs Scotland,South Africa,1,Graeme Smith,38,29,6,1,131.03,out,T20I # 94
South Africa Vs Scotland,South Africa,2,Jacques Kallis,48,31,8,0,154.83,out,T20I # 94
South Africa Vs Scotland,South Africa,3,Herschelle Gibbs,16,14,0,0,114.28,out,T20I # 94
South Africa Vs Scotland,South Africa,4,AB de Villiers,79,34,5,6,232.35,not_out,T20I # 94
South Africa Vs Scotland,South Africa,5,Albie Morkel,24,11,1,2,218.18,out,T20I # 94
South Africa Vs Scotland,South Africa,6,Mark Boucher,2,3,0,0,66.66,out,T20I # 94
South Africa Vs Scotland,South Africa,7,Jean-Paul Duminy,0,0,0,0,-,not_out,T20I # 94
South Africa Vs Scotland,Scotland,1,Gavin Hamilton,5,6,1,0,83.33,out,T20I # 94
South Africa Vs Scotland,Scotland,2,Ryan Watson,4,4,1,0,100.00,out,T20I # 94
South Africa Vs Scotland,Scotland,3,Navdeep Poonia,0,1,0,0,0.00,out,T20I # 94
South Africa Vs Scotland,Scotland,4,Kyle Coetzer,42,32,1,3,131.25,out,T20I # 94
South Africa Vs Scotland,Scotland,5,Colin Smith,0,1,0,0,0.00,out,T20I # 94
South Africa Vs Scotland,Scotland,6,Neil McCallum,8,16,1,0,50.00,out,T20I # 94
South Africa Vs Scotland,Scotland,7,Jan Stander,2,6,0,0,33.33,out,T20I # 94
South Africa Vs Scotland,Scotland,8,Majid Haq,15,20,0,0,75.00,out,T20I # 94
South Africa Vs Scotland,Scotland,9,Gordon Drummond,1,2,0,0,50.00,out,T20I # 94
South Africa Vs Scotland,Scotland,10,Glenn Rogers,1,3,0,0,33.33,not_out,T20I # 94
South Africa Vs Scotland,Scotland,11,Calum MacLeod,0,3,0,0,0.00,out,T20I # 94
England Vs Pakistan,England,1,Ravi Bopara,5,6,1,0,83.33,out,T20I # 95
England Vs Pakistan,England,2,Luke Wright,34,16,6,1,212.50,out,T20I # 95
England Vs Pakistan,England,3,Kevin Pietersen,58,38,5,3,152.63,out,T20I # 95
England Vs Pakistan,England,4,Owais Shah,33,32,3,1,103.12,out,T20I # 95
England Vs Pakistan,England,5,Paul Collingwood,15,11,2,0,136.36,out,T20I # 95
England Vs Pakistan,England,6,Dimitri Mascarenhas,16,12,1,0,133.33,not_out,T20I # 95
England Vs Pakistan,England,7,James Foster,14,8,0,1,175.00,not_out,T20I # 95
England Vs Pakistan,Pakistan,1,Ahmed Shehzad,4,7,0,0,57.14,out,T20I # 95
England Vs Pakistan,Pakistan,2,Salman Butt,28,23,5,0,121.73,out,T20I # 95
England Vs Pakistan,Pakistan,3,Kamran Akmal,6,6,0,0,100.00,out,T20I # 95
England Vs Pakistan,Pakistan,4,Shoaib Malik,20,21,1,0,95.23,out,T20I # 95
England Vs Pakistan,Pakistan,5,Younis Khan,46,31,5,0,148.38,not_out,T20I # 95
England Vs Pakistan,Pakistan,6,Shahid Afridi,5,12,0,0,41.66,out,T20I # 95
England Vs Pakistan,Pakistan,7,Misbah-ul-Haq,10,8,0,1,125.00,out,T20I # 95
England Vs Pakistan,Pakistan,8,Yasir Arafat,4,6,0,0,66.66,out,T20I # 95
England Vs Pakistan,Pakistan,9,Umar Gul,8,6,1,0,133.33,not_out,T20I # 95
Bangladesh Vs Ireland,Bangladesh,1,Tamim Iqbal,22,28,2,0,78.57,out,T20I # 96
Bangladesh Vs Ireland,Bangladesh,2,Junaid Siddique,13,5,3,0,260.00,out,T20I # 96
Bangladesh Vs Ireland,Bangladesh,3,Mohammad Ashraful,14,10,1,1,140.00,out,T20I # 96
Bangladesh Vs Ireland,Bangladesh,4,Shakib Al Hasan,7,7,1,0,100.00,out,T20I # 96
Bangladesh Vs Ireland,Bangladesh,5,Mahmudullah,7,10,0,0,70.00,out,T20I # 96
Bangladesh Vs Ireland,Bangladesh,6,Raqibul Hasan,13,20,0,0,65.00,out,T20I # 96
Bangladesh Vs Ireland,Bangladesh,7,Mushfiqur Rahim,14,15,0,0,93.33,out,T20I # 96
Bangladesh Vs Ireland,Bangladesh,8,Mashrafe Mortaza,33,16,1,2,206.25,not_out,T20I # 96
Bangladesh Vs Ireland,Bangladesh,9,Naeem Islam,7,9,0,0,77.77,out,T20I # 96
Bangladesh Vs Ireland,Bangladesh,10,Abdur Razzak,0,0,0,0,-,not_out,T20I # 96
Bangladesh Vs Ireland,Ireland,1,Jeremy Bray,2,10,0,0,20.00,out,T20I # 96
Bangladesh Vs Ireland,Ireland,2,William Porterfield,23,29,3,0,79.31,out,T20I # 96
Bangladesh Vs Ireland,Ireland,3,Niall O'Brien,40,25,3,3,160.00,out,T20I # 96
Bangladesh Vs Ireland,Ireland,4,Gary Wilson,10,15,0,0,66.66,out,T20I # 96
Bangladesh Vs Ireland,Ireland,5,John Mooney,17,14,2,0,121.42,not_out,T20I # 96
Bangladesh Vs Ireland,Ireland,6,Kevin O'Brien,39,17,4,2,229.41,not_out,T20I # 96
Australia Vs Sri Lanka,Australia,1,Shane Watson,22,21,2,1,104.76,out,T20I # 97
Australia Vs Sri Lanka,Australia,2,David Warner,0,3,0,0,0.00,out,T20I # 97
Australia Vs Sri Lanka,Australia,3,Ricky Ponting,25,15,5,0,166.66,out,T20I # 97
Australia Vs Sri Lanka,Australia,4,Brad Haddin,16,17,0,1,94.11,out,T20I # 97
Australia Vs Sri Lanka,Australia,5,Michael Clarke,11,15,0,0,73.33,out,T20I # 97
Australia Vs Sri Lanka,Australia,6,David Hussey,28,22,1,2,127.27,out,T20I # 97
Australia Vs Sri Lanka,Australia,7,Michael Hussey,1,5,0,0,20.00,out,T20I # 97
Australia Vs Sri Lanka,Australia,8,Mitchell Johnson,28,13,2,2,215.38,not_out,T20I # 97
Australia Vs Sri Lanka,Australia,9,Brett Lee,15,5,2,1,300.00,out,T20I # 97
Australia Vs Sri Lanka,Australia,10,Nathan Hauritz,4,3,1,0,133.33,out,T20I # 97
Australia Vs Sri Lanka,Australia,11,Nathan Bracken,4,1,1,0,400.00,not_out,T20I # 97
Australia Vs Sri Lanka,Sri Lanka,1,Tillakaratne Dilshan,53,32,10,0,165.62,out,T20I # 97
Australia Vs Sri Lanka,Sri Lanka,2,Sanath Jayasuriya,2,7,0,0,28.57,out,T20I # 97
Australia Vs Sri Lanka,Sri Lanka,3,Kumar Sangakkara,55,42,4,2,130.95,not_out,T20I # 97
Australia Vs Sri Lanka,Sri Lanka,4,Mahela Jayawardene,9,12,0,0,75.00,out,T20I # 97
Australia Vs Sri Lanka,Sri Lanka,5,Chamara Silva,11,11,1,0,100.00,out,T20I # 97
Australia Vs Sri Lanka,Sri Lanka,6,Jehan Mubarak,21,12,1,2,175.00,not_out,T20I # 97
Pakistan Vs Netherlands,Pakistan,1,Kamran Akmal,41,30,3,2,136.66,out,T20I # 98
Pakistan Vs Netherlands,Pakistan,2,Salman Butt,18,13,2,1,138.46,out,T20I # 98
Pakistan Vs Netherlands,Pakistan,3,Shoaib Malik,30,28,2,0,107.14,out,T20I # 98
Pakistan Vs Netherlands,Pakistan,4,Younis Khan,36,20,0,3,180.00,out,T20I # 98
Pakistan Vs Netherlands,Pakistan,5,Misbah-ul-Haq,31,20,3,0,155.00,not_out,T20I # 98
Pakistan Vs Netherlands,Pakistan,6,Shahid Afridi,13,7,0,1,185.71,out,T20I # 98
Pakistan Vs Netherlands,Pakistan,7,Fawad Alam,3,2,0,0,150.00,not_out,T20I # 98
Pakistan Vs Netherlands,Netherlands,1,Darron Reekers,13,6,3,0,216.66,out,T20I # 98
Pakistan Vs Netherlands,Netherlands,2,Alexei Kervezee,21,29,1,0,72.41,out,T20I # 98
Pakistan Vs Netherlands,Netherlands,3,Bas Zuiderent,13,15,2,0,86.66,out,T20I # 98
Pakistan Vs Netherlands,Netherlands,4,Peter Borren,2,4,0,0,50.00,out,T20I # 98
Pakistan Vs Netherlands,Netherlands,5,Ryan ten Doeschate,14,10,0,1,140.00,out,T20I # 98
Pakistan Vs Netherlands,Netherlands,6,Tom de Grooth,4,7,0,0,57.14,out,T20I # 98
Pakistan Vs Netherlands,Netherlands,7,Daan van Bunge,0,2,0,0,0.00,out,T20I # 98
Pakistan Vs Netherlands,Netherlands,8,Edgar Schiferli,2,6,0,0,33.33,out,T20I # 98
Pakistan Vs Netherlands,Netherlands,9,Jeroen Smits,11,17,0,0,64.70,not_out,T20I # 98
Pakistan Vs Netherlands,Netherlands,10,Dirk Nannes,6,7,0,0,85.71,out,T20I # 98
Pakistan Vs Netherlands,Netherlands,11,Pieter Seelaar,1,2,0,0,50.00,out,T20I # 98
South Africa Vs New Zealand,South Africa,1,Jacques Kallis,24,23,2,1,104.34,out,T20I # 99
South Africa Vs New Zealand,South Africa,2,Graeme Smith,33,35,4,0,94.28,out,T20I # 99
South Africa Vs New Zealand,South Africa,3,Herschelle Gibbs,3,7,0,0,42.85,out,T20I # 99
South Africa Vs New Zealand,South Africa,4,Roelof van der Merwe,0,6,0,0,0.00,out,T20I # 99
South Africa Vs New Zealand,South Africa,5,Jean-Paul Duminy,29,23,1,2,126.08,out,T20I # 99
South Africa Vs New Zealand,South Africa,6,AB de Villiers,15,8,2,0,187.50,out,T20I # 99
South Africa Vs New Zealand,South Africa,7,Mark Boucher,6,6,0,0,100.00,out,T20I # 99
South Africa Vs New Zealand,South Africa,8,Albie Morkel,10,10,0,0,100.00,not_out,T20I # 99
South Africa Vs New Zealand,South Africa,9,Johan Botha,2,2,0,0,100.00,not_out,T20I # 99
South Africa Vs New Zealand,New Zealand,1,Brendon McCullum,57,54,6,0,105.55,out,T20I # 99
South Africa Vs New Zealand,New Zealand,2,Martin Guptill,6,5,1,0,120.00,out,T20I # 99
South Africa Vs New Zealand,New Zealand,3,Neil Broom,1,5,0,0,20.00,out,T20I # 99
South Africa Vs New Zealand,New Zealand,4,Ross Taylor,22,31,2,0,70.96,out,T20I # 99
South Africa Vs New Zealand,New Zealand,5,Jacob Oram,24,18,2,0,133.33,out,T20I # 99
South Africa Vs New Zealand,New Zealand,6,Scott Styris,7,7,0,0,100.00,not_out,T20I # 99
Sri Lanka Vs West Indies,Sri Lanka,1,Tillakaratne Dilshan,74,47,11,1,157.44,out,T20I # 100
Sri Lanka Vs West Indies,Sri Lanka,2,Sanath Jayasuriya,81,47,10,3,172.34,out,T20I # 100
Sri Lanka Vs West Indies,Sri Lanka,3,Kumar Sangakkara,5,6,0,0,83.33,out,T20I # 100
Sri Lanka Vs West Indies,Sri Lanka,4,Mahela Jayawardene,4,7,0,0,57.14,out,T20I # 100
Sri Lanka Vs West Indies,Sri Lanka,5,Jehan Mubarak,8,5,1,0,160.00,not_out,T20I # 100
Sri Lanka Vs West Indies,Sri Lanka,6,Chamara Silva,7,7,1,0,100.00,out,T20I # 100
Sri Lanka Vs West Indies,Sri Lanka,7,Angelo Mathews,3,2,0,0,150.00,not_out,T20I # 100
Sri Lanka Vs West Indies,West Indies,1,Lendl Simmons,29,19,5,0,152.63,out,T20I # 100
Sri Lanka Vs West Indies,West Indies,2,Andre Fletcher,13,11,1,1,118.18,out,T20I # 100
Sri Lanka Vs West Indies,West Indies,3,Xavier Marshall,14,11,1,0,127.27,out,T20I # 100
Sri Lanka Vs West Indies,West Indies,4,Shivnarine Chanderpaul,1,5,0,0,20.00,out,T20I # 100
Sri Lanka Vs West Indies,West Indies,5,Ramnaresh Sarwan,28,26,0,0,107.69,not_out,T20I # 100
Sri Lanka Vs West Indies,West Indies,6,Dwayne Bravo,51,38,5,2,134.21,out,T20I # 100
Sri Lanka Vs West Indies,West Indies,7,Kieron Pollard,19,11,3,0,172.72,not_out,T20I # 100
Ireland Vs India,Ireland,1,William Porterfield,5,8,0,0,62.50,out,T20I # 101
Ireland Vs India,Ireland,2,Jeremy Bray,0,7,0,0,0.00,out,T20I # 101
Ireland Vs India,Ireland,3,Gary Wilson,19,23,1,0,82.60,out,T20I # 101
Ireland Vs India,Ireland,4,Andre Botha,8,5,1,0,160.00,out,T20I # 101
Ireland Vs India,Ireland,5,Kevin O'Brien,2,4,0,0,50.00,out,T20I # 101
Ireland Vs India,Ireland,6,John Mooney,19,22,1,0,86.36,out,T20I # 101
Ireland Vs India,Ireland,7,Andrew White,29,25,3,1,116.00,out,T20I # 101
Ireland Vs India,Ireland,8,Regan West,1,1,0,0,100.00,out,T20I # 101
Ireland Vs India,Ireland,9,Alex Cusack,12,6,2,0,200.00,not_out,T20I # 101
Ireland Vs India,Ireland,10,Kyle McCallan,9,7,1,0,128.57,not_out,T20I # 101
Ireland Vs India,India,1,Gautam Gambhir,37,31,3,1,119.35,out,T20I # 101
Ireland Vs India,India,2,Rohit Sharma,52,45,4,1,115.55,not_out,T20I # 101
Ireland Vs India,India,3,MS Dhoni,14,13,1,0,107.69,out,T20I # 101
Ireland Vs India,India,4,Yuvraj Singh,3,4,0,0,75.00,not_out,T20I # 101
New Zealand Vs Ireland,New Zealand,1,Brendon McCullum,10,14,0,1,71.42,out,T20I # 102
New Zealand Vs Ireland,New Zealand,2,Aaron Redmond,63,30,13,0,210.00,out,T20I # 102
New Zealand Vs Ireland,New Zealand,3,Martin Guptill,45,32,0,4,140.62,not_out,T20I # 102
New Zealand Vs Ireland,New Zealand,4,Scott Styris,42,25,1,3,168.00,out,T20I # 102
New Zealand Vs Ireland,New Zealand,5,Jacob Oram,15,7,1,1,214.28,out,T20I # 102
New Zealand Vs Ireland,New Zealand,6,Peter McGlashan,5,5,0,0,100.00,out,T20I # 102
New Zealand Vs Ireland,New Zealand,7,James Franklin,7,7,0,0,100.00,not_out,T20I # 102
New Zealand Vs Ireland,Ireland,1,William Porterfield,1,1,0,0,100.00,out,T20I # 102
New Zealand Vs Ireland,Ireland,2,Gary Wilson,23,28,2,0,82.14,out,T20I # 102
New Zealand Vs Ireland,Ireland,3,Niall O'Brien,3,4,0,0,75.00,out,T20I # 102
New Zealand Vs Ireland,Ireland,4,Andre Botha,28,17,5,0,164.70,out,T20I # 102
New Zealand Vs Ireland,Ireland,5,Kevin O'Brien,2,3,0,0,66.66,out,T20I # 102
New Zealand Vs Ireland,Ireland,6,John Mooney,12,14,1,0,85.71,out,T20I # 102
New Zealand Vs Ireland,Ireland,7,Alex Cusack,20,12,1,1,166.66,out,T20I # 102
New Zealand Vs Ireland,Ireland,8,Trent Johnston,14,9,0,1,155.55,out,T20I # 102
New Zealand Vs Ireland,Ireland,9,Kyle McCallan,0,2,0,0,0.00,out,T20I # 102
New Zealand Vs Ireland,Ireland,10,Regan West,8,8,1,0,100.00,out,T20I # 102
New Zealand Vs Ireland,Ireland,11,Peter Connell,1,2,0,0,50.00,not_out,T20I # 102
England Vs South Africa,England,1,Ravi Bopara,2,5,0,0,40.00,out,T20I # 103
England Vs South Africa,England,2,Luke Wright,1,6,0,0,16.66,out,T20I # 103
England Vs South Africa,England,3,Kevin Pietersen,19,17,4,0,111.76,out,T20I # 103
England Vs South Africa,England,4,Owais Shah,38,33,3,2,115.15,out,T20I # 103
England Vs South Africa,England,5,Paul Collingwood,19,19,2,0,100.00,out,T20I # 103
England Vs South Africa,England,6,James Foster,1,4,0,0,25.00,out,T20I # 103
England Vs South Africa,England,7,Dimitri Mascarenhas,1,3,0,0,33.33,out,T20I # 103
England Vs South Africa,England,8,Graeme Swann,5,6,0,0,83.33,out,T20I # 103
England Vs South Africa,England,9,Stuart Broad,9,8,1,0,112.50,out,T20I # 103
England Vs South Africa,England,10,Adil Rashid,9,17,0,0,52.94,not_out,T20I # 103
England Vs South Africa,England,11,James Anderson,0,1,0,0,0.00,out,T20I # 103
England Vs South Africa,South Africa,1,Graeme Smith,11,15,2,0,73.33,out,T20I # 103
England Vs South Africa,South Africa,2,Jacques Kallis,57,49,5,1,116.32,not_out,T20I # 103
England Vs South Africa,South Africa,3,Herschelle Gibbs,30,30,2,1,100.00,out,T20I # 103
England Vs South Africa,South Africa,4,AB de Villiers,11,12,0,0,91.66,out,T20I # 103
England Vs South Africa,South Africa,5,Jean-Paul Duminy,2,4,0,0,50.00,not_out,T20I # 103
Sri Lanka Vs Pakistan,Sri Lanka,1,Tillakaratne Dilshan,46,39,8,0,117.94,out,T20I # 104
Sri Lanka Vs Pakistan,Sri Lanka,2,Sanath Jayasuriya,26,24,2,1,108.33,out,T20I # 104
Sri Lanka Vs Pakistan,Sri Lanka,3,Kumar Sangakkara,15,16,1,0,93.75,out,T20I # 104
Sri Lanka Vs Pakistan,Sri Lanka,4,Mahela Jayawardene,19,18,2,0,105.55,out,T20I # 104
Sri Lanka Vs Pakistan,Sri Lanka,5,Chamara Silva,8,6,1,0,133.33,out,T20I # 104
Sri Lanka Vs Pakistan,Sri Lanka,6,Jehan Mubarak,5,10,0,0,50.00,out,T20I # 104
Sri Lanka Vs Pakistan,Sri Lanka,7,Angelo Mathews,9,8,1,0,112.50,not_out,T20I # 104
Sri Lanka Vs Pakistan,Sri Lanka,8,Nuwan Kulasekara,0,1,0,0,0.00,out,T20I # 104
Sri Lanka Vs Pakistan,Sri Lanka,9,Lasith Malinga,2,1,0,0,200.00,not_out,T20I # 104
Sri Lanka Vs Pakistan,Pakistan,1,Salman Butt,0,3,0,0,0.00,out,T20I # 104
Sri Lanka Vs Pakistan,Pakistan,2,Kamran Akmal,5,9,0,0,55.55,out,T20I # 104
Sri Lanka Vs Pakistan,Pakistan,3,Shoaib Malik,28,20,5,0,140.00,out,T20I # 104
Sri Lanka Vs Pakistan,Pakistan,4,Younis Khan,50,37,4,0,135.13,out,T20I # 104
Sri Lanka Vs Pakistan,Pakistan,5,Misbah-ul-Haq,21,28,0,0,75.00,out,T20I # 104
Sri Lanka Vs Pakistan,Pakistan,6,Shahid Afridi,0,1,0,0,0.00,out,T20I # 104
Sri Lanka Vs Pakistan,Pakistan,7,Fawad Alam,12,11,1,0,109.09,out,T20I # 104
Sri Lanka Vs Pakistan,Pakistan,8,Sohail Tanvir,3,7,0,0,42.85,out,T20I # 104
Sri Lanka Vs Pakistan,Pakistan,9,Umar Gul,9,4,0,1,225.00,not_out,T20I # 104
Sri Lanka Vs Pakistan,Pakistan,10,Mohammad Amir,0,0,0,0,-,out,T20I # 104
Sri Lanka Vs Pakistan,Pakistan,11,Saeed Ajmal,0,0,0,0,-,not_out,T20I # 104
India Vs West Indies,India,1,Gautam Gambhir,14,13,2,0,107.69,out,T20I # 105
India Vs West Indies,India,2,Rohit Sharma,5,3,1,0,166.66,out,T20I # 105
India Vs West Indies,India,3,Suresh Raina,5,8,0,0,62.50,out,T20I # 105
India Vs West Indies,India,4,Yuvraj Singh,67,43,6,2,155.81,out,T20I # 105
India Vs West Indies,India,5,MS Dhoni,11,23,0,0,47.82,out,T20I # 105
India Vs West Indies,India,6,Yusuf Pathan,31,23,3,1,134.78,out,T20I # 105
India Vs West Indies,India,7,Irfan Pathan,2,3,0,0,66.66,out,T20I # 105
India Vs West Indies,India,8,Harbhajan Singh,13,4,3,0,325.00,not_out,T20I # 105
India Vs West Indies,India,9,Zaheer Khan,0,0,0,0,-,not_out,T20I # 105
India Vs West Indies,West Indies,1,Chris Gayle,22,28,4,0,78.57,out,T20I # 105
India Vs West Indies,West Indies,2,Andre Fletcher,0,2,0,0,0.00,out,T20I # 105
India Vs West Indies,West Indies,3,Lendl Simmons,44,37,5,0,118.91,out,T20I # 105
India Vs West Indies,West Indies,4,Dwayne Bravo,66,36,4,3,183.33,not_out,T20I # 105
India Vs West Indies,West Indies,5,Shivnarine Chanderpaul,18,9,3,0,200.00,not_out,T20I # 105
South Africa Vs West Indies,South Africa,1,Jacques Kallis,45,31,6,1,145.16,out,T20I # 106
South Africa Vs West Indies,South Africa,2,Graeme Smith,31,18,6,0,172.22,out,T20I # 106
South Africa Vs West Indies,South Africa,3,Herschelle Gibbs,55,35,8,1,157.14,out,T20I # 106
South Africa Vs West Indies,South Africa,4,AB de Villiers,17,10,2,0,170.00,out,T20I # 106
South Africa Vs West Indies,South Africa,5,Albie Morkel,10,8,2,0,125.00,out,T20I # 106
South Africa Vs West Indies,South Africa,6,Mark Boucher,17,12,0,1,141.66,not_out,T20I # 106
South Africa Vs West Indies,South Africa,7,Jean-Paul Duminy,0,1,0,0,0.00,out,T20I # 106
South Africa Vs West Indies,South Africa,8,Roelof van der Merwe,1,3,0,0,33.33,out,T20I # 106
South Africa Vs West Indies,South Africa,9,Johan Botha,4,2,0,0,200.00,not_out,T20I # 106
South Africa Vs West Indies,West Indies,1,Chris Gayle,5,8,0,0,62.50,out,T20I # 106
South Africa Vs West Indies,West Indies,2,Andre Fletcher,0,5,0,0,0.00,out,T20I # 106
South Africa Vs West Indies,West Indies,3,Lendl Simmons,77,50,12,1,154.00,out,T20I # 106
South Africa Vs West Indies,West Indies,4,Dwayne Bravo,19,17,2,0,111.76,out,T20I # 106
South Africa Vs West Indies,West Indies,5,Shivnarine Chanderpaul,8,7,1,0,114.28,out,T20I # 106
South Africa Vs West Indies,West Indies,6,Ramnaresh Sarwan,8,11,0,0,72.72,out,T20I # 106
South Africa Vs West Indies,West Indies,7,Kieron Pollard,6,4,1,0,150.00,out,T20I # 106
South Africa Vs West Indies,West Indies,8,Denesh Ramdin,8,7,1,0,114.28,out,T20I # 106
South Africa Vs West Indies,West Indies,9,Jerome Taylor,0,1,0,0,0.00,out,T20I # 106
South Africa Vs West Indies,West Indies,10,Sulieman Benn,13,9,2,0,144.44,not_out,T20I # 106
South Africa Vs West Indies,West Indies,11,Fidel Edwards,2,2,0,0,100.00,not_out,T20I # 106
New Zealand Vs Pakistan,New Zealand,1,Brendon McCullum,12,6,2,0,200.00,out,T20I # 107
New Zealand Vs Pakistan,New Zealand,2,Aaron Redmond,15,14,2,0,107.14,out,T20I # 107
New Zealand Vs Pakistan,New Zealand,3,Martin Guptill,8,8,1,0,100.00,out,T20I # 107
New Zealand Vs Pakistan,New Zealand,4,Scott Styris,22,29,0,1,75.86,out,T20I # 107
New Zealand Vs Pakistan,New Zealand,5,Jacob Oram,5,11,0,0,45.45,out,T20I # 107
New Zealand Vs Pakistan,New Zealand,6,Peter McGlashan,8,8,1,0,100.00,out,T20I # 107
New Zealand Vs Pakistan,New Zealand,7,Nathan McCullum,7,11,1,0,63.63,out,T20I # 107
New Zealand Vs Pakistan,New Zealand,8,James Franklin,7,13,0,0,53.84,out,T20I # 107
New Zealand Vs Pakistan,New Zealand,9,Daniel Vettori,8,9,1,0,88.88,out,T20I # 107
New Zealand Vs Pakistan,New Zealand,10,Kyle Mills,0,1,0,0,0.00,out,T20I # 107
New Zealand Vs Pakistan,New Zealand,11,Ian Butler,1,1,0,0,100.00,not_out,T20I # 107
New Zealand Vs Pakistan,Pakistan,1,Kamran Akmal,19,14,1,1,135.71,out,T20I # 107
New Zealand Vs Pakistan,Pakistan,2,Shahzaib Hasan,35,28,4,2,125.00,out,T20I # 107
New Zealand Vs Pakistan,Pakistan,3,Abdul Razzaq,5,8,0,0,62.50,out,T20I # 107
New Zealand Vs Pakistan,Pakistan,4,Shoaib Malik,4,3,1,0,133.33,out,T20I # 107
New Zealand Vs Pakistan,Pakistan,5,Shahid Afridi,29,18,3,0,161.11,not_out,T20I # 107
New Zealand Vs Pakistan,Pakistan,6,Younis Khan,6,9,0,0,66.66,not_out,T20I # 107
Sri Lanka Vs Ireland,Sri Lanka,1,Tillakaratne Dilshan,0,2,0,0,0.00,out,T20I # 108
Sri Lanka Vs Ireland,Sri Lanka,2,Sanath Jayasuriya,27,27,5,0,100.00,out,T20I # 108
Sri Lanka Vs Ireland,Sri Lanka,3,Kumar Sangakkara,3,10,0,0,30.00,out,T20I # 108
Sri Lanka Vs Ireland,Sri Lanka,4,Mahela Jayawardene,78,53,9,1,147.16,out,T20I # 108
Sri Lanka Vs Ireland,Sri Lanka,5,Chamara Silva,4,6,0,0,66.66,out,T20I # 108
Sri Lanka Vs Ireland,Sri Lanka,6,Jehan Mubarak,7,9,0,0,77.77,out,T20I # 108
Sri Lanka Vs Ireland,Sri Lanka,7,Angelo Mathews,10,7,1,0,142.85,out,T20I # 108
Sri Lanka Vs Ireland,Sri Lanka,8,Nuwan Kulasekara,1,2,0,0,50.00,out,T20I # 108
Sri Lanka Vs Ireland,Sri Lanka,9,Muthiah Muralidaran,0,1,0,0,0.00,out,T20I # 108
Sri Lanka Vs Ireland,Sri Lanka,10,Lasith Malinga,1,2,0,0,50.00,not_out,T20I # 108
Sri Lanka Vs Ireland,Sri Lanka,11,Ajantha Mendis,4,1,1,0,400.00,not_out,T20I # 108
Sri Lanka Vs Ireland,Ireland,1,William Porterfield,31,29,5,0,106.89,out,T20I # 108
Sri Lanka Vs Ireland,Ireland,2,Niall O'Brien,31,37,4,0,83.78,out,T20I # 108
Sri Lanka Vs Ireland,Ireland,3,Andrew White,22,21,1,1,104.76,out,T20I # 108
Sri Lanka Vs Ireland,Ireland,4,Kevin O'Brien,0,2,0,0,0.00,out,T20I # 108
Sri Lanka Vs Ireland,Ireland,5,John Mooney,31,21,4,0,147.61,not_out,T20I # 108
Sri Lanka Vs Ireland,Ireland,6,Trent Johnston,9,6,0,1,150.00,out,T20I # 108
Sri Lanka Vs Ireland,Ireland,7,Andre Botha,0,1,0,0,0.00,out,T20I # 108
Sri Lanka Vs Ireland,Ireland,8,Alex Cusack,2,3,0,0,66.66,out,T20I # 108
Sri Lanka Vs Ireland,Ireland,9,Regan West,1,1,0,0,100.00,not_out,T20I # 108
England Vs India,England,1,Ravi Bopara,37,37,3,1,100.00,out,T20I # 109
England Vs India,England,2,Luke Wright,1,7,0,0,14.28,out,T20I # 109
England Vs India,England,3,Kevin Pietersen,46,27,5,1,170.37,out,T20I # 109
England Vs India,England,4,Dimitri Mascarenhas,25,27,2,0,92.59,not_out,T20I # 109
England Vs India,England,5,Owais Shah,12,10,1,0,120.00,out,T20I # 109
England Vs India,England,6,Paul Collingwood,7,5,1,0,140.00,out,T20I # 109
England Vs India,England,7,James Foster,6,5,0,0,120.00,out,T20I # 109
England Vs India,England,8,Graeme Swann,0,1,0,0,0.00,out,T20I # 109
England Vs India,England,9,Stuart Broad,3,1,0,0,300.00,not_out,T20I # 109
England Vs India,India,1,Gautam Gambhir,26,26,4,0,100.00,out,T20I # 109
England Vs India,India,2,Rohit Sharma,9,8,1,0,112.50,out,T20I # 109
England Vs India,India,3,Suresh Raina,2,5,0,0,40.00,out,T20I # 109
England Vs India,India,4,Ravindra Jadeja,25,35,1,0,71.42,out,T20I # 109
England Vs India,India,5,Yuvraj Singh,17,9,0,2,188.88,out,T20I # 109
England Vs India,India,6,MS Dhoni,30,20,3,0,150.00,not_out,T20I # 109
England Vs India,India,7,Yusuf Pathan,33,17,1,2,194.11,not_out,T20I # 109
Pakistan Vs Ireland,Pakistan,1,Kamran Akmal,57,51,5,1,111.76,out,T20I # 110
Pakistan Vs Ireland,Pakistan,2,Shahzaib Hasan,23,19,3,1,121.05,out,T20I # 110
Pakistan Vs Ireland,Pakistan,3,Shahid Afridi,24,13,3,0,184.61,out,T20I # 110
Pakistan Vs Ireland,Pakistan,4,Younis Khan,10,8,1,0,125.00,out,T20I # 110
Pakistan Vs Ireland,Pakistan,5,Misbah-ul-Haq,20,14,1,1,142.85,out,T20I # 110
Pakistan Vs Ireland,Pakistan,6,Abdul Razzaq,15,9,0,1,166.66,not_out,T20I # 110
Pakistan Vs Ireland,Pakistan,7,Shoaib Malik,4,7,0,0,57.14,not_out,T20I # 110
Pakistan Vs Ireland,Ireland,1,William Porterfield,40,36,2,0,111.11,out,T20I # 110
Pakistan Vs Ireland,Ireland,2,Niall O'Brien,7,10,1,0,70.00,out,T20I # 110
Pakistan Vs Ireland,Ireland,3,Paul Stirling,17,16,2,0,106.25,out,T20I # 110
Pakistan Vs Ireland,Ireland,4,Kevin O'Brien,26,30,1,0,86.66,out,T20I # 110
Pakistan Vs Ireland,Ireland,5,John Mooney,2,8,0,0,25.00,out,T20I # 110
Pakistan Vs Ireland,Ireland,6,Trent Johnston,0,1,0,0,0.00,out,T20I # 110
Pakistan Vs Ireland,Ireland,7,Andrew White,5,7,0,0,71.42,out,T20I # 110
Pakistan Vs Ireland,Ireland,8,Alex Cusack,2,2,0,0,100.00,out,T20I # 110
Pakistan Vs Ireland,Ireland,9,Kyle McCallan,2,6,0,0,33.33,not_out,T20I # 110
Pakistan Vs Ireland,Ireland,10,Regan West,1,1,0,0,100.00,out,T20I # 110
Pakistan Vs Ireland,Ireland,11,Boyd Rankin,5,5,0,0,100.00,not_out,T20I # 110
England Vs West Indies,England,1,Ravi Bopara,55,47,5,0,117.02,out,T20I # 111
England Vs West Indies,England,2,Luke Wright,6,6,1,0,100.00,out,T20I # 111
England Vs West Indies,England,3,Kevin Pietersen,31,19,5,0,163.15,out,T20I # 111
England Vs West Indies,England,4,Owais Shah,18,15,1,1,120.00,out,T20I # 111
England Vs West Indies,England,5,Paul Collingwood,11,10,0,0,110.00,out,T20I # 111
England Vs West Indies,England,6,James Foster,13,12,0,0,108.33,out,T20I # 111
England Vs West Indies,England,7,Graeme Swann,10,9,0,0,111.11,not_out,T20I # 111
England Vs West Indies,England,8,Stuart Broad,10,2,1,1,500.00,not_out,T20I # 111
England Vs West Indies,West Indies,1,Chris Gayle,15,8,3,0,187.50,out,T20I # 111
England Vs West Indies,West Indies,2,Andre Fletcher,0,3,0,0,0.00,out,T20I # 111
England Vs West Indies,West Indies,3,Lendl Simmons,0,1,0,0,0.00,out,T20I # 111
England Vs West Indies,West Indies,4,Dwayne Bravo,18,13,1,1,138.46,out,T20I # 111
England Vs West Indies,West Indies,5,Kieron Pollard,9,6,0,1,150.00,out,T20I # 111
England Vs West Indies,West Indies,6,Shivnarine Chanderpaul,17,10,1,0,170.00,not_out,T20I # 111
England Vs West Indies,West Indies,7,Ramnaresh Sarwan,19,9,3,0,211.11,not_out,T20I # 111
Sri Lanka Vs New Zealand,Sri Lanka,1,Tillakaratne Dilshan,48,37,5,0,129.72,out,T20I # 112
Sri Lanka Vs New Zealand,Sri Lanka,2,Sanath Jayasuriya,0,1,0,0,0.00,out,T20I # 112
Sri Lanka Vs New Zealand,Sri Lanka,3,Chamara Silva,13,10,2,0,130.00,out,T20I # 112
Sri Lanka Vs New Zealand,Sri Lanka,4,Kumar Sangakkara,35,35,3,0,100.00,out,T20I # 112
Sri Lanka Vs New Zealand,Sri Lanka,5,Mahela Jayawardene,41,29,6,1,141.37,not_out,T20I # 112
Sri Lanka Vs New Zealand,Sri Lanka,6,Jehan Mubarak,8,5,1,0,160.00,out,T20I # 112
Sri Lanka Vs New Zealand,Sri Lanka,7,Angelo Mathews,6,4,0,0,150.00,not_out,T20I # 112
Sri Lanka Vs New Zealand,New Zealand,1,Brendon McCullum,10,12,2,0,83.33,out,T20I # 112
Sri Lanka Vs New Zealand,New Zealand,2,Aaron Redmond,23,13,3,1,176.92,out,T20I # 112
Sri Lanka Vs New Zealand,New Zealand,3,Martin Guptill,43,34,4,1,126.47,out,T20I # 112
Sri Lanka Vs New Zealand,New Zealand,4,Ross Taylor,8,8,1,0,100.00,out,T20I # 112
Sri Lanka Vs New Zealand,New Zealand,5,Scott Styris,2,3,0,0,66.66,out,T20I # 112
Sri Lanka Vs New Zealand,New Zealand,6,Jacob Oram,7,12,0,0,58.33,out,T20I # 112
Sri Lanka Vs New Zealand,New Zealand,7,Peter McGlashan,2,3,0,0,66.66,out,T20I # 112
Sri Lanka Vs New Zealand,New Zealand,8,Nathan McCullum,2,4,0,0,50.00,out,T20I # 112
Sri Lanka Vs New Zealand,New Zealand,9,Daniel Vettori,3,5,0,0,60.00,out,T20I # 112
Sri Lanka Vs New Zealand,New Zealand,10,Kyle Mills,4,6,1,0,66.66,out,T20I # 112
Sri Lanka Vs New Zealand,New Zealand,11,Ian Butler,2,2,0,0,100.00,not_out,T20I # 112
South Africa Vs India,South Africa,1,Graeme Smith,26,26,2,0,100.00,out,T20I # 113
South Africa Vs India,South Africa,2,Herschelle Gibbs,5,3,1,0,166.66,out,T20I # 113
South Africa Vs India,South Africa,3,AB de Villiers,63,51,7,0,123.52,out,T20I # 113
South Africa Vs India,South Africa,4,Jean-Paul Duminy,10,15,0,0,66.66,out,T20I # 113
South Africa Vs India,South Africa,5,Mark Boucher,11,15,1,0,73.33,out,T20I # 113
South Africa Vs India,South Africa,6,Albie Morkel,8,8,1,0,100.00,not_out,T20I # 113
South Africa Vs India,South Africa,7,Johan Botha,4,2,1,0,200.00,not_out,T20I # 113
South Africa Vs India,India,1,Gautam Gambhir,21,19,3,0,110.52,out,T20I # 113
South Africa Vs India,India,2,Rohit Sharma,29,28,3,0,103.57,out,T20I # 113
South Africa Vs India,India,3,Suresh Raina,3,8,0,0,37.50,out,T20I # 113
South Africa Vs India,India,4,Yuvraj Singh,25,25,1,1,100.00,out,T20I # 113
South Africa Vs India,India,5,MS Dhoni,5,12,0,0,41.66,out,T20I # 113
South Africa Vs India,India,6,Yusuf Pathan,0,2,0,0,0.00,out,T20I # 113
South Africa Vs India,India,7,Harbhajan Singh,14,15,1,1,93.33,out,T20I # 113
South Africa Vs India,India,8,Ravindra Jadeja,7,6,0,0,116.66,not_out,T20I # 113
South Africa Vs India,India,9,Zaheer Khan,4,3,0,0,133.33,out,T20I # 113
South Africa Vs India,India,10,RP Singh,2,2,0,0,100.00,not_out,T20I # 113
Pakistan Vs South Africa,Pakistan,1,Kamran Akmal,23,12,4,1,191.66,out,T20I # 114
Pakistan Vs South Africa,Pakistan,2,Shahzaib Hasan,0,2,0,0,0.00,out,T20I # 114
Pakistan Vs South Africa,Pakistan,3,Shahid Afridi,51,34,8,0,150.00,out,T20I # 114
Pakistan Vs South Africa,Pakistan,4,Shoaib Malik,34,39,2,0,87.17,out,T20I # 114
Pakistan Vs South Africa,Pakistan,5,Younis Khan,24,18,1,0,133.33,not_out,T20I # 114
Pakistan Vs South Africa,Pakistan,6,Abdul Razzaq,12,15,0,0,80.00,not_out,T20I # 114
Pakistan Vs South Africa,South Africa,1,Jacques Kallis,64,54,7,1,118.51,out,T20I # 114
Pakistan Vs South Africa,South Africa,2,Graeme Smith,10,14,1,0,71.42,out,T20I # 114
Pakistan Vs South Africa,South Africa,3,Herschelle Gibbs,5,4,1,0,125.00,out,T20I # 114
Pakistan Vs South Africa,South Africa,4,AB de Villiers,1,5,0,0,20.00,out,T20I # 114
Pakistan Vs South Africa,South Africa,5,Jean-Paul Duminy,44,39,3,1,112.82,not_out,T20I # 114
Pakistan Vs South Africa,South Africa,6,Albie Morkel,2,4,0,0,50.00,out,T20I # 114
Pakistan Vs South Africa,South Africa,7,Mark Boucher,0,0,0,0,-,not_out,T20I # 114
Sri Lanka Vs West Indies,Sri Lanka,1,Tillakaratne Dilshan,96,57,12,2,168.42,not_out,T20I # 115
Sri Lanka Vs West Indies,Sri Lanka,2,Sanath Jayasuriya,24,37,3,0,64.86,out,T20I # 115
Sri Lanka Vs West Indies,Sri Lanka,3,Kumar Sangakkara,0,2,0,0,0.00,out,T20I # 115
Sri Lanka Vs West Indies,Sri Lanka,4,Mahela Jayawardene,2,3,0,0,66.66,out,T20I # 115
Sri Lanka Vs West Indies,Sri Lanka,5,Chamara Silva,11,12,2,0,91.66,out,T20I # 115
Sri Lanka Vs West Indies,Sri Lanka,6,Jehan Mubarak,7,5,1,0,140.00,out,T20I # 115
Sri Lanka Vs West Indies,Sri Lanka,7,Angelo Mathews,12,4,1,1,300.00,not_out,T20I # 115
Sri Lanka Vs West Indies,West Indies,1,Chris Gayle,63,50,8,2,126.00,not_out,T20I # 115
Sri Lanka Vs West Indies,West Indies,2,Xavier Marshall,0,1,0,0,0.00,out,T20I # 115
Sri Lanka Vs West Indies,West Indies,3,Lendl Simmons,0,2,0,0,0.00,out,T20I # 115
Sri Lanka Vs West Indies,West Indies,4,Dwayne Bravo,0,2,0,0,0.00,out,T20I # 115
Sri Lanka Vs West Indies,West Indies,5,Shivnarine Chanderpaul,7,15,0,0,46.66,out,T20I # 115
Sri Lanka Vs West Indies,West Indies,6,Ramnaresh Sarwan,5,12,0,0,41.66,out,T20I # 115
Sri Lanka Vs West Indies,West Indies,7,Kieron Pollard,3,10,0,0,30.00,out,T20I # 115
Sri Lanka Vs West Indies,West Indies,8,Denesh Ramdin,9,5,2,0,180.00,out,T20I # 115
Sri Lanka Vs West Indies,West Indies,9,Jerome Taylor,2,2,0,0,100.00,out,T20I # 115
Sri Lanka Vs West Indies,West Indies,10,Daren Sammy,1,4,0,0,25.00,out,T20I # 115
Sri Lanka Vs West Indies,West Indies,11,Sulieman Benn,0,4,0,0,0.00,out,T20I # 115
Sri Lanka Vs Pakistan,Sri Lanka,1,Tillakaratne Dilshan,0,5,0,0,0.00,out,T20I # 116
Sri Lanka Vs Pakistan,Sri Lanka,2,Sanath Jayasuriya,17,10,2,1,170.00,out,T20I # 116
Sri Lanka Vs Pakistan,Sri Lanka,3,Jehan Mubarak,0,2,0,0,0.00,out,T20I # 116
Sri Lanka Vs Pakistan,Sri Lanka,4,Kumar Sangakkara,64,52,7,0,123.07,not_out,T20I # 116
Sri Lanka Vs Pakistan,Sri Lanka,5,Mahela Jayawardene,1,4,0,0,25.00,out,T20I # 116
Sri Lanka Vs Pakistan,Sri Lanka,6,Chamara Silva,14,19,2,0,73.68,out,T20I # 116
Sri Lanka Vs Pakistan,Sri Lanka,7,Isuru Udana,1,5,0,0,20.00,out,T20I # 116
Sri Lanka Vs Pakistan,Sri Lanka,8,Angelo Mathews,35,24,3,1,145.83,not_out,T20I # 116
Sri Lanka Vs Pakistan,Pakistan,1,Kamran Akmal,37,28,2,2,132.14,out,T20I # 116
Sri Lanka Vs Pakistan,Pakistan,2,Shahzaib Hasan,19,23,3,0,82.60,out,T20I # 116
Sri Lanka Vs Pakistan,Pakistan,3,Shahid Afridi,54,40,2,2,135.00,not_out,T20I # 116
Sri Lanka Vs Pakistan,Pakistan,4,Shoaib Malik,24,22,1,0,109.09,not_out,T20I # 116
Bangladesh Vs West Indies,Bangladesh,1,Tamim Iqbal,7,6,1,0,116.66,out,T20I # 117
Bangladesh Vs West Indies,Bangladesh,2,Junaid Siddique,5,6,1,0,83.33,out,T20I # 117
Bangladesh Vs West Indies,Bangladesh,3,Mohammad Ashraful,0,1,0,0,0.00,out,T20I # 117
Bangladesh Vs West Indies,Bangladesh,4,Naeem Islam,27,18,2,2,150.00,out,T20I # 117
Bangladesh Vs West Indies,Bangladesh,5,Shakib Al Hasan,17,16,3,0,106.25,out,T20I # 117
Bangladesh Vs West Indies,Bangladesh,6,Mushfiqur Rahim,3,9,0,0,33.33,out,T20I # 117
Bangladesh Vs West Indies,Bangladesh,7,Mahmudullah,21,27,2,0,77.77,out,T20I # 117
Bangladesh Vs West Indies,Bangladesh,8,Raqibul Hasan,1,4,0,0,25.00,out,T20I # 117
Bangladesh Vs West Indies,Bangladesh,9,Mehrab Hossain jnr,10,17,1,0,58.82,out,T20I # 117
Bangladesh Vs West Indies,Bangladesh,10,Nazmul Hossain,3,12,0,0,25.00,not_out,T20I # 117
Bangladesh Vs West Indies,Bangladesh,11,Rubel Hossain,8,5,1,0,160.00,not_out,T20I # 117
Bangladesh Vs West Indies,West Indies,1,Dale Richards,0,1,0,0,0.00,out,T20I # 117
Bangladesh Vs West Indies,West Indies,2,Andre Fletcher,8,14,1,0,57.14,out,T20I # 117
Bangladesh Vs West Indies,West Indies,3,Devon Smith,37,27,3,2,137.03,out,T20I # 117
Bangladesh Vs West Indies,West Indies,4,Travis Dowlin,37,37,5,0,100.00,not_out,T20I # 117
Bangladesh Vs West Indies,West Indies,5,Floyd Reifer,22,20,2,1,110.00,out,T20I # 117
Bangladesh Vs West Indies,West Indies,6,Daren Sammy,6,2,0,1,300.00,out,T20I # 117
Bangladesh Vs West Indies,West Indies,7,David Bernard,1,1,0,0,100.00,not_out,T20I # 117
Pakistan Vs Sri Lanka,Pakistan,1,Kamran Akmal,0,1,0,0,0.00,out,T20I # 118
Pakistan Vs Sri Lanka,Pakistan,2,Imran Nazir,40,28,5,1,142.85,out,T20I # 118
Pakistan Vs Sri Lanka,Pakistan,3,Shoaib Malik,14,10,3,0,140.00,out,T20I # 118
Pakistan Vs Sri Lanka,Pakistan,4,Shahid Afridi,50,37,4,2,135.13,out,T20I # 118
Pakistan Vs Sri Lanka,Pakistan,5,Umar Akmal,30,20,4,0,150.00,out,T20I # 118
Pakistan Vs Sri Lanka,Pakistan,6,Abdul Razzaq,25,17,3,0,147.05,not_out,T20I # 118
Pakistan Vs Sri Lanka,Pakistan,7,Misbah-ul-Haq,5,7,0,0,71.42,not_out,T20I # 118
Pakistan Vs Sri Lanka,Sri Lanka,1,Mahela Udawatte,11,8,2,0,137.50,out,T20I # 118
Pakistan Vs Sri Lanka,Sri Lanka,2,Sanath Jayasuriya,23,17,1,2,135.29,out,T20I # 118
Pakistan Vs Sri Lanka,Sri Lanka,3,Mahela Jayawardene,12,13,0,1,92.30,out,T20I # 118
Pakistan Vs Sri Lanka,Sri Lanka,4,Kumar Sangakkara,38,31,2,1,122.58,out,T20I # 118
Pakistan Vs Sri Lanka,Sri Lanka,5,Chamara Kapugedera,10,15,0,0,66.66,out,T20I # 118
Pakistan Vs Sri Lanka,Sri Lanka,6,Angelo Mathews,9,9,1,0,100.00,out,T20I # 118
Pakistan Vs Sri Lanka,Sri Lanka,7,Thilina Kandamby,2,3,0,0,66.66,out,T20I # 118
Pakistan Vs Sri Lanka,Sri Lanka,8,Nuwan Kulasekara,1,3,0,0,33.33,out,T20I # 118
Pakistan Vs Sri Lanka,Sri Lanka,9,Muthiah Muralidaran,1,4,0,0,25.00,out,T20I # 118
Pakistan Vs Sri Lanka,Sri Lanka,10,Thilan Thushara,3,6,0,0,50.00,out,T20I # 118
Pakistan Vs Sri Lanka,Sri Lanka,11,Lasith Malinga,0,1,0,0,0.00,not_out,T20I # 118
Australia Vs England,Australia,1,Shane Watson,10,14,0,71.42,33,out,T20I # 119
Australia Vs England,Australia,2,David Warner,26,3,126.92,27,34,out,T20I # 119
Australia Vs England,Australia,3,Michael Clarke,1,0,0,2,0,not_out,T20I # 119
Australia Vs England,Australia,4,David Hussey,0,0.00,36,1,3,out,T20I # 119
Australia Vs England,Australia,5,Cameron White,152.77,11,1,0,137.50,out,T20I # 119
Australia Vs England,Australia,6,Adam Voges,4,0,7.00,5,1,not_out,T20I # 119
Australia Vs England,England,1,Ravi Bopara,1,0,0.00,0,4,out,T20I # 119
Australia Vs England,England,2,Joe Denly,0,0,1,0,3,out,T20I # 119
Australia Vs England,England,3,Jonathan Trott,3.00,5,0,1,1,not_out,T20I # 119
New Zealand Vs Sri Lanka,New Zealand,1,Brendon McCullum,9,9,0,1,100.00,out,T20I # 120
New Zealand Vs Sri Lanka,New Zealand,2,Jesse Ryder,13,14,2,0,92.85,out,T20I # 120
New Zealand Vs Sri Lanka,New Zealand,3,Martin Guptill,29,25,2,1,116.00,out,T20I # 120
New Zealand Vs Sri Lanka,New Zealand,4,Ross Taylor,60,45,5,1,133.33,out,T20I # 120
New Zealand Vs Sri Lanka,New Zealand,5,Jacob Oram,8,13,0,0,61.53,out,T20I # 120
New Zealand Vs Sri Lanka,New Zealand,6,Neil Broom,5,5,0,0,100.00,not_out,T20I # 120
New Zealand Vs Sri Lanka,New Zealand,7,Peter McGlashan,1,1,0,0,100.00,out,T20I # 120
New Zealand Vs Sri Lanka,New Zealand,8,Kyle Mills,7,5,1,0,140.00,out,T20I # 120
New Zealand Vs Sri Lanka,New Zealand,9,Daniel Vettori,0,1,0,0,0.00,out,T20I # 120
New Zealand Vs Sri Lanka,New Zealand,10,Ian Butler,0,2,0,0,0.00,not_out,T20I # 120
New Zealand Vs Sri Lanka,Sri Lanka,1,Tillakaratne Dilshan,57,28,8,2,203.57,out,T20I # 120
New Zealand Vs Sri Lanka,Sri Lanka,2,Sanath Jayasuriya,1,3,0,0,33.33,out,T20I # 120
New Zealand Vs Sri Lanka,Sri Lanka,3,Mahela Jayawardene,3,6,0,0,50.00,out,T20I # 120
New Zealand Vs Sri Lanka,Sri Lanka,4,Kumar Sangakkara,13,9,1,0,144.44,out,T20I # 120
New Zealand Vs Sri Lanka,Sri Lanka,5,Gihan Rupasinghe,15,21,1,0,71.42,out,T20I # 120
New Zealand Vs Sri Lanka,Sri Lanka,6,Chamara Kapugedera,3,7,0,0,42.85,out,T20I # 120
New Zealand Vs Sri Lanka,Sri Lanka,7,Angelo Mathews,21,22,2,0,95.45,out,T20I # 120
New Zealand Vs Sri Lanka,Sri Lanka,8,Nuwan Kulasekara,12,11,0,0,109.09,out,T20I # 120
New Zealand Vs Sri Lanka,Sri Lanka,9,Malinga Bandara,7,9,0,0,77.77,out,T20I # 120
New Zealand Vs Sri Lanka,Sri Lanka,10,Lasith Malinga,4,3,0,0,133.33,not_out,T20I # 120
New Zealand Vs Sri Lanka,Sri Lanka,11,Ajantha Mendis,0,1,0,0,0.00,not_out,T20I # 120
New Zealand Vs Sri Lanka,New Zealand,1,Brendon McCullum,49,34,4,2,144.11,out,T20I # 121
New Zealand Vs Sri Lanka,New Zealand,2,Jesse Ryder,52,37,3,3,140.54,out,T20I # 121
New Zealand Vs Sri Lanka,New Zealand,3,Ross Taylor,16,18,1,0,88.88,out,T20I # 121
New Zealand Vs Sri Lanka,New Zealand,4,Martin Guptill,32,20,2,1,160.00,out,T20I # 121
New Zealand Vs Sri Lanka,New Zealand,5,Jacob Oram,17,12,1,0,141.66,not_out,T20I # 121
New Zealand Vs Sri Lanka,Sri Lanka,1,Tillakaratne Dilshan,1,3,0,0,33.33,out,T20I # 121
New Zealand Vs Sri Lanka,Sri Lanka,2,Sanath Jayasuriya,7,8,1,0,87.50,out,T20I # 121
New Zealand Vs Sri Lanka,Sri Lanka,3,Mahela Udawatte,0,1,0,0,0.00,out,T20I # 121
New Zealand Vs Sri Lanka,Sri Lanka,4,Mahela Jayawardene,41,30,5,1,136.66,out,T20I # 121
New Zealand Vs Sri Lanka,Sri Lanka,5,Kumar Sangakkara,69,50,7,0,138.00,out,T20I # 121
New Zealand Vs Sri Lanka,Sri Lanka,6,Angelo Mathews,1,2,0,0,50.00,out,T20I # 121
New Zealand Vs Sri Lanka,Sri Lanka,7,Gihan Rupasinghe,18,18,1,0,100.00,out,T20I # 121
New Zealand Vs Sri Lanka,Sri Lanka,8,Nuwan Kulasekara,2,4,0,0,50.00,out,T20I # 121
New Zealand Vs Sri Lanka,Sri Lanka,9,Malinga Bandara,4,4,0,0,100.00,not_out,T20I # 121
New Zealand Vs Sri Lanka,Sri Lanka,10,Lasith Malinga,0,0,0,0,-,not_out,T20I # 121
Pakistan Vs New Zealand,Pakistan,1,Imran Nazir,58,38,5,4,152.63,out,T20I # 122
Pakistan Vs New Zealand,Pakistan,2,Kamran Akmal,13,15,2,0,86.66,out,T20I # 122
Pakistan Vs New Zealand,Pakistan,3,Umar Akmal,3,6,0,0,50.00,out,T20I # 122
Pakistan Vs New Zealand,Pakistan,4,Shahid Afridi,24,16,2,1,150.00,out,T20I # 122
Pakistan Vs New Zealand,Pakistan,5,Shoaib Malik,6,7,0,0,85.71,out,T20I # 122
Pakistan Vs New Zealand,Pakistan,6,Fawad Alam,15,14,0,0,107.14,out,T20I # 122
Pakistan Vs New Zealand,Pakistan,7,Abdul Razzaq,26,15,3,1,173.33,not_out,T20I # 122
Pakistan Vs New Zealand,Pakistan,8,Sohail Tanvir,12,8,1,1,150.00,out,T20I # 122
Pakistan Vs New Zealand,Pakistan,9,Mohammad Amir,2,2,0,0,100.00,out,T20I # 122
Pakistan Vs New Zealand,New Zealand,1,Brendon McCullum,19,13,3,0,146.15,out,T20I # 122
Pakistan Vs New Zealand,New Zealand,2,Martin Guptill,8,4,2,0,200.00,out,T20I # 122
Pakistan Vs New Zealand,New Zealand,3,Ross Taylor,5,8,1,0,62.50,out,T20I # 122
Pakistan Vs New Zealand,New Zealand,4,Scott Styris,4,5,1,0,80.00,out,T20I # 122
Pakistan Vs New Zealand,New Zealand,5,BJ Watling,22,36,1,0,61.11,out,T20I # 122
Pakistan Vs New Zealand,New Zealand,6,Neil Broom,14,16,0,1,87.50,out,T20I # 122
Pakistan Vs New Zealand,New Zealand,7,Nathan McCullum,22,21,0,0,104.76,out,T20I # 122
Pakistan Vs New Zealand,New Zealand,8,Ian Butler,1,4,0,0,25.00,out,T20I # 122
Pakistan Vs New Zealand,New Zealand,9,Shane Bond,1,1,0,0,100.00,not_out,T20I # 122
Pakistan Vs New Zealand,New Zealand,10,Tim Southee,6,3,0,1,200.00,out,T20I # 122
Pakistan Vs New Zealand,New Zealand,11,Aaron Redmond,-,-,-,-,-,out,T20I # 122
Pakistan Vs New Zealand,Pakistan,1,Imran Nazir,19,12,3,1,158.33,out,T20I # 123
Pakistan Vs New Zealand,Pakistan,2,Kamran Akmal,26,22,4,1,118.18,out,T20I # 123
Pakistan Vs New Zealand,Pakistan,3,Umar Akmal,56,49,5,1,114.28,not_out,T20I # 123
Pakistan Vs New Zealand,Pakistan,4,Shahid Afridi,22,17,1,1,129.41,out,T20I # 123
Pakistan Vs New Zealand,Pakistan,5,Shoaib Malik,7,7,1,0,100.00,out,T20I # 123
Pakistan Vs New Zealand,Pakistan,6,Abdul Razzaq,0,1,0,0,0.00,out,T20I # 123
Pakistan Vs New Zealand,Pakistan,7,Fawad Alam,17,13,0,1,130.76,not_out,T20I # 123
Pakistan Vs New Zealand,New Zealand,1,Brendon McCullum,47,41,3,1,114.63,out,T20I # 123
Pakistan Vs New Zealand,New Zealand,2,BJ Watling,7,9,1,0,77.77,out,T20I # 123
Pakistan Vs New Zealand,New Zealand,3,Martin Guptill,17,21,3,0,80.95,out,T20I # 123
Pakistan Vs New Zealand,New Zealand,4,Ross Taylor,13,12,0,1,108.33,out,T20I # 123
Pakistan Vs New Zealand,New Zealand,5,Scott Styris,43,33,2,2,130.30,out,T20I # 123
Pakistan Vs New Zealand,New Zealand,6,James Franklin,5,4,0,0,125.00,not_out,T20I # 123
England Vs South Africa,England,1,Joe Denly,0,1,0,0,0.00,out,T20I # 124
England Vs South Africa,England,2,Alastair Cook,11,8,1,0,137.50,out,T20I # 124
England Vs South Africa,England,3,Jonathan Trott,33,25,5,0,132.00,out,T20I # 124
England Vs South Africa,England,4,Paul Collingwood,57,32,3,4,178.12,out,T20I # 124
England Vs South Africa,England,5,Eoin Morgan,85,45,7,5,188.88,not_out,T20I # 124
England Vs South Africa,England,6,Luke Wright,2,5,0,0,40.00,out,T20I # 124
England Vs South Africa,England,7,Matt Prior,0,1,0,0,0.00,out,T20I # 124
England Vs South Africa,England,8,Tim Bresnan,3,3,0,0,100.00,not_out,T20I # 124
England Vs South Africa,South Africa,1,Graeme Smith,41,23,3,4,178.26,out,T20I # 124
England Vs South Africa,South Africa,2,Loots Bosman,58,31,5,4,187.09,out,T20I # 124
England Vs South Africa,South Africa,3,Jean-Paul Duminy,6,5,1,0,120.00,out,T20I # 124
England Vs South Africa,South Africa,4,AB de Villiers,10,10,1,0,100.00,not_out,T20I # 124
England Vs South Africa,South Africa,5,Albie Morkel,9,9,0,1,100.00,not_out,T20I # 124
South Africa Vs England,South Africa,1,Graeme Smith,88,44,8,6,200.00,out,T20I # 125
South Africa Vs England,South Africa,2,Loots Bosman,94,45,5,9,208.88,out,T20I # 125
South Africa Vs England,South Africa,3,Albie Morkel,14,6,2,1,233.33,out,T20I # 125
South Africa Vs England,South Africa,4,Jean-Paul Duminy,2,4,0,0,50.00,out,T20I # 125
South Africa Vs England,South Africa,5,AB de Villiers,24,13,3,1,184.61,out,T20I # 125
South Africa Vs England,South Africa,6,Jacques Kallis,7,5,1,0,140.00,out,T20I # 125
South Africa Vs England,South Africa,7,Heino Kuhn,5,4,0,0,125.00,not_out,T20I # 125
South Africa Vs England,South Africa,8,Ryan McLaren,1,1,0,0,100.00,not_out,T20I # 125
South Africa Vs England,England,1,Joe Denly,14,14,2,0,100.00,out,T20I # 125
South Africa Vs England,England,2,Alastair Cook,26,21,5,0,123.80,out,T20I # 125
South Africa Vs England,England,3,Jonathan Trott,51,40,1,3,127.50,out,T20I # 125
South Africa Vs England,England,4,Kevin Pietersen,29,19,1,2,152.63,out,T20I # 125
South Africa Vs England,England,5,Eoin Morgan,10,7,2,0,142.85,out,T20I # 125
South Africa Vs England,England,6,Luke Wright,12,5,1,1,240.00,out,T20I # 125
South Africa Vs England,England,7,Matt Prior,10,8,1,0,125.00,not_out,T20I # 125
South Africa Vs England,England,8,Tim Bresnan,0,3,0,0,0.00,out,T20I # 125
South Africa Vs England,England,9,Adil Rashid,1,2,0,0,50.00,out,T20I # 125
South Africa Vs England,England,10,Sajid Mahmood,1,1,0,0,100.00,not_out,T20I # 125
Sri Lanka Vs India,Sri Lanka,1,Tillakaratne Dilshan,34,33,0,103.03,26,out,T20I # 126
Sri Lanka Vs India,Sri Lanka,2,Sanath Jayasuriya,20,5,130.00,78,37,out,T20I # 126
Sri Lanka Vs India,Sri Lanka,3,Kumar Sangakkara,11,2,9,6,1,out,T20I # 126
Sri Lanka Vs India,Sri Lanka,4,Mahela Jayawardene,0,150.00,20,7,1,out,T20I # 126
Sri Lanka Vs India,Sri Lanka,5,Chamara Kapugedera,235.00,15,0,2,375.00,out,T20I # 126
Sri Lanka Vs India,Sri Lanka,6,Angelo Mathews,4,0,13.00,5,10,not_out,T20I # 126
Sri Lanka Vs India,India,1,Gautam Gambhir,14,3,185.71,9,12,out,T20I # 126
Sri Lanka Vs India,India,2,Virender Sehwag,0,0,6,8,0,out,T20I # 126
Sri Lanka Vs India,India,3,MS Dhoni,0,75.00,4,0,0,out,T20I # 126
Sri Lanka Vs India,India,4,Yuvraj Singh,75.00,21,1,1,161.53,out,T20I # 126
Sri Lanka Vs India,India,5,Rohit Sharma,0,2,0,0.00,19,out,T20I # 126
Sri Lanka Vs India,India,6,Suresh Raina,20,1,95.00,22,13,out,T20I # 126
Sri Lanka Vs India,India,7,Yusuf Pathan,1,2,10,6,0,out,T20I # 126
Sri Lanka Vs India,India,8,Ashok Dinda,1,166.66,2,1,0,out,T20I # 126
Sri Lanka Vs India,India,9,Ashish Nehra,250.00,3,36,12.00,5,out,T20I # 126
Sri Lanka Vs India,India,10,Pragyan Ojha,5,1,0,3,0,not_out,T20I # 126
Sri Lanka Vs India,India,11,Ishant Sharma,26,8.66,3,0,1,not_out,T20I # 126
Sri Lanka Vs India,Sri Lanka,1,Tillakaratne Dilshan,1,3,0,0,33.33,out,T20I # 127
Sri Lanka Vs India,Sri Lanka,2,Sanath Jayasuriya,31,21,5,1,147.61,out,T20I # 127
Sri Lanka Vs India,Sri Lanka,3,Kumar Sangakkara,59,31,8,2,190.32,out,T20I # 127
Sri Lanka Vs India,Sri Lanka,4,Chinthaka Jayasinghe,38,28,3,1,135.71,out,T20I # 127
Sri Lanka Vs India,Sri Lanka,5,Mahela Jayawardene,12,6,1,1,200.00,out,T20I # 127
Sri Lanka Vs India,Sri Lanka,6,Chamara Kapugedera,2,4,0,0,50.00,out,T20I # 127
Sri Lanka Vs India,Sri Lanka,7,Kaushalya Weeraratne,3,4,0,0,75.00,out,T20I # 127
Sri Lanka Vs India,Sri Lanka,8,Angelo Mathews,26,13,1,2,200.00,not_out,T20I # 127
Sri Lanka Vs India,Sri Lanka,9,Nuwan Kulasekara,10,10,0,0,100.00,not_out,T20I # 127
Sri Lanka Vs India,India,1,Gautam Gambhir,21,18,1,0,116.66,out,T20I # 127
Sri Lanka Vs India,India,2,Virender Sehwag,64,36,7,3,177.77,out,T20I # 127
Sri Lanka Vs India,India,3,MS Dhoni,46,28,3,2,164.28,out,T20I # 127
Sri Lanka Vs India,India,4,Yuvraj Singh,60,25,3,5,240.00,not_out,T20I # 127
Sri Lanka Vs India,India,5,Suresh Raina,9,7,2,0,128.57,out,T20I # 127
Sri Lanka Vs India,India,6,Dinesh Karthik,4,1,1,0,400.00,not_out,T20I # 127
