match,bowlingTeam,bowlerName,overs,maiden,runs,wickets,economy,0s,4s,6s,wides,noBalls,match_id
New Zealand Vs West Indies,West Indies,Samuel Badree,4,0,25,0,6.25,8,2,0,1,0,T20I # 352
New Zealand Vs West Indies,West Indies,Tino Best,4,0,40,3,10.00,9,3,3,0,0,T20I # 352
New Zealand Vs West Indies,West Indies,Sunil Narine,4,0,46,0,11.50,7,4,3,0,1,T20I # 352
New Zealand Vs West Indies,West Indies,Nikita Miller,3,0,26,2,8.66,7,1,2,0,0,T20I # 352
New Zealand Vs West Indies,West Indies,Dwayne Bravo,4,0,24,0,6.00,5,1,0,0,0,T20I # 352
New Zealand Vs West Indies,West Indies,Andre Russell,1,0,23,0,23.00,1,1,3,0,0,T20I # 352
New Zealand Vs West Indies,New Zealand,Tim Southee,4,0,36,0,9.00,9,4,1,2,0,T20I # 352
New Zealand Vs West Indies,New Zealand,Adam Milne,4,0,15,1,3.75,13,1,0,0,0,T20I # 352
New Zealand Vs West Indies,New Zealand,James Neesham,4,0,16,3,4.00,15,0,0,5,0,T20I # 352
New Zealand Vs West Indies,New Zealand,Nathan McCullum,4,0,24,4,6.00,12,2,1,0,0,T20I # 352
New Zealand Vs West Indies,New Zealand,Corey Anderson,4,0,15,0,3.75,10,0,0,0,0,T20I # 352
West Indies Vs New Zealand,New Zealand,Mitchell McClenaghan,4,0,29,1,7.25,12,4,1,0,0,T20I # 353
West Indies Vs New Zealand,New Zealand,Adam Milne,4,0,22,2,5.50,13,3,0,0,0,T20I # 353
West Indies Vs New Zealand,New Zealand,James Neesham,4,0,39,0,9.75,7,2,2,2,0,T20I # 353
West Indies Vs New Zealand,New Zealand,Corey Anderson,4,0,50,0,12.50,6,4,3,2,0,T20I # 353
West Indies Vs New Zealand,New Zealand,Nathan McCullum,4,0,17,1,4.25,10,0,0,0,0,T20I # 353
West Indies Vs New Zealand,West Indies,Jason Holder,3,0,34,2,11.33,6,3,2,1,0,T20I # 353
West Indies Vs New Zealand,West Indies,Tino Best,3,0,37,0,12.33,8,5,2,1,0,T20I # 353
West Indies Vs New Zealand,West Indies,Dwayne Bravo,3,0,31,0,10.33,4,2,1,2,0,T20I # 353
West Indies Vs New Zealand,West Indies,Sunil Narine,4,0,18,2,4.50,11,1,0,0,0,T20I # 353
West Indies Vs New Zealand,West Indies,Nikita Miller,3,0,24,0,8.00,5,1,1,0,0,T20I # 353
West Indies Vs New Zealand,West Indies,Andre Russell,3,0,16,2,5.33,9,2,0,0,0,T20I # 353
Australia Vs England,England,Stuart Broad,4,0,25,1,6.25,10,1,1,0,0,T20I # 354
Australia Vs England,England,Jade Dernbach,4,0,50,1,12.50,9,4,3,0,1,T20I # 354
Australia Vs England,England,Tim Bresnan,4,0,40,0,10.00,6,1,3,2,0,T20I # 354
Australia Vs England,England,Ravi Bopara,3,0,26,1,8.66,7,1,2,1,0,T20I # 354
Australia Vs England,England,Danny Briggs,4,0,53,0,13.25,4,7,1,3,0,T20I # 354
Australia Vs England,England,Luke Wright,1,0,18,1,18.00,1,2,1,0,1,T20I # 354
Australia Vs England,Australia,Glenn Maxwell,3,0,30,1,10.00,4,5,0,0,0,T20I # 354
Australia Vs England,Australia,Nathan Coulter-Nile,4,0,31,4,7.75,15,5,1,0,0,T20I # 354
Australia Vs England,Australia,Josh Hazlewood,4,0,46,0,11.50,12,1,5,2,0,T20I # 354
Australia Vs England,Australia,Moises Henriques,3,0,35,2,11.66,4,2,3,0,0,T20I # 354
Australia Vs England,Australia,James Muirhead,4,0,34,1,8.50,4,0,2,1,0,T20I # 354
Australia Vs England,Australia,Dan Christian,2,0,21,0,10.50,3,4,0,0,0,T20I # 354
England Vs Australia,Australia,Brad Hodge,1,0,10,0,10.00,2,2,0,0,0,T20I # 355
England Vs Australia,Australia,Nathan Coulter-Nile,4,0,29,1,7.25,10,4,0,0,0,T20I # 355
England Vs Australia,Australia,Mitchell Starc,4,0,19,1,4.75,14,3,0,0,0,T20I # 355
England Vs Australia,Australia,Josh Hazlewood,4,0,30,4,7.50,14,4,0,2,0,T20I # 355
England Vs Australia,Australia,Glenn Maxwell,1,0,7,0,7.00,2,1,0,0,0,T20I # 355
England Vs Australia,Australia,James Muirhead,4,0,17,1,4.25,12,0,0,2,0,T20I # 355
England Vs Australia,Australia,Cameron White,2,0,14,0,7.00,1,1,0,0,0,T20I # 355
England Vs Australia,England,Stuart Broad,3,0,29,0,9.66,7,6,0,0,0,T20I # 355
England Vs Australia,England,Jade Dernbach,3,0,42,0,14.00,6,8,1,0,0,T20I # 355
England Vs Australia,England,Tim Bresnan,3,0,11,1,3.66,11,0,0,1,0,T20I # 355
England Vs Australia,England,James Tredwell,3.5,0,37,1,9.65,6,3,2,0,0,T20I # 355
England Vs Australia,England,Ravi Bopara,2,0,12,0,6.00,3,1,0,0,0,T20I # 355
Australia Vs England,England,Stuart Broad,4,0,30,3,7.50,12,2,2,0,0,T20I # 356
Australia Vs England,England,Chris Jordan,4,0,23,1,5.75,10,2,0,1,0,T20I # 356
Australia Vs England,England,Tim Bresnan,4,0,42,1,10.50,6,2,3,0,0,T20I # 356
Australia Vs England,England,Ben Stokes,3,0,36,0,12.00,9,0,5,1,0,T20I # 356
Australia Vs England,England,Jade Dernbach,4,0,49,0,12.25,5,5,2,2,0,T20I # 356
Australia Vs England,England,Joe Root,1,0,13,1,13.00,2,1,1,0,0,T20I # 356
Australia Vs England,Australia,Mitchell Starc,2.2,0,8,1,3.42,8,0,0,1,0,T20I # 356
Australia Vs England,Australia,Nathan Coulter-Nile,4,0,21,2,5.25,16,4,0,0,0,T20I # 356
Australia Vs England,Australia,Glenn Maxwell,4,0,31,2,7.75,10,3,1,0,0,T20I # 356
Australia Vs England,Australia,Ben Cutting,3,0,18,1,6.00,7,2,0,1,0,T20I # 356
Australia Vs England,Australia,Dan Christian,2,0,14,1,7.00,3,0,1,0,0,T20I # 356
Australia Vs England,Australia,James Muirhead,2,0,13,2,6.50,7,1,1,0,0,T20I # 356
Sri Lanka Vs Bangladesh,Bangladesh,Mashrafe Mortaza,4,0,43,2,10.75,7,4,2,0,0,T20I # 357
Sri Lanka Vs Bangladesh,Bangladesh,Sohag Gazi,3,0,29,0,9.66,5,5,0,0,0,T20I # 357
Sri Lanka Vs Bangladesh,Bangladesh,Rubel Hossain,4,0,27,0,6.75,10,2,0,1,0,T20I # 357
Sri Lanka Vs Bangladesh,Bangladesh,Shakib Al Hasan,4,0,27,2,6.75,5,0,1,0,0,T20I # 357
Sri Lanka Vs Bangladesh,Bangladesh,Arafat Sunny,3,0,17,2,5.66,5,0,0,1,0,T20I # 357
Sri Lanka Vs Bangladesh,Bangladesh,Farhad Reza,2,0,18,0,9.00,2,0,1,1,0,T20I # 357
Sri Lanka Vs Bangladesh,Sri Lanka,Lasith Malinga,4,0,34,1,8.50,10,5,0,0,1,T20I # 357
Sri Lanka Vs Bangladesh,Sri Lanka,Nuwan Kulasekara,4,0,29,2,7.25,12,5,0,0,0,T20I # 357
Sri Lanka Vs Bangladesh,Sri Lanka,Sachithra Senanayake,3,0,21,0,7.00,9,3,0,1,0,T20I # 357
Sri Lanka Vs Bangladesh,Sri Lanka,Ajantha Mendis,4,0,29,1,7.25,9,3,1,0,0,T20I # 357
Sri Lanka Vs Bangladesh,Sri Lanka,Thisara Perera,4,0,42,2,10.50,4,4,1,0,0,T20I # 357
Sri Lanka Vs Bangladesh,Sri Lanka,Seekkuge Prasanna,1,0,6,0,6.00,1,0,0,0,0,T20I # 357
Bangladesh Vs Sri Lanka,Sri Lanka,Tillakaratne Dilshan,2,0,23,1,11.50,5,2,2,0,0,T20I # 358
Bangladesh Vs Sri Lanka,Sri Lanka,Nuwan Kulasekara,4,0,32,2,8.00,11,5,0,1,0,T20I # 358
Bangladesh Vs Sri Lanka,Sri Lanka,Sachithra Senanayake,4,0,11,2,2.75,15,0,0,0,0,T20I # 358
Bangladesh Vs Sri Lanka,Sri Lanka,Lasith Malinga,3.5,0,20,3,5.21,13,3,0,1,0,T20I # 358
Bangladesh Vs Sri Lanka,Sri Lanka,Angelo Mathews,2,0,9,0,4.50,7,1,0,0,0,T20I # 358
Bangladesh Vs Sri Lanka,Sri Lanka,Ajantha Mendis,4,0,21,1,5.25,14,2,0,1,0,T20I # 358
Bangladesh Vs Sri Lanka,Bangladesh,Arafat Sunny,2,0,8,1,4.00,9,0,1,0,0,T20I # 358
Bangladesh Vs Sri Lanka,Bangladesh,Mashrafe Mortaza,4,0,29,2,7.25,9,3,1,0,0,T20I # 358
Bangladesh Vs Sri Lanka,Bangladesh,Rubel Hossain,4,0,34,1,8.50,8,4,0,0,1,T20I # 358
Bangladesh Vs Sri Lanka,Bangladesh,Shakib Al Hasan,2,0,8,1,4.00,4,0,0,0,0,T20I # 358
Bangladesh Vs Sri Lanka,Bangladesh,Mahmudullah,4,0,16,1,4.00,11,0,0,1,0,T20I # 358
Bangladesh Vs Sri Lanka,Bangladesh,Nasir Hossain,2,0,11,0,5.50,4,0,0,1,0,T20I # 358
Bangladesh Vs Sri Lanka,Bangladesh,Farhad Reza,2,0,16,0,8.00,1,1,0,0,0,T20I # 358
West Indies Vs Ireland,Ireland,Paul Stirling,0,0,4,0,0,28,7.00,4,0,4,T20I # 359
West Indies Vs Ireland,Ireland,Max Sorensen,0,17,4.25,1,1,0,2,0,17,8.50,T20I # 359
West Indies Vs Ireland,Ireland,Tim Murtagh,0,0,4,2,0,15,3.75,0,0,4,T20I # 359
West Indies Vs Ireland,Ireland,Alex Cusack,4,1,0,2,100.00,0,2,0,0,0.00,T20I # 359
West Indies Vs Ireland,Ireland,Kevin O'Brien,40,49,2,2,0,81.63,18,18,3,0,T20I # 359
West Indies Vs Ireland,Ireland,George Dockrell,100.00,32,30,1,6,0,106.66,15,12,2,T20I # 359
West Indies Vs Ireland,Ireland,Max Sorensen,0,3,0,0,14,4.66,0,0,4,1,T20I # 360
West Indies Vs Ireland,Ireland,Tim Murtagh,11,2.75,0,1,0,1,0,9,9.00,1,T20I # 360
West Indies Vs Ireland,Ireland,George Dockrell,0,1,0,0,4,4.00,0,0,4,0,T20I # 360
West Indies Vs Ireland,Ireland,Alex Cusack,16,4.00,0,4,0,5,18,0,0,27.77,T20I # 360
West Indies Vs Ireland,Ireland,Stuart Thompson,2,5,0,1,0,40.00,10,14,1,0,T20I # 360
West Indies Vs Ireland,Ireland,Paul Stirling,71.42,35,39,0,4,0,89.74,2,5,0,T20I # 360
West Indies Vs Ireland,Ireland,Kevin O'Brien,0,40.00,3,1,5,0,0,60.00,7,8,T20I # 360
West Indies Vs England,England,Stuart Broad,2,0,26,0,13.00,4,4,1,0,1,T20I # 361
West Indies Vs England,England,Jade Dernbach,4,0,36,0,9.00,9,7,0,0,0,T20I # 361
West Indies Vs England,England,Tim Bresnan,4,0,36,0,9.00,11,6,1,0,0,T20I # 361
West Indies Vs England,England,Ben Stokes,2,0,30,0,15.00,3,3,2,0,0,T20I # 361
West Indies Vs England,England,Ravi Bopara,4,0,23,2,5.75,8,2,0,0,0,T20I # 361
West Indies Vs England,England,James Tredwell,4,0,16,1,4.00,15,0,1,0,0,T20I # 361
West Indies Vs England,West Indies,Samuel Badree,4,0,17,3,4.25,16,3,0,0,0,T20I # 361
West Indies Vs England,West Indies,Ravi Rampaul,3,0,31,0,10.33,6,6,0,0,0,T20I # 361
West Indies Vs England,West Indies,Sunil Narine,2,0,8,1,4.00,8,1,0,0,0,T20I # 361
West Indies Vs England,West Indies,Dwayne Bravo,4,0,30,1,7.50,10,5,0,0,0,T20I # 361
West Indies Vs England,West Indies,Marlon Samuels,4,0,21,2,5.25,6,0,0,0,0,T20I # 361
West Indies Vs England,West Indies,Daren Sammy,1,0,12,0,12.00,0,0,1,0,0,T20I # 361
West Indies Vs England,West Indies,Andre Russell,2,0,21,0,10.50,3,2,1,0,0,T20I # 361
England Vs West Indies,West Indies,Samuel Badree,4,0,16,1,4.00,12,1,0,0,0,T20I # 362
England Vs West Indies,West Indies,Krishmar Santokie,4,0,21,4,5.25,11,2,0,0,0,T20I # 362
England Vs West Indies,West Indies,Marlon Samuels,2,0,17,0,8.50,5,1,1,0,0,T20I # 362
England Vs West Indies,West Indies,Ravi Rampaul,3,0,30,0,10.00,3,1,2,1,0,T20I # 362
England Vs West Indies,West Indies,Daren Sammy,1,0,17,0,17.00,0,2,1,0,0,T20I # 362
England Vs West Indies,West Indies,Dwayne Bravo,4,0,34,2,8.50,5,1,2,0,0,T20I # 362
England Vs West Indies,West Indies,Andre Russell,2,0,13,0,6.50,2,1,0,0,0,T20I # 362
England Vs West Indies,England,Tim Bresnan,3.5,0,51,2,13.30,8,3,5,1,0,T20I # 362
England Vs West Indies,England,Jade Dernbach,3,0,30,1,10.00,5,2,2,1,0,T20I # 362
England Vs West Indies,England,James Tredwell,4,0,27,0,6.75,15,1,3,0,0,T20I # 362
England Vs West Indies,England,Ravi Bopara,4,0,10,1,2.50,14,0,0,0,0,T20I # 362
England Vs West Indies,England,Stephen Parry,2,0,17,0,8.50,2,2,0,0,0,T20I # 362
England Vs West Indies,England,Luke Wright,2,0,20,1,10.00,3,2,1,0,0,T20I # 362
South Africa Vs Australia,Australia,Mitchell Starc,2,0,24,0,12.00,7,1,2,2,0,T20I # 363
South Africa Vs Australia,Australia,Nathan Coulter-Nile,2,0,17,1,8.50,6,2,1,0,0,T20I # 363
South Africa Vs Australia,Australia,Brad Hogg,1,0,5,0,5.00,2,0,0,0,0,T20I # 363
South Africa Vs Australia,Australia,Shane Watson,1,0,14,0,14.00,1,1,1,0,0,T20I # 363
South Africa Vs Australia,Australia,Dan Christian,1,0,18,0,18.00,2,1,2,0,0,T20I # 363
South Africa Vs Australia,South Africa,Lonwabo Tsotsobe,1,0,21,0,21.00,0,3,1,0,0,T20I # 363
South Africa Vs Australia,South Africa,Kyle Abbott,1,0,5,1,5.00,4,1,0,0,0,T20I # 363
South Africa Vs Australia,South Africa,Beuran Hendricks,2,0,31,0,15.50,0,3,1,1,1,T20I # 363
South Africa Vs Australia,South Africa,Wayne Parnell,1.4,0,17,1,10.20,4,0,2,1,0,T20I # 363
South Africa Vs Australia,South Africa,Jean-Paul Duminy,1,0,5,2,5.00,2,0,0,1,0,T20I # 363
England Vs West Indies,West Indies,Krishmar Santokie,4,0,27,2,6.75,12,3,1,0,0,T20I # 364
England Vs West Indies,West Indies,Sheldon Cottrell,4,0,37,2,9.25,7,4,1,2,0,T20I # 364
England Vs West Indies,West Indies,Sunil Narine,4,0,34,1,8.50,12,4,1,1,0,T20I # 364
England Vs West Indies,West Indies,Dwayne Bravo,3,0,35,0,11.66,8,1,4,0,0,T20I # 364
England Vs West Indies,West Indies,Andre Russell,1,0,11,0,11.00,1,0,1,0,0,T20I # 364
England Vs West Indies,West Indies,Daren Sammy,2,0,14,0,7.00,5,2,0,0,0,T20I # 364
England Vs West Indies,West Indies,Marlon Samuels,2,0,7,0,3.50,6,0,0,0,0,T20I # 364
England Vs West Indies,England,Jade Dernbach,4,1,38,1,9.50,11,4,2,1,0,T20I # 364
England Vs West Indies,England,Chris Jordan,4,0,39,3,9.75,10,7,0,2,0,T20I # 364
England Vs West Indies,England,Stephen Parry,4,0,32,0,8.00,6,3,1,0,0,T20I # 364
England Vs West Indies,England,James Tredwell,4,0,18,0,4.50,14,2,0,0,0,T20I # 364
England Vs West Indies,England,Ravi Bopara,4,0,28,2,7.00,10,3,1,0,0,T20I # 364
South Africa Vs Australia,Australia,Mitchell Starc,4,1,16,2,4.00,16,0,1,1,0,T20I # 365
South Africa Vs Australia,Australia,Nathan Coulter-Nile,4,0,33,0,8.25,9,1,2,1,1,T20I # 365
South Africa Vs Australia,Australia,Glenn Maxwell,4,0,19,2,4.75,14,2,0,1,0,T20I # 365
South Africa Vs Australia,Australia,Moises Henriques,3,0,15,1,5.00,9,2,0,0,0,T20I # 365
South Africa Vs Australia,Australia,Brad Hogg,4,0,31,2,7.75,8,1,2,0,0,T20I # 365
South Africa Vs Australia,Australia,Shane Watson,1,0,11,0,11.00,0,0,1,0,0,T20I # 365
South Africa Vs Australia,South Africa,Jean-Paul Duminy,2,0,27,0,13.50,2,2,2,0,0,T20I # 365
South Africa Vs Australia,South Africa,Lonwabo Tsotsobe,2,0,19,0,9.50,3,2,0,0,0,T20I # 365
South Africa Vs Australia,South Africa,Beuran Hendricks,3,0,21,1,7.00,6,3,0,0,0,T20I # 365
South Africa Vs Australia,South Africa,Wayne Parnell,2,0,15,1,7.50,5,2,0,1,0,T20I # 365
South Africa Vs Australia,South Africa,Imran Tahir,4,0,21,2,5.25,7,1,0,0,0,T20I # 365
South Africa Vs Australia,South Africa,Albie Morkel,2,0,26,0,13.00,2,2,2,0,0,T20I # 365
Afghanistan Vs Bangladesh,Bangladesh,Mashrafe Mortaza,2,0,8,1,4.00,9,1,0,2,0,T20I # 366
Afghanistan Vs Bangladesh,Bangladesh,Al-Amin Hossain,2,0,18,0,9.00,7,2,1,0,1,T20I # 366
Afghanistan Vs Bangladesh,Bangladesh,Shakib Al Hasan,3.1,0,8,3,2.52,14,1,0,0,0,T20I # 366
Afghanistan Vs Bangladesh,Bangladesh,Mahmudullah,4,1,8,1,2.00,18,0,0,0,0,T20I # 366
Afghanistan Vs Bangladesh,Bangladesh,Abdur Razzak,4,0,20,2,5.00,12,2,0,0,0,T20I # 366
Afghanistan Vs Bangladesh,Bangladesh,Sabbir Rahman,1,0,1,0,1.00,5,0,0,0,0,T20I # 366
Afghanistan Vs Bangladesh,Bangladesh,Farhad Reza,1,0,2,1,2.00,5,0,0,1,0,T20I # 366
Afghanistan Vs Bangladesh,Afghanistan,Mohammad Nabi,3.66,12,0,0,1,0,0,1,0,7,T20I # 366
Afghanistan Vs Bangladesh,Afghanistan,Shapoor Zadran,7.00,2,1,0,0,0,0,2,0,17,T20I # 366
Afghanistan Vs Bangladesh,Afghanistan,Karim Sadiq,8.50,5,1,0,1,0,0,2,0,13,T20I # 366
Afghanistan Vs Bangladesh,Afghanistan,Dawlat Zadran,6.50,6,1,0,0,2,0,3,0,14,T20I # 366
Afghanistan Vs Bangladesh,Afghanistan,Samiullah Shinwari,4.66,12,1,1,1,0,0,1,0,15,T20I # 366
Nepal Vs Hong Kong,Hong Kong,Tanwir Afzal,2,0,15,0,7.50,5,2,0,0,0,T20I # 367
Nepal Vs Hong Kong,Hong Kong,Haseeb Amjad,4,0,25,3,6.25,13,2,1,1,0,T20I # 367
Nepal Vs Hong Kong,Hong Kong,Najeeb Amar,3,0,29,1,9.66,5,4,0,0,0,T20I # 367
Nepal Vs Hong Kong,Hong Kong,Nadeem Ahmed,4,0,26,2,6.50,10,2,0,1,0,T20I # 367
Nepal Vs Hong Kong,Hong Kong,Irfan Ahmed,4,0,34,0,8.50,9,4,0,4,0,T20I # 367
Nepal Vs Hong Kong,Hong Kong,Aizaz Khan,3,0,18,0,6.00,8,2,0,2,0,T20I # 367
Nepal Vs Hong Kong,Nepal,Paras Khadka,2,0,7,1,3.50,8,1,0,0,0,T20I # 367
Nepal Vs Hong Kong,Nepal,Sompal Kami,3,0,13,2,4.33,11,2,0,0,0,T20I # 367
Nepal Vs Hong Kong,Nepal,Jitendra Mukhiya,2,0,12,1,6.00,7,2,0,0,0,T20I # 367
Nepal Vs Hong Kong,Nepal,Basant Regmi,4,0,14,3,3.50,17,2,0,0,0,T20I # 367
Nepal Vs Hong Kong,Nepal,Shakti Gauchan,4,0,9,3,2.25,17,0,0,0,0,T20I # 367
Nepal Vs Hong Kong,Nepal,Sagar Pun,2,0,13,0,6.50,2,0,0,0,0,T20I # 367
Zimbabwe Vs Ireland,Ireland,Paul Stirling,4,0,24,0,6.00,10,1,1,1,0,T20I # 368
Zimbabwe Vs Ireland,Ireland,Alex Cusack,4,0,53,1,13.25,6,4,4,0,0,T20I # 368
Zimbabwe Vs Ireland,Ireland,Max Sorensen,1,0,11,0,11.00,2,2,0,0,0,T20I # 368
Zimbabwe Vs Ireland,Ireland,George Dockrell,4,0,18,2,4.50,11,1,0,0,0,T20I # 368
Zimbabwe Vs Ireland,Ireland,Andy McBrine,4,0,26,2,6.50,8,1,1,0,0,T20I # 368
Zimbabwe Vs Ireland,Ireland,Kevin O'Brien,3,0,26,0,8.66,5,4,0,0,0,T20I # 368
Zimbabwe Vs Ireland,Zimbabwe,Prosper Utseya,4,0,38,0,9.50,3,3,1,1,0,T20I # 368
Zimbabwe Vs Ireland,Zimbabwe,Tafadzwa Kamungozi,2,0,17,0,8.50,2,2,0,0,0,T20I # 368
Zimbabwe Vs Ireland,Zimbabwe,Tendai Chatara,4,0,20,1,5.00,12,2,0,1,0,T20I # 368
Zimbabwe Vs Ireland,Zimbabwe,Tinashe Panyangara,4,1,37,4,9.25,11,6,1,0,0,T20I # 368
Zimbabwe Vs Ireland,Zimbabwe,Sean Williams,4,0,27,1,6.75,8,1,1,1,0,T20I # 368
Zimbabwe Vs Ireland,Zimbabwe,Hamilton Masakadza,2,0,20,0,10.00,2,3,0,0,0,T20I # 368
United Arab Emirates Vs Netherlands,Netherlands,Michael Swart,2,0,19,1,9.50,3,1,1,1,0,T20I # 369
United Arab Emirates Vs Netherlands,Netherlands,Timm van der Gugten,4,0,24,2,6.00,13,4,0,1,0,T20I # 369
United Arab Emirates Vs Netherlands,Netherlands,Mudassar Bukhari,3,0,24,0,8.00,7,3,0,1,0,T20I # 369
United Arab Emirates Vs Netherlands,Netherlands,Logan van Beek,3,0,30,0,10.00,5,3,0,3,0,T20I # 369
United Arab Emirates Vs Netherlands,Netherlands,Pieter Seelaar,2,0,13,0,6.50,3,1,0,0,0,T20I # 369
United Arab Emirates Vs Netherlands,Netherlands,Ahsan Malik,3.5,0,16,3,4.17,11,1,0,0,0,T20I # 369
United Arab Emirates Vs Netherlands,Netherlands,Tom Cooper,2,0,18,2,9.00,4,1,1,0,0,T20I # 369
United Arab Emirates Vs Netherlands,United Arab Emirates,Manjula Guruge,4,0,39,0,9.75,8,6,1,0,0,T20I # 369
United Arab Emirates Vs Netherlands,United Arab Emirates,Shadeep Silva,4,0,38,1,9.50,6,3,2,0,0,T20I # 369
United Arab Emirates Vs Netherlands,United Arab Emirates,Amjad Javed,4,0,27,0,6.75,10,1,2,0,0,T20I # 369
United Arab Emirates Vs Netherlands,United Arab Emirates,Kamran Shazad,4,0,19,2,4.75,12,2,0,0,0,T20I # 369
United Arab Emirates Vs Netherlands,United Arab Emirates,Rohan Mustafa,2.5,0,25,0,8.82,5,4,0,0,0,T20I # 369
Hong Kong Vs Afghanistan,Afghanistan,Shapoor Zadran,4,0,27,2,6.75,10,4,0,0,0,T20I # 370
Hong Kong Vs Afghanistan,Afghanistan,Gulbadin Naib,2,0,23,0,11.50,5,3,1,2,0,T20I # 370
Hong Kong Vs Afghanistan,Afghanistan,Amir Hamza,4,0,32,2,8.00,9,1,1,1,0,T20I # 370
Hong Kong Vs Afghanistan,Afghanistan,Samiullah Shinwari,3,0,17,0,5.66,10,1,1,0,0,T20I # 370
Hong Kong Vs Afghanistan,Afghanistan,Dawlat Zadran,3,0,24,1,8.00,11,2,1,0,2,T20I # 370
Hong Kong Vs Afghanistan,Afghanistan,Mohammad Nabi,4,0,27,2,6.75,10,3,0,1,0,T20I # 370
Hong Kong Vs Afghanistan,Hong Kong,Tanwir Afzal,3,0,19,1,6.33,8,3,0,0,0,T20I # 370
Hong Kong Vs Afghanistan,Hong Kong,Haseeb Amjad,4,0,35,1,8.75,8,6,0,1,0,T20I # 370
Hong Kong Vs Afghanistan,Hong Kong,Nadeem Ahmed,3,0,22,0,7.33,5,2,0,1,0,T20I # 370
Hong Kong Vs Afghanistan,Hong Kong,Irfan Ahmed,3,0,15,0,5.00,8,1,0,0,0,T20I # 370
Hong Kong Vs Afghanistan,Hong Kong,Nizakat Khan,2,0,23,0,11.50,6,0,2,1,0,T20I # 370
Hong Kong Vs Afghanistan,Hong Kong,Aizaz Khan,3,0,39,1,13.00,4,0,4,0,1,T20I # 370
Nepal Vs Bangladesh,Bangladesh,Mashrafe Mortaza,4,0,23,1,5.75,12,2,0,0,0,T20I # 371
Nepal Vs Bangladesh,Bangladesh,Al-Amin Hossain,4,0,17,2,4.25,17,2,0,4,0,T20I # 371
Nepal Vs Bangladesh,Bangladesh,Farhad Reza,3,0,27,1,9.00,7,4,0,2,0,T20I # 371
Nepal Vs Bangladesh,Bangladesh,Shakib Al Hasan,4,0,22,0,5.50,9,2,0,0,0,T20I # 371
Nepal Vs Bangladesh,Bangladesh,Nasir Hossain,3,0,22,0,7.33,8,3,0,2,0,T20I # 371
Nepal Vs Bangladesh,Bangladesh,Abdur Razzak,2,0,12,0,6.00,4,1,0,1,0,T20I # 371
Nepal Vs Bangladesh,Nepal,Sompal Kami,2,0,21,0,10.50,5,1,2,0,0,T20I # 371
Nepal Vs Bangladesh,Nepal,Paras Khadka,3,0,23,0,7.66,7,2,1,0,0,T20I # 371
Nepal Vs Bangladesh,Nepal,Shakti Gauchan,4,0,40,0,10.00,9,3,3,0,0,T20I # 371
Nepal Vs Bangladesh,Nepal,Jitendra Mukhiya,2,0,16,0,8.00,3,2,0,0,0,T20I # 371
Nepal Vs Bangladesh,Nepal,Basant Regmi,3,0,14,1,4.66,10,0,1,0,0,T20I # 371
Nepal Vs Bangladesh,Nepal,Sagar Pun,1.3,0,16,0,10.66,2,1,1,0,0,T20I # 371
Netherlands Vs Zimbabwe,Zimbabwe,Prosper Utseya,4,0,24,2,6.00,13,4,0,0,0,T20I # 372
Netherlands Vs Zimbabwe,Zimbabwe,Tinashe Panyangara,4,0,38,1,9.50,6,6,0,1,0,T20I # 372
Netherlands Vs Zimbabwe,Zimbabwe,Tendai Chatara,3,0,14,0,4.66,11,2,0,0,0,T20I # 372
Netherlands Vs Zimbabwe,Zimbabwe,Natsai M'shangwe,4,0,24,1,6.00,8,2,0,2,0,T20I # 372
Netherlands Vs Zimbabwe,Zimbabwe,Sean Williams,4,0,22,0,5.50,6,1,0,0,0,T20I # 372
Netherlands Vs Zimbabwe,Zimbabwe,Hamilton Masakadza,1,0,11,0,11.00,1,0,1,1,0,T20I # 372
Netherlands Vs Zimbabwe,Netherlands,Mudassar Bukhari,4,0,26,0,6.50,6,2,0,0,0,T20I # 372
Netherlands Vs Zimbabwe,Netherlands,Timm van der Gugten,4,0,22,1,5.50,10,1,0,0,0,T20I # 372
Netherlands Vs Zimbabwe,Netherlands,Ahsan Malik,4,0,30,1,7.50,11,2,1,1,0,T20I # 372
Netherlands Vs Zimbabwe,Netherlands,Logan van Beek,3,0,32,0,10.66,1,4,0,3,0,T20I # 372
Netherlands Vs Zimbabwe,Netherlands,Peter Borren,2,0,12,0,6.00,1,0,0,0,0,T20I # 372
Netherlands Vs Zimbabwe,Netherlands,Pieter Seelaar,2,0,9,2,4.50,6,0,0,0,0,T20I # 372
Netherlands Vs Zimbabwe,Netherlands,Tom Cooper,1,0,13,0,13.00,3,0,2,0,0,T20I # 372
United Arab Emirates Vs Ireland,Ireland,Paul Stirling,3,1,12,2,4.00,14,0,0,2,0,T20I # 373
United Arab Emirates Vs Ireland,Ireland,Max Sorensen,3,0,24,0,8.00,8,3,1,0,0,T20I # 373
United Arab Emirates Vs Ireland,Ireland,Tim Murtagh,4,0,20,1,5.00,12,2,0,1,0,T20I # 373
United Arab Emirates Vs Ireland,Ireland,Alex Cusack,4,0,30,0,7.50,8,3,0,0,1,T20I # 373
United Arab Emirates Vs Ireland,Ireland,George Dockrell,1,0,10,0,10.00,2,0,1,0,0,T20I # 373
United Arab Emirates Vs Ireland,Ireland,Kevin O'Brien,4,0,17,2,4.25,12,1,0,0,0,T20I # 373
United Arab Emirates Vs Ireland,Ireland,Stuart Thompson,1,0,5,0,5.00,2,0,0,0,0,T20I # 373
United Arab Emirates Vs Ireland,United Arab Emirates,Sharif Asadullah,3,0,21,2,7.00,8,3,0,1,0,T20I # 373
United Arab Emirates Vs Ireland,United Arab Emirates,Kamran Shazad,3,0,28,0,9.33,6,2,1,1,0,T20I # 373
United Arab Emirates Vs Ireland,United Arab Emirates,Amjad Javed,3,0,18,1,6.00,11,3,0,1,0,T20I # 373
United Arab Emirates Vs Ireland,United Arab Emirates,Rohan Mustafa,4,0,13,0,3.25,13,0,0,0,0,T20I # 373
United Arab Emirates Vs Ireland,United Arab Emirates,Ahmed Raza,1.2,0,16,0,12.00,1,1,1,0,0,T20I # 373
Nepal Vs Afghanistan,Afghanistan,Shapoor Zadran,4,0,19,2,4.75,14,3,0,0,0,T20I # 374
Nepal Vs Afghanistan,Afghanistan,Dawlat Zadran,3,0,23,1,7.66,6,3,0,0,1,T20I # 374
Nepal Vs Afghanistan,Afghanistan,Samiullah Shinwari,3,0,40,0,13.33,5,4,2,1,2,T20I # 374
Nepal Vs Afghanistan,Afghanistan,Mirwais Ashraf,4,0,14,1,3.50,13,0,0,0,0,T20I # 374
Nepal Vs Afghanistan,Afghanistan,Mohammad Nabi,4,0,25,1,6.25,13,4,0,0,0,T20I # 374
Nepal Vs Afghanistan,Afghanistan,Karim Sadiq,2,0,15,0,7.50,6,2,0,2,0,T20I # 374
Nepal Vs Afghanistan,Nepal,Basant Regmi,3,0,28,1,9.33,7,5,0,0,0,T20I # 374
Nepal Vs Afghanistan,Nepal,Sompal Kami,4,1,32,2,8.00,11,5,0,0,0,T20I # 374
Nepal Vs Afghanistan,Nepal,Jitendra Mukhiya,4,0,18,3,4.50,13,1,0,0,0,T20I # 374
Nepal Vs Afghanistan,Nepal,Paras Khadka,3,0,14,0,4.66,9,1,0,0,0,T20I # 374
Nepal Vs Afghanistan,Nepal,Shakti Gauchan,3,0,25,2,8.33,6,1,2,0,0,T20I # 374
Nepal Vs Afghanistan,Nepal,Sagar Pun,3,0,10,0,3.33,9,0,0,0,0,T20I # 374
Bangladesh Vs Hong Kong,Hong Kong,Tanwir Afzal,4,0,24,2,6.00,11,1,1,1,0,T20I # 375
Bangladesh Vs Hong Kong,Hong Kong,Haseeb Amjad,2,0,16,0,8.00,5,3,0,0,0,T20I # 375
Bangladesh Vs Hong Kong,Hong Kong,Nadeem Ahmed,3.3,0,21,4,6.00,10,3,0,0,0,T20I # 375
Bangladesh Vs Hong Kong,Hong Kong,Irfan Ahmed,2,0,17,1,8.50,4,3,0,0,0,T20I # 375
Bangladesh Vs Hong Kong,Hong Kong,Ehsan Nawaz,1,0,10,0,10.00,2,2,0,0,0,T20I # 375
Bangladesh Vs Hong Kong,Hong Kong,Nizakat Khan,4,0,19,3,4.75,11,0,0,2,0,T20I # 375
Bangladesh Vs Hong Kong,Bangladesh,Al-Amin Hossain,4,0,26,1,6.50,12,0,2,1,0,T20I # 375
Bangladesh Vs Hong Kong,Bangladesh,Shakib Al Hasan,4,0,9,3,2.25,17,0,0,1,0,T20I # 375
Bangladesh Vs Hong Kong,Bangladesh,Abdur Razzak,3.4,1,31,1,8.45,12,3,2,0,0,T20I # 375
Bangladesh Vs Hong Kong,Bangladesh,Mahmudullah,4,0,13,2,3.25,12,0,0,0,0,T20I # 375
Bangladesh Vs Hong Kong,Bangladesh,Farhad Reza,2,0,23,0,11.50,3,3,1,0,0,T20I # 375
Bangladesh Vs Hong Kong,Bangladesh,Rubel Hossain,1,0,7,0,7.00,1,0,0,0,0,T20I # 375
Bangladesh Vs Hong Kong,Bangladesh,Sabbir Rahman,1,0,3,1,3.00,4,0,0,0,0,T20I # 375
United Arab Emirates Vs Zimbabwe,Zimbabwe,Prosper Utseya,4,0,18,0,4.50,10,1,0,1,0,T20I # 376
United Arab Emirates Vs Zimbabwe,Zimbabwe,Tendai Chatara,4,0,21,2,5.25,16,1,2,0,0,T20I # 376
United Arab Emirates Vs Zimbabwe,Zimbabwe,Tinashe Panyangara,3,0,23,0,7.66,7,4,0,0,0,T20I # 376
United Arab Emirates Vs Zimbabwe,Zimbabwe,Natsai M'shangwe,2,0,23,0,11.50,3,4,0,2,0,T20I # 376
United Arab Emirates Vs Zimbabwe,Zimbabwe,Sean Williams,4,0,15,3,3.75,15,0,0,0,0,T20I # 376
United Arab Emirates Vs Zimbabwe,Zimbabwe,Sikandar Raza,3,0,15,2,5.00,8,1,0,1,0,T20I # 376
United Arab Emirates Vs Zimbabwe,United Arab Emirates,Shadeep Silva,3,0,20,1,6.66,10,2,1,0,0,T20I # 376
United Arab Emirates Vs Zimbabwe,United Arab Emirates,Manjula Guruge,4,0,18,2,4.50,14,2,0,0,0,T20I # 376
United Arab Emirates Vs Zimbabwe,United Arab Emirates,Ahmed Raza,3,0,29,1,9.66,5,3,1,0,0,T20I # 376
United Arab Emirates Vs Zimbabwe,United Arab Emirates,Kamran Shazad,1.4,0,30,0,18.00,2,3,2,0,0,T20I # 376
United Arab Emirates Vs Zimbabwe,United Arab Emirates,Khurram Khan,1,0,8,1,8.00,4,2,0,0,0,T20I # 376
United Arab Emirates Vs Zimbabwe,United Arab Emirates,Amjad Javed,1,0,12,0,12.00,1,0,1,0,0,T20I # 376
Ireland Vs Netherlands,Netherlands,Michael Swart,4,0,39,0,9.75,8,1,4,0,0,T20I # 377
Ireland Vs Netherlands,Netherlands,Timm van der Gugten,3,0,32,1,10.66,8,5,1,0,0,T20I # 377
Ireland Vs Netherlands,Netherlands,Ahsan Malik,4,0,26,2,6.50,11,2,1,0,0,T20I # 377
Ireland Vs Netherlands,Netherlands,Mudassar Bukhari,3,0,26,0,8.66,6,2,1,1,0,T20I # 377
Ireland Vs Netherlands,Netherlands,Tom Cooper,1,0,8,0,8.00,1,1,0,0,0,T20I # 377
Ireland Vs Netherlands,Netherlands,Peter Borren,2,0,19,0,9.50,3,1,1,1,0,T20I # 377
Ireland Vs Netherlands,Netherlands,Pieter Seelaar,2,0,15,0,7.50,3,0,1,0,0,T20I # 377
Ireland Vs Netherlands,Netherlands,Logan van Beek,1,0,18,0,18.00,1,1,2,0,0,T20I # 377
Ireland Vs Netherlands,Ireland,Paul Stirling,2,0,24,0,12.00,3,1,2,0,0,T20I # 377
Ireland Vs Netherlands,Ireland,Andy McBrine,1,0,24,0,24.00,2,0,4,0,0,T20I # 377
Ireland Vs Netherlands,Ireland,Tim Murtagh,3.5,0,47,1,12.26,10,6,3,0,0,T20I # 377
Ireland Vs Netherlands,Ireland,Alex Cusack,1,0,22,0,22.00,2,1,3,0,0,T20I # 377
Ireland Vs Netherlands,Ireland,Kevin O'Brien,3,0,29,2,9.66,6,4,1,0,0,T20I # 377
Ireland Vs Netherlands,Ireland,George Dockrell,3,0,43,1,14.33,5,0,6,0,0,T20I # 377
Pakistan Vs India,India,Ravichandran Ashwin,4,0,23,0,5.75,12,3,0,0,0,T20I # 378
Pakistan Vs India,India,Bhuvneshwar Kumar,3,0,21,1,7.00,8,3,0,1,0,T20I # 378
Pakistan Vs India,India,Mohammed Shami,4,0,31,1,7.75,10,3,1,0,0,T20I # 378
Pakistan Vs India,India,Amit Mishra,4,1,22,2,5.50,10,0,1,0,0,T20I # 378
Pakistan Vs India,India,Ravindra Jadeja,4,0,18,1,4.50,11,0,0,1,0,T20I # 378
Pakistan Vs India,India,Yuvraj Singh,1,0,13,0,13.00,0,2,0,0,0,T20I # 378
Pakistan Vs India,Pakistan,Mohammad Hafeez,3,0,14,0,4.66,10,0,1,0,0,T20I # 378
Pakistan Vs India,Pakistan,Junaid Khan,3,0,23,0,7.66,9,3,1,0,0,T20I # 378
Pakistan Vs India,Pakistan,Saeed Ajmal,4,0,18,1,4.50,15,3,0,0,0,T20I # 378
Pakistan Vs India,Pakistan,Umar Gul,3.3,0,35,1,10.00,6,2,2,1,0,T20I # 378
Pakistan Vs India,Pakistan,Shahid Afridi,3,0,24,0,8.00,8,3,0,2,0,T20I # 378
Pakistan Vs India,Pakistan,Bilawal Bhatti,2,0,17,1,8.50,4,3,0,0,0,T20I # 378
Sri Lanka Vs South Africa,South Africa,Dale Steyn,4,0,37,2,9.25,11,5,1,2,0,T20I # 379
Sri Lanka Vs South Africa,South Africa,Lonwabo Tsotsobe,4,0,31,0,7.75,8,2,1,1,0,T20I # 379
Sri Lanka Vs South Africa,South Africa,Morne Morkel,4,0,31,2,7.75,9,2,1,1,0,T20I # 379
Sri Lanka Vs South Africa,South Africa,Jean-Paul Duminy,2,0,13,0,6.50,3,1,0,1,0,T20I # 379
Sri Lanka Vs South Africa,South Africa,Albie Morkel,2,0,24,0,12.00,2,3,0,2,0,T20I # 379
Sri Lanka Vs South Africa,South Africa,Imran Tahir,4,0,26,3,6.50,6,1,1,0,0,T20I # 379
Sri Lanka Vs South Africa,Sri Lanka,Nuwan Kulasekara,3,0,23,1,7.66,7,2,1,0,0,T20I # 379
Sri Lanka Vs South Africa,Sri Lanka,Angelo Mathews,3,0,21,1,7.00,8,3,0,1,0,T20I # 379
Sri Lanka Vs South Africa,Sri Lanka,Sachithra Senanayake,4,0,22,2,5.50,10,2,0,0,0,T20I # 379
Sri Lanka Vs South Africa,Sri Lanka,Lasith Malinga,4,0,29,1,7.25,9,2,1,1,0,T20I # 379
Sri Lanka Vs South Africa,Sri Lanka,Thisara Perera,2,0,18,0,9.00,5,2,1,0,0,T20I # 379
Sri Lanka Vs South Africa,Sri Lanka,Ajantha Mendis,4,0,44,1,11.00,6,2,3,0,0,T20I # 379
England Vs New Zealand,New Zealand,Kyle Mills,4,0,36,1,9.00,9,4,1,2,0,T20I # 380
England Vs New Zealand,New Zealand,Mitchell McClenaghan,4,0,22,1,5.50,12,3,0,0,0,T20I # 380
England Vs New Zealand,New Zealand,Tim Southee,4,0,46,1,11.50,10,4,3,2,0,T20I # 380
England Vs New Zealand,New Zealand,Corey Anderson,4,0,32,2,8.00,8,2,1,1,0,T20I # 380
England Vs New Zealand,New Zealand,Nathan McCullum,4,0,32,1,8.00,9,4,0,1,0,T20I # 380
England Vs New Zealand,England,Moeen Ali,1,0,7,0,7.00,2,1,0,0,0,T20I # 380
England Vs New Zealand,England,Jade Dernbach,2,0,13,1,6.50,6,2,0,0,0,T20I # 380
England Vs New Zealand,England,Tim Bresnan,1,0,10,0,10.00,3,2,0,0,0,T20I # 380
England Vs New Zealand,England,Stuart Broad,1,0,16,0,16.00,3,1,2,0,0,T20I # 380
England Vs New Zealand,England,Chris Jordan,0.2,0,5,0,15.00,0,1,0,0,0,T20I # 380
Pakistan Vs Australia,Australia,Mitchell Starc,4,0,35,1,8.75,11,5,1,1,0,T20I # 381
Pakistan Vs Australia,Australia,Doug Bollinger,4,0,28,1,7.00,9,3,0,0,0,T20I # 381
Pakistan Vs Australia,Australia,Shane Watson,4,0,38,1,9.50,8,2,2,0,1,T20I # 381
Pakistan Vs Australia,Australia,Nathan Coulter-Nile,4,0,36,2,9.00,7,5,0,1,0,T20I # 381
Pakistan Vs Australia,Australia,Brad Hogg,3,0,29,0,9.66,4,3,0,1,0,T20I # 381
Pakistan Vs Australia,Australia,Aaron Finch,1,0,18,0,18.00,1,1,2,0,0,T20I # 381
Pakistan Vs Australia,Pakistan,Zulfiqar Babar,4,0,26,2,6.50,13,5,0,0,0,T20I # 381
Pakistan Vs Australia,Pakistan,Mohammad Hafeez,2,0,18,0,9.00,4,0,2,0,0,T20I # 381
Pakistan Vs Australia,Pakistan,Umar Gul,4,0,29,2,7.25,7,3,0,0,0,T20I # 381
Pakistan Vs Australia,Pakistan,Saeed Ajmal,4,0,33,1,8.25,10,3,2,0,0,T20I # 381
Pakistan Vs Australia,Pakistan,Shahid Afridi,4,0,30,2,7.50,11,2,2,0,0,T20I # 381
Pakistan Vs Australia,Pakistan,Bilawal Bhatti,2,0,36,2,18.00,2,3,2,0,1,T20I # 381
West Indies Vs India,India,Bhuvneshwar Kumar,3,0,3,0,1.00,16,0,0,1,0,T20I # 382
West Indies Vs India,India,Mohammed Shami,3,0,27,0,9.00,11,3,1,5,0,T20I # 382
West Indies Vs India,India,Ravichandran Ashwin,4,0,24,1,6.00,10,3,0,1,0,T20I # 382
West Indies Vs India,India,Amit Mishra,4,0,18,2,4.50,13,0,1,1,0,T20I # 382
West Indies Vs India,India,Suresh Raina,2,0,8,0,4.00,6,0,0,2,0,T20I # 382
West Indies Vs India,India,Ravindra Jadeja,4,0,48,3,12.00,10,3,4,2,1,T20I # 382
West Indies Vs India,West Indies,Samuel Badree,4,0,28,1,7.00,10,3,1,0,0,T20I # 382
West Indies Vs India,West Indies,Krishmar Santokie,4,0,27,0,6.75,7,3,0,0,0,T20I # 382
West Indies Vs India,West Indies,Sunil Narine,4,0,20,0,5.00,12,0,1,1,1,T20I # 382
West Indies Vs India,West Indies,Dwayne Bravo,1,0,12,0,12.00,0,2,0,0,0,T20I # 382
West Indies Vs India,West Indies,Daren Sammy,1,0,9,0,9.00,1,1,0,0,0,T20I # 382
West Indies Vs India,West Indies,Marlon Samuels,3.4,0,22,1,6.00,9,0,1,0,0,T20I # 382
West Indies Vs India,West Indies,Andre Russell,2,0,12,1,6.00,7,2,0,1,0,T20I # 382
South Africa Vs New Zealand,New Zealand,Kyle Mills,4,0,29,1,7.25,8,2,1,0,0,T20I # 383
South Africa Vs New Zealand,New Zealand,Mitchell McClenaghan,4,0,30,0,7.50,12,2,1,1,0,T20I # 383
South Africa Vs New Zealand,New Zealand,Tim Southee,4,0,46,2,11.50,6,8,0,0,0,T20I # 383
South Africa Vs New Zealand,New Zealand,Nathan McCullum,4,0,24,1,6.00,5,1,0,0,0,T20I # 383
South Africa Vs New Zealand,New Zealand,Corey Anderson,3,0,28,2,9.33,5,1,2,0,0,T20I # 383
South Africa Vs New Zealand,New Zealand,Kane Williamson,1,0,13,0,13.00,0,2,0,0,0,T20I # 383
South Africa Vs New Zealand,South Africa,Jean-Paul Duminy,3,0,30,0,10.00,4,4,0,0,0,T20I # 383
South Africa Vs New Zealand,South Africa,Lonwabo Tsotsobe,4,0,29,0,7.25,9,4,0,1,0,T20I # 383
South Africa Vs New Zealand,South Africa,Dale Steyn,4,0,17,4,4.25,16,2,0,0,0,T20I # 383
South Africa Vs New Zealand,South Africa,Morne Morkel,3,0,50,0,16.66,4,5,4,1,0,T20I # 383
South Africa Vs New Zealand,South Africa,Albie Morkel,2,0,13,1,6.50,3,1,0,0,0,T20I # 383
South Africa Vs New Zealand,South Africa,Imran Tahir,4,0,27,2,6.75,6,0,1,2,0,T20I # 383
Netherlands Vs Sri Lanka,Sri Lanka,Nuwan Kulasekara,2,2,0,1,0.00,12,0,0,0,0,T20I # 384
Netherlands Vs Sri Lanka,Sri Lanka,Angelo Mathews,4,0,16,3,4.00,15,2,0,0,0,T20I # 384
Netherlands Vs Sri Lanka,Sri Lanka,Lasith Malinga,2,0,5,2,2.50,8,0,0,0,0,T20I # 384
Netherlands Vs Sri Lanka,Sri Lanka,Ajantha Mendis,2.3,0,12,3,4.80,8,1,0,0,0,T20I # 384
Netherlands Vs Sri Lanka,Netherlands,Timm van der Gugten,3,0,22,0,7.33,12,4,0,1,1,T20I # 384
Netherlands Vs Sri Lanka,Netherlands,Ahsan Malik,2,0,18,1,9.00,4,1,1,1,0,T20I # 384
West Indies Vs Bangladesh,Bangladesh,Mashrafe Mortaza,4,0,25,0,6.25,12,2,0,2,0,T20I # 385
West Indies Vs Bangladesh,Bangladesh,Al-Amin Hossain,4,0,21,3,5.25,12,1,1,0,0,T20I # 385
West Indies Vs Bangladesh,Bangladesh,Sohag Gazi,4,0,38,0,9.50,10,6,1,0,0,T20I # 385
West Indies Vs Bangladesh,Bangladesh,Sabbir Rahman,1,0,12,0,12.00,2,1,1,0,0,T20I # 385
West Indies Vs Bangladesh,Bangladesh,Mahmudullah,3,0,27,1,9.00,6,3,1,0,0,T20I # 385
West Indies Vs Bangladesh,Bangladesh,Shakib Al Hasan,3,0,21,1,7.00,7,1,1,1,0,T20I # 385
West Indies Vs Bangladesh,Bangladesh,Ziaur Rahman,1,0,16,1,16.00,2,3,0,0,1,T20I # 385
West Indies Vs Bangladesh,West Indies,Samuel Badree,4,0,15,4,3.75,15,2,0,0,0,T20I # 385
West Indies Vs Bangladesh,West Indies,Krishmar Santokie,4,0,17,3,4.25,15,2,0,2,0,T20I # 385
West Indies Vs Bangladesh,West Indies,Marlon Samuels,1,0,9,0,9.00,2,0,1,0,0,T20I # 385
West Indies Vs Bangladesh,West Indies,Daren Sammy,1,0,6,0,6.00,3,1,0,0,0,T20I # 385
West Indies Vs Bangladesh,West Indies,Sunil Narine,4,0,17,1,4.25,11,1,0,0,0,T20I # 385
West Indies Vs Bangladesh,West Indies,Dwayne Bravo,3,0,23,0,7.66,5,3,0,1,0,T20I # 385
West Indies Vs Bangladesh,West Indies,Andre Russell,2.1,0,10,2,4.61,7,1,0,0,0,T20I # 385
South Africa Vs Netherlands,Netherlands,Michael Swart,2,0,26,1,13.00,5,4,1,1,0,T20I # 386
South Africa Vs Netherlands,Netherlands,Timm van der Gugten,4,0,28,1,7.00,11,3,0,1,0,T20I # 386
South Africa Vs Netherlands,Netherlands,Ahsan Malik,4,0,19,5,4.75,12,2,0,0,0,T20I # 386
South Africa Vs Netherlands,Netherlands,Logan van Beek,2,0,14,1,7.00,6,2,0,2,0,T20I # 386
South Africa Vs Netherlands,Netherlands,Mudassar Bukhari,4,0,26,0,6.50,5,1,0,0,0,T20I # 386
South Africa Vs Netherlands,Netherlands,Pieter Seelaar,1,0,9,0,9.00,1,1,0,0,0,T20I # 386
South Africa Vs Netherlands,Netherlands,Tom Cooper,3,0,22,1,7.33,3,0,1,0,0,T20I # 386
South Africa Vs Netherlands,South Africa,Albie Morkel,2,0,19,0,9.50,4,3,0,1,0,T20I # 386
South Africa Vs Netherlands,South Africa,Beuran Hendricks,3.4,0,16,1,4.36,12,2,0,0,0,T20I # 386
South Africa Vs Netherlands,South Africa,Lonwabo Tsotsobe,4,0,46,1,11.50,7,6,2,0,0,T20I # 386
South Africa Vs Netherlands,South Africa,Dale Steyn,4,0,19,2,4.75,14,2,0,1,0,T20I # 386
South Africa Vs Netherlands,South Africa,Imran Tahir,4,0,21,4,5.25,10,0,1,0,0,T20I # 386
South Africa Vs Netherlands,South Africa,Jean-Paul Duminy,1,0,12,1,12.00,3,1,1,1,0,T20I # 386
Sri Lanka Vs England,England,Moeen Ali,1,0,4,0,4.00,3,0,0,0,0,T20I # 387
Sri Lanka Vs England,England,Jade Dernbach,4,0,42,2,10.50,12,6,1,1,1,T20I # 387
Sri Lanka Vs England,England,Tim Bresnan,4,0,48,0,12.00,8,3,4,0,0,T20I # 387
Sri Lanka Vs England,England,Chris Jordan,4,0,28,2,7.00,9,3,0,1,0,T20I # 387
Sri Lanka Vs England,England,James Tredwell,4,0,36,0,9.00,5,3,1,0,0,T20I # 387
Sri Lanka Vs England,England,Stuart Broad,3,0,29,0,9.66,7,2,1,2,1,T20I # 387
Sri Lanka Vs England,Sri Lanka,Nuwan Kulasekara,4,1,32,4,8.00,12,2,2,2,0,T20I # 387
Sri Lanka Vs England,Sri Lanka,Angelo Mathews,2.2,0,31,0,13.28,5,4,2,0,0,T20I # 387
Sri Lanka Vs England,Sri Lanka,Lasith Malinga,4,0,31,0,7.75,11,5,0,1,1,T20I # 387
Sri Lanka Vs England,Sri Lanka,Sachithra Senanayake,4,0,30,0,7.50,6,3,0,0,0,T20I # 387
Sri Lanka Vs England,Sri Lanka,Ajantha Mendis,4,0,52,0,13.00,4,3,4,0,0,T20I # 387
Sri Lanka Vs England,Sri Lanka,Thisara Perera,1,0,14,0,14.00,1,3,0,0,0,T20I # 387
Australia Vs West Indies,West Indies,Krishmar Santokie,4,0,30,1,7.50,10,2,1,1,0,T20I # 388
Australia Vs West Indies,West Indies,Samuel Badree,4,0,37,2,9.25,12,3,3,1,0,T20I # 388
Australia Vs West Indies,West Indies,Marlon Samuels,2,0,20,2,10.00,4,2,1,1,0,T20I # 388
Australia Vs West Indies,West Indies,Sunil Narine,4,1,19,2,4.75,11,1,0,0,0,T20I # 388
Australia Vs West Indies,West Indies,Daren Sammy,1,0,16,0,16.00,1,2,1,0,0,T20I # 388
Australia Vs West Indies,West Indies,Dwayne Bravo,4,0,39,1,9.75,7,4,1,3,1,T20I # 388
Australia Vs West Indies,West Indies,Andre Russell,1,0,15,0,15.00,0,1,0,0,1,T20I # 388
Australia Vs West Indies,Australia,Shane Watson,2,1,11,0,5.50,8,0,1,0,0,T20I # 388
Australia Vs West Indies,Australia,Mitchell Starc,4,0,50,2,12.50,9,7,2,0,0,T20I # 388
Australia Vs West Indies,Australia,Doug Bollinger,4,0,34,1,8.50,11,5,1,0,0,T20I # 388
Australia Vs West Indies,Australia,Glenn Maxwell,3,0,28,0,9.33,7,5,0,0,0,T20I # 388
Australia Vs West Indies,Australia,James Faulkner,3.4,0,27,0,7.36,8,0,2,2,0,T20I # 388
Australia Vs West Indies,Australia,James Muirhead,3,0,21,1,7.00,7,1,1,0,0,T20I # 388
Bangladesh Vs India,India,Bhuvneshwar Kumar,3,0,21,1,7.00,9,4,0,0,0,T20I # 389
Bangladesh Vs India,India,Ravichandran Ashwin,4,0,15,2,3.75,15,2,0,0,0,T20I # 389
Bangladesh Vs India,India,Mohammed Shami,3,0,29,1,9.66,10,4,1,2,0,T20I # 389
Bangladesh Vs India,India,Ravindra Jadeja,4,0,30,0,7.50,11,4,1,0,0,T20I # 389
Bangladesh Vs India,India,Suresh Raina,2,0,11,0,5.50,4,1,0,0,0,T20I # 389
Bangladesh Vs India,India,Amit Mishra,4,0,26,3,6.50,12,1,2,0,0,T20I # 389
Bangladesh Vs India,Bangladesh,Mashrafe Mortaza,4,0,23,1,5.75,8,1,0,1,0,T20I # 389
Bangladesh Vs India,Bangladesh,Sohag Gazi,3,0,21,0,7.00,4,2,0,0,0,T20I # 389
Bangladesh Vs India,Bangladesh,Al-Amin Hossain,4,0,38,1,9.50,8,2,3,0,1,T20I # 389
Bangladesh Vs India,Bangladesh,Shakib Al Hasan,4,0,26,0,6.50,8,2,0,2,0,T20I # 389
Bangladesh Vs India,Bangladesh,Ziaur Rahman,2.3,0,26,0,10.40,1,2,1,0,0,T20I # 389
Bangladesh Vs India,Bangladesh,Mahmudullah,1,0,7,0,7.00,1,0,0,1,0,T20I # 389
Netherlands Vs New Zealand,New Zealand,Kyle Mills,3,0,20,1,6.66,9,2,1,0,0,T20I # 390
Netherlands Vs New Zealand,New Zealand,Trent Boult,4,0,25,1,6.25,11,3,0,0,1,T20I # 390
Netherlands Vs New Zealand,New Zealand,Corey Anderson,2,0,19,0,9.50,6,2,1,1,0,T20I # 390
Netherlands Vs New Zealand,New Zealand,Nathan McCullum,4,0,20,1,5.00,10,2,0,0,0,T20I # 390
Netherlands Vs New Zealand,New Zealand,Mitchell McClenaghan,4,0,29,1,7.25,11,3,1,1,0,T20I # 390
Netherlands Vs New Zealand,New Zealand,Kane Williamson,1,0,17,0,17.00,1,2,1,0,0,T20I # 390
Netherlands Vs New Zealand,New Zealand,James Neesham,2,0,9,0,4.50,6,1,0,0,0,T20I # 390
Netherlands Vs New Zealand,Netherlands,Michael Swart,1,0,6,0,6.00,4,1,0,1,0,T20I # 390
Netherlands Vs New Zealand,Netherlands,Timm van der Gugten,4,0,30,3,7.50,12,2,2,0,0,T20I # 390
Netherlands Vs New Zealand,Netherlands,Mudassar Bukhari,4,0,31,0,7.75,11,3,1,1,0,T20I # 390
Netherlands Vs New Zealand,Netherlands,Ahsan Malik,4,0,43,0,10.75,4,3,2,0,0,T20I # 390
Netherlands Vs New Zealand,Netherlands,Peter Borren,2,0,10,0,5.00,2,0,0,0,0,T20I # 390
Netherlands Vs New Zealand,Netherlands,Pieter Seelaar,2,0,16,0,8.00,4,2,0,0,0,T20I # 390
Netherlands Vs New Zealand,Netherlands,Logan van Beek,2,0,14,1,7.00,2,1,0,0,0,T20I # 390
South Africa Vs England,England,Moeen Ali,2,0,17,0,8.50,7,2,1,1,0,T20I # 391
South Africa Vs England,England,Jade Dernbach,3,0,44,0,14.66,6,4,3,3,1,T20I # 391
South Africa Vs England,England,Tim Bresnan,3,0,28,1,9.33,5,3,1,0,0,T20I # 391
South Africa Vs England,England,Chris Jordan,3,0,30,1,10.00,7,3,1,3,0,T20I # 391
South Africa Vs England,England,James Tredwell,3,0,25,1,8.33,4,3,0,0,0,T20I # 391
South Africa Vs England,England,Stuart Broad,4,0,33,1,8.25,7,4,0,0,0,T20I # 391
South Africa Vs England,England,Ravi Bopara,2,0,13,0,6.50,2,0,0,1,0,T20I # 391
South Africa Vs England,South Africa,Jean-Paul Duminy,2,0,18,0,9.00,4,3,0,1,0,T20I # 391
South Africa Vs England,South Africa,Albie Morkel,2,0,19,0,9.50,3,2,0,1,1,T20I # 391
South Africa Vs England,South Africa,Beuran Hendricks,4,0,50,1,12.50,11,5,4,2,0,T20I # 391
South Africa Vs England,South Africa,Dale Steyn,4,0,44,1,11.00,4,2,3,2,0,T20I # 391
South Africa Vs England,South Africa,Wayne Parnell,4,0,31,3,7.75,8,4,0,3,0,T20I # 391
South Africa Vs England,South Africa,Imran Tahir,4,0,27,2,6.75,6,1,0,0,0,T20I # 391
Pakistan Vs Bangladesh,Bangladesh,Mashrafe Mortaza,4,0,63,0,15.75,8,7,4,1,1,T20I # 392
Pakistan Vs Bangladesh,Bangladesh,Al-Amin Hossain,4,0,37,1,9.25,7,3,1,0,0,T20I # 392
Pakistan Vs Bangladesh,Bangladesh,Shakib Al Hasan,4,0,21,1,5.25,8,1,0,1,0,T20I # 392
Pakistan Vs Bangladesh,Bangladesh,Abdur Razzak,4,0,20,2,5.00,10,0,0,2,0,T20I # 392
Pakistan Vs Bangladesh,Bangladesh,Mahmudullah,3,0,24,1,8.00,3,2,0,0,0,T20I # 392
Pakistan Vs Bangladesh,Bangladesh,Ziaur Rahman,1,0,22,0,22.00,0,2,2,0,0,T20I # 392
Pakistan Vs Bangladesh,Pakistan,Mohammad Hafeez,3,0,16,0,5.33,8,2,0,0,0,T20I # 392
Pakistan Vs Bangladesh,Pakistan,Sohail Tanvir,3,0,26,0,8.66,5,3,0,0,0,T20I # 392
Pakistan Vs Bangladesh,Pakistan,Umar Gul,4,0,30,3,7.50,12,5,0,1,0,T20I # 392
Pakistan Vs Bangladesh,Pakistan,Saeed Ajmal,3,0,20,2,6.66,9,2,1,0,0,T20I # 392
Pakistan Vs Bangladesh,Pakistan,Zulfiqar Babar,3,0,24,1,8.00,7,0,2,1,0,T20I # 392
Pakistan Vs Bangladesh,Pakistan,Shahid Afridi,4,0,21,1,5.25,9,0,1,0,0,T20I # 392
India Vs Australia,Australia,Brad Hodge,2,0,13,1,6.50,6,2,0,1,0,T20I # 393
India Vs Australia,Australia,Glenn Maxwell,4,0,20,1,5.00,10,0,1,1,0,T20I # 393
India Vs Australia,Australia,Mitchell Starc,4,0,36,1,9.00,12,3,2,3,0,T20I # 393
India Vs Australia,Australia,Shane Watson,4,0,36,1,9.00,11,3,1,3,1,T20I # 393
India Vs Australia,Australia,Doug Bollinger,4,0,24,1,6.00,12,3,0,0,0,T20I # 393
India Vs Australia,Australia,James Muirhead,2,0,24,1,12.00,1,0,2,0,0,T20I # 393
India Vs Australia,India,Bhuvneshwar Kumar,3,0,7,1,2.33,14,1,0,0,0,T20I # 393
India Vs Australia,India,Mohit Sharma,2,0,11,1,5.50,6,1,0,0,0,T20I # 393
India Vs Australia,India,Ravichandran Ashwin,3.2,0,11,4,3.30,15,0,1,1,0,T20I # 393
India Vs Australia,India,Suresh Raina,1,0,16,0,16.00,0,0,2,0,0,T20I # 393
India Vs Australia,India,Ravindra Jadeja,4,0,25,1,6.25,12,1,2,0,0,T20I # 393
India Vs Australia,India,Amit Mishra,3,0,13,2,4.33,6,0,0,0,0,T20I # 393
Netherlands Vs England,England,Moeen Ali,1,0,13,0,13.00,2,3,0,0,0,T20I # 394
Netherlands Vs England,England,Tim Bresnan,2,0,11,0,5.50,6,1,0,1,0,T20I # 394
Netherlands Vs England,England,Chris Jordan,3,0,13,1,4.33,12,2,0,1,0,T20I # 394
Netherlands Vs England,England,Stuart Broad,4,0,24,3,6.00,16,2,1,2,0,T20I # 394
Netherlands Vs England,England,James Tredwell,4,0,23,0,5.75,9,2,0,1,0,T20I # 394
Netherlands Vs England,England,Stephen Parry,2,0,23,0,11.50,2,1,2,0,0,T20I # 394
Netherlands Vs England,England,Ravi Bopara,4,0,15,1,3.75,11,0,0,0,0,T20I # 394
Netherlands Vs England,Netherlands,Michael Swart,1,0,8,0,8.00,3,1,0,0,0,T20I # 394
Netherlands Vs England,Netherlands,Timm van der Gugten,3,0,11,1,3.66,12,1,0,1,0,T20I # 394
Netherlands Vs England,Netherlands,Mudassar Bukhari,3.4,0,12,3,3.27,14,1,0,0,0,T20I # 394
Netherlands Vs England,Netherlands,Ahsan Malik,3,0,14,0,4.66,7,1,0,0,0,T20I # 394
Netherlands Vs England,Netherlands,Peter Borren,3,0,18,1,6.00,3,0,0,0,0,T20I # 394
Netherlands Vs England,Netherlands,Logan van Beek,2,0,9,3,4.50,5,0,0,0,0,T20I # 394
Netherlands Vs England,Netherlands,Pieter Seelaar,2,0,14,0,7.00,4,0,0,2,0,T20I # 394
Sri Lanka Vs New Zealand,New Zealand,Kyle Mills,4,0,30,1,7.50,11,4,1,0,0,T20I # 395
Sri Lanka Vs New Zealand,New Zealand,Trent Boult,4,0,20,3,5.00,15,3,0,1,1,T20I # 395
Sri Lanka Vs New Zealand,New Zealand,Corey Anderson,3,0,13,0,4.33,10,1,0,1,0,T20I # 395
Sri Lanka Vs New Zealand,New Zealand,Mitchell McClenaghan,4,0,24,2,6.00,9,2,0,1,0,T20I # 395
Sri Lanka Vs New Zealand,New Zealand,James Neesham,2.2,0,22,3,9.42,5,2,1,0,0,T20I # 395
Sri Lanka Vs New Zealand,New Zealand,Nathan McCullum,2,0,8,1,4.00,7,1,0,0,0,T20I # 395
Sri Lanka Vs New Zealand,Sri Lanka,Nuwan Kulasekara,3,0,15,0,5.00,12,2,0,2,0,T20I # 395
Sri Lanka Vs New Zealand,Sri Lanka,Angelo Mathews,4,0,26,0,6.50,12,4,0,0,0,T20I # 395
Sri Lanka Vs New Zealand,Sri Lanka,Rangana Herath,3.3,2,3,5,0.85,18,0,0,0,0,T20I # 395
Sri Lanka Vs New Zealand,Sri Lanka,Lasith Malinga,2,0,13,0,6.50,2,1,0,0,0,T20I # 395
Sri Lanka Vs New Zealand,Sri Lanka,Sachithra Senanayake,3,0,3,2,1.00,15,0,0,0,0,T20I # 395
Bangladesh Vs Australia,Australia,Mitchell Starc,4,0,25,1,6.25,11,2,0,2,0,T20I # 396
Bangladesh Vs Australia,Australia,Nathan Coulter-Nile,3,0,17,2,5.66,10,2,0,2,0,T20I # 396
Bangladesh Vs Australia,Australia,Doug Bollinger,4,0,31,1,7.75,8,3,1,0,0,T20I # 396
Bangladesh Vs Australia,Australia,Shane Watson,4,0,25,1,6.25,11,1,1,3,1,T20I # 396
Bangladesh Vs Australia,Australia,Glenn Maxwell,3,0,32,0,10.66,4,2,2,0,1,T20I # 396
Bangladesh Vs Australia,Australia,Dan Christian,2,0,17,0,8.50,2,2,0,0,0,T20I # 396
Bangladesh Vs Australia,Bangladesh,Sohag Gazi,4,0,35,0,8.75,11,4,2,0,0,T20I # 396
Bangladesh Vs Australia,Bangladesh,Al-Amin Hossain,3.3,0,30,2,8.57,8,3,1,1,0,T20I # 396
Bangladesh Vs Australia,Bangladesh,Shakib Al Hasan,3,0,36,0,12.00,6,3,3,0,0,T20I # 396
Bangladesh Vs Australia,Bangladesh,Taskin Ahmed,4,0,24,1,6.00,13,4,0,1,0,T20I # 396
Bangladesh Vs Australia,Bangladesh,Abdur Razzak,2,0,16,0,8.00,5,1,1,0,0,T20I # 396
Bangladesh Vs Australia,Bangladesh,Mominul Haque,1,0,14,0,14.00,0,1,1,0,0,T20I # 396
West Indies Vs Pakistan,Pakistan,Mohammad Hafeez,2,0,15,1,7.50,8,3,0,0,0,T20I # 397
West Indies Vs Pakistan,Pakistan,Sohail Tanvir,4,0,27,1,6.75,14,3,1,1,0,T20I # 397
West Indies Vs Pakistan,Pakistan,Zulfiqar Babar,4,0,27,1,6.75,13,3,1,2,0,T20I # 397
West Indies Vs Pakistan,Pakistan,Shahid Afridi,4,0,23,1,5.75,11,0,1,0,0,T20I # 397
West Indies Vs Pakistan,Pakistan,Umar Gul,2,0,29,0,14.50,4,1,3,1,0,T20I # 397
West Indies Vs Pakistan,Pakistan,Saeed Ajmal,4,0,41,0,10.25,9,3,3,1,0,T20I # 397
West Indies Vs Pakistan,West Indies,Krishmar Santokie,2.5,0,9,2,3.17,11,0,0,2,0,T20I # 397
West Indies Vs Pakistan,West Indies,Samuel Badree,4,0,10,3,2.50,14,0,0,0,0,T20I # 397
West Indies Vs Pakistan,West Indies,Marlon Samuels,3,0,21,0,7.00,8,0,2,0,0,T20I # 397
West Indies Vs Pakistan,West Indies,Andre Russell,3,0,15,2,5.00,7,1,0,0,0,T20I # 397
West Indies Vs Pakistan,West Indies,Sunil Narine,4,0,16,3,4.00,14,0,1,0,0,T20I # 397
West Indies Vs Pakistan,West Indies,Dwayne Smith,1,0,11,0,11.00,3,1,1,0,0,T20I # 397
Sri Lanka Vs West Indies,West Indies,Samuel Badree,4,0,23,1,5.75,14,1,2,0,0,T20I # 398
Sri Lanka Vs West Indies,West Indies,Krishmar Santokie,4,0,46,2,11.50,7,5,2,0,0,T20I # 398
Sri Lanka Vs West Indies,West Indies,Sunil Narine,4,0,20,0,5.00,9,0,0,0,0,T20I # 398
Sri Lanka Vs West Indies,West Indies,Marlon Samuels,4,0,23,0,5.75,8,0,1,0,0,T20I # 398
Sri Lanka Vs West Indies,West Indies,Andre Russell,3,0,37,1,12.33,3,3,2,2,0,T20I # 398
Sri Lanka Vs West Indies,West Indies,Chris Gayle,1,0,9,0,9.00,1,1,0,0,0,T20I # 398
Sri Lanka Vs West Indies,Sri Lanka,Nuwan Kulasekara,2.5,0,22,1,7.76,10,1,1,2,0,T20I # 398
Sri Lanka Vs West Indies,Sri Lanka,Sachithra Senanayake,2,0,6,0,3.00,7,0,0,0,0,T20I # 398
Sri Lanka Vs West Indies,Sri Lanka,Lasith Malinga,2,0,5,2,2.50,7,0,0,0,0,T20I # 398
Sri Lanka Vs West Indies,Sri Lanka,Rangana Herath,4,0,27,0,6.75,11,2,1,1,0,T20I # 398
Sri Lanka Vs West Indies,Sri Lanka,Seekkuge Prasanna,2,0,15,1,7.50,5,2,0,0,0,T20I # 398
Sri Lanka Vs West Indies,Sri Lanka,Angelo Mathews,1,0,4,0,4.00,3,0,0,0,0,T20I # 398
South Africa Vs India,India,Bhuvneshwar Kumar,4,0,33,1,8.25,10,4,1,1,0,T20I # 399
South Africa Vs India,India,Mohit Sharma,3,0,34,0,11.33,5,4,1,0,0,T20I # 399
South Africa Vs India,India,Ravichandran Ashwin,4,0,22,3,5.50,13,0,2,1,0,T20I # 399
South Africa Vs India,India,Ravindra Jadeja,2,0,8,0,4.00,4,0,0,0,0,T20I # 399
South Africa Vs India,India,Suresh Raina,4,0,35,0,8.75,4,2,1,1,0,T20I # 399
South Africa Vs India,India,Amit Mishra,3,0,36,0,12.00,3,4,1,0,1,T20I # 399
South Africa Vs India,South Africa,Jean-Paul Duminy,3,0,29,0,9.66,4,3,1,1,0,T20I # 399
South Africa Vs India,South Africa,Albie Morkel,2,0,17,0,8.50,3,2,0,0,0,T20I # 399
South Africa Vs India,South Africa,Dale Steyn,3.1,0,36,0,11.36,3,4,1,2,0,T20I # 399
South Africa Vs India,South Africa,Beuran Hendricks,4,0,31,2,7.75,10,4,0,3,0,T20I # 399
South Africa Vs India,South Africa,Wayne Parnell,3,0,33,1,11.00,5,2,2,2,0,T20I # 399
South Africa Vs India,South Africa,Imran Tahir,4,0,30,1,7.50,4,1,1,1,0,T20I # 399
India Vs Sri Lanka,Sri Lanka,Nuwan Kulasekara,4,0,29,1,7.25,10,3,1,0,0,T20I # 400
India Vs Sri Lanka,Sri Lanka,Angelo Mathews,4,0,25,1,6.25,8,1,1,0,0,T20I # 400
India Vs Sri Lanka,Sri Lanka,Sachithra Senanayake,4,0,22,0,5.50,11,2,0,0,0,T20I # 400
India Vs Sri Lanka,Sri Lanka,Lasith Malinga,4,0,27,0,6.75,6,2,0,1,0,T20I # 400
India Vs Sri Lanka,Sri Lanka,Rangana Herath,4,0,23,1,5.75,12,0,2,1,0,T20I # 400
India Vs Sri Lanka,India,Bhuvneshwar Kumar,3,0,18,0,6.00,12,4,0,0,0,T20I # 400
India Vs Sri Lanka,India,Mohit Sharma,2,0,18,1,9.00,4,3,0,0,0,T20I # 400
India Vs Sri Lanka,India,Ravichandran Ashwin,3.5,0,29,1,7.56,12,4,1,1,0,T20I # 400
India Vs Sri Lanka,India,Amit Mishra,4,0,32,1,8.00,11,2,2,1,0,T20I # 400
India Vs Sri Lanka,India,Suresh Raina,4,0,24,1,6.00,9,2,0,1,0,T20I # 400
India Vs Sri Lanka,India,Ravindra Jadeja,1,0,11,0,11.00,3,1,1,0,0,T20I # 400
Sri Lanka Vs England,England,Joe Root,2,0,16,1,8.00,7,2,1,0,0,T20I # 401
Sri Lanka Vs England,England,Chris Woakes,4,0,31,1,7.75,10,2,2,0,0,T20I # 401
Sri Lanka Vs England,England,Harry Gurney,4,0,26,2,6.50,11,4,0,0,0,T20I # 401
Sri Lanka Vs England,England,Chris Jordan,4,0,43,1,10.75,8,7,1,0,0,T20I # 401
Sri Lanka Vs England,England,James Tredwell,4,0,41,1,10.25,4,3,2,0,0,T20I # 401
Sri Lanka Vs England,England,Ravi Bopara,2,0,24,0,12.00,1,4,0,1,0,T20I # 401
Sri Lanka Vs England,Sri Lanka,Nuwan Kulasekara,4,0,39,1,9.75,10,4,1,4,0,T20I # 401
Sri Lanka Vs England,Sri Lanka,Angelo Mathews,2,0,7,1,3.50,6,0,0,0,0,T20I # 401
Sri Lanka Vs England,Sri Lanka,Suranga Lakmal,4,0,44,1,11.00,6,4,2,2,0,T20I # 401
Sri Lanka Vs England,Sri Lanka,Sachithra Senanayake,3,0,26,0,8.66,5,4,0,0,0,T20I # 401
Sri Lanka Vs England,Sri Lanka,Lasith Malinga,4,0,28,3,7.00,11,3,0,1,0,T20I # 401
Sri Lanka Vs England,Sri Lanka,Thisara Perera,3,0,24,1,8.00,4,3,0,0,0,T20I # 401
West Indies Vs New Zealand,New Zealand,Tim Southee,4,0,20,2,5.00,13,1,0,2,1,T20I # 402
West Indies Vs New Zealand,New Zealand,Trent Boult,4,0,28,2,7.00,14,0,3,2,0,T20I # 402
West Indies Vs New Zealand,New Zealand,James Neesham,3,0,14,0,4.66,7,0,0,2,0,T20I # 402
West Indies Vs New Zealand,New Zealand,Corey Anderson,4,0,32,2,8.00,6,0,2,2,0,T20I # 402
West Indies Vs New Zealand,New Zealand,Ish Sodhi,3,0,35,1,11.66,8,2,3,1,0,T20I # 402
West Indies Vs New Zealand,West Indies,Samuel Badree,3,0,13,0,4.33,8,1,0,0,0,T20I # 402
West Indies Vs New Zealand,West Indies,Krishmar Santokie,2,0,27,1,13.50,5,3,2,0,0,T20I # 402
West Indies Vs New Zealand,West Indies,Sunil Narine,3,0,19,0,6.33,5,1,0,1,0,T20I # 402
West Indies Vs New Zealand,West Indies,Andre Russell,2,0,21,0,10.50,5,1,2,0,0,T20I # 402
West Indies Vs New Zealand,West Indies,Daren Sammy,3,0,22,3,7.33,5,2,0,0,0,T20I # 402
West Indies Vs New Zealand,West Indies,Kieron Pollard,2,0,14,0,7.00,5,0,1,2,0,T20I # 402
West Indies Vs New Zealand,New Zealand,Tim Southee,4,0,34,1,8.50,6,3,1,1,0,T20I # 403
West Indies Vs New Zealand,New Zealand,Trent Boult,4,1,22,2,5.50,15,2,1,2,0,T20I # 403
West Indies Vs New Zealand,New Zealand,James Neesham,4,0,31,0,7.75,9,3,1,0,0,T20I # 403
West Indies Vs New Zealand,New Zealand,Corey Anderson,4,0,51,1,12.75,6,5,3,0,0,T20I # 403
West Indies Vs New Zealand,New Zealand,Ish Sodhi,2,0,16,1,8.00,4,1,1,0,0,T20I # 403
West Indies Vs New Zealand,New Zealand,Kane Williamson,2,0,11,1,5.50,4,0,0,1,0,T20I # 403
West Indies Vs New Zealand,West Indies,Samuel Badree,4,1,20,1,5.00,12,2,0,0,0,T20I # 403
West Indies Vs New Zealand,West Indies,Sheldon Cottrell,3.1,0,28,3,8.84,8,3,1,0,0,T20I # 403
West Indies Vs New Zealand,West Indies,Sunil Narine,4,0,19,2,4.75,13,2,0,1,0,T20I # 403
West Indies Vs New Zealand,West Indies,Daren Sammy,3,0,22,0,7.33,3,1,0,0,0,T20I # 403
West Indies Vs New Zealand,West Indies,Andre Russell,2,0,17,1,8.50,3,2,0,0,0,T20I # 403
West Indies Vs New Zealand,West Indies,Kieron Pollard,3,0,19,1,6.33,10,0,2,1,0,T20I # 403
Bangladesh Vs West Indies,West Indies,Krishmar Santokie,2,0,18,0,9.00,3,2,0,0,0,T20I # 404
Bangladesh Vs West Indies,West Indies,Sheldon Cottrell,2,1,5,0,2.50,8,0,0,1,0,T20I # 404
Bangladesh Vs West Indies,West Indies,Dwayne Bravo,0.4,0,8,0,12.00,1,0,1,0,0,T20I # 404
England Vs India,India,Ravichandran Ashwin,4,0,37,0,9.25,6,2,2,0,0,T20I # 405
England Vs India,India,Mohit Sharma,4,0,39,1,9.75,13,4,3,0,0,T20I # 405
England Vs India,India,Mohammed Shami,4,0,38,3,9.50,9,4,2,0,0,T20I # 405
England Vs India,India,Karn Sharma,4,0,28,1,7.00,10,1,2,0,0,T20I # 405
England Vs India,India,Ravindra Jadeja,4,0,35,1,8.75,7,1,2,0,1,T20I # 405
England Vs India,England,Steven Finn,4,0,28,1,7.00,8,2,1,0,0,T20I # 405
England Vs India,England,Moeen Ali,3,0,31,1,10.33,4,2,2,1,0,T20I # 405
England Vs India,England,Harry Gurney,4,0,29,1,7.25,9,2,1,1,0,T20I # 405
England Vs India,England,Chris Woakes,4,0,43,1,10.75,8,6,1,1,0,T20I # 405
England Vs India,England,Ravi Bopara,1,0,14,0,14.00,0,2,0,1,0,T20I # 405
England Vs India,England,James Tredwell,4,0,28,0,7.00,4,1,1,0,0,T20I # 405
Pakistan Vs Australia,Australia,Glenn Maxwell,3,0,13,3,4.33,12,0,0,2,0,T20I # 406
Pakistan Vs Australia,Australia,Mitchell Starc,4,0,17,1,4.25,18,2,0,1,0,T20I # 406
Pakistan Vs Australia,Australia,Cameron Boyce,4,0,10,2,2.50,15,0,0,0,0,T20I # 406
Pakistan Vs Australia,Australia,Kane Richardson,3,0,13,1,4.33,8,1,0,0,0,T20I # 406
Pakistan Vs Australia,Australia,Sean Abbott,3,0,17,1,5.66,6,0,0,2,0,T20I # 406
Pakistan Vs Australia,Australia,Steven Smith,1,0,4,0,4.00,2,0,0,0,0,T20I # 406
Pakistan Vs Australia,Australia,James Faulkner,2,0,15,1,7.50,2,1,0,0,0,T20I # 406
Pakistan Vs Australia,Pakistan,Raza Hasan,4,0,17,2,4.25,17,2,0,0,0,T20I # 406
Pakistan Vs Australia,Pakistan,Mohammad Irfan,2,0,20,0,10.00,5,4,0,0,0,T20I # 406
Pakistan Vs Australia,Pakistan,Shahid Afridi,4,0,17,1,4.25,14,1,0,1,0,T20I # 406
Pakistan Vs Australia,Pakistan,Wahab Riaz,2,0,15,1,7.50,5,1,1,0,0,T20I # 406
Pakistan Vs Australia,Pakistan,Saad Nasim,1,0,12,0,12.00,2,1,1,0,0,T20I # 406
Pakistan Vs Australia,Pakistan,Sohaib Maqsood,1,0,12,0,12.00,1,0,1,0,1,T20I # 406
Australia Vs South Africa,South Africa,Kyle Abbott,4,0,21,3,5.25,10,1,0,0,0,T20I # 407
Australia Vs South Africa,South Africa,Kagiso Rabada,3,0,27,0,9.00,7,2,1,0,0,T20I # 407
Australia Vs South Africa,South Africa,Wayne Parnell,4,0,28,1,7.00,3,1,0,0,1,T20I # 407
Australia Vs South Africa,South Africa,Ryan McLaren,3,0,27,1,9.00,6,2,1,0,0,T20I # 407
Australia Vs South Africa,South Africa,Jean-Paul Duminy,2,0,8,0,4.00,5,0,0,1,0,T20I # 407
Australia Vs South Africa,South Africa,Imran Tahir,4,0,31,1,7.75,8,0,2,2,0,T20I # 407
Australia Vs South Africa,Australia,Doug Bollinger,3,0,22,1,7.33,11,3,1,0,0,T20I # 407
Australia Vs South Africa,Australia,Pat Cummins,4,0,21,1,5.25,10,0,0,2,0,T20I # 407
Australia Vs South Africa,Australia,Kane Richardson,3,0,28,0,9.33,5,4,0,1,0,T20I # 407
Australia Vs South Africa,Australia,Shane Watson,1,0,13,0,13.00,3,0,2,0,0,T20I # 407
Australia Vs South Africa,Australia,Cameron Boyce,4,0,31,1,7.75,6,4,0,0,0,T20I # 407
Australia Vs South Africa,Australia,James Faulkner,3,0,17,0,5.66,7,0,1,0,0,T20I # 407
Australia Vs South Africa,Australia,Ben Cutting,1,0,11,0,11.00,0,1,0,1,0,T20I # 407
South Africa Vs Australia,Australia,Doug Bollinger,4,0,25,1,6.25,12,2,1,0,0,T20I # 408
South Africa Vs Australia,Australia,James Faulkner,2,0,16,3,8.00,5,3,0,0,0,T20I # 408
South Africa Vs Australia,Australia,Sean Abbott,2,0,11,0,5.50,5,1,0,0,0,T20I # 408
South Africa Vs Australia,Australia,Glenn Maxwell,4,1,11,0,2.75,13,0,0,0,0,T20I # 408
South Africa Vs Australia,Australia,Pat Cummins,4,0,15,1,3.75,11,0,0,0,0,T20I # 408
South Africa Vs Australia,Australia,Cameron Boyce,23,20,3,2,0,115.00,44,30,8,0,T20I # 408
South Africa Vs Australia,South Africa,Kyle Abbott,4,0,1,0,0,1,0,9,9.00,3,T20I # 408
South Africa Vs Australia,South Africa,Kagiso Rabada,2,0,0,1,0,3.4,1,17,4.63,13,T20I # 408
South Africa Vs Australia,South Africa,Jean-Paul Duminy,1,0,0,0,1,2,0,18,9.00,4,T20I # 408
South Africa Vs Australia,South Africa,Wayne Parnell,3,0,1,2,0,1,0,16,16.00,2,T20I # 408
South Africa Vs Australia,Australia,Doug Bollinger,0,4,0,1,24,6.00,6,1,0,0,T20I # 409
South Africa Vs Australia,Australia,Glenn Maxwell,0,4,0,0,28,7.00,8,2,1,0,T20I # 409
South Africa Vs Australia,Australia,James Faulkner,0,1,0,3,14,14.00,1,2,0,1,T20I # 409
South Africa Vs Australia,Australia,Sean Abbott,0,3,0,0,26,8.66,3,3,0,0,T20I # 409
South Africa Vs Australia,Australia,Cameron Boyce,0,4,0,1,23,5.75,11,1,1,0,T20I # 409
South Africa Vs Australia,Australia,Pat Cummins,0,14,8,1,0,1,175.00,33,25,2,T20I # 409
South Africa Vs Australia,South Africa,Kyle Abbott,4,0,43,1,10.75,8,3,3,1,0,T20I # 409
South Africa Vs Australia,South Africa,Marchant de Lange,4,0,21,1,5.25,12,1,0,2,0,T20I # 409
South Africa Vs Australia,South Africa,Wayne Parnell,4,0,28,0,7.00,11,1,2,1,0,T20I # 409
Nepal Vs Hong Kong,Hong Kong,Tanwir Afzal,20,5.00,13,2,3,0,0,0,4,0,T20I # 410
Nepal Vs Hong Kong,Hong Kong,Haseeb Amjad,24,6.00,15,1,1,2,1,0,4,1,T20I # 410
Nepal Vs Hong Kong,Hong Kong,Irfan Ahmed,4,1.00,-,2,-,-,0,0,4,1,T20I # 410
Nepal Vs Hong Kong,Hong Kong,Aizaz Khan,11,2.75,20,2,2,0,0,0,8,20,T20I # 410
Nepal Vs Hong Kong,Hong Kong,Nadeem Ahmed,0,0,40.00,2,4,8,1,0,50.00,0,T20I # 410
Nepal Vs Hong Kong,Nepal,Sompal Kami,4.00,10,1,1,0,1,0,4,0,16,T20I # 410
Nepal Vs Hong Kong,Nepal,Shakti Gauchan,4.00,14,1,2,0,1,0,4,0,11,T20I # 410
Nepal Vs Hong Kong,Nepal,Amrit Bhattarai,2.75,15,0,1,0,0,0,0.5,0,3,T20I # 410
New Zealand Vs Pakistan,Pakistan,Anwar Ali,2,0,15,1,7.50,7,0,2,0,0,T20I # 411
New Zealand Vs Pakistan,Pakistan,Sohail Tanvir,4,0,24,2,6.00,11,1,1,1,0,T20I # 411
New Zealand Vs Pakistan,Pakistan,Mohammad Irfan,4,0,27,2,6.75,13,3,0,2,1,T20I # 411
New Zealand Vs Pakistan,Pakistan,Raza Hasan,4,0,24,1,6.00,11,1,1,1,0,T20I # 411
New Zealand Vs Pakistan,Pakistan,Mohammad Hafeez,2,0,15,0,7.50,2,0,1,0,0,T20I # 411
New Zealand Vs Pakistan,Pakistan,Shahid Afridi,4,0,27,1,6.75,9,3,0,0,0,T20I # 411
New Zealand Vs Pakistan,New Zealand,Matt Henry,4,0,31,0,7.75,12,4,1,1,0,T20I # 411
New Zealand Vs Pakistan,New Zealand,Mitchell McClenaghan,4,0,21,1,5.25,9,2,0,0,0,T20I # 411
New Zealand Vs Pakistan,New Zealand,Adam Milne,4,0,18,0,4.50,13,2,0,0,0,T20I # 411
New Zealand Vs Pakistan,New Zealand,Anton Devcich,2,0,19,0,9.50,3,3,0,0,0,T20I # 411
New Zealand Vs Pakistan,New Zealand,Nathan McCullum,4,0,26,0,6.50,5,1,0,1,0,T20I # 411
New Zealand Vs Pakistan,New Zealand,Corey Anderson,1,0,17,0,17.00,1,2,1,0,0,T20I # 411
New Zealand Vs Pakistan,New Zealand,James Neesham,0.1,0,6,0,36.00,0,0,1,0,0,T20I # 411
New Zealand Vs Pakistan,Pakistan,Anwar Ali,2,0,13,0,6.50,8,1,1,1,0,T20I # 412
New Zealand Vs Pakistan,Pakistan,Sohail Tanvir,4,0,30,1,7.50,7,3,0,0,0,T20I # 412
New Zealand Vs Pakistan,Pakistan,Umar Gul,4,0,24,2,6.00,12,3,0,1,0,T20I # 412
New Zealand Vs Pakistan,Pakistan,Raza Hasan,4,0,24,1,6.00,9,3,0,0,0,T20I # 412
New Zealand Vs Pakistan,Pakistan,Mohammad Hafeez,2,0,20,1,10.00,1,2,0,0,0,T20I # 412
New Zealand Vs Pakistan,Pakistan,Shahid Afridi,4,0,33,2,8.25,11,0,2,4,0,T20I # 412
New Zealand Vs Pakistan,New Zealand,Anton Devcich,4,0,16,2,4.00,9,0,0,0,0,T20I # 412
New Zealand Vs Pakistan,New Zealand,Matt Henry,2,0,9,1,4.50,9,2,0,0,0,T20I # 412
New Zealand Vs Pakistan,New Zealand,Kyle Mills,3.5,0,26,3,6.78,10,2,1,1,0,T20I # 412
New Zealand Vs Pakistan,New Zealand,Nathan McCullum,3,0,16,0,5.33,5,0,0,0,0,T20I # 412
New Zealand Vs Pakistan,New Zealand,Daniel Vettori,3,0,28,1,9.33,6,1,2,0,1,T20I # 412
New Zealand Vs Pakistan,New Zealand,James Neesham,3,0,25,3,8.33,6,2,1,2,0,T20I # 412
