Team 1,Team 2,Winner,Margin,Ground,Match Date,match_id
Australia,India,Australia,31 runs,Sydney,"Feb 1, 2012",T20I # 217
Australia,India,India,8 wickets,Melbourne,"Feb 3, 2012",T20I # 218
New Zealand,Zimbabwe,New Zealand,7 wickets,Auckland,"Feb 11, 2012",T20I # 219
New Zealand,Zimbabwe,New Zealand,5 wickets,Hamilton,"Feb 14, 2012",T20I # 220
New Zealand,South Africa,New Zealand,6 wickets,Wellington,"Feb 17, 2012",T20I # 221
New Zealand,South Africa,South Africa,8 wickets,Hamilton,"Feb 19, 2012",T20I # 222
New Zealand,South Africa,South Africa,3 runs,Auckland,"Feb 22, 2012",T20I # 223
Kenya,Ireland,Ireland,6 wickets,Mombasa,"Feb 22, 2012",T20I # 224
Kenya,Ireland,Ireland,8 wickets,Mombasa,"Feb 23, 2012",T20I # 225
England,Pakistan,Pakistan,8 runs,Dubai (DSC),"Feb 23, 2012",T20I # 226
Kenya,Ireland,Ireland,2 runs,Mombasa,"Feb 24, 2012",T20I # 227
England,Pakistan,England,38 runs,Dubai (DSC),"Feb 25, 2012",T20I # 228
England,Pakistan,England,5 runs,Abu Dhabi,"Feb 27, 2012",T20I # 229
Canada,Netherlands,Netherlands,42 runs,Dubai (DSC),"Mar 13, 2012",T20I # 230
Kenya,Scotland,Scotland,14 runs,ICCA Dubai,"Mar 13, 2012",T20I # 231
Ireland,Kenya,Ireland,10 wickets,Dubai (DSC),"Mar 14, 2012",T20I # 232
Afghanistan,Netherlands,Afghanistan,4 wickets,Dubai (DSC),"Mar 14, 2012",T20I # 233
Afghanistan,Canada,Afghanistan,41 runs,ICCA Dubai,"Mar 18, 2012",T20I # 234
Ireland,Scotland,Ireland,17 runs,Dubai (DSC),"Mar 18, 2012",T20I # 235
Canada,Ireland,Ireland,10 wickets,Dubai (DSC),"Mar 22, 2012",T20I # 236
Netherlands,Scotland,Netherlands,3 wickets,ICCA Dubai,"Mar 22, 2012",T20I # 237
Ireland,Netherlands,Ireland,7 wickets,Dubai (DSC),"Mar 23, 2012",T20I # 238
Canada,Scotland,Scotland,4 wickets,Dubai (DSC),"Mar 23, 2012",T20I # 239
Afghanistan,Ireland,Ireland,5 wickets,Dubai (DSC),"Mar 24, 2012",T20I # 240
West Indies,Australia,Australia,8 wickets,Gros Islet,"Mar 27, 2012",T20I # 241
South Africa,India,South Africa,11 runs,Johannesburg,"Mar 30, 2012",T20I # 242
West Indies,Australia,West Indies,14 runs,Bridgetown,"Mar 30, 2012",T20I # 243
Sri Lanka,Pakistan,Sri Lanka,37 runs,Hambantota,"Jun 1, 2012",T20I # 244
Sri Lanka,Pakistan,Pakistan,23 runs,Hambantota,"Jun 3, 2012",T20I # 245
England,West Indies,England,7 wickets,Nottingham,"Jun 24, 2012",T20I # 246
New Zealand,West Indies,West Indies,56 runs,Lauderhill,"Jun 30, 2012",T20I # 247
New Zealand,West Indies,West Indies,61 runs,Lauderhill,"Jul 1, 2012",T20I # 248
Ireland,Bangladesh,Bangladesh,71 runs,Belfast,"Jul 18, 2012",T20I # 249
Ireland,Bangladesh,Bangladesh,1 runs,Belfast,"Jul 20, 2012",T20I # 250
Ireland,Bangladesh,Bangladesh,2 wickets,Belfast,"Jul 21, 2012",T20I # 251
Bangladesh,Scotland,Scotland,34 runs,The Hague,"Jul 24, 2012",T20I # 252
Netherlands,Bangladesh,Bangladesh,8 wickets,The Hague,"Jul 25, 2012",T20I # 253
Netherlands,Bangladesh,Netherlands,1 wickets,The Hague,"Jul 26, 2012",T20I # 254
Sri Lanka,India,India,39 runs,Pallekele,"Aug 7, 2012",T20I # 255
Australia,Pakistan,Pakistan,7 wickets,Dubai (DSC),"Sep 5, 2012",T20I # 256
Australia,Pakistan,tied,-,Dubai (DSC),"Sep 7, 2012",T20I # 257
England,South Africa,South Africa,7 wickets,Chester-le-Street,"Sep 8, 2012",T20I # 258
Australia,Pakistan,Australia,94 runs,Dubai (DSC),"Sep 10, 2012",T20I # 259
England,South Africa,no result,-,Manchester,"Sep 10, 2012",T20I # 260
India,New Zealand,New Zealand,1 runs,Chennai,"Sep 11, 2012",T20I # 261
England,South Africa,England,28 runs,Birmingham,"Sep 12, 2012",T20I # 262
Sri Lanka,Zimbabwe,Sri Lanka,82 runs,Hambantota,"Sep 18, 2012",T20I # 263
Australia,Ireland,Australia,7 wickets,Colombo (RPS),"Sep 19, 2012",T20I # 264
Afghanistan,India,India,23 runs,Colombo (RPS),"Sep 19, 2012",T20I # 265
South Africa,Zimbabwe,South Africa,10 wickets,Hambantota,"Sep 20, 2012",T20I # 266
Bangladesh,New Zealand,New Zealand,59 runs,Pallekele,"Sep 21, 2012",T20I # 267
Afghanistan,England,England,116 runs,Colombo (RPS),"Sep 21, 2012",T20I # 268
Sri Lanka,South Africa,South Africa,32 runs,Hambantota,"Sep 22, 2012",T20I # 269
Australia,West Indies,Australia,17 runs,Colombo (RPS),"Sep 22, 2012",T20I # 270
New Zealand,Pakistan,Pakistan,13 runs,Pallekele,"Sep 23, 2012",T20I # 271
England,India,India,90 runs,Colombo (RPS),"Sep 23, 2012",T20I # 272
Ireland,West Indies,no result,-,Colombo (RPS),"Sep 24, 2012",T20I # 273
Bangladesh,Pakistan,Pakistan,8 wickets,Pallekele,"Sep 25, 2012",T20I # 274
Sri Lanka,New Zealand,tied,-,Pallekele,"Sep 27, 2012",T20I # 275
England,West Indies,West Indies,15 runs,Pallekele,"Sep 27, 2012",T20I # 276
Pakistan,South Africa,Pakistan,2 wickets,Colombo (RPS),"Sep 28, 2012",T20I # 277
Australia,India,Australia,9 wickets,Colombo (RPS),"Sep 28, 2012",T20I # 278
England,New Zealand,England,6 wickets,Pallekele,"Sep 29, 2012",T20I # 279
Sri Lanka,West Indies,Sri Lanka,9 wickets,Pallekele,"Sep 29, 2012",T20I # 280
Australia,South Africa,Australia,8 wickets,Colombo (RPS),"Sep 30, 2012",T20I # 281
India,Pakistan,India,8 wickets,Colombo (RPS),"Sep 30, 2012",T20I # 282
New Zealand,West Indies,tied,-,Pallekele,"Oct 1, 2012",T20I # 283
Sri Lanka,England,Sri Lanka,19 runs,Pallekele,"Oct 1, 2012",T20I # 284
Australia,Pakistan,Pakistan,32 runs,Colombo (RPS),"Oct 2, 2012",T20I # 285
India,South Africa,India,1 runs,Colombo (RPS),"Oct 2, 2012",T20I # 286
Sri Lanka,Pakistan,Sri Lanka,16 runs,Colombo (RPS),"Oct 4, 2012",T20I # 287
Australia,West Indies,West Indies,74 runs,Colombo (RPS),"Oct 5, 2012",T20I # 288
Sri Lanka,West Indies,West Indies,36 runs,Colombo (RPS),"Oct 7, 2012",T20I # 289
Sri Lanka,New Zealand,no result,-,Pallekele,"Oct 30, 2012",T20I # 290
Bangladesh,West Indies,West Indies,18 runs,Mirpur,"Dec 10, 2012",T20I # 291
India,England,India,5 wickets,Pune,"Dec 20, 2012",T20I # 292
South Africa,New Zealand,South Africa,8 wickets,Durban,"Dec 21, 2012",T20I # 293
India,England,England,6 wickets,Wankhede,"Dec 22, 2012",T20I # 294
South Africa,New Zealand,New Zealand,8 wickets,East London,"Dec 23, 2012",T20I # 295
India,Pakistan,Pakistan,5 wickets,Bengaluru,"Dec 25, 2012",T20I # 296
South Africa,New Zealand,South Africa,33 runs,Gqeberha,"Dec 26, 2012",T20I # 297
India,Pakistan,India,11 runs,Ahmedabad,"Dec 28, 2012",T20I # 298
