match,teamInnings,battingPos,batsmanName,runs,balls,4s,6s,SR,out/not_out,match_id
Australia Vs Sri Lanka,Australia,1,David Warner,90,62,5,3,145.16,not_out,T20I # 299
Australia Vs Sri Lanka,Australia,2,Aaron Finch,1,3,0,0,33.33,out,T20I # 299
Australia Vs Sri Lanka,Australia,3,Shaun Marsh,6,17,0,0,35.29,out,T20I # 299
Australia Vs Sri Lanka,Australia,4,George Bailey,11,9,0,1,122.22,out,T20I # 299
Australia Vs Sri Lanka,Australia,5,Adam Voges,25,29,0,0,86.20,not_out,T20I # 299
Australia Vs Sri Lanka,Sri Lanka,1,Kusal Perera,33,22,2,1,150.00,out,T20I # 299
Australia Vs Sri Lanka,Sri Lanka,2,Tillakaratne Dilshan,16,21,0,1,76.19,out,T20I # 299
Australia Vs Sri Lanka,Sri Lanka,3,Mahela Jayawardene,8,10,1,0,80.00,out,T20I # 299
Australia Vs Sri Lanka,Sri Lanka,4,Dinesh Chandimal,5,6,0,0,83.33,out,T20I # 299
Australia Vs Sri Lanka,Sri Lanka,5,Angelo Mathews,35,27,3,1,129.62,not_out,T20I # 299
Australia Vs Sri Lanka,Sri Lanka,6,Lahiru Thirimanne,20,15,2,0,133.33,out,T20I # 299
Australia Vs Sri Lanka,Sri Lanka,7,Thisara Perera,19,12,0,2,158.33,not_out,T20I # 299
Sri Lanka Vs Australia,Sri Lanka,1,Tillakaratne Dilshan,6,10,0,0,60.00,out,T20I # 300
Sri Lanka Vs Australia,Sri Lanka,2,Kusal Perera,15,17,3,0,88.23,out,T20I # 300
Sri Lanka Vs Australia,Sri Lanka,3,Dinesh Chandimal,5,9,1,0,55.55,out,T20I # 300
Sri Lanka Vs Australia,Sri Lanka,4,Mahela Jayawardene,61,45,5,2,135.55,not_out,T20I # 300
Sri Lanka Vs Australia,Sri Lanka,5,Jeevan Mendis,25,24,3,0,104.16,out,T20I # 300
Sri Lanka Vs Australia,Sri Lanka,6,Thisara Perera,35,15,3,2,233.33,not_out,T20I # 300
Sri Lanka Vs Australia,Australia,1,Aaron Finch,7,6,1,0,116.66,out,T20I # 300
Sri Lanka Vs Australia,Australia,2,David Warner,7,6,1,0,116.66,out,T20I # 300
Sri Lanka Vs Australia,Australia,3,Shaun Marsh,47,40,2,2,117.50,not_out,T20I # 300
Sri Lanka Vs Australia,Australia,4,George Bailey,45,36,4,0,125.00,out,T20I # 300
Sri Lanka Vs Australia,Australia,5,Glenn Maxwell,8,3,2,0,266.66,not_out,T20I # 300
England Vs New Zealand,England,1,Michael Lumb,22,15,1,2,146.66,out,T20I # 301
England Vs New Zealand,England,2,Alex Hales,21,16,2,1,131.25,out,T20I # 301
England Vs New Zealand,England,3,Luke Wright,42,20,3,4,210.00,out,T20I # 301
England Vs New Zealand,England,4,Eoin Morgan,46,26,4,3,176.92,out,T20I # 301
England Vs New Zealand,England,5,Jonny Bairstow,38,22,3,2,172.72,out,T20I # 301
England Vs New Zealand,England,6,Jos Buttler,32,16,2,3,200.00,not_out,T20I # 301
England Vs New Zealand,England,7,Samit Patel,2,3,0,0,66.66,out,T20I # 301
England Vs New Zealand,England,8,Stuart Broad,4,3,1,0,133.33,out,T20I # 301
England Vs New Zealand,England,9,James Tredwell,0,0,0,0,-,not_out,T20I # 301
England Vs New Zealand,New Zealand,1,Hamish Rutherford,13,14,1,0,92.85,out,T20I # 301
England Vs New Zealand,New Zealand,2,Martin Guptill,28,19,0,3,147.36,out,T20I # 301
England Vs New Zealand,New Zealand,3,Brendon McCullum,8,5,0,1,160.00,out,T20I # 301
England Vs New Zealand,New Zealand,4,Ross Taylor,3,6,0,0,50.00,out,T20I # 301
England Vs New Zealand,New Zealand,5,Colin Munro,4,5,0,0,80.00,out,T20I # 301
England Vs New Zealand,New Zealand,6,James Franklin,20,11,2,1,181.81,out,T20I # 301
England Vs New Zealand,New Zealand,7,Nathan McCullum,4,6,0,0,66.66,out,T20I # 301
England Vs New Zealand,New Zealand,8,Andrew Ellis,6,7,1,0,85.71,out,T20I # 301
England Vs New Zealand,New Zealand,9,Ronnie Hira,4,0,9.75,1,0,not_out,T20I # 301
England Vs New Zealand,New Zealand,10,Trent Boult,4,0,6.00,0,0,out,T20I # 301
England Vs New Zealand,New Zealand,11,Mitchell McClenaghan,4,0,8.25,0,1,not_out,T20I # 301
New Zealand Vs England,New Zealand,1,Martin Guptill,47,31,4,2,151.61,out,T20I # 302
New Zealand Vs England,New Zealand,2,Hamish Rutherford,40,27,1,3,148.14,out,T20I # 302
New Zealand Vs England,New Zealand,3,Brendon McCullum,74,38,6,5,194.73,out,T20I # 302
New Zealand Vs England,New Zealand,4,Ross Taylor,4,6,0,0,66.66,out,T20I # 302
New Zealand Vs England,New Zealand,5,Colin Munro,7,8,1,0,87.50,out,T20I # 302
New Zealand Vs England,New Zealand,6,Grant Elliott,4,6,0,0,66.66,out,T20I # 302
New Zealand Vs England,New Zealand,7,James Franklin,6,4,1,0,150.00,not_out,T20I # 302
New Zealand Vs England,New Zealand,8,Nathan McCullum,0,0,0,0,-,not_out,T20I # 302
New Zealand Vs England,England,1,Michael Lumb,8,9,2,0,88.88,out,T20I # 302
New Zealand Vs England,England,2,Alex Hales,13,22,2,0,59.09,out,T20I # 302
New Zealand Vs England,England,3,Luke Wright,54,30,9,1,180.00,out,T20I # 302
New Zealand Vs England,England,4,Jonny Bairstow,6,7,1,0,85.71,out,T20I # 302
New Zealand Vs England,England,5,Eoin Morgan,1,3,0,0,33.33,out,T20I # 302
New Zealand Vs England,England,6,Jos Buttler,22,11,3,1,200.00,out,T20I # 302
New Zealand Vs England,England,7,Samit Patel,5,6,0,0,83.33,out,T20I # 302
New Zealand Vs England,England,8,Stuart Broad,0,1,0,0,0.00,out,T20I # 302
New Zealand Vs England,England,9,James Tredwell,4,0,10.00,2,0,out,T20I # 302
New Zealand Vs England,England,10,Steven Finn,4,0,6.00,0,0,not_out,T20I # 302
New Zealand Vs England,England,11,Jade Dernbach,4,0,2.25,0,0,out,T20I # 302
West Indies Vs Australia,West Indies,1,Chris Gayle,8,7,0,1,114.28,out,T20I # 303
West Indies Vs Australia,West Indies,2,Johnson Charles,57,35,7,1,162.85,out,T20I # 303
West Indies Vs Australia,West Indies,3,Darren Bravo,32,27,3,0,118.51,out,T20I # 303
West Indies Vs Australia,West Indies,4,Kieron Pollard,26,17,2,1,152.94,out,T20I # 303
West Indies Vs Australia,West Indies,5,Dwayne Bravo,13,13,0,0,100.00,out,T20I # 303
West Indies Vs Australia,West Indies,6,Andre Russell,23,11,3,0,209.09,not_out,T20I # 303
West Indies Vs Australia,West Indies,7,Daren Sammy,20,7,1,2,285.71,out,T20I # 303
West Indies Vs Australia,West Indies,8,Narsingh Deonarine,6,3,1,0,200.00,not_out,T20I # 303
West Indies Vs Australia,Australia,1,Aaron Finch,4,6,0,0,66.66,out,T20I # 303
West Indies Vs Australia,Australia,2,Shaun Marsh,21,19,0,1,110.52,out,T20I # 303
West Indies Vs Australia,Australia,3,Adam Voges,51,33,2,2,154.54,out,T20I # 303
West Indies Vs Australia,Australia,4,George Bailey,15,11,2,0,136.36,out,T20I # 303
West Indies Vs Australia,Australia,5,Ben Rohrer,16,14,0,1,114.28,out,T20I # 303
West Indies Vs Australia,Australia,6,Brad Haddin,22,11,1,2,200.00,out,T20I # 303
West Indies Vs Australia,Australia,7,James Faulkner,7,6,0,0,116.66,out,T20I # 303
West Indies Vs Australia,Australia,8,Ben Cutting,0,1,0,0,0.00,out,T20I # 303
West Indies Vs Australia,Australia,9,Nathan Coulter-Nile,16,11,0,2,145.45,not_out,T20I # 303
West Indies Vs Australia,Australia,10,Clint McKay,6,8,0,0,75.00,not_out,T20I # 303
New Zealand Vs England,New Zealand,1,Hamish Rutherford,11,10,2,0,110.00,out,T20I # 304
New Zealand Vs England,New Zealand,2,Martin Guptill,59,55,2,1,107.27,out,T20I # 304
New Zealand Vs England,New Zealand,3,Brendon McCullum,26,20,3,0,130.00,out,T20I # 304
New Zealand Vs England,New Zealand,4,Ross Taylor,6,4,0,1,150.00,out,T20I # 304
New Zealand Vs England,New Zealand,5,Grant Elliott,15,12,0,1,125.00,out,T20I # 304
New Zealand Vs England,New Zealand,6,Colin Munro,1,3,0,0,33.33,out,T20I # 304
New Zealand Vs England,New Zealand,7,James Franklin,15,14,3,0,107.14,out,T20I # 304
New Zealand Vs England,New Zealand,8,Nathan McCullum,0,1,0,0,0.00,out,T20I # 304
New Zealand Vs England,New Zealand,9,Ian Butler,1,1,0,0,100.00,not_out,T20I # 304
New Zealand Vs England,England,1,Michael Lumb,3,1,12.66,0,0,not_out,T20I # 304
New Zealand Vs England,England,2,Alex Hales,2.4,0,15.37,1,0,not_out,T20I # 304
Zimbabwe Vs West Indies,Zimbabwe,1,Vusi Sibanda,13,12,3,0,108.33,out,T20I # 305
Zimbabwe Vs West Indies,Zimbabwe,2,Hamilton Masakadza,9,12,0,1,75.00,out,T20I # 305
Zimbabwe Vs West Indies,Zimbabwe,3,Brendan Taylor,0,3,0,0,0.00,out,T20I # 305
Zimbabwe Vs West Indies,Zimbabwe,4,Craig Ervine,34,39,5,0,87.17,out,T20I # 305
Zimbabwe Vs West Indies,Zimbabwe,5,Malcolm Waller,49,34,4,2,144.11,out,T20I # 305
Zimbabwe Vs West Indies,Zimbabwe,6,Chamu Chibhabha,8,9,1,0,88.88,out,T20I # 305
Zimbabwe Vs West Indies,Zimbabwe,7,Tinotenda Mutombodzi,2,3,0,0,66.66,out,T20I # 305
Zimbabwe Vs West Indies,Zimbabwe,8,Prosper Utseya,2,5,0,0,40.00,out,T20I # 305
Zimbabwe Vs West Indies,Zimbabwe,9,Natsai M'shangwe,5,3,1,0,166.66,not_out,T20I # 305
Zimbabwe Vs West Indies,Zimbabwe,10,Kyle Jarvis,0,0,0,0,-,not_out,T20I # 305
Zimbabwe Vs West Indies,West Indies,1,Johnson Charles,26,14,6,0,185.71,out,T20I # 305
Zimbabwe Vs West Indies,West Indies,2,Lendl Simmons,63,49,1,6,128.57,not_out,T20I # 305
Zimbabwe Vs West Indies,West Indies,3,Darren Bravo,0,4,0,0,0.00,out,T20I # 305
Zimbabwe Vs West Indies,West Indies,4,Dwayne Bravo,38,30,3,1,126.66,not_out,T20I # 305
Pakistan Vs South Africa,Pakistan,1,Nasir Jamshed,13,13,2,0,100.00,out,T20I # 306
Pakistan Vs South Africa,Pakistan,2,Ahmed Shehzad,46,25,6,2,184.00,out,T20I # 306
Pakistan Vs South Africa,Pakistan,3,Mohammad Hafeez,86,51,9,4,168.62,out,T20I # 306
Pakistan Vs South Africa,Pakistan,4,Umar Akmal,11,6,1,0,183.33,out,T20I # 306
Pakistan Vs South Africa,Pakistan,5,Shoaib Malik,7,5,1,0,140.00,out,T20I # 306
Pakistan Vs South Africa,Pakistan,6,Shahid Afridi,19,13,3,0,146.15,not_out,T20I # 306
Pakistan Vs South Africa,Pakistan,7,Kamran Akmal,1,3,0,0,33.33,out,T20I # 306
Pakistan Vs South Africa,Pakistan,8,Umar Gul,1,4,0,0,25.00,out,T20I # 306
Pakistan Vs South Africa,Pakistan,9,Saeed Ajmal,0,0,0,0,-,not_out,T20I # 306
Pakistan Vs South Africa,South Africa,1,AB de Villiers,36,22,4,2,163.63,out,T20I # 306
Pakistan Vs South Africa,South Africa,2,Henry Davids,7,6,1,0,116.66,out,T20I # 306
Pakistan Vs South Africa,South Africa,3,Faf du Plessis,6,4,0,0,150.00,out,T20I # 306
Pakistan Vs South Africa,South Africa,4,Chris Morris,0,1,0,0,0.00,out,T20I # 306
Pakistan Vs South Africa,South Africa,5,Justin Ontong,0,1,0,0,0.00,out,T20I # 306
Pakistan Vs South Africa,South Africa,6,Farhaan Behardien,0,1,0,0,0.00,out,T20I # 306
Pakistan Vs South Africa,South Africa,7,David Miller,9,15,0,0,60.00,out,T20I # 306
Pakistan Vs South Africa,South Africa,8,Robin Peterson,13,14,1,0,92.85,out,T20I # 306
Pakistan Vs South Africa,South Africa,9,Rory Kleinveldt,22,7,1,3,314.28,out,T20I # 306
Pakistan Vs South Africa,South Africa,10,Kyle Abbott,2,2,0,0,100.00,out,T20I # 306
Pakistan Vs South Africa,South Africa,11,Lonwabo Tsotsobe,0,1,0,0,0.00,not_out,T20I # 306
Afghanistan Vs Scotland,Afghanistan,1,Karim Sadiq,4,5,0,80.00,0,out,T20I # 307
Afghanistan Vs Scotland,Afghanistan,2,Nawroz Mangal,2,0,0.00,55,46,out,T20I # 307
Afghanistan Vs Scotland,Afghanistan,3,Mohammad Shahzad,6,1,30,37,2,out,T20I # 307
Afghanistan Vs Scotland,Afghanistan,4,Asghar Afghan,1,81.08,10,1,1,out,T20I # 307
Afghanistan Vs Scotland,Afghanistan,5,Gulbadin Naib,150.00,7,1,0,100.00,out,T20I # 307
Afghanistan Vs Scotland,Afghanistan,6,Mohammad Nabi,8,5,0,160.00,4,out,T20I # 307
Afghanistan Vs Scotland,Afghanistan,7,Samiullah Shinwari,5,0,80.00,6,3,out,T20I # 307
Afghanistan Vs Scotland,Afghanistan,8,Mirwais Ashraf,0,0,4,1,30,not_out,T20I # 307
Afghanistan Vs Scotland,Afghanistan,9,Hamid Hassan,7.50,0,4,0,27,not_out,T20I # 307
Afghanistan Vs Scotland,Scotland,1,Richie Berrington,3,7,0,42.85,6,out,T20I # 307
Afghanistan Vs Scotland,Scotland,2,Calum MacLeod,5,0,120.00,4,0,out,T20I # 307
Afghanistan Vs Scotland,Scotland,3,Neil Carter,28,7.00,0,4,0,out,T20I # 307
Afghanistan Vs Scotland,Scotland,4,Kyle Coetzer,24,6.00,0,2,0,out,T20I # 307
Afghanistan Vs Scotland,Scotland,5,Matt Machan,10,5.00,0,3,0,not_out,T20I # 307
Afghanistan Vs Scotland,Scotland,6,Preston Mommsen,15,5.00,0,3,0,out,T20I # 307
Afghanistan Vs Scotland,Scotland,7,Moneeb Iqbal,13,4.33,0,4,0,out,T20I # 307
West Indies Vs Zimbabwe,West Indies,1,Lendl Simmons,41,39,1,2,105.12,out,T20I # 308
West Indies Vs Zimbabwe,West Indies,2,Johnson Charles,10,8,2,0,125.00,out,T20I # 308
West Indies Vs Zimbabwe,West Indies,3,Dwayne Bravo,24,25,1,1,96.00,out,T20I # 308
West Indies Vs Zimbabwe,West Indies,4,Chris Barnwell,7,10,0,0,70.00,out,T20I # 308
West Indies Vs Zimbabwe,West Indies,5,Kieron Pollard,45,24,3,3,187.50,not_out,T20I # 308
West Indies Vs Zimbabwe,West Indies,6,Daren Sammy,19,12,2,1,158.33,out,T20I # 308
West Indies Vs Zimbabwe,West Indies,7,Andre Russell,0,1,0,0,0.00,out,T20I # 308
West Indies Vs Zimbabwe,West Indies,8,Denesh Ramdin,0,1,0,0,0.00,out,T20I # 308
West Indies Vs Zimbabwe,West Indies,9,Sunil Narine,1,1,0,0,100.00,not_out,T20I # 308
West Indies Vs Zimbabwe,Zimbabwe,1,Chamu Chibhabha,13,15,2,0,86.66,out,T20I # 308
West Indies Vs Zimbabwe,Zimbabwe,2,Vusi Sibanda,5,8,0,0,62.50,out,T20I # 308
West Indies Vs Zimbabwe,Zimbabwe,3,Hamilton Masakadza,53,51,6,0,103.92,not_out,T20I # 308
West Indies Vs Zimbabwe,Zimbabwe,4,Brendan Taylor,4,5,0,0,80.00,out,T20I # 308
West Indies Vs Zimbabwe,Zimbabwe,5,Craig Ervine,15,16,1,0,93.75,out,T20I # 308
West Indies Vs Zimbabwe,Zimbabwe,6,Malcolm Waller,7,10,0,0,70.00,out,T20I # 308
West Indies Vs Zimbabwe,Zimbabwe,7,Tinotenda Mutombodzi,1,3,0,0,33.33,out,T20I # 308
West Indies Vs Zimbabwe,Zimbabwe,8,Prosper Utseya,11,12,2,0,91.66,not_out,T20I # 308
Scotland Vs Afghanistan,Scotland,1,Richie Berrington,0,3,0,0.00,31,out,T20I # 309
Scotland Vs Afghanistan,Scotland,2,Calum MacLeod,37,2,83.78,9,12,out,T20I # 309
Scotland Vs Afghanistan,Scotland,3,Kyle Coetzer,1,0,39,28,3,out,T20I # 309
Scotland Vs Afghanistan,Scotland,4,Matt Machan,1,139.28,9,0,0,out,T20I # 309
Scotland Vs Afghanistan,Scotland,5,Preston Mommsen,88.88,31,4,0,124.00,out,T20I # 309
Scotland Vs Afghanistan,Scotland,6,Moneeb Iqbal,4,5,0,80.00,0,out,T20I # 309
Scotland Vs Afghanistan,Scotland,7,David Murphy,1,0,0.00,4,1,not_out,T20I # 309
Scotland Vs Afghanistan,Scotland,8,Majid Haq,22,5.50,0,3,0,out,T20I # 309
Scotland Vs Afghanistan,Afghanistan,1,Karim Sadiq,0,32,5,0,2,out,T20I # 309
Scotland Vs Afghanistan,Afghanistan,2,Nawroz Mangal,0,25,1,0,2,out,T20I # 309
Scotland Vs Afghanistan,Afghanistan,3,Mohammad Shahzad,0,19,1,0,3.3,out,T20I # 309
Scotland Vs Afghanistan,Afghanistan,4,Samiullah Shinwari,0,20,0,0,3,not_out,T20I # 309
Scotland Vs Afghanistan,Afghanistan,5,Mirwais Ashraf,0,20,0,0,3,not_out,T20I # 309
Kenya Vs Canada,Kenya,1,Alex Obanda,22,15,1,146.66,3,out,T20I # 310
Kenya Vs Canada,Kenya,2,Duncan Allan,10,0,30.00,6,7,out,T20I # 310
Kenya Vs Canada,Kenya,3,Morris Ouma,1,0,0,1,0,out,T20I # 310
Kenya Vs Canada,Kenya,4,Collins Obuya,0,0.00,4,0,0,out,T20I # 310
Kenya Vs Canada,Kenya,5,Tanmay Mishra,50.00,48,2,2,137.14,out,T20I # 310
Kenya Vs Canada,Kenya,6,Rakep Patel,6,6,0,100.00,26,not_out,T20I # 310
Kenya Vs Canada,Kenya,7,Ragheb Aga,29,2,89.65,2,7,out,T20I # 310
Kenya Vs Canada,Kenya,8,Nelson Odhiambo,0,0,4,6,0,out,T20I # 310
Kenya Vs Canada,Kenya,9,Shem Ngoche,0,66.66,0,0,0,out,T20I # 310
Kenya Vs Canada,Kenya,10,Elijah Otieno,-,4,36,9.00,1,out,T20I # 310
Kenya Vs Canada,Kenya,11,Hiren Varaiya,0,4,10,2.50,0,not_out,T20I # 310
Kenya Vs Canada,Canada,1,Hiral Patel,109.09,16,2,0,160.00,out,T20I # 310
Kenya Vs Canada,Canada,2,Rizwan Cheema,2,0,8.50,1,0,out,T20I # 310
Kenya Vs Canada,Canada,3,Ruvindu Gunasekera,4,0,4.50,1,0,out,T20I # 310
Kenya Vs Canada,Canada,4,Nitish Kumar,3.3,0,6.85,0,0,out,T20I # 310
Kenya Vs Canada,Canada,5,Raza-ur-Rehman,2,0,11.00,1,0,out,T20I # 310
Kenya Vs Canada,Canada,6,Jimmy Hansra,4,0,5.75,1,0,not_out,T20I # 310
Kenya Vs Canada,Canada,7,Usman Limbada,1,0,9.00,1,0,not_out,T20I # 310
Kenya Vs Canada,Kenya,1,Alex Obanda,12,14,0,85.71,15,out,T20I # 311
Kenya Vs Canada,Kenya,2,Irfan Karim,17,2,88.23,13,13,out,T20I # 311
Kenya Vs Canada,Kenya,3,Morris Ouma,2,0,11,17,0,out,T20I # 311
Kenya Vs Canada,Kenya,4,Collins Obuya,0,64.70,15,1,0,out,T20I # 311
Kenya Vs Canada,Kenya,5,Tanmay Mishra,126.66,23,2,1,135.29,out,T20I # 311
Kenya Vs Canada,Kenya,6,Rakep Patel,31,23,1,134.78,1,out,T20I # 311
Kenya Vs Canada,Kenya,7,Ragheb Aga,4,0,25.00,2,0,out,T20I # 311
Kenya Vs Canada,Kenya,8,Nehemiah Odhiambo,16,8.00,0,4,0,not_out,T20I # 311
Kenya Vs Canada,Canada,1,Rizwan Cheema,2,0,50.00,21,12,out,T20I # 311
Kenya Vs Canada,Canada,2,Hiral Patel,3,0,4,7,0,out,T20I # 311
Kenya Vs Canada,Canada,3,Ruvindu Gunasekera,0,57.14,0,0,0,out,T20I # 311
Kenya Vs Canada,Canada,4,Nitish Kumar,-,4,0,0,66.66,out,T20I # 311
Kenya Vs Canada,Canada,5,Raza-ur-Rehman,0,2,0,0.00,4,out,T20I # 311
Kenya Vs Canada,Canada,6,Jimmy Hansra,0,22,1,0,4,out,T20I # 311
Kenya Vs Canada,Canada,7,Usman Limbada,0,29,0,0,3,not_out,T20I # 311
Kenya Vs Canada,Canada,8,Hamza Tariq,0,26,0,0,4,out,T20I # 311
Kenya Vs Canada,Canada,9,Junaid Siddiqui,0,17,0,0,3.5,out,T20I # 311
Sri Lanka Vs Bangladesh,Sri Lanka,1,Kusal Perera,64,44,5,4,145.45,out,T20I # 312
Sri Lanka Vs Bangladesh,Sri Lanka,2,Dilshan Munaweera,5,5,1,0,100.00,out,T20I # 312
Sri Lanka Vs Bangladesh,Sri Lanka,3,Dinesh Chandimal,9,13,0,0,69.23,out,T20I # 312
Sri Lanka Vs Bangladesh,Sri Lanka,4,Lahiru Thirimanne,5,7,0,0,71.42,out,T20I # 312
Sri Lanka Vs Bangladesh,Sri Lanka,5,Angelo Mathews,30,27,1,0,111.11,not_out,T20I # 312
Sri Lanka Vs Bangladesh,Sri Lanka,6,Jeevan Mendis,37,17,2,3,217.64,out,T20I # 312
Sri Lanka Vs Bangladesh,Sri Lanka,7,Thisara Perera,22,7,2,2,314.28,not_out,T20I # 312
Sri Lanka Vs Bangladesh,Bangladesh,1,Mohammad Ashraful,43,27,4,2,159.25,out,T20I # 312
Sri Lanka Vs Bangladesh,Bangladesh,2,Shamsur Rahman,0,1,0,0,0.00,out,T20I # 312
Sri Lanka Vs Bangladesh,Bangladesh,3,Jahurul Islam,11,9,2,0,122.22,out,T20I # 312
Sri Lanka Vs Bangladesh,Bangladesh,4,Mushfiqur Rahim,39,29,3,1,134.48,out,T20I # 312
Sri Lanka Vs Bangladesh,Bangladesh,5,Nasir Hossain,8,5,1,0,160.00,out,T20I # 312
Sri Lanka Vs Bangladesh,Bangladesh,6,Mahmudullah,31,18,3,1,172.22,out,T20I # 312
Sri Lanka Vs Bangladesh,Bangladesh,7,Mominul Haque,26,16,2,1,162.50,not_out,T20I # 312
Sri Lanka Vs Bangladesh,Bangladesh,8,Sohag Gazi,9,7,1,0,128.57,out,T20I # 312
Sri Lanka Vs Bangladesh,Bangladesh,9,Abdur Razzak,6,8,0,0,75.00,not_out,T20I # 312
Netherlands Vs Kenya,Netherlands,1,Stephan Myburgh,41,32,1,128.12,89,out,T20I # 313
Netherlands Vs Kenya,Netherlands,2,Michael Swart,55,6,161.81,25,13,out,T20I # 313
Netherlands Vs Kenya,Netherlands,3,Tom Cooper,3,1,4,6,0,out,T20I # 313
Netherlands Vs Kenya,Netherlands,4,Mudassar Bukhari,0,66.66,1,0,0,out,T20I # 313
Netherlands Vs Kenya,Netherlands,5,Tom de Grooth,100.00,3,0,0,50.00,out,T20I # 313
Netherlands Vs Kenya,Netherlands,6,Wesley Barresi,4,7,0,57.14,3,not_out,T20I # 313
Netherlands Vs Kenya,Netherlands,7,Daan van Bunge,0,29,0,0,4,not_out,T20I # 313
Netherlands Vs Kenya,Kenya,1,Alex Obanda,2,2,0,100.00,3,out,T20I # 313
Netherlands Vs Kenya,Kenya,2,Tanmay Mishra,1,0,300.00,4,0,out,T20I # 313
Netherlands Vs Kenya,Kenya,3,Morris Ouma,28,7.00,0,3,0,out,T20I # 313
Netherlands Vs Kenya,Kenya,4,Collins Obuya,22,7.33,0,4,0,not_out,T20I # 313
Netherlands Vs Kenya,Kenya,5,Rakep Patel,39,9.75,0,2,0,out,T20I # 313
Netherlands Vs Kenya,Kenya,6,Ragheb Aga,19,9.50,0,4,0,out,T20I # 313
Netherlands Vs Kenya,Kenya,7,Nehemiah Odhiambo,43,10.75,0,2,0,not_out,T20I # 313
Netherlands Vs Kenya,Netherlands,1,Wesley Barresi,0,1,0,0.00,27,out,T20I # 314
Netherlands Vs Kenya,Netherlands,2,Michael Swart,13,3,207.69,10,7,out,T20I # 314
Netherlands Vs Kenya,Netherlands,3,Tom Cooper,2,0,19,12,0,out,T20I # 314
Netherlands Vs Kenya,Netherlands,4,Daan van Bunge,2,158.33,12,0,0,out,T20I # 314
Netherlands Vs Kenya,Netherlands,5,Tim Gruijters,41.66,19,2,0,79.16,out,T20I # 314
Netherlands Vs Kenya,Netherlands,6,Tom de Grooth,17,15,1,113.33,3,out,T20I # 314
Netherlands Vs Kenya,Netherlands,7,Michael Rippon,7,0,42.85,2,10,out,T20I # 314
Netherlands Vs Kenya,Netherlands,8,Mudassar Bukhari,0,0,3,6,0,out,T20I # 314
Netherlands Vs Kenya,Netherlands,9,Pieter Seelaar,0,50.00,5,0,0,out,T20I # 314
Netherlands Vs Kenya,Netherlands,10,Paul van Meekeren,60.00,2,15,7.50,0,out,T20I # 314
Netherlands Vs Kenya,Netherlands,11,Ahsan Malik,0,1,16,16.00,1,not_out,T20I # 314
Netherlands Vs Kenya,Kenya,1,Alex Obanda,0,34,0,1,2,out,T20I # 314
Netherlands Vs Kenya,Kenya,2,Tanmay Mishra,0,10,1,0,3,out,T20I # 314
Netherlands Vs Kenya,Kenya,3,Morris Ouma,0,44,1,0,0.2,out,T20I # 314
Zimbabwe Vs Bangladesh,Zimbabwe,1,Hamilton Masakadza,59,48,4,1,122.91,out,T20I # 315
Zimbabwe Vs Bangladesh,Zimbabwe,2,Vusi Sibanda,0,2,0,0,0.00,out,T20I # 315
Zimbabwe Vs Bangladesh,Zimbabwe,3,Brendan Taylor,40,25,6,1,160.00,out,T20I # 315
Zimbabwe Vs Bangladesh,Zimbabwe,4,Sean Williams,6,8,0,0,75.00,out,T20I # 315
Zimbabwe Vs Bangladesh,Zimbabwe,5,Sikandar Raza,14,14,1,0,100.00,out,T20I # 315
Zimbabwe Vs Bangladesh,Zimbabwe,6,Malcolm Waller,26,14,3,1,185.71,not_out,T20I # 315
Zimbabwe Vs Bangladesh,Zimbabwe,7,Tinotenda Mutombodzi,12,9,1,0,133.33,not_out,T20I # 315
Zimbabwe Vs Bangladesh,Bangladesh,1,Tamim Iqbal,2,2,0,0,100.00,out,T20I # 315
Zimbabwe Vs Bangladesh,Bangladesh,2,Shamsur Rahman,53,48,7,1,110.41,out,T20I # 315
Zimbabwe Vs Bangladesh,Bangladesh,3,Shakib Al Hasan,65,40,8,2,162.50,out,T20I # 315
Zimbabwe Vs Bangladesh,Bangladesh,4,Mushfiqur Rahim,28,14,1,2,200.00,out,T20I # 315
Zimbabwe Vs Bangladesh,Bangladesh,5,Nasir Hossain,0,0,0,0,-,out,T20I # 315
Zimbabwe Vs Bangladesh,Bangladesh,6,Mahmudullah,2,2,0,0,100.00,out,T20I # 315
Zimbabwe Vs Bangladesh,Bangladesh,7,Ziaur Rahman,2,7,0,0,28.57,out,T20I # 315
Zimbabwe Vs Bangladesh,Bangladesh,8,Sohag Gazi,2,4,0,0,50.00,not_out,T20I # 315
Zimbabwe Vs Bangladesh,Bangladesh,9,Abdur Razzak,2,4,0,0,50.00,out,T20I # 315
Bangladesh Vs Zimbabwe,Bangladesh,1,Tamim Iqbal,43,30,6,1,143.33,out,T20I # 316
Bangladesh Vs Zimbabwe,Bangladesh,2,Shamsur Rahman,2,3,0,0,66.66,out,T20I # 316
Bangladesh Vs Zimbabwe,Bangladesh,3,Shakib Al Hasan,40,28,6,1,142.85,out,T20I # 316
Bangladesh Vs Zimbabwe,Bangladesh,4,Mushfiqur Rahim,17,12,2,0,141.66,out,T20I # 316
Bangladesh Vs Zimbabwe,Bangladesh,5,Nasir Hossain,27,23,3,0,117.39,out,T20I # 316
Bangladesh Vs Zimbabwe,Bangladesh,6,Mahmudullah,1,4,0,0,25.00,out,T20I # 316
Bangladesh Vs Zimbabwe,Bangladesh,7,Mominul Haque,9,9,1,0,100.00,out,T20I # 316
Bangladesh Vs Zimbabwe,Bangladesh,8,Sohag Gazi,8,7,1,0,114.28,not_out,T20I # 316
Bangladesh Vs Zimbabwe,Bangladesh,9,Abdur Razzak,6,6,0,0,100.00,not_out,T20I # 316
Bangladesh Vs Zimbabwe,Zimbabwe,1,Hamilton Masakadza,2,5,0,0,40.00,out,T20I # 316
Bangladesh Vs Zimbabwe,Zimbabwe,2,Vusi Sibanda,32,19,3,1,168.42,out,T20I # 316
Bangladesh Vs Zimbabwe,Zimbabwe,3,Brendan Taylor,15,10,3,0,150.00,out,T20I # 316
Bangladesh Vs Zimbabwe,Zimbabwe,4,Sean Williams,16,19,2,0,84.21,out,T20I # 316
Bangladesh Vs Zimbabwe,Zimbabwe,5,Sikandar Raza,31,30,0,2,103.33,out,T20I # 316
Bangladesh Vs Zimbabwe,Zimbabwe,6,Malcolm Waller,10,10,1,0,100.00,out,T20I # 316
Bangladesh Vs Zimbabwe,Zimbabwe,7,Shingi Masakadza,9,12,0,0,75.00,out,T20I # 316
Bangladesh Vs Zimbabwe,Zimbabwe,8,Prosper Utseya,6,8,0,0,75.00,out,T20I # 316
Bangladesh Vs Zimbabwe,Zimbabwe,9,Natsai M'shangwe,0,1,0,0,0.00,out,T20I # 316
Bangladesh Vs Zimbabwe,Zimbabwe,10,Tinashe Panyangara,1,3,0,0,33.33,not_out,T20I # 316
Bangladesh Vs Zimbabwe,Zimbabwe,11,Brian Vitori,1,3,0,0,33.33,not_out,T20I # 316
New Zealand Vs England,New Zealand,1,Hamish Rutherford,62,35,6,4,177.14,out,T20I # 317
New Zealand Vs England,New Zealand,2,James Franklin,0,1,0,0,0.00,out,T20I # 317
New Zealand Vs England,New Zealand,3,Brendon McCullum,68,48,7,2,141.66,out,T20I # 317
New Zealand Vs England,New Zealand,4,Ross Taylor,32,19,2,1,168.42,not_out,T20I # 317
New Zealand Vs England,New Zealand,5,Tom Latham,22,17,1,1,129.41,out,T20I # 317
New Zealand Vs England,New Zealand,6,Colin Munro,0,0,0,0,-,not_out,T20I # 317
New Zealand Vs England,England,1,Michael Lumb,29,15,3,2,193.33,out,T20I # 317
New Zealand Vs England,England,2,Alex Hales,39,29,5,1,134.48,out,T20I # 317
New Zealand Vs England,England,3,Luke Wright,52,34,6,1,152.94,out,T20I # 317
New Zealand Vs England,England,4,Eoin Morgan,7,10,0,0,70.00,out,T20I # 317
New Zealand Vs England,England,5,Ravi Bopara,30,18,2,1,166.66,not_out,T20I # 317
New Zealand Vs England,England,6,Jos Buttler,17,10,1,1,170.00,out,T20I # 317
New Zealand Vs England,England,7,Ben Stokes,9,5,0,1,180.00,not_out,T20I # 317
England Vs New Zealand,England,1,Michael Lumb,2,2,0,0,100.00,out,T20I # 318
England Vs New Zealand,England,2,Alex Hales,0,0,0,0,-,not_out,T20I # 318
England Vs New Zealand,England,3,Luke Wright,0,0,0,0,-,not_out,T20I # 318
Scotland Vs Kenya,Scotland,1,Richie Berrington,29,42,0,69.04,13,out,T20I # 319
Scotland Vs Kenya,Scotland,2,Calum MacLeod,18,1,72.22,9,13,out,T20I # 319
Scotland Vs Kenya,Scotland,3,Freddie Coleman,1,0,10,9,1,out,T20I # 319
Scotland Vs Kenya,Scotland,4,Matthew Cross,0,111.11,19,2,0,out,T20I # 319
Scotland Vs Kenya,Scotland,5,Preston Mommsen,126.31,1,0,0,33.33,not_out,T20I # 319
Scotland Vs Kenya,Scotland,6,Michael Leask,12,13,1,92.30,9,out,T20I # 319
Scotland Vs Kenya,Scotland,7,Moneeb Iqbal,3,0,300.00,4,0,out,T20I # 319
Scotland Vs Kenya,Scotland,8,Gordon Goudie,24,6.00,0,4,1,not_out,T20I # 319
Scotland Vs Kenya,Kenya,1,Alex Obanda,21,0,52.38,15,17,out,T20I # 319
Scotland Vs Kenya,Kenya,2,Tanmay Mishra,1,0,5,3,1,out,T20I # 319
Scotland Vs Kenya,Kenya,3,Morris Ouma,0,166.66,2,0,0,out,T20I # 319
Scotland Vs Kenya,Kenya,4,Collins Obuya,0.00,5,0,0,50.00,out,T20I # 319
Scotland Vs Kenya,Kenya,5,Rakep Patel,3,10,0,30.00,3.5,out,T20I # 319
Scotland Vs Kenya,Kenya,6,Irfan Karim,0,22,2,0,3,out,T20I # 319
Scotland Vs Kenya,Kenya,7,Duncan Allan,1,10,0,0,4,out,T20I # 319
Scotland Vs Kenya,Kenya,8,Nehemiah Odhiambo,0,14,0,0,4,out,T20I # 319
Scotland Vs Kenya,Kenya,9,Nelson Odhiambo,0,10,0,0,4,out,T20I # 319
Kenya Vs Scotland,Kenya,1,Irfan Karim,4,13,0,30.76,0,out,T20I # 320
Kenya Vs Scotland,Kenya,2,Tanmay Mishra,1,0,0.00,19,21,out,T20I # 320
Kenya Vs Scotland,Kenya,3,Morris Ouma,1,1,38,42,1,out,T20I # 320
Kenya Vs Scotland,Kenya,4,Collins Obuya,0,90.47,1,0,0,not_out,T20I # 320
Kenya Vs Scotland,Kenya,5,Rakep Patel,0.00,18,0,0,69.23,out,T20I # 320
Kenya Vs Scotland,Kenya,6,Duncan Allan,8,5,1,160.00,3,out,T20I # 320
Kenya Vs Scotland,Kenya,7,Ragheb Aga,3,0,100.00,2,5,out,T20I # 320
Kenya Vs Scotland,Kenya,8,Nehemiah Odhiambo,0,0,2,2,0,out,T20I # 320
Kenya Vs Scotland,Kenya,9,Shem Ngoche,0,100.00,0,15,3.75,out,T20I # 320
Kenya Vs Scotland,Kenya,10,Hiren Varaiya,0,0,0,22,7.33,not_out,T20I # 320
Kenya Vs Scotland,Scotland,1,Richie Berrington,3.50,0,2,0,8,out,T20I # 320
Kenya Vs Scotland,Scotland,2,Calum MacLeod,4.00,0,3.3,0,34,not_out,T20I # 320
Kenya Vs Scotland,Scotland,3,Matthew Cross,9.71,0,4,0,13,out,T20I # 320
Kenya Vs Scotland,Scotland,4,Craig Wallace,3.25,1,4,0,24,out,T20I # 320
Kenya Vs Scotland,Scotland,5,Preston Mommsen,6.00,0,1,0,8,not_out,T20I # 320
West Indies Vs Pakistan,West Indies,1,Johnson Charles,1,2,0,0,50.00,out,T20I # 321
West Indies Vs Pakistan,West Indies,2,Chris Gayle,5,6,1,0,83.33,out,T20I # 321
West Indies Vs Pakistan,West Indies,3,Marlon Samuels,25,22,4,1,113.63,out,T20I # 321
West Indies Vs Pakistan,West Indies,4,Lendl Simmons,6,5,0,1,120.00,out,T20I # 321
West Indies Vs Pakistan,West Indies,5,Dwayne Bravo,25,35,2,0,71.42,out,T20I # 321
West Indies Vs Pakistan,West Indies,6,Kieron Pollard,49,36,4,2,136.11,not_out,T20I # 321
West Indies Vs Pakistan,West Indies,7,Daren Sammy,30,14,2,3,214.28,out,T20I # 321
West Indies Vs Pakistan,West Indies,8,Sunil Narine,0,0,0,0,-,out,T20I # 321
West Indies Vs Pakistan,Pakistan,1,Nasir Jamshed,6,4,0,1,150.00,out,T20I # 321
West Indies Vs Pakistan,Pakistan,2,Ahmed Shehzad,3,6,0,0,50.00,out,T20I # 321
West Indies Vs Pakistan,Pakistan,3,Mohammad Hafeez,13,7,3,0,185.71,out,T20I # 321
West Indies Vs Pakistan,Pakistan,4,Umar Amin,47,34,9,0,138.23,out,T20I # 321
West Indies Vs Pakistan,Pakistan,5,Umar Akmal,9,9,1,0,100.00,out,T20I # 321
West Indies Vs Pakistan,Pakistan,6,Hammad Azam,10,15,0,0,66.66,out,T20I # 321
West Indies Vs Pakistan,Pakistan,7,Shahid Afridi,46,27,4,2,170.37,out,T20I # 321
West Indies Vs Pakistan,Pakistan,8,Zulfiqar Babar,13,17,1,1,76.47,not_out,T20I # 321
West Indies Vs Pakistan,Pakistan,9,Saeed Ajmal,0,1,0,0,0.00,out,T20I # 321
West Indies Vs Pakistan,Pakistan,10,Junaid Khan,0,0,0,0,-,not_out,T20I # 321
Pakistan Vs West Indies,Pakistan,1,Ahmed Shehzad,44,46,4,2,95.65,out,T20I # 322
Pakistan Vs West Indies,Pakistan,2,Mohammad Hafeez,10,7,1,0,142.85,out,T20I # 322
Pakistan Vs West Indies,Pakistan,3,Umar Amin,7,6,1,0,116.66,out,T20I # 322
Pakistan Vs West Indies,Pakistan,4,Haris Sohail,1,4,0,0,25.00,out,T20I # 322
Pakistan Vs West Indies,Pakistan,5,Umar Akmal,46,36,3,1,127.77,not_out,T20I # 322
Pakistan Vs West Indies,Pakistan,6,Shahid Afridi,6,10,0,0,60.00,out,T20I # 322
Pakistan Vs West Indies,Pakistan,7,Hammad Azam,1,2,0,0,50.00,out,T20I # 322
Pakistan Vs West Indies,Pakistan,8,Sohail Tanvir,0,3,0,0,0.00,out,T20I # 322
Pakistan Vs West Indies,Pakistan,9,Zulfiqar Babar,11,6,1,0,183.33,not_out,T20I # 322
Pakistan Vs West Indies,West Indies,1,Johnson Charles,0,9,0,0,0.00,out,T20I # 322
Pakistan Vs West Indies,West Indies,2,Chris Gayle,1,3,0,0,33.33,out,T20I # 322
Pakistan Vs West Indies,West Indies,3,Marlon Samuels,1,4,0,0,25.00,out,T20I # 322
Pakistan Vs West Indies,West Indies,4,Lendl Simmons,3,16,0,0,18.75,out,T20I # 322
Pakistan Vs West Indies,West Indies,5,Dwayne Bravo,35,44,2,1,79.54,out,T20I # 322
Pakistan Vs West Indies,West Indies,6,Sunil Narine,28,16,3,1,175.00,out,T20I # 322
Pakistan Vs West Indies,West Indies,7,Kieron Pollard,23,10,2,2,230.00,out,T20I # 322
Pakistan Vs West Indies,West Indies,8,Daren Sammy,1,4,0,0,25.00,out,T20I # 322
Pakistan Vs West Indies,West Indies,9,Chris Barnwell,10,5,2,0,200.00,out,T20I # 322
Pakistan Vs West Indies,West Indies,10,Tino Best,17,9,0,2,188.88,not_out,T20I # 322
Pakistan Vs West Indies,West Indies,11,Samuel Badree,1,1,0,0,100.00,not_out,T20I # 322
South Africa Vs Sri Lanka,South Africa,1,Henry Davids,1,8,0,0,12.50,out,T20I # 323
South Africa Vs Sri Lanka,South Africa,2,Quinton de Kock,5,7,1,0,71.42,out,T20I # 323
South Africa Vs Sri Lanka,South Africa,3,Faf du Plessis,8,11,1,0,72.72,out,T20I # 323
South Africa Vs Sri Lanka,South Africa,4,Jean-Paul Duminy,51,52,3,1,98.07,out,T20I # 323
South Africa Vs Sri Lanka,South Africa,5,AB de Villiers,15,16,2,0,93.75,out,T20I # 323
South Africa Vs Sri Lanka,South Africa,6,David Miller,25,24,0,1,104.16,out,T20I # 323
South Africa Vs Sri Lanka,South Africa,7,David Wiese,3,2,0,0,150.00,not_out,T20I # 323
South Africa Vs Sri Lanka,South Africa,8,Wayne Parnell,0,0,0,0,-,not_out,T20I # 323
South Africa Vs Sri Lanka,Sri Lanka,1,Kusal Perera,11,14,2,0,78.57,out,T20I # 323
South Africa Vs Sri Lanka,Sri Lanka,2,Tillakaratne Dilshan,9,19,0,0,47.36,out,T20I # 323
South Africa Vs Sri Lanka,Sri Lanka,3,Dinesh Chandimal,8,9,2,0,88.88,out,T20I # 323
South Africa Vs Sri Lanka,Sri Lanka,4,Kumar Sangakkara,59,53,9,0,111.32,not_out,T20I # 323
South Africa Vs Sri Lanka,Sri Lanka,5,Angelo Mathews,4,7,0,0,57.14,out,T20I # 323
South Africa Vs Sri Lanka,Sri Lanka,6,Jeevan Mendis,0,1,0,0,0.00,out,T20I # 323
South Africa Vs Sri Lanka,Sri Lanka,7,Lahiru Thirimanne,5,9,0,0,55.55,out,T20I # 323
South Africa Vs Sri Lanka,Sri Lanka,8,Thisara Perera,0,3,0,0,0.00,out,T20I # 323
South Africa Vs Sri Lanka,Sri Lanka,9,Sachithra Senanayake,0,4,0,0,0.00,out,T20I # 323
South Africa Vs Sri Lanka,Sri Lanka,10,Lasith Malinga,0,2,0,0,0.00,out,T20I # 323
South Africa Vs Sri Lanka,Sri Lanka,11,Ajantha Mendis,0,0,0,0,-,not_out,T20I # 323
South Africa Vs Sri Lanka,South Africa,1,Henry Davids,7,10,0,0,70.00,out,T20I # 324
South Africa Vs Sri Lanka,South Africa,2,Quinton de Kock,19,23,3,0,82.60,out,T20I # 324
South Africa Vs Sri Lanka,South Africa,3,Faf du Plessis,12,15,0,1,80.00,out,T20I # 324
South Africa Vs Sri Lanka,South Africa,4,Jean-Paul Duminy,30,23,3,0,130.43,out,T20I # 324
South Africa Vs Sri Lanka,South Africa,5,AB de Villiers,15,14,1,0,107.14,out,T20I # 324
South Africa Vs Sri Lanka,South Africa,6,David Miller,36,21,1,2,171.42,out,T20I # 324
South Africa Vs Sri Lanka,South Africa,7,David Wiese,7,8,0,0,87.50,not_out,T20I # 324
South Africa Vs Sri Lanka,South Africa,8,Wayne Parnell,10,6,1,0,166.66,not_out,T20I # 324
South Africa Vs Sri Lanka,Sri Lanka,1,Kusal Perera,21,22,3,0,95.45,out,T20I # 324
South Africa Vs Sri Lanka,Sri Lanka,2,Mahela Jayawardene,6,5,1,0,120.00,out,T20I # 324
South Africa Vs Sri Lanka,Sri Lanka,3,Dinesh Chandimal,2,7,0,0,28.57,out,T20I # 324
South Africa Vs Sri Lanka,Sri Lanka,4,Kumar Sangakkara,39,35,4,0,111.42,out,T20I # 324
South Africa Vs Sri Lanka,Sri Lanka,5,Lahiru Thirimanne,18,18,1,0,100.00,out,T20I # 324
South Africa Vs Sri Lanka,Sri Lanka,6,Angelo Mathews,1,3,0,0,33.33,out,T20I # 324
South Africa Vs Sri Lanka,Sri Lanka,7,Thisara Perera,22,20,2,0,110.00,not_out,T20I # 324
South Africa Vs Sri Lanka,Sri Lanka,8,Nuwan Kulasekara,10,9,0,1,111.11,out,T20I # 324
South Africa Vs Sri Lanka,Sri Lanka,9,Sachithra Senanayake,1,1,0,0,100.00,not_out,T20I # 324
South Africa Vs Sri Lanka,South Africa,1,Henry Davids,0,1,0,0,0.00,out,T20I # 325
South Africa Vs Sri Lanka,South Africa,2,Quinton de Kock,16,19,3,0,84.21,out,T20I # 325
South Africa Vs Sri Lanka,South Africa,3,Faf du Plessis,85,65,10,3,130.76,out,T20I # 325
South Africa Vs Sri Lanka,South Africa,4,Jean-Paul Duminy,51,34,3,2,150.00,not_out,T20I # 325
South Africa Vs Sri Lanka,South Africa,5,AB de Villiers,1,1,0,0,100.00,not_out,T20I # 325
South Africa Vs Sri Lanka,Sri Lanka,1,Tillakaratne Dilshan,74,51,9,2,145.09,not_out,T20I # 325
South Africa Vs Sri Lanka,Sri Lanka,2,Mahela Jayawardene,33,16,7,0,206.25,out,T20I # 325
South Africa Vs Sri Lanka,Sri Lanka,3,Kusal Perera,1,4,0,0,25.00,out,T20I # 325
South Africa Vs Sri Lanka,Sri Lanka,4,Dinesh Chandimal,14,18,1,0,77.77,out,T20I # 325
South Africa Vs Sri Lanka,Sri Lanka,5,Angelo Mathews,14,10,2,0,140.00,out,T20I # 325
South Africa Vs Sri Lanka,Sri Lanka,6,Thisara Perera,25,11,3,1,227.27,not_out,T20I # 325
Pakistan Vs Zimbabwe,Pakistan,1,Ahmed Shehzad,70,50,6,1,140.00,out,T20I # 326
Pakistan Vs Zimbabwe,Pakistan,2,Nasir Jamshed,2,5,0,0,40.00,out,T20I # 326
Pakistan Vs Zimbabwe,Pakistan,3,Mohammad Hafeez,3,8,0,0,37.50,out,T20I # 326
Pakistan Vs Zimbabwe,Pakistan,4,Umar Amin,14,18,1,0,77.77,out,T20I # 326
Pakistan Vs Zimbabwe,Pakistan,5,Sohaib Maqsood,26,16,1,2,162.50,out,T20I # 326
Pakistan Vs Zimbabwe,Pakistan,6,Shahid Afridi,23,16,1,1,143.75,not_out,T20I # 326
Pakistan Vs Zimbabwe,Pakistan,7,Anwar Ali,10,7,1,0,142.85,not_out,T20I # 326
Pakistan Vs Zimbabwe,Zimbabwe,1,Hamilton Masakadza,18,16,3,0,112.50,out,T20I # 326
Pakistan Vs Zimbabwe,Zimbabwe,2,Vusi Sibanda,31,42,3,0,73.80,out,T20I # 326
Pakistan Vs Zimbabwe,Zimbabwe,3,Brendan Taylor,32,30,3,0,106.66,not_out,T20I # 326
Pakistan Vs Zimbabwe,Zimbabwe,4,Sean Williams,9,7,1,0,128.57,out,T20I # 326
Pakistan Vs Zimbabwe,Zimbabwe,5,Timycen Maruma,10,13,1,0,76.92,out,T20I # 326
Pakistan Vs Zimbabwe,Zimbabwe,6,Elton Chigumbura,6,5,1,0,120.00,out,T20I # 326
Pakistan Vs Zimbabwe,Zimbabwe,7,Malcolm Waller,14,7,1,1,200.00,not_out,T20I # 326
Pakistan Vs Zimbabwe,Pakistan,1,Ahmed Shehzad,98,64,6,6,153.12,not_out,T20I # 327
Pakistan Vs Zimbabwe,Pakistan,2,Nasir Jamshed,23,17,3,1,135.29,out,T20I # 327
Pakistan Vs Zimbabwe,Pakistan,3,Mohammad Hafeez,54,40,3,2,135.00,not_out,T20I # 327
Pakistan Vs Zimbabwe,Zimbabwe,1,Vusi Sibanda,23,33,3,0,69.69,out,T20I # 327
Pakistan Vs Zimbabwe,Zimbabwe,2,Hamilton Masakadza,41,32,4,1,128.12,out,T20I # 327
Pakistan Vs Zimbabwe,Zimbabwe,3,Brendan Taylor,3,4,0,0,75.00,out,T20I # 327
Pakistan Vs Zimbabwe,Zimbabwe,4,Sean Williams,25,16,2,1,156.25,out,T20I # 327
Pakistan Vs Zimbabwe,Zimbabwe,5,Elton Chigumbura,35,19,2,2,184.21,not_out,T20I # 327
Pakistan Vs Zimbabwe,Zimbabwe,6,Timycen Maruma,0,2,0,0,0.00,out,T20I # 327
Pakistan Vs Zimbabwe,Zimbabwe,7,Malcolm Waller,20,14,2,1,142.85,out,T20I # 327
Pakistan Vs Zimbabwe,Zimbabwe,8,Shingi Masakadza,0,1,0,0,0.00,not_out,T20I # 327
Australia Vs England,Australia,1,David Warner,1,5,0,0,20.00,out,T20I # 328
Australia Vs England,Australia,2,Aaron Finch,156,63,11,14,247.61,out,T20I # 328
Australia Vs England,Australia,3,Shaun Marsh,28,21,2,1,133.33,out,T20I # 328
Australia Vs England,Australia,4,Shane Watson,37,16,4,2,231.25,out,T20I # 328
Australia Vs England,Australia,5,Glenn Maxwell,1,3,0,0,33.33,out,T20I # 328
Australia Vs England,Australia,6,George Bailey,1,2,0,0,50.00,out,T20I # 328
Australia Vs England,Australia,7,Matthew Wade,15,7,2,1,214.28,not_out,T20I # 328
Australia Vs England,Australia,8,James Faulkner,5,3,0,0,166.66,not_out,T20I # 328
Australia Vs England,England,1,Michael Lumb,22,11,3,1,200.00,out,T20I # 328
Australia Vs England,England,2,Alex Hales,8,9,1,0,88.88,out,T20I # 328
Australia Vs England,England,3,Luke Wright,4,2,1,0,200.00,out,T20I # 328
Australia Vs England,England,4,Eoin Morgan,0,3,0,0,0.00,out,T20I # 328
Australia Vs England,England,5,Joe Root,90,49,13,1,183.67,not_out,T20I # 328
Australia Vs England,England,6,Ravi Bopara,45,29,4,1,155.17,out,T20I # 328
Australia Vs England,England,7,Jos Buttler,27,17,1,2,158.82,out,T20I # 328
Australia Vs England,England,8,Stuart Broad,4,2,1,0,200.00,not_out,T20I # 328
England Vs Australia,England,1,Michael Lumb,43,27,6,1,159.25,out,T20I # 329
England Vs Australia,England,2,Alex Hales,94,61,11,2,154.09,out,T20I # 329
England Vs Australia,England,3,Luke Wright,30,18,3,1,166.66,out,T20I # 329
England Vs Australia,England,4,Eoin Morgan,20,11,0,2,181.81,out,T20I # 329
England Vs Australia,England,5,Jos Buttler,0,1,0,0,0.00,out,T20I # 329
England Vs Australia,England,6,Ravi Bopara,1,2,0,0,50.00,not_out,T20I # 329
England Vs Australia,England,7,Joe Root,1,1,0,0,100.00,not_out,T20I # 329
England Vs Australia,Australia,1,David Warner,53,42,5,3,126.19,out,T20I # 329
England Vs Australia,Australia,2,Aaron Finch,5,5,1,0,100.00,out,T20I # 329
England Vs Australia,Australia,3,Shane Watson,7,6,1,0,116.66,out,T20I # 329
England Vs Australia,Australia,4,Shaun Marsh,13,14,0,1,92.85,out,T20I # 329
England Vs Australia,Australia,5,George Bailey,23,13,1,1,176.92,out,T20I # 329
England Vs Australia,Australia,6,Glenn Maxwell,27,16,2,1,168.75,out,T20I # 329
England Vs Australia,Australia,7,Matthew Wade,4,4,0,0,100.00,out,T20I # 329
England Vs Australia,Australia,8,James Faulkner,5,5,1,0,100.00,out,T20I # 329
England Vs Australia,Australia,9,Mitchell Johnson,3,5,0,0,60.00,not_out,T20I # 329
England Vs Australia,Australia,10,Nathan Coulter-Nile,13,6,0,2,216.66,out,T20I # 329
England Vs Australia,Australia,11,Fawad Ahmed,3,5,0,0,60.00,not_out,T20I # 329
Afghanistan Vs Kenya,Afghanistan,1,Mohammad Shahzad,36,19,3,189.47,4,out,T20I # 330
Afghanistan Vs Kenya,Afghanistan,2,Karim Sadiq,7,0,57.14,9,19,out,T20I # 330
Afghanistan Vs Kenya,Afghanistan,3,Nawroz Mangal,0,0,43,34,3,out,T20I # 330
Afghanistan Vs Kenya,Afghanistan,4,Asghar Afghan,2,126.47,24,1,2,out,T20I # 330
Afghanistan Vs Kenya,Afghanistan,5,Mohammad Nabi,108.33,39,2,4,278.57,out,T20I # 330
Afghanistan Vs Kenya,Afghanistan,6,Samiullah Shinwari,1,2,0,50.00,1,not_out,T20I # 330
Afghanistan Vs Kenya,Afghanistan,7,Mirwais Ashraf,1,0,100.00,3,0,out,T20I # 330
Afghanistan Vs Kenya,Afghanistan,8,Hashmatullah Shahidi,44,14.66,0,3,0,not_out,T20I # 330
Afghanistan Vs Kenya,Kenya,1,Alex Obanda,75.00,13,1,0,36.11,out,T20I # 330
Afghanistan Vs Kenya,Kenya,2,Morris Ouma,0,1,0,0.00,3,out,T20I # 330
Afghanistan Vs Kenya,Kenya,3,Collins Obuya,10,0,30.00,7,16,out,T20I # 330
Afghanistan Vs Kenya,Kenya,4,Irfan Karim,0,0,8,10,0,out,T20I # 330
Afghanistan Vs Kenya,Kenya,5,Rakep Patel,1,80.00,0,14,4.66,out,T20I # 330
Afghanistan Vs Kenya,Kenya,6,Ragheb Aga,0,0,1,4,1.33,out,T20I # 330
Afghanistan Vs Kenya,Kenya,7,Nelson Odhiambo,1,0,0,11,5.50,out,T20I # 330
Afghanistan Vs Kenya,Kenya,8,Nehemiah Odhiambo,0,0,1,6,2.00,out,T20I # 330
Afghanistan Vs Kenya,Kenya,9,Shem Ngoche,0,0,2,12,3.00,out,T20I # 330
Afghanistan Vs Kenya,Kenya,10,Hiren Varaiya,0,0,0,7,1.90,not_out,T20I # 330
Australia Vs India,Australia,1,Aaron Finch,89,52,14,1,171.15,out,T20I # 331
Australia Vs India,Australia,2,Nic Maddinson,34,16,6,1,212.50,out,T20I # 331
Australia Vs India,Australia,3,Shane Watson,6,5,1,0,120.00,out,T20I # 331
Australia Vs India,Australia,4,George Bailey,0,3,0,0,0.00,out,T20I # 331
Australia Vs India,Australia,5,Glenn Maxwell,27,13,0,4,207.69,out,T20I # 331
Australia Vs India,Australia,6,Brad Haddin,5,3,1,0,166.66,out,T20I # 331
Australia Vs India,Australia,7,Moises Henriques,12,12,1,0,100.00,out,T20I # 331
Australia Vs India,Australia,8,Nathan Coulter-Nile,12,11,1,0,109.09,not_out,T20I # 331
Australia Vs India,Australia,9,James Faulkner,10,5,0,1,200.00,not_out,T20I # 331
Australia Vs India,India,1,Rohit Sharma,8,8,0,1,100.00,out,T20I # 331
Australia Vs India,India,2,Shikhar Dhawan,32,19,5,0,168.42,out,T20I # 331
Australia Vs India,India,3,Suresh Raina,19,13,2,1,146.15,out,T20I # 331
Australia Vs India,India,4,Virat Kohli,29,22,2,1,131.81,out,T20I # 331
Australia Vs India,India,5,Yuvraj Singh,77,35,8,5,220.00,not_out,T20I # 331
Australia Vs India,India,6,MS Dhoni,24,21,2,0,114.28,not_out,T20I # 331
Kenya Vs Afghanistan,Kenya,1,Collins Obuya,60,49,1,122.44,41,not_out,T20I # 332
Kenya Vs Afghanistan,Kenya,2,Nehemiah Odhiambo,31,4,132.25,8,5,out,T20I # 332
Kenya Vs Afghanistan,Kenya,3,Rakep Patel,0,1,14,23,0,out,T20I # 332
Kenya Vs Afghanistan,Kenya,4,Irfan Karim,1,60.86,13,1,0,out,T20I # 332
Kenya Vs Afghanistan,Kenya,5,Morris Ouma,107.69,3,18,6.00,0,out,T20I # 332
Kenya Vs Afghanistan,Afghanistan,1,Mohammad Shahzad,9,0,111.11,6,8,out,T20I # 332
Kenya Vs Afghanistan,Afghanistan,2,Karim Sadiq,0,0,2,5,0,out,T20I # 332
Kenya Vs Afghanistan,Afghanistan,3,Afsar Zazai,0,40.00,3,1,0,out,T20I # 332
Kenya Vs Afghanistan,Afghanistan,4,Nawroz Mangal,133.33,1,0,0,50.00,out,T20I # 332
Kenya Vs Afghanistan,Afghanistan,5,Asghar Afghan,4,0,4.00,0,0,out,T20I # 332
Kenya Vs Afghanistan,Afghanistan,6,Mohammad Nabi,3,0,6.66,1,0,out,T20I # 332
Kenya Vs Afghanistan,Afghanistan,7,Samiullah Shinwari,4,0,4.75,1,0,out,T20I # 332
Kenya Vs Afghanistan,Afghanistan,8,Mirwais Ashraf,1,0,10.00,1,0,out,T20I # 332
Kenya Vs Afghanistan,Afghanistan,9,Hamid Hassan,4,1,3.00,0,0,not_out,T20I # 332
Kenya Vs Afghanistan,Afghanistan,10,Shapoor Zadran,4,0,9.00,2,2,not_out,T20I # 332
New Zealand Vs Bangladesh,New Zealand,1,Anton Devcich,59,31,10,1,190.32,out,T20I # 333
New Zealand Vs Bangladesh,New Zealand,2,Hamish Rutherford,17,17,1,1,100.00,out,T20I # 333
New Zealand Vs Bangladesh,New Zealand,3,Ross Taylor,28,25,3,0,112.00,out,T20I # 333
New Zealand Vs Bangladesh,New Zealand,4,Colin Munro,73,39,3,5,187.17,not_out,T20I # 333
New Zealand Vs Bangladesh,New Zealand,5,Corey Anderson,18,6,1,2,300.00,out,T20I # 333
New Zealand Vs Bangladesh,New Zealand,6,Luke Ronchi,0,2,0,0,0.00,out,T20I # 333
New Zealand Vs Bangladesh,New Zealand,7,Nathan McCullum,0,0,0,0,-,not_out,T20I # 333
New Zealand Vs Bangladesh,Bangladesh,1,Shamsur Rahman,7,1,18,10,17,out,T20I # 333
New Zealand Vs Bangladesh,Bangladesh,2,Ziaur Rahman,3,1,28,20,28,out,T20I # 333
New Zealand Vs Bangladesh,Bangladesh,3,Mominul Haque,4,0,34,25,30,out,T20I # 333
New Zealand Vs Bangladesh,Bangladesh,4,Mushfiqur Rahim,0,3,24,15,22,out,T20I # 333
New Zealand Vs Bangladesh,Bangladesh,5,Naeem Islam,1,1,7,7,12,out,T20I # 333
New Zealand Vs Bangladesh,Bangladesh,6,Nasir Hossain,1,0,0,1,4,out,T20I # 333
New Zealand Vs Bangladesh,Bangladesh,7,Mahmudullah,0,0,5,3,3,out,T20I # 333
New Zealand Vs Bangladesh,Bangladesh,8,Sohag Gazi,1,0,4,0,38,out,T20I # 333
New Zealand Vs Bangladesh,Bangladesh,9,Mashrafe Mortaza,9.50,1,3,0,45,not_out,T20I # 333
New Zealand Vs Bangladesh,Bangladesh,10,Abdur Razzak,15.00,0,4,0,32,out,T20I # 333
New Zealand Vs Bangladesh,Bangladesh,11,Al-Amin Hossain,8.00,0,2,0,18,not_out,T20I # 333
Pakistan Vs South Africa,Pakistan,1,Ahmed Shehzad,0,5,0,0,0.00,out,T20I # 334
Pakistan Vs South Africa,Pakistan,2,Sohaib Maqsood,4,4,1,0,100.00,out,T20I # 334
Pakistan Vs South Africa,Pakistan,3,Shahid Afridi,10,13,1,0,76.92,out,T20I # 334
Pakistan Vs South Africa,Pakistan,4,Mohammad Hafeez,0,2,0,0,0.00,out,T20I # 334
Pakistan Vs South Africa,Pakistan,5,Shoaib Malik,12,23,0,0,52.17,out,T20I # 334
Pakistan Vs South Africa,Pakistan,6,Umar Akmal,49,41,4,1,119.51,out,T20I # 334
Pakistan Vs South Africa,Pakistan,7,Abdul Razzaq,10,16,1,0,62.50,out,T20I # 334
Pakistan Vs South Africa,Pakistan,8,Sohail Tanvir,0,3,0,0,0.00,out,T20I # 334
Pakistan Vs South Africa,Pakistan,9,Abdur Rehman,7,12,0,0,58.33,not_out,T20I # 334
Pakistan Vs South Africa,Pakistan,10,Saeed Ajmal,0,1,0,0,0.00,out,T20I # 334
Pakistan Vs South Africa,South Africa,1,Hashim Amla,13,9,2,0,144.44,out,T20I # 334
Pakistan Vs South Africa,South Africa,2,Quinton de Kock,48,38,3,2,126.31,not_out,T20I # 334
Pakistan Vs South Africa,South Africa,3,Faf du Plessis,37,40,4,1,92.50,not_out,T20I # 334
Afghanistan Vs Netherlands,Afghanistan,1,Mohammad Shahzad,20,25,3,0,80.00,out,T20I # 335
Afghanistan Vs Netherlands,Afghanistan,2,Nawroz Mangal,8,5,1,0,160.00,out,T20I # 335
Afghanistan Vs Netherlands,Afghanistan,3,Karim Sadiq,1,5,0,0,20.00,out,T20I # 335
Afghanistan Vs Netherlands,Afghanistan,4,Samiullah Shinwari,1,8,0,0,12.50,out,T20I # 335
Afghanistan Vs Netherlands,Afghanistan,5,Shafiqullah,9,19,0,0,47.36,out,T20I # 335
Afghanistan Vs Netherlands,Afghanistan,6,Mohammad Nabi,6,7,1,0,85.71,out,T20I # 335
Afghanistan Vs Netherlands,Afghanistan,7,Najibullah Zadran,19,27,1,0,70.37,out,T20I # 335
Afghanistan Vs Netherlands,Afghanistan,8,Gulbadin Naib,9,14,0,0,64.28,out,T20I # 335
Afghanistan Vs Netherlands,Afghanistan,9,Hamid Hassan,3,4,0,0,75.00,not_out,T20I # 335
Afghanistan Vs Netherlands,Afghanistan,10,Shapoor Zadran,0,2,0,0,0.00,out,T20I # 335
Afghanistan Vs Netherlands,Afghanistan,11,Amir Hamza,0,0,0,0,-,out,T20I # 335
Afghanistan Vs Netherlands,Netherlands,1,Wesley Barresi,0,1,0,0,0.00,out,T20I # 335
Afghanistan Vs Netherlands,Netherlands,2,Stephan Myburgh,21,28,1,1,75.00,out,T20I # 335
Afghanistan Vs Netherlands,Netherlands,3,Eric Szwarczynski,24,24,4,0,100.00,out,T20I # 335
Afghanistan Vs Netherlands,Netherlands,4,Peter Borren,38,15,2,4,253.33,not_out,T20I # 335
Afghanistan Vs Netherlands,Netherlands,5,Daan van Bunge,7,9,1,0,77.77,not_out,T20I # 335
South Africa Vs Pakistan,South Africa,1,Quinton de Kock,30,19,6,0,157.89,out,T20I # 336
South Africa Vs Pakistan,South Africa,2,Hashim Amla,48,41,3,2,117.07,out,T20I # 336
South Africa Vs Pakistan,South Africa,3,Faf du Plessis,58,48,1,3,120.83,not_out,T20I # 336
South Africa Vs Pakistan,South Africa,4,AB de Villiers,5,6,1,0,83.33,out,T20I # 336
South Africa Vs Pakistan,South Africa,5,David Miller,4,4,0,0,100.00,out,T20I # 336
South Africa Vs Pakistan,South Africa,6,Henry Davids,0,2,0,0,0.00,out,T20I # 336
South Africa Vs Pakistan,Pakistan,1,Nasir Jamshed,19,20,3,0,95.00,out,T20I # 336
South Africa Vs Pakistan,Pakistan,2,Ahmed Shehzad,21,14,3,0,150.00,out,T20I # 336
South Africa Vs Pakistan,Pakistan,3,Mohammad Hafeez,0,1,0,0,0.00,out,T20I # 336
South Africa Vs Pakistan,Pakistan,4,Shoaib Malik,15,18,1,0,83.33,out,T20I # 336
South Africa Vs Pakistan,Pakistan,5,Sohaib Maqsood,37,26,2,1,142.30,out,T20I # 336
South Africa Vs Pakistan,Pakistan,6,Umar Akmal,11,12,1,0,91.66,out,T20I # 336
South Africa Vs Pakistan,Pakistan,7,Abdul Razzaq,0,1,0,0,0.00,out,T20I # 336
South Africa Vs Pakistan,Pakistan,8,Shahid Afridi,14,10,0,1,140.00,out,T20I # 336
South Africa Vs Pakistan,Pakistan,9,Sohail Tanvir,6,5,1,0,120.00,out,T20I # 336
South Africa Vs Pakistan,Pakistan,10,Saeed Ajmal,7,10,0,0,70.00,not_out,T20I # 336
South Africa Vs Pakistan,Pakistan,11,Mohammad Irfan,2,4,0,0,50.00,not_out,T20I # 336
Afghanistan Vs Scotland,Afghanistan,1,Mohammad Shahzad,42,22,6,2,190.90,out,T20I # 337
Afghanistan Vs Scotland,Afghanistan,2,Nawroz Mangal,20,10,0,3,200.00,out,T20I # 337
Afghanistan Vs Scotland,Afghanistan,3,Noor Ali Zadran,9,12,0,0,75.00,out,T20I # 337
Afghanistan Vs Scotland,Afghanistan,4,Mohammad Nabi,46,29,3,4,158.62,out,T20I # 337
Afghanistan Vs Scotland,Afghanistan,5,Samiullah Shinwari,31,29,2,0,106.89,not_out,T20I # 337
Afghanistan Vs Scotland,Afghanistan,6,Gulbadin Naib,14,15,0,1,93.33,out,T20I # 337
Afghanistan Vs Scotland,Afghanistan,7,Karim Sadiq,1,3,0,0,33.33,out,T20I # 337
Afghanistan Vs Scotland,Scotland,1,Richie Berrington,19,14,3,0,135.71,out,T20I # 337
Afghanistan Vs Scotland,Scotland,2,Calum MacLeod,56,47,3,2,119.14,out,T20I # 337
Afghanistan Vs Scotland,Scotland,3,Matt Machan,54,39,4,2,138.46,out,T20I # 337
Afghanistan Vs Scotland,Scotland,4,Kyle Coetzer,5,9,0,0,55.55,out,T20I # 337
Afghanistan Vs Scotland,Scotland,5,Rob Taylor,6,6,1,0,100.00,out,T20I # 337
Afghanistan Vs Scotland,Scotland,6,Safyaan Sharif,0,0,0,0,-,not_out,T20I # 337
Afghanistan Vs Scotland,Scotland,7,Gordon Goudie,1,1,0,0,100.00,out,T20I # 337
Afghanistan Vs Scotland,Scotland,8,David Murphy,5,4,1,0,125.00,not_out,T20I # 337
Ireland Vs Canada,Ireland,1,William Porterfield,5,12,1,0,41.66,out,T20I # 338
Ireland Vs Canada,Ireland,2,Paul Stirling,16,12,4,0,133.33,out,T20I # 338
Ireland Vs Canada,Ireland,3,Niall O'Brien,27,24,3,0,112.50,out,T20I # 338
Ireland Vs Canada,Ireland,4,Kevin O'Brien,31,23,2,1,134.78,out,T20I # 338
Ireland Vs Canada,Ireland,5,Trent Johnston,39,24,3,2,162.50,not_out,T20I # 338
Ireland Vs Canada,Ireland,6,Gary Wilson,24,18,0,0,133.33,out,T20I # 338
Ireland Vs Canada,Ireland,7,John Mooney,14,7,2,0,200.00,not_out,T20I # 338
Ireland Vs Canada,Canada,1,Hiral Patel,0,1,0,0,0.00,out,T20I # 338
Ireland Vs Canada,Canada,2,Ruvindu Gunasekera,65,52,7,1,125.00,out,T20I # 338
Ireland Vs Canada,Canada,3,Rizwan Cheema,0,1,0,0,0.00,out,T20I # 338
Ireland Vs Canada,Canada,4,Ashish Bagai,67,55,7,0,121.81,not_out,T20I # 338
Ireland Vs Canada,Canada,5,Jimmy Hansra,22,12,0,1,183.33,not_out,T20I # 338
Kenya Vs Scotland,Kenya,1,Steve Tikolo,20,11,2,2,181.81,out,T20I # 339
Kenya Vs Scotland,Kenya,2,Alex Obanda,25,17,5,0,147.05,out,T20I # 339
Kenya Vs Scotland,Kenya,3,Nehemiah Odhiambo,26,14,3,1,185.71,out,T20I # 339
Kenya Vs Scotland,Kenya,4,Collins Obuya,36,33,2,0,109.09,out,T20I # 339
Kenya Vs Scotland,Kenya,5,Morris Ouma,5,4,1,0,125.00,out,T20I # 339
Kenya Vs Scotland,Kenya,6,Thomas Odoyo,0,1,0,0,0.00,out,T20I # 339
Kenya Vs Scotland,Kenya,7,Rakep Patel,12,15,1,0,80.00,out,T20I # 339
Kenya Vs Scotland,Kenya,8,Ragheb Aga,52,25,7,1,208.00,not_out,T20I # 339
Kenya Vs Scotland,Kenya,9,Shem Ngoche,0,0,0,0,-,not_out,T20I # 339
Kenya Vs Scotland,Scotland,1,Richie Berrington,15,5,2,1,300.00,out,T20I # 339
Kenya Vs Scotland,Scotland,2,Calum MacLeod,17,13,0,2,130.76,out,T20I # 339
Kenya Vs Scotland,Scotland,3,Matt Machan,20,21,0,0,95.23,out,T20I # 339
Kenya Vs Scotland,Scotland,4,Kyle Coetzer,1,3,0,0,33.33,out,T20I # 339
Kenya Vs Scotland,Scotland,5,Rob Taylor,0,2,0,0,0.00,out,T20I # 339
Kenya Vs Scotland,Scotland,6,David Murphy,0,0,0,0,-,out,T20I # 339
Kenya Vs Scotland,Scotland,7,Gordon Goudie,1,6,0,0,16.66,out,T20I # 339
Kenya Vs Scotland,Scotland,8,Safyaan Sharif,1,3,0,0,33.33,out,T20I # 339
Kenya Vs Scotland,Scotland,9,Majid Haq,2,0,6.00,2,0,not_out,T20I # 339
Kenya Vs Scotland,Scotland,10,Neil Carter,2,0,8.00,0,0,out,T20I # 339
Kenya Vs Scotland,Scotland,11,Iain Wardlaw,1,0,13.00,0,0,out,T20I # 339
South Africa Vs Pakistan,South Africa,1,Quinton de Kock,43,33,8,0,130.30,out,T20I # 340
South Africa Vs Pakistan,South Africa,2,Hashim Amla,31,20,6,0,155.00,out,T20I # 340
South Africa Vs Pakistan,South Africa,3,Faf du Plessis,22,22,1,0,100.00,out,T20I # 340
South Africa Vs Pakistan,South Africa,4,Henry Davids,3,5,0,0,60.00,out,T20I # 340
South Africa Vs Pakistan,South Africa,5,Jean-Paul Duminy,11,16,1,0,68.75,out,T20I # 340
South Africa Vs Pakistan,South Africa,6,David Miller,19,11,2,1,172.72,not_out,T20I # 340
South Africa Vs Pakistan,South Africa,7,Wayne Parnell,6,6,0,0,100.00,out,T20I # 340
South Africa Vs Pakistan,South Africa,8,Dale Steyn,1,3,0,0,33.33,out,T20I # 340
South Africa Vs Pakistan,South Africa,9,Morne Morkel,8,5,2,0,160.00,not_out,T20I # 340
South Africa Vs Pakistan,Pakistan,1,Ahmed Shehzad,9,9,2,0,100.00,out,T20I # 340
South Africa Vs Pakistan,Pakistan,2,Nasir Jamshed,18,25,3,0,72.00,out,T20I # 340
South Africa Vs Pakistan,Pakistan,3,Mohammad Hafeez,13,15,1,0,86.66,not_out,T20I # 340
South Africa Vs Pakistan,Pakistan,4,Umar Akmal,7,6,1,0,116.66,not_out,T20I # 340
New Zealand Vs Sri Lanka,New Zealand,1,Hamish Rutherford,3,4,0,0,75.00,out,T20I # 341
New Zealand Vs Sri Lanka,New Zealand,2,Anton Devcich,30,23,4,1,130.43,out,T20I # 341
New Zealand Vs Sri Lanka,New Zealand,3,Neil Broom,6,6,0,0,100.00,out,T20I # 341
New Zealand Vs Sri Lanka,New Zealand,4,Tom Latham,20,24,1,0,83.33,out,T20I # 341
New Zealand Vs Sri Lanka,New Zealand,5,Colin Munro,17,19,2,0,89.47,out,T20I # 341
New Zealand Vs Sri Lanka,New Zealand,6,Luke Ronchi,34,25,3,1,136.00,not_out,T20I # 341
New Zealand Vs Sri Lanka,New Zealand,7,Nathan McCullum,26,16,3,0,162.50,out,T20I # 341
New Zealand Vs Sri Lanka,New Zealand,8,Rob Nicol,2,2,0,0,100.00,out,T20I # 341
New Zealand Vs Sri Lanka,New Zealand,9,Andrew Ellis,2,1,0,0,200.00,not_out,T20I # 341
New Zealand Vs Sri Lanka,Sri Lanka,1,Mahela Jayawardene,3,4,0,0,75.00,out,T20I # 341
New Zealand Vs Sri Lanka,Sri Lanka,2,Tillakaratne Dilshan,59,49,8,0,120.40,not_out,T20I # 341
New Zealand Vs Sri Lanka,Sri Lanka,3,Kusal Perera,57,37,6,2,154.05,out,T20I # 341
New Zealand Vs Sri Lanka,Sri Lanka,4,Kumar Sangakkara,20,17,1,0,117.64,not_out,T20I # 341
Scotland Vs Netherlands,Scotland,1,Richie Berrington,38,31,4,1,122.58,out,T20I # 342
Scotland Vs Netherlands,Scotland,2,Calum MacLeod,3,6,0,0,50.00,out,T20I # 342
Scotland Vs Netherlands,Scotland,3,Matt Machan,67,46,6,1,145.65,not_out,T20I # 342
Scotland Vs Netherlands,Scotland,4,Michael Leask,4,6,0,0,66.66,out,T20I # 342
Scotland Vs Netherlands,Scotland,5,Kyle Coetzer,7,12,0,0,58.33,out,T20I # 342
Scotland Vs Netherlands,Scotland,6,Rob Taylor,41,19,4,2,215.78,not_out,T20I # 342
Scotland Vs Netherlands,Netherlands,1,Stephan Myburgh,7,7,0,0,100.00,out,T20I # 342
Scotland Vs Netherlands,Netherlands,2,Michael Swart,1,2,0,0,50.00,out,T20I # 342
Scotland Vs Netherlands,Netherlands,3,Wesley Barresi,12,9,1,0,133.33,not_out,T20I # 342
Scotland Vs Netherlands,Netherlands,4,Eric Szwarczynski,2,4,0,0,50.00,out,T20I # 342
Scotland Vs Netherlands,Netherlands,5,Ben Cooper,10,11,0,0,90.90,out,T20I # 342
Scotland Vs Netherlands,Netherlands,6,Peter Borren,4,0,9.00,0,0,out,T20I # 342
Scotland Vs Netherlands,Netherlands,7,Mudassar Bukhari,4,0,5.75,0,0,out,T20I # 342
Scotland Vs Netherlands,Netherlands,8,Michael Rippon,3,0,8.66,1,0,not_out,T20I # 342
Pakistan Vs South Africa,Pakistan,1,Nasir Jamshed,19,19,3,0,100.00,out,T20I # 343
Pakistan Vs South Africa,Pakistan,2,Ahmed Shehzad,9,11,0,1,81.81,out,T20I # 343
Pakistan Vs South Africa,Pakistan,3,Mohammad Hafeez,63,41,5,3,153.65,out,T20I # 343
Pakistan Vs South Africa,Pakistan,4,Umar Akmal,64,37,5,4,172.97,out,T20I # 343
Pakistan Vs South Africa,Pakistan,5,Shahid Afridi,13,14,2,0,92.85,not_out,T20I # 343
Pakistan Vs South Africa,Pakistan,6,Sohaib Maqsood,0,0,0,0,-,not_out,T20I # 343
Pakistan Vs South Africa,South Africa,1,Hashim Amla,48,40,5,0,120.00,out,T20I # 343
Pakistan Vs South Africa,South Africa,2,Quinton de Kock,26,24,4,0,108.33,out,T20I # 343
Pakistan Vs South Africa,South Africa,3,Faf du Plessis,6,10,0,0,60.00,out,T20I # 343
Pakistan Vs South Africa,South Africa,4,AB de Villiers,13,8,2,0,162.50,out,T20I # 343
Pakistan Vs South Africa,South Africa,5,Jean-Paul Duminy,47,26,3,2,180.76,not_out,T20I # 343
Pakistan Vs South Africa,South Africa,6,David Miller,22,13,1,1,169.23,not_out,T20I # 343
Netherlands Vs Kenya,Netherlands,1,Stephan Myburgh,0,2,0,0,0.00,out,T20I # 344
Netherlands Vs Kenya,Netherlands,2,Michael Swart,44,37,4,0,118.91,out,T20I # 344
Netherlands Vs Kenya,Netherlands,3,Wesley Barresi,28,25,2,0,112.00,out,T20I # 344
Netherlands Vs Kenya,Netherlands,4,Peter Borren,6,7,0,0,85.71,out,T20I # 344
Netherlands Vs Kenya,Netherlands,5,Ben Cooper,0,2,0,0,0.00,out,T20I # 344
Netherlands Vs Kenya,Netherlands,6,Mudassar Bukhari,10,12,1,0,83.33,out,T20I # 344
Netherlands Vs Kenya,Netherlands,7,Eric Szwarczynski,14,20,0,0,70.00,not_out,T20I # 344
Netherlands Vs Kenya,Netherlands,8,Michael Rippon,5,9,0,0,55.55,out,T20I # 344
Netherlands Vs Kenya,Netherlands,9,Tim Gruijters,11,8,1,0,137.50,not_out,T20I # 344
Netherlands Vs Kenya,Kenya,1,Steve Tikolo,0,0,2,8,10,out,T20I # 344
Netherlands Vs Kenya,Kenya,2,Alex Obanda,0,0,3,11,10,out,T20I # 344
Netherlands Vs Kenya,Kenya,3,Nehemiah Odhiambo,0,0,16,19,35,out,T20I # 344
Netherlands Vs Kenya,Kenya,4,Collins Obuya,0,0,4,7,11,out,T20I # 344
Netherlands Vs Kenya,Kenya,5,Morris Ouma,0,0,38,28,27,out,T20I # 344
Netherlands Vs Kenya,Kenya,6,Thomas Odoyo,2,2,18,18,23,out,T20I # 344
Netherlands Vs Kenya,Kenya,7,Rakep Patel,1,0,5,11,15,out,T20I # 344
Netherlands Vs Kenya,Kenya,8,Ragheb Aga,0,0,4,1,14,out,T20I # 344
Netherlands Vs Kenya,Kenya,9,Shem Ngoche,3.50,1,4,0,8,out,T20I # 344
Netherlands Vs Kenya,Kenya,10,Hiren Varaiya,2.00,1,2,0,9,not_out,T20I # 344
Netherlands Vs Kenya,Kenya,11,Elijah Otieno,4.50,2,3,0,15,not_out,T20I # 344
Afghanistan Vs Kenya,Afghanistan,1,Mohammad Shahzad,1,3,0,0,33.33,out,T20I # 345
Afghanistan Vs Kenya,Afghanistan,2,Karim Sadiq,30,21,5,0,142.85,out,T20I # 345
Afghanistan Vs Kenya,Afghanistan,3,Noor Ali Zadran,50,48,4,1,104.16,out,T20I # 345
Afghanistan Vs Kenya,Afghanistan,4,Nawroz Mangal,7,7,0,1,100.00,out,T20I # 345
Afghanistan Vs Kenya,Afghanistan,5,Mohammad Nabi,6,9,0,0,66.66,out,T20I # 345
Afghanistan Vs Kenya,Afghanistan,6,Samiullah Shinwari,2,2,0,0,100.00,out,T20I # 345
Afghanistan Vs Kenya,Afghanistan,7,Najibullah Zadran,33,25,1,1,132.00,out,T20I # 345
Afghanistan Vs Kenya,Afghanistan,8,Shafiqullah,8,5,0,1,160.00,out,T20I # 345
Afghanistan Vs Kenya,Afghanistan,9,Mirwais Ashraf,0,1,0,0,0.00,out,T20I # 345
Afghanistan Vs Kenya,Afghanistan,10,Amir Hamza,3,2,0,0,150.00,not_out,T20I # 345
Afghanistan Vs Kenya,Kenya,1,Steve Tikolo,25,16,5,0,156.25,out,T20I # 345
Afghanistan Vs Kenya,Kenya,2,Nehemiah Odhiambo,7,4,0,1,175.00,out,T20I # 345
Afghanistan Vs Kenya,Kenya,3,Alex Obanda,0,1,0,0,0.00,out,T20I # 345
Afghanistan Vs Kenya,Kenya,4,Duncan Allan,1,4,0,0,25.00,out,T20I # 345
Afghanistan Vs Kenya,Kenya,5,Collins Obuya,12,26,0,0,46.15,out,T20I # 345
Afghanistan Vs Kenya,Kenya,6,Rakep Patel,52,38,2,3,136.84,out,T20I # 345
Afghanistan Vs Kenya,Kenya,7,Irfan Karim,3,6,0,0,50.00,out,T20I # 345
Afghanistan Vs Kenya,Kenya,8,Thomas Odoyo,7,5,0,1,140.00,out,T20I # 345
Afghanistan Vs Kenya,Kenya,9,Ragheb Aga,2,4,0,0,50.00,out,T20I # 345
Afghanistan Vs Kenya,Kenya,10,Shem Ngoche,1,2,0,0,50.00,not_out,T20I # 345
Afghanistan Vs Kenya,Kenya,11,Hiren Varaiya,2,4,0,0,50.00,out,T20I # 345
Kenya Vs Canada,Kenya,1,Nehemiah Odhiambo,15,14,3,0,107.14,out,T20I # 346
Kenya Vs Canada,Kenya,2,Steve Tikolo,40,23,8,0,173.91,out,T20I # 346
Kenya Vs Canada,Kenya,3,Duncan Allan,18,22,2,0,81.81,out,T20I # 346
Kenya Vs Canada,Kenya,4,Collins Obuya,40,36,0,3,111.11,out,T20I # 346
Kenya Vs Canada,Kenya,5,Rakep Patel,11,11,0,1,100.00,out,T20I # 346
Kenya Vs Canada,Kenya,6,Ragheb Aga,3,5,0,0,60.00,out,T20I # 346
Kenya Vs Canada,Kenya,7,Morris Ouma,9,7,1,0,128.57,not_out,T20I # 346
Kenya Vs Canada,Kenya,8,Irfan Karim,0,1,0,0,0.00,out,T20I # 346
Kenya Vs Canada,Kenya,9,Shem Ngoche,0,1,0,0,0.00,not_out,T20I # 346
Kenya Vs Canada,Canada,1,Ruvindu Gunasekera,15,7,2,1,214.28,out,T20I # 346
Kenya Vs Canada,Canada,2,Rizwan Cheema,0,3,0,0,0.00,out,T20I # 346
Kenya Vs Canada,Canada,3,Usman Limbada,16,19,1,0,84.21,out,T20I # 346
Kenya Vs Canada,Canada,4,Ashish Bagai,48,46,5,0,104.34,out,T20I # 346
Kenya Vs Canada,Canada,5,Jimmy Hansra,2,4,0,0,50.00,out,T20I # 346
Kenya Vs Canada,Canada,6,Raza-ur-Rehman,10,6,2,0,166.66,out,T20I # 346
Kenya Vs Canada,Canada,7,Hamza Tariq,22,16,0,2,137.50,out,T20I # 346
Kenya Vs Canada,Canada,8,Junaid Siddiqui,5,8,0,0,62.50,out,T20I # 346
Kenya Vs Canada,Canada,9,Harvir Baidwan,0,2,0,0,0.00,out,T20I # 346
Kenya Vs Canada,Canada,10,Abzal Dean,1,1,0,0,100.00,out,T20I # 346
Kenya Vs Canada,Canada,11,Jeremy Gordon,2,4,0,0,50.00,not_out,T20I # 346
Scotland Vs Netherlands,Scotland,1,Richie Berrington,0,2,0,0,0.00,out,T20I # 347
Scotland Vs Netherlands,Scotland,2,Calum MacLeod,0,1,0,0,0.00,out,T20I # 347
Scotland Vs Netherlands,Scotland,3,Matt Machan,61,53,7,0,115.09,out,T20I # 347
Scotland Vs Netherlands,Scotland,4,Michael Leask,58,46,2,5,126.08,out,T20I # 347
Scotland Vs Netherlands,Scotland,5,Rob Taylor,7,8,0,0,87.50,not_out,T20I # 347
Scotland Vs Netherlands,Scotland,6,Kyle Coetzer,7,6,1,0,116.66,out,T20I # 347
Scotland Vs Netherlands,Scotland,7,Matthew Cross,1,2,0,0,50.00,out,T20I # 347
Scotland Vs Netherlands,Scotland,8,Safyaan Sharif,3,3,0,0,100.00,not_out,T20I # 347
Scotland Vs Netherlands,Netherlands,1,Stephan Myburgh,30,28,1,1,107.14,out,T20I # 347
Scotland Vs Netherlands,Netherlands,2,Ben Cooper,3,0,6.33,0,0,out,T20I # 347
Scotland Vs Netherlands,Netherlands,3,Wesley Barresi,4,0,6.75,0,0,not_out,T20I # 347
Scotland Vs Netherlands,Netherlands,4,Michael Swart,1.5,0,11.45,0,0,not_out,T20I # 347
Ireland Vs Afghanistan,Ireland,1,William Porterfield,27,14,4,1,192.85,out,T20I # 348
Ireland Vs Afghanistan,Ireland,2,Paul Stirling,76,43,8,4,176.74,out,T20I # 348
Ireland Vs Afghanistan,Ireland,3,Kevin O'Brien,20,12,2,1,166.66,out,T20I # 348
Ireland Vs Afghanistan,Ireland,4,Trent Johnston,62,32,5,4,193.75,out,T20I # 348
Ireland Vs Afghanistan,Ireland,5,Gary Wilson,2,3,0,0,66.66,out,T20I # 348
Ireland Vs Afghanistan,Ireland,6,John Mooney,12,6,2,0,200.00,out,T20I # 348
Ireland Vs Afghanistan,Ireland,7,Max Sorensen,6,6,1,0,100.00,not_out,T20I # 348
Ireland Vs Afghanistan,Ireland,8,James Shannon,2,3,0,0,66.66,out,T20I # 348
Ireland Vs Afghanistan,Ireland,9,Alex Cusack,1,1,0,0,100.00,not_out,T20I # 348
Ireland Vs Afghanistan,Afghanistan,1,Mohammad Shahzad,1,0,0,1,1,out,T20I # 348
Ireland Vs Afghanistan,Afghanistan,2,Nawroz Mangal,0,0,43,19,24,out,T20I # 348
Ireland Vs Afghanistan,Afghanistan,3,Mirwais Ashraf,3,4,5,7,12,out,T20I # 348
Ireland Vs Afghanistan,Afghanistan,4,Mohammad Nabi,0,0,4,6,19,out,T20I # 348
Ireland Vs Afghanistan,Afghanistan,5,Karim Sadiq,0,0,8,4,4,out,T20I # 348
Ireland Vs Afghanistan,Afghanistan,6,Gulbadin Naib,0,1,13,20,25,out,T20I # 348
Ireland Vs Afghanistan,Afghanistan,7,Samiullah Shinwari,0,2,2,5,11,out,T20I # 348
Ireland Vs Afghanistan,Afghanistan,8,Najibullah Zadran,0,0,4,0,22,out,T20I # 348
Ireland Vs Afghanistan,Afghanistan,9,Dawlat Zadran,5.50,0,2.5,0,24,out,T20I # 348
Ireland Vs Afghanistan,Afghanistan,10,Shapoor Zadran,8.47,0,3,0,18,out,T20I # 348
Ireland Vs Afghanistan,Afghanistan,11,Amir Hamza,6.00,0,3,0,37,not_out,T20I # 348
Afghanistan Vs Pakistan,Afghanistan,1,Mohammad Shahzad,2,4,0,50.00,1,out,T20I # 349
Afghanistan Vs Pakistan,Afghanistan,2,Nawroz Mangal,10,0,10.00,15,20,out,T20I # 349
Afghanistan Vs Pakistan,Afghanistan,3,Asghar Afghan,0,2,38,30,3,out,T20I # 349
Afghanistan Vs Pakistan,Afghanistan,4,Najibullah Zadran,2,126.66,10,2,0,out,T20I # 349
Afghanistan Vs Pakistan,Afghanistan,5,Mohammad Nabi,150.00,16,1,1,160.00,out,T20I # 349
Afghanistan Vs Pakistan,Afghanistan,6,Samiullah Shinwari,28,22,1,127.27,3,out,T20I # 349
Afghanistan Vs Pakistan,Afghanistan,7,Mirwais Ashraf,9,0,33.33,0,1,not_out,T20I # 349
Afghanistan Vs Pakistan,Afghanistan,8,Gulbadin Naib,0,0,4,4,0,out,T20I # 349
Afghanistan Vs Pakistan,Afghanistan,9,Dawlat Zadran,0,100.00,0,13,3.25,out,T20I # 349
Afghanistan Vs Pakistan,Afghanistan,10,Hamid Hassan,0,0,2,11,2.75,not_out,T20I # 349
Afghanistan Vs Pakistan,Pakistan,1,Ahmed Shehzad,0,33.33,0,21,5.25,out,T20I # 349
Afghanistan Vs Pakistan,Pakistan,2,Sharjeel Khan,0,0,0,17,5.66,out,T20I # 349
Afghanistan Vs Pakistan,Pakistan,3,Mohammad Hafeez,0,0,0,29,7.25,not_out,T20I # 349
Afghanistan Vs Pakistan,Pakistan,4,Umar Akmal,0,0,0,25,8.82,out,T20I # 349
Afghanistan Vs Pakistan,Pakistan,5,Sohaib Maqsood,2,1,0,26,8.66,out,T20I # 349
Afghanistan Vs Pakistan,Pakistan,6,Shahid Afridi,2,0,0,17,5.66,not_out,T20I # 349
Sri Lanka Vs Pakistan,Sri Lanka,1,Tillakaratne Dilshan,7,8,1,0,87.50,out,T20I # 350
Sri Lanka Vs Pakistan,Sri Lanka,2,Kusal Perera,15,16,0,1,93.75,out,T20I # 350
Sri Lanka Vs Pakistan,Sri Lanka,3,Dinesh Chandimal,22,22,3,0,100.00,out,T20I # 350
Sri Lanka Vs Pakistan,Sri Lanka,4,Kumar Sangakkara,21,22,1,0,95.45,out,T20I # 350
Sri Lanka Vs Pakistan,Sri Lanka,5,Angelo Mathews,50,34,5,1,147.05,out,T20I # 350
Sri Lanka Vs Pakistan,Sri Lanka,6,Lahiru Thirimanne,23,16,1,1,143.75,not_out,T20I # 350
Sri Lanka Vs Pakistan,Sri Lanka,7,Thisara Perera,2,2,0,0,100.00,not_out,T20I # 350
Sri Lanka Vs Pakistan,Pakistan,1,Sharjeel Khan,34,31,3,0,109.67,out,T20I # 350
Sri Lanka Vs Pakistan,Pakistan,2,Ahmed Shehzad,4,9,0,0,44.44,out,T20I # 350
Sri Lanka Vs Pakistan,Pakistan,3,Mohammad Hafeez,32,27,2,1,118.51,out,T20I # 350
Sri Lanka Vs Pakistan,Pakistan,4,Umar Akmal,5,3,1,0,166.66,out,T20I # 350
Sri Lanka Vs Pakistan,Pakistan,5,Sohaib Maqsood,13,9,1,1,144.44,out,T20I # 350
Sri Lanka Vs Pakistan,Pakistan,6,Umar Amin,8,9,1,0,88.88,out,T20I # 350
Sri Lanka Vs Pakistan,Pakistan,7,Shahid Afridi,39,20,2,3,195.00,not_out,T20I # 350
Sri Lanka Vs Pakistan,Pakistan,8,Bilawal Bhatti,10,8,1,0,125.00,out,T20I # 350
Sri Lanka Vs Pakistan,Pakistan,9,Sohail Tanvir,0,0,0,0,-,not_out,T20I # 350
Sri Lanka Vs Pakistan,Sri Lanka,1,Kusal Perera,84,59,5,4,142.37,out,T20I # 351
Sri Lanka Vs Pakistan,Sri Lanka,2,Tillakaratne Dilshan,48,33,8,0,145.45,out,T20I # 351
Sri Lanka Vs Pakistan,Sri Lanka,3,Seekkuge Prasanna,21,8,2,2,262.50,out,T20I # 351
Sri Lanka Vs Pakistan,Sri Lanka,4,Kumar Sangakkara,44,21,4,2,209.52,not_out,T20I # 351
Sri Lanka Vs Pakistan,Pakistan,1,Ahmed Shehzad,8,10,1,0,80.00,out,T20I # 351
Sri Lanka Vs Pakistan,Pakistan,2,Sharjeel Khan,50,25,5,3,200.00,out,T20I # 351
Sri Lanka Vs Pakistan,Pakistan,3,Mohammad Hafeez,7,7,1,0,100.00,out,T20I # 351
Sri Lanka Vs Pakistan,Pakistan,4,Sohaib Maqsood,15,16,2,0,93.75,out,T20I # 351
Sri Lanka Vs Pakistan,Pakistan,5,Umar Akmal,0,1,0,0,0.00,out,T20I # 351
Sri Lanka Vs Pakistan,Pakistan,6,Shahid Afridi,28,13,2,2,215.38,out,T20I # 351
Sri Lanka Vs Pakistan,Pakistan,7,Umar Amin,0,2,0,0,0.00,out,T20I # 351
Sri Lanka Vs Pakistan,Pakistan,8,Bilawal Bhatti,0,1,0,0,0.00,out,T20I # 351
Sri Lanka Vs Pakistan,Pakistan,9,Sohail Tanvir,41,26,5,1,157.69,out,T20I # 351
Sri Lanka Vs Pakistan,Pakistan,10,Saeed Ajmal,20,15,1,1,133.33,out,T20I # 351
Sri Lanka Vs Pakistan,Pakistan,11,Usman Shinwari,2,3,0,0,66.66,not_out,T20I # 351
