{
  "meta": {
    "data_version": "1.0.0",
    "created": "2021-08-28",
    "revision": 1
  },
  "info": {
    "balls_per_over": 6,
    "city": "Canterbury",
    "dates": [
      "2021-08-27"
    ],
    "event": {
      "name": "Vitality Blast",
      "stage": "Quarter Final"
    },
    "gender": "male",
    "match_type": "T20",
    "officials": {
      "match_referees": [
        "SJ Davis"
      ],
      "tv_umpires": [
        "IJ Gould"
      ],
      "umpires": [
        "M Burns",
        "RJ Warren"
      ]
    },
    "outcome": {
      "winner": "Kent",
      "by": {
        "runs": 21
      }
    },
    "overs": 20,
    "player_of_match": [
      "SW Billings"
    ],
    "players": {
      "Kent": [
        "Z Crawley",
        "DJ Bell-Drummond",
        "JL Denly",
        "SW Billings",
        "JA Leaning",
        "AJ Blake",
        "JM Cox",
        "AF Milne",
        "Qais Ahmad",
        "ME Milnes",
        "FJ Klaassen"
      ],
      "Birmingham Bears": [
        "RM Yates",
        "AJ Hose",
        "CG Benjamin",
        "SR Hain",
        "WMH Rhodes",
        "MGK Burgess",
        "CR Woakes",
        "TT Bresnan",
        "JB Lintott",
        "CN Miles",
        "DR Briggs"
      ]
    },
    "registry": {
      "people": {
        "AF Milne": "350bb1b1",
        "AJ Blake": "ea27a674",
        "AJ Hose": "104e88a4",
        "CG Benjamin": "95a15317",
        "CN Miles": "5fed6272",
        "CR Woakes": "4c5d73db",
        "DJ Bell-Drummond": "8f938a32",
        "DR Briggs": "f3abd0c9",
        "FJ Klaassen": "c042b412",
        "IJ Gould": "a9dfdf6c",
        "JA Leaning": "f2ab7a69",
        "JB Lintott": "e5218454",
        "JL Denly": "bdadf7da",
        "JM Cox": "ff154ecd",
        "M Burns": "b3bd0666",
        "ME Milnes": "3dcd1e8d",
        "MGK Burgess": "715941c3",
        "Qais Ahmad": "8d5d991e",
        "RJ Warren": "9d1c62d7",
        "RM Yates": "3581a798",
        "SJ Davis": "bc71b0b2",
        "SR Hain": "67b9536c",
        "SW Billings": "c16d4035",
        "TT Bresnan": "58043739",
        "WMH Rhodes": "f54dbda7",
        "Z Crawley": "922e1b19"
      }
    },
    "season": "2021",
    "team_type": "club",
    "teams": [
      "Kent",
      "Birmingham Bears"
    ],
    "toss": {
      "decision": "field",
      "winner": "Birmingham Bears"
    },
    "venue": "St Lawrence Ground, Canterbury"
  },
  "innings": [
    {
      "team": "Kent",
      "overs": [
        {
          "over": 0,
          "deliveries": [
            {
              "batter": "Z Crawley",
              "bowler": "DR Briggs",
              "non_striker": "DJ Bell-Drummond",
              "runs": {
                "batter": 1,
                "extras": 0,
                "total": 1
              }
            },
            {
              "batter": "DJ Bell-Drummond",
              "bowler": "DR Briggs",
              "non_striker": "Z Crawley",
              "runs": {
                "batter": 1,
                "extras": 0,
                "total": 1
              }
            },
            {
              "batter": "Z Crawley",
              "bowler": "DR Briggs",
              "non_striker": "DJ Bell-Drummond",
              "runs": {
                "batter": 1,
                "extras": 0,
                "total": 1
              }
            },
            {
              "batter": "DJ Bell-Drummond",
              "bowler": "DR Briggs",
              "non_striker": "Z Crawley",
              "runs": {
                "batter": 1,
                "extras": 0,
                "total": 1
              }
            },
            {
              "batter": "Z Crawley",
              "bowler": "DR Briggs",
              "non_striker": "DJ Bell-Drummond",
              "runs": {
                "batter": 1,
                "extras": 0,
                "total": 1
              }
            },
            {
              "batter": "DJ Bell-Drummond",
              "bowler": "DR Briggs",
              "non_striker": "Z Crawley",
              "runs": {
                "batter": 2,
                "extras": 0,
                "total": 2
              }
            }
          ]
        },
        {
          "over": 1,
          "deliveries": [
            {
              "batter": "Z Crawley",
              "bowler": "CR Woakes",
              "non_striker": "DJ Bell-Drummond",
              "runs": {
                "batter": 1,
                "extras": 0,
                "total": 1
              }
            },
            {
              "batter": "DJ Bell-Drummond",
              "bowler": "CR Woakes",
              "non_striker": "Z Crawley",
              "runs": {
                "batter": 1,
                "extras": 0,
                "total": 1
              }
            },
            {
              "batter": "Z Crawley",
              "bowler": "CR Woakes",
              "non_striker": "DJ Bell-Drummond",
              "runs": {
                "batter": 0,
                "extras": 0,
                "total": 0
              }
            },
            {
              "batter": "Z Crawley",
              "bowler": "CR Woakes",
              "non_striker": "DJ Bell-Drummond",
              "runs": {
                "batter": 0,
                "extras": 0,
                "total": 0
              },
              "wickets": [
                {
                  "player_out": "Z Crawley",
                  "fielders": [
                    {
                      "name": "AJ Hose"
                    }
                  ],
                  "kind": "caught"
                }
              ]
            },
            {
              "batter": "DJ Bell-Drummond",
              "bowler": "CR Woakes",
              "non_striker": "JL Denly",
              "runs": {
                "batter": 1,
                "extras": 0,
                "total": 1
              }
            },
            {
              "batter": "JL Denly",
              "bowler": "CR Woakes",
              "non_striker": "DJ Bell-Drummond",
              "runs": {
                "batter": 0,
                "extras": 0,
                "total": 0
              }
            }
          ]
        },
        {
          "over": 2,
          "deliveries": [
            {
              "batter": "DJ Bell-Drummond",
              "bowler": "TT Bresnan",
              "non_striker": "JL Denly",
              "runs": {
                "batter": 1,
                "extras": 0,
                "total": 1
              }
            },
            {
              "batter": "JL Denly",
              "bowler": "TT Bresnan",
              "non_striker": "DJ Bell-Drummond",
              "runs": {
                "batter": 1,
                "extras": 0,
                "total": 1
              }
            },
            {
              "batter": "DJ Bell-Drummond",
              "bowler": "TT Bresnan",
              "non_striker": "JL Denly",
              "runs": {
                "batter": 2,
                "extras": 0,
                "total": 2
              }
            },
            {
              "batter": "DJ Bell-Drummond",
              "bowler": "TT Bresnan",
              "non_striker": "JL Denly",
              "runs": {
                "batter": 0,
                "extras": 0,
                "total": 0
              }
            },
            {
              "batter": "DJ Bell-Drummond",
              "bowler": "TT Bresnan",
              "extras": {
                "legbyes": 4
              },
              "non_striker": "JL Denly",
              "runs": {
                "batter": 0,
                "extras": 4,
                "total": 4
              }
            },
            {
              "batter": "DJ Bell-Drummond",
              "bowler": "TT Bresnan",
              "non_striker": "JL Denly",
              "runs": {
                "batter": 1,
                "extras": 0,
                "total": 1
              }
            }
          ]
        },
        {
          "over": 3,
          "deliveries": [
            {
              "batter": "DJ Bell-Drummond",
              "bowler": "CR Woakes",
              "non_striker": "JL Denly",
              "runs": {
                "batter": 1,
                "extras": 0,
                "total": 1
              }
            },
            {
              "batter": "JL Denly",
              "bowler": "CR Woakes",
              "non_striker": "DJ Bell-Drummond",
              "runs": {
                "batter": 0,
                "extras": 0,
                "total": 0
              }
            },
            {
              "batter": "JL Denly",
              "bowler": "CR Woakes",
              "non_striker": "DJ Bell-Drummond",
              "runs": {
                "batter": 4,
                "extras": 0,
                "total": 4
              }
            },
            {
              "batter": "JL Denly",
              "bowler": "CR Woakes",
              "non_striker": "DJ Bell-Drummond",
              "runs": {
                "batter": 2,
                "extras": 0,
                "total": 2
              }
            },
            {
              "batter": "JL Denly",
              "bowler": "CR Woakes",
              "non_striker": "DJ Bell-Drummond",
              "runs": {
                "batter": 1,
                "extras": 0,
                "total": 1
              }
            },
            {
              "batter": "DJ Bell-Drummond",
              "bowler": "CR Woakes",
              "non_striker": "JL Denly",
              "runs": {
                "batter": 1,
                "extras": 0,
                "total": 1
              }
            }
          ]
        },
        {
          "over": 4,
          "deliveries": [
            {
              "batter": "DJ Bell-Drummond",
              "bowler": "DR Briggs",
              "non_striker": "JL Denly",
              "runs": {
                "batter": 6,
                "extras": 0,
                "total": 6
              }
            },
            {
              "batter": "DJ Bell-Drummond",
              "bowler": "DR Briggs",
              "non_striker": "JL Denly",
              "runs": {
                "batter": 6,
                "extras": 0,
                "total": 6
              }
            },
            {
              "batter": "DJ Bell-Drummond",
              "bowler": "DR Briggs",
              "non_striker": "JL Denly",
              "runs": {
                "batter": 1,
                "extras": 0,
                "total": 1
              }
            },
            {
              "batter": "JL Denly",
              "bowler": "DR Briggs",
              "non_striker": "DJ Bell-Drummond",
              "runs": {
                "batter": 0,
                "extras": 0,
                "total": 0
              }
            },
            {
              "batter": "JL Denly",
              "bowler": "DR Briggs",
              "non_striker": "DJ Bell-Drummond",
              "runs": {
                "batter": 1,
                "extras": 0,
                "total": 1
              }
            },
            {
              "batter": "DJ Bell-Drummond",
              "bowler": "DR Briggs",
              "non_striker": "JL Denly",
              "runs": {
                "batter": 0,
                "extras": 0,
                "total": 0
              }
            }
          ]
        },
        {
          "over": 5,
          "deliveries": [
            {
              "batter": "JL Denly",
              "bowler": "TT Bresnan",
              "non_striker": "DJ Bell-Drummond",
              "runs": {
                "batter": 0,
                "extras": 0,
                "total": 0
              }
            },
            {
              "batter": "JL Denly",
              "bowler": "TT Bresnan",
              "non_striker": "DJ Bell-Drummond",
              "runs": {
                "batter": 2,
                "extras": 0,
                "total": 2
              }
            },
            {
              "batter": "JL Denly",
              "bowler": "TT Bresnan",
              "non_striker": "DJ Bell-Drummond",
              "runs": {
                "batter": 0,
                "extras": 0,
                "total": 0
              },
              "wickets": [
                {
                  "player_out": "JL Denly",
                  "fielders": [
                    {
                      "name": "JB Lintott"
                    }
                  ],
                  "kind": "caught"
                }
              ]
            },
            {
              "batter": "SW Billings",
              "bowler": "TT Bresnan",
              "non_striker": "DJ Bell-Drummond",
              "runs": {
                "batter": 0,
                "extras": 0,
                "total": 0
              }
            },
            {
              "batter": "SW Billings",
              "bowler": "TT Bresnan",
              "non_striker": "DJ Bell-Drummond",
              "runs": {
                "batter": 1,
                "extras": 0,
                "total": 1
              }
            },
            {
              "batter": "DJ Bell-Drummond",
              "bowler": "TT Bresnan",
              "non_striker": "SW Billings",
              "runs": {
                "batter": 1,
                "extras": 0,
                "total": 1
              }
            }
          ]
        },
        {
          "over": 6,
          "deliveries": [
            {
              "batter": "DJ Bell-Drummond",
              "bowler": "CN Miles",
              "non_striker": "SW Billings",
              "runs": {
                "batter": 0,
                "extras": 0,
                "total": 0
              }
            },
            {
              "batter": "DJ Bell-Drummond",
              "bowler": "CN Miles",
              "non_striker": "SW Billings",
              "runs": {
                "batter": 0,
                "extras": 0,
                "total": 0
              }
            },
            {
              "batter": "DJ Bell-Drummond",
              "bowler": "CN Miles",
              "non_striker": "SW Billings",
              "runs": {
                "batter": 1,
                "extras": 0,
                "total": 1
              }
            },
            {
              "batter": "SW Billings",
              "bowler": "CN Miles",
              "non_striker": "DJ Bell-Drummond",
              "runs": {
                "batter": 0,
                "extras": 0,
                "total": 0
              }
            },
            {
              "batter": "SW Billings",
              "bowler": "CN Miles",
              "non_striker": "DJ Bell-Drummond",
              "runs": {
                "batter": 1,
                "extras": 0,
                "total": 1
              }
            },
            {
              "batter": "DJ Bell-Drummond",
              "bowler": "CN Miles",
              "non_striker": "SW Billings",
              "runs": {
                "batter": 1,
                "extras": 0,
                "total": 1
              }
            }
          ]
        },
        {
          "over": 7,
          "deliveries": [
            {
              "batter": "DJ Bell-Drummond",
              "bowler": "JB Lintott",
              "non_striker": "SW Billings",
              "runs": {
                "batter": 1,
                "extras": 0,
                "total": 1
              }
            },
            {
              "batter": "SW Billings",
              "bowler": "JB Lintott",
              "non_striker": "DJ Bell-Drummond",
              "runs": {
                "batter": 4,
                "extras": 0,
                "total": 4
              }
            },
            {
              "batter": "SW Billings",
              "bowler": "JB Lintott",
              "non_striker": "DJ Bell-Drummond",
              "runs": {
                "batter": 1,
                "extras": 0,
                "total": 1
              }
            },
            {
              "batter": "DJ Bell-Drummond",
              "bowler": "JB Lintott",
              "non_striker": "SW Billings",
              "runs": {
                "batter": 4,
                "extras": 0,
                "total": 4
              }
            },
            {
              "batter": "DJ Bell-Drummond",
              "bowler": "JB Lintott",
              "non_striker": "SW Billings",
              "runs": {
                "batter": 1,
                "extras": 0,
                "total": 1
              }
            },
            {
              "batter": "SW Billings",
              "bowler": "JB Lintott",
              "non_striker": "DJ Bell-Drummond",
              "runs": {
                "batter": 0,
                "extras": 0,
                "total": 0
              }
            }
          ]
        },
        {
          "over": 8,
          "deliveries": [
            {
              "batter": "DJ Bell-Drummond",
              "bowler": "CN Miles",
              "non_striker": "SW Billings",
              "runs": {
                "batter": 1,
                "extras": 0,
                "total": 1
              }
            },
            {
              "batter": "SW Billings",
              "bowler": "CN Miles",
              "non_striker": "DJ Bell-Drummond",
              "runs": {
                "batter": 1,
                "extras": 0,
                "total": 1
              }
            },
            {
              "batter": "DJ Bell-Drummond",
              "bowler": "CN Miles",
              "non_striker": "SW Billings",
              "runs": {
                "batter": 1,
                "extras": 0,
                "total": 1
              }
            },
            {
              "batter": "SW Billings",
              "bowler": "CN Miles",
              "non_striker": "DJ Bell-Drummond",
              "runs": {
                "batter": 4,
                "extras": 0,
                "total": 4
              }
            },
            {
              "batter": "SW Billings",
              "bowler": "CN Miles",
              "non_striker": "DJ Bell-Drummond",
              "runs": {
                "batter": 1,
                "extras": 0,
                "total": 1
              }
            },
            {
              "batter": "DJ Bell-Drummond",
              "bowler": "CN Miles",
              "non_striker": "SW Billings",
              "runs": {
                "batter": 2,
                "extras": 0,
                "total": 2
              }
            }
          ]
        },
        {
          "over": 9,
          "deliveries": [
            {
              "batter": "SW Billings",
              "bowler": "DR Briggs",
              "non_striker": "DJ Bell-Drummond",
              "runs": {
                "batter": 1,
                "extras": 0,
                "total": 1
              }
            },
            {
              "batter": "DJ Bell-Drummond",
              "bowler": "DR Briggs",
              "non_striker": "SW Billings",
              "runs": {
                "batter": 1,
                "extras": 0,
                "total": 1
              }
            },
            {
              "batter": "SW Billings",
              "bowler": "DR Briggs",
              "non_striker": "DJ Bell-Drummond",
              "runs": {
                "batter": 1,
                "extras": 0,
                "total": 1
              }
            },
            {
              "batter": "DJ Bell-Drummond",
              "bowler": "DR Briggs",
              "non_striker": "SW Billings",
              "runs": {
                "batter": 1,
                "extras": 0,
                "total": 1
              }
            },
            {
              "batter": "SW Billings",
              "bowler": "DR Briggs",
              "non_striker": "DJ Bell-Drummond",
              "runs": {
                "batter": 1,
                "extras": 0,
                "total": 1
              }
            },
            {
              "batter": "DJ Bell-Drummond",
              "bowler": "DR Briggs",
              "non_striker": "SW Billings",
              "runs": {
                "batter": 1,
                "extras": 0,
                "total": 1
              }
            }
          ]
        },
        {
          "over": 10,
          "deliveries": [
            {
              "batter": "DJ Bell-Drummond",
              "bowler": "CR Woakes",
              "non_striker": "SW Billings",
              "runs": {
                "batter": 0,
                "extras": 0,
                "total": 0
              }
            },
            {
              "batter": "DJ Bell-Drummond",
              "bowler": "CR Woakes",
              "non_striker": "SW Billings",
              "runs": {
                "batter": 6,
                "extras": 0,
                "total": 6
              }
            },
            {
              "batter": "DJ Bell-Drummond",
              "bowler": "CR Woakes",
              "non_striker": "SW Billings",
              "runs": {
                "batter": 0,
                "extras": 0,
                "total": 0
              }
            },
            {
              "batter": "DJ Bell-Drummond",
              "bowler": "CR Woakes",
              "non_striker": "SW Billings",
              "runs": {
                "batter": 2,
                "extras": 0,
                "total": 2
              }
            },
            {
              "batter": "DJ Bell-Drummond",
              "bowler": "CR Woakes",
              "non_striker": "SW Billings",
              "runs": {
                "batter": 1,
                "extras": 0,
                "total": 1
              }
            },
            {
              "batter": "SW Billings",
              "bowler": "CR Woakes",
              "extras": {
                "legbyes": 1
              },
              "non_striker": "DJ Bell-Drummond",
              "runs": {
                "batter": 0,
                "extras": 1,
                "total": 1
              }
            }
          ]
        },
        {
          "over": 11,
          "deliveries": [
            {
              "batter": "SW Billings",
              "bowler": "JB Lintott",
              "non_striker": "DJ Bell-Drummond",
              "runs": {
                "batter": 4,
                "extras": 0,
                "total": 4
              }
            },
            {
              "batter": "SW Billings",
              "bowler": "JB Lintott",
              "non_striker": "DJ Bell-Drummond",
              "runs": {
                "batter": 1,
                "extras": 0,
                "total": 1
              }
            },
            {
              "batter": "DJ Bell-Drummond",
              "bowler": "JB Lintott",
              "non_striker": "SW Billings",
              "runs": {
                "batter": 2,
                "extras": 0,
                "total": 2
              }
            },
            {
              "batter": "DJ Bell-Drummond",
              "bowler": "JB Lintott",
              "non_striker": "SW Billings",
              "runs": {
                "batter": 1,
                "extras": 0,
                "total": 1
              }
            },
            {
              "batter": "SW Billings",
              "bowler": "JB Lintott",
              "non_striker": "DJ Bell-Drummond",
              "runs": {
                "batter": 0,
                "extras": 0,
                "total": 0
              },
              "wickets": [
                {
                  "player_out": "DJ Bell-Drummond",
                  "kind": "run out"
                }
              ]
            },
            {
              "batter": "SW Billings",
              "bowler": "JB Lintott",
              "non_striker": "JA Leaning",
              "runs": {
                "batter": 0,
                "extras": 0,
                "total": 0
              }
            }
          ]
        },
        {
          "over": 12,
          "deliveries": [
            {
              "batter": "JA Leaning",
              "bowler": "DR Briggs",
              "non_striker": "SW Billings",
              "runs": {
                "batter": 1,
                "extras": 0,
                "total": 1
              }
            },
            {
              "batter": "SW Billings",
              "bowler": "DR Briggs",
              "non_striker": "JA Leaning",
              "runs": {
                "batter": 1,
                "extras": 0,
                "total": 1
              }
            },
            {
              "batter": "JA Leaning",
              "bowler": "DR Briggs",
              "non_striker": "SW Billings",
              "runs": {
                "batter": 0,
                "extras": 0,
                "total": 0
              }
            },
            {
              "batter": "JA Leaning",
              "bowler": "DR Briggs",
              "non_striker": "SW Billings",
              "runs": {
                "batter": 0,
                "extras": 0,
                "total": 0
              }
            },
            {
              "batter": "JA Leaning",
              "bowler": "DR Briggs",
              "non_striker": "SW Billings",
              "runs": {
                "batter": 0,
                "extras": 0,
                "total": 0
              }
            },
            {
              "batter": "JA Leaning",
              "bowler": "DR Briggs",
              "non_striker": "SW Billings",
              "runs": {
                "batter": 1,
                "extras": 0,
                "total": 1
              }
            }
          ]
        },
        {
          "over": 13,
          "deliveries": [
            {
              "batter": "JA Leaning",
              "bowler": "JB Lintott",
              "non_striker": "SW Billings",
              "runs": {
                "batter": 1,
                "extras": 0,
                "total": 1
              }
            },
            {
              "batter": "SW Billings",
              "bowler": "JB Lintott",
              "non_striker": "JA Leaning",
              "runs": {
                "batter": 0,
                "extras": 0,
                "total": 0
              }
            },
            {
              "batter": "SW Billings",
              "bowler": "JB Lintott",
              "extras": {
                "byes": 1
              },
              "non_striker": "JA Leaning",
              "runs": {
                "batter": 0,
                "extras": 1,
                "total": 1
              }
            },
            {
              "batter": "JA Leaning",
              "bowler": "JB Lintott",
              "non_striker": "SW Billings",
              "runs": {
                "batter": 1,
                "extras": 0,
                "total": 1
              }
            },
            {
              "batter": "SW Billings",
              "bowler": "JB Lintott",
              "non_striker": "JA Leaning",
              "runs": {
                "batter": 1,
                "extras": 0,
                "total": 1
              }
            },
            {
              "batter": "JA Leaning",
              "bowler": "JB Lintott",
              "non_striker": "SW Billings",
              "runs": {
                "batter": 1,
                "extras": 0,
                "total": 1
              }
            }
          ]
        },
        {
          "over": 14,
          "deliveries": [
            {
              "batter": "JA Leaning",
              "bowler": "CN Miles",
              "non_striker": "SW Billings",
              "runs": {
                "batter": 0,
                "extras": 0,
                "total": 0
              }
            },
            {
              "batter": "JA Leaning",
              "bowler": "CN Miles",
              "non_striker": "SW Billings",
              "runs": {
                "batter": 0,
                "extras": 0,
                "total": 0
              }
            },
            {
              "batter": "JA Leaning",
              "bowler": "CN Miles",
              "non_striker": "SW Billings",
              "runs": {
                "batter": 2,
                "extras": 0,
                "total": 2
              }
            },
            {
              "batter": "JA Leaning",
              "bowler": "CN Miles",
              "non_striker": "SW Billings",
              "runs": {
                "batter": 0,
                "extras": 0,
                "total": 0
              },
              "wickets": [
                {
                  "player_out": "JA Leaning",
                  "kind": "caught and bowled"
                }
              ]
            },
            {
              "batter": "SW Billings",
              "bowler": "CN Miles",
              "non_striker": "AJ Blake",
              "runs": {
                "batter": 4,
                "extras": 0,
                "total": 4
              }
            },
            {
              "batter": "SW Billings",
              "bowler": "CN Miles",
              "non_striker": "AJ Blake",
              "runs": {
                "batter": 4,
                "extras": 0,
                "total": 4
              }
            }
          ]
        },
        {
          "over": 15,
          "deliveries": [
            {
              "batter": "AJ Blake",
              "bowler": "JB Lintott",
              "non_striker": "SW Billings",
              "runs": {
                "batter": 1,
                "extras": 0,
                "total": 1
              }
            },
            {
              "batter": "SW Billings",
              "bowler": "JB Lintott",
              "non_striker": "AJ Blake",
              "runs": {
                "batter": 1,
                "extras": 0,
                "total": 1
              }
            },
            {
              "batter": "AJ Blake",
              "bowler": "JB Lintott",
              "non_striker": "SW Billings",
              "runs": {
                "batter": 1,
                "extras": 0,
                "total": 1
              }
            },
            {
              "batter": "SW Billings",
              "bowler": "JB Lintott",
              "non_striker": "AJ Blake",
              "runs": {
                "batter": 1,
                "extras": 0,
                "total": 1
              }
            },
            {
              "batter": "AJ Blake",
              "bowler": "JB Lintott",
              "non_striker": "SW Billings",
              "runs": {
                "batter": 4,
                "extras": 0,
                "total": 4
              }
            },
            {
              "batter": "AJ Blake",
              "bowler": "JB Lintott",
              "non_striker": "SW Billings",
              "runs": {
                "batter": 1,
                "extras": 0,
                "total": 1
              }
            }
          ]
        },
        {
          "over": 16,
          "deliveries": [
            {
              "batter": "AJ Blake",
              "bowler": "TT Bresnan",
              "non_striker": "SW Billings",
              "runs": {
                "batter": 1,
                "extras": 0,
                "total": 1
              }
            },
            {
              "batter": "SW Billings",
              "bowler": "TT Bresnan",
              "non_striker": "AJ Blake",
              "runs": {
                "batter": 4,
                "extras": 0,
                "total": 4
              }
            },
            {
              "batter": "SW Billings",
              "bowler": "TT Bresnan",
              "non_striker": "AJ Blake",
              "runs": {
                "batter": 1,
                "extras": 0,
                "total": 1
              }
            },
            {
              "batter": "AJ Blake",
              "bowler": "TT Bresnan",
              "non_striker": "SW Billings",
              "runs": {
                "batter": 0,
                "extras": 0,
                "total": 0
              },
              "wickets": [
                {
                  "player_out": "AJ Blake",
                  "fielders": [
                    {
                      "name": "CG Benjamin"
                    }
                  ],
                  "kind": "caught"
                }
              ]
            },
            {
              "batter": "SW Billings",
              "bowler": "TT Bresnan",
              "non_striker": "JM Cox",
              "runs": {
                "batter": 1,
                "extras": 0,
                "total": 1
              }
            },
            {
              "batter": "JM Cox",
              "bowler": "TT Bresnan",
              "non_striker": "SW Billings",
              "runs": {
                "batter": 1,
                "extras": 0,
                "total": 1
              }
            }
          ]
        },
        {
          "over": 17,
          "deliveries": [
            {
              "batter": "JM Cox",
              "bowler": "CN Miles",
              "non_striker": "SW Billings",
              "runs": {
                "batter": 1,
                "extras": 0,
                "total": 1
              }
            },
            {
              "batter": "SW Billings",
              "bowler": "CN Miles",
              "non_striker": "JM Cox",
              "runs": {
                "batter": 1,
                "extras": 0,
                "total": 1
              }
            },
            {
              "batter": "JM Cox",
              "bowler": "CN Miles",
              "non_striker": "SW Billings",
              "runs": {
                "batter": 2,
                "extras": 0,
                "total": 2
              }
            },
            {
              "batter": "JM Cox",
              "bowler": "CN Miles",
              "non_striker": "SW Billings",
              "runs": {
                "batter": 2,
                "extras": 0,
                "total": 2
              }
            },
            {
              "batter": "JM Cox",
              "bowler": "CN Miles",
              "non_striker": "SW Billings",
              "runs": {
                "batter": 1,
                "extras": 0,
                "total": 1
              }
            },
            {
              "batter": "SW Billings",
              "bowler": "CN Miles",
              "non_striker": "JM Cox",
              "runs": {
                "batter": 1,
                "extras": 0,
                "total": 1
              }
            }
          ]
        },
        {
          "over": 18,
          "deliveries": [
            {
              "batter": "SW Billings",
              "bowler": "CR Woakes",
              "non_striker": "JM Cox",
              "runs": {
                "batter": 4,
                "extras": 0,
                "total": 4
              }
            },
            {
              "batter": "SW Billings",
              "bowler": "CR Woakes",
              "non_striker": "JM Cox",
              "runs": {
                "batter": 1,
                "extras": 0,
                "total": 1
              }
            },
            {
              "batter": "JM Cox",
              "bowler": "CR Woakes",
              "non_striker": "SW Billings",
              "runs": {
                "batter": 1,
                "extras": 0,
                "total": 1
              }
            },
            {
              "batter": "SW Billings",
              "bowler": "CR Woakes",
              "non_striker": "JM Cox",
              "runs": {
                "batter": 4,
                "extras": 0,
                "total": 4
              }
            },
            {
              "batter": "SW Billings",
              "bowler": "CR Woakes",
              "non_striker": "JM Cox",
              "runs": {
                "batter": 6,
                "extras": 0,
                "total": 6
              }
            },
            {
              "batter": "SW Billings",
              "bowler": "CR Woakes",
              "non_striker": "JM Cox",
              "runs": {
                "batter": 0,
                "extras": 0,
                "total": 0
              }
            }
          ]
        },
        {
          "over": 19,
          "deliveries": [
            {
              "batter": "JM Cox",
              "bowler": "TT Bresnan",
              "non_striker": "SW Billings",
              "runs": {
                "batter": 1,
                "extras": 0,
                "total": 1
              }
            },
            {
              "batter": "SW Billings",
              "bowler": "TT Bresnan",
              "non_striker": "JM Cox",
              "runs": {
                "batter": 0,
                "extras": 0,
                "total": 0
              },
              "wickets": [
                {
                  "player_out": "SW Billings",
                  "fielders": [
                    {
                      "name": "CR Woakes"
                    }
                  ],
                  "kind": "caught"
                }
              ]
            },
            {
              "batter": "JM Cox",
              "bowler": "TT Bresnan",
              "non_striker": "AF Milne",
              "runs": {
                "batter": 0,
                "extras": 0,
                "total": 0
              },
              "wickets": [
                {
                  "player_out": "JM Cox",
                  "fielders": [
                    {
                      "name": "SR Hain"
                    }
                  ],
                  "kind": "caught"
                }
              ]
            },
            {
              "batter": "AF Milne",
              "bowler": "TT Bresnan",
              "non_striker": "Qais Ahmad",
              "runs": {
                "batter": 0,
                "extras": 0,
                "total": 0
              }
            },
            {
              "batter": "AF Milne",
              "bowler": "TT Bresnan",
              "non_striker": "Qais Ahmad",
              "runs": {
                "batter": 6,
                "extras": 0,
                "total": 6
              }
            },
            {
              "batter": "AF Milne",
              "bowler": "TT Bresnan",
              "non_striker": "Qais Ahmad",
              "runs": {
                "batter": 2,
                "extras": 0,
                "total": 2
              }
            }
          ]
        }
      ],
      "powerplays": [
        {
          "from": 0.1,
          "to": 5.6,
          "type": "mandatory"
        }
      ]
    },
    {
      "team": "Birmingham Bears",
      "overs": [
        {
          "over": 0,
          "deliveries": [
            {
              "batter": "RM Yates",
              "bowler": "JL Denly",
              "non_striker": "AJ Hose",
              "runs": {
                "batter": 0,
                "extras": 0,
                "total": 0
              }
            },
            {
              "batter": "RM Yates",
              "bowler": "JL Denly",
              "non_striker": "AJ Hose",
              "runs": {
                "batter": 0,
                "extras": 0,
                "total": 0
              }
            },
            {
              "batter": "RM Yates",
              "bowler": "JL Denly",
              "non_striker": "AJ Hose",
              "runs": {
                "batter": 1,
                "extras": 0,
                "total": 1
              }
            },
            {
              "batter": "AJ Hose",
              "bowler": "JL Denly",
              "non_striker": "RM Yates",
              "runs": {
                "batter": 0,
                "extras": 0,
                "total": 0
              }
            },
            {
              "batter": "AJ Hose",
              "bowler": "JL Denly",
              "non_striker": "RM Yates",
              "runs": {
                "batter": 1,
                "extras": 0,
                "total": 1
              }
            },
            {
              "batter": "RM Yates",
              "bowler": "JL Denly",
              "non_striker": "AJ Hose",
              "runs": {
                "batter": 1,
                "extras": 0,
                "total": 1
              }
            }
          ]
        },
        {
          "over": 1,
          "deliveries": [
            {
              "batter": "RM Yates",
              "bowler": "AF Milne",
              "non_striker": "AJ Hose",
              "runs": {
                "batter": 0,
                "extras": 0,
                "total": 0
              }
            },
            {
              "batter": "RM Yates",
              "bowler": "AF Milne",
              "non_striker": "AJ Hose",
              "runs": {
                "batter": 0,
                "extras": 0,
                "total": 0
              }
            },
            {
              "batter": "RM Yates",
              "bowler": "AF Milne",
              "non_striker": "AJ Hose",
              "runs": {
                "batter": 0,
                "extras": 0,
                "total": 0
              }
            },
            {
              "batter": "RM Yates",
              "bowler": "AF Milne",
              "non_striker": "AJ Hose",
              "runs": {
                "batter": 0,
                "extras": 0,
                "total": 0
              }
            },
            {
              "batter": "RM Yates",
              "bowler": "AF Milne",
              "non_striker": "AJ Hose",
              "runs": {
                "batter": 0,
                "extras": 0,
                "total": 0
              }
            },
            {
              "batter": "RM Yates",
              "bowler": "AF Milne",
              "non_striker": "AJ Hose",
              "runs": {
                "batter": 4,
                "extras": 0,
                "total": 4
              }
            }
          ]
        },
        {
          "over": 2,
          "deliveries": [
            {
              "batter": "AJ Hose",
              "bowler": "JL Denly",
              "non_striker": "RM Yates",
              "runs": {
                "batter": 0,
                "extras": 0,
                "total": 0
              }
            },
            {
              "batter": "AJ Hose",
              "bowler": "JL Denly",
              "non_striker": "RM Yates",
              "runs": {
                "batter": 0,
                "extras": 0,
                "total": 0
              }
            },
            {
              "batter": "AJ Hose",
              "bowler": "JL Denly",
              "non_striker": "RM Yates",
              "runs": {
                "batter": 1,
                "extras": 0,
                "total": 1
              }
            },
            {
              "batter": "RM Yates",
              "bowler": "JL Denly",
              "extras": {
                "byes": 1
              },
              "non_striker": "AJ Hose",
              "runs": {
                "batter": 0,
                "extras": 1,
                "total": 1
              }
            },
            {
              "batter": "AJ Hose",
              "bowler": "JL Denly",
              "non_striker": "RM Yates",
              "runs": {
                "batter": 6,
                "extras": 0,
                "total": 6
              }
            },
            {
              "batter": "AJ Hose",
              "bowler": "JL Denly",
              "non_striker": "RM Yates",
              "runs": {
                "batter": 0,
                "extras": 0,
                "total": 0
              },
              "wickets": [
                {
                  "player_out": "AJ Hose",
                  "fielders": [
                    {
                      "name": "SW Billings"
                    }
                  ],
                  "kind": "stumped"
                }
              ]
            }
          ]
        },
        {
          "over": 3,
          "deliveries": [
            {
              "batter": "RM Yates",
              "bowler": "AF Milne",
              "non_striker": "CG Benjamin",
              "runs": {
                "batter": 1,
                "extras": 0,
                "total": 1
              }
            },
            {
              "batter": "CG Benjamin",
              "bowler": "AF Milne",
              "non_striker": "RM Yates",
              "runs": {
                "batter": 4,
                "extras": 0,
                "total": 4
              }
            },
            {
              "batter": "CG Benjamin",
              "bowler": "AF Milne",
              "non_striker": "RM Yates",
              "runs": {
                "batter": 0,
                "extras": 0,
                "total": 0
              }
            },
            {
              "batter": "CG Benjamin",
              "bowler": "AF Milne",
              "non_striker": "RM Yates",
              "runs": {
                "batter": 0,
                "extras": 0,
                "total": 0
              }
            },
            {
              "batter": "CG Benjamin",
              "bowler": "AF Milne",
              "non_striker": "RM Yates",
              "runs": {
                "batter": 0,
                "extras": 0,
                "total": 0
              }
            },
            {
              "batter": "CG Benjamin",
              "bowler": "AF Milne",
              "non_striker": "RM Yates",
              "runs": {
                "batter": 1,
                "extras": 0,
                "total": 1
              }
            }
          ]
        },
        {
          "over": 4,
          "deliveries": [
            {
              "batter": "CG Benjamin",
              "bowler": "FJ Klaassen",
              "non_striker": "RM Yates",
              "runs": {
                "batter": 1,
                "extras": 0,
                "total": 1
              }
            },
            {
              "batter": "RM Yates",
              "bowler": "FJ Klaassen",
              "non_striker": "CG Benjamin",
              "runs": {
                "batter": 0,
                "extras": 0,
                "total": 0
              }
            },
            {
              "batter": "RM Yates",
              "bowler": "FJ Klaassen",
              "non_striker": "CG Benjamin",
              "runs": {
                "batter": 1,
                "extras": 0,
                "total": 1
              }
            },
            {
              "batter": "CG Benjamin",
              "bowler": "FJ Klaassen",
              "non_striker": "RM Yates",
              "runs": {
                "batter": 1,
                "extras": 0,
                "total": 1
              }
            },
            {
              "batter": "RM Yates",
              "bowler": "FJ Klaassen",
              "non_striker": "CG Benjamin",
              "runs": {
                "batter": 4,
                "extras": 0,
                "total": 4
              }
            },
            {
              "batter": "RM Yates",
              "bowler": "FJ Klaassen",
              "non_striker": "CG Benjamin",
              "runs": {
                "batter": 4,
                "extras": 0,
                "total": 4
              }
            }
          ]
        },
        {
          "over": 5,
          "deliveries": [
            {
              "batter": "CG Benjamin",
              "bowler": "ME Milnes",
              "non_striker": "RM Yates",
              "runs": {
                "batter": 4,
                "extras": 0,
                "total": 4
              }
            },
            {
              "batter": "CG Benjamin",
              "bowler": "ME Milnes",
              "non_striker": "RM Yates",
              "runs": {
                "batter": 0,
                "extras": 0,
                "total": 0
              },
              "wickets": [
                {
                  "player_out": "CG Benjamin",
                  "kind": "caught and bowled"
                }
              ]
            },
            {
              "batter": "RM Yates",
              "bowler": "ME Milnes",
              "extras": {
                "wides": 1
              },
              "non_striker": "SR Hain",
              "runs": {
                "batter": 0,
                "extras": 1,
                "total": 1
              }
            },
            {
              "batter": "RM Yates",
              "bowler": "ME Milnes",
              "non_striker": "SR Hain",
              "runs": {
                "batter": 1,
                "extras": 0,
                "total": 1
              }
            },
            {
              "batter": "SR Hain",
              "bowler": "ME Milnes",
              "non_striker": "RM Yates",
              "runs": {
                "batter": 1,
                "extras": 0,
                "total": 1
              }
            },
            {
              "batter": "RM Yates",
              "bowler": "ME Milnes",
              "non_striker": "SR Hain",
              "runs": {
                "batter": 1,
                "extras": 0,
                "total": 1
              }
            },
            {
              "batter": "SR Hain",
              "bowler": "ME Milnes",
              "non_striker": "RM Yates",
              "runs": {
                "batter": 0,
                "extras": 0,
                "total": 0
              }
            }
          ]
        },
        {
          "over": 6,
          "deliveries": [
            {
              "batter": "RM Yates",
              "bowler": "Qais Ahmad",
              "non_striker": "SR Hain",
              "runs": {
                "batter": 1,
                "extras": 0,
                "total": 1
              }
            },
            {
              "batter": "SR Hain",
              "bowler": "Qais Ahmad",
              "non_striker": "RM Yates",
              "runs": {
                "batter": 2,
                "extras": 0,
                "total": 2
              }
            },
            {
              "batter": "SR Hain",
              "bowler": "Qais Ahmad",
              "non_striker": "RM Yates",
              "runs": {
                "batter": 1,
                "extras": 0,
                "total": 1
              }
            },
            {
              "batter": "RM Yates",
              "bowler": "Qais Ahmad",
              "non_striker": "SR Hain",
              "runs": {
                "batter": 0,
                "extras": 0,
                "total": 0
              }
            },
            {
              "batter": "RM Yates",
              "bowler": "Qais Ahmad",
              "non_striker": "SR Hain",
              "runs": {
                "batter": 0,
                "extras": 0,
                "total": 0
              },
              "wickets": [
                {
                  "player_out": "RM Yates",
                  "kind": "bowled"
                }
              ]
            },
            {
              "batter": "WMH Rhodes",
              "bowler": "Qais Ahmad",
              "non_striker": "SR Hain",
              "runs": {
                "batter": 0,
                "extras": 0,
                "total": 0
              }
            }
          ]
        },
        {
          "over": 7,
          "deliveries": [
            {
              "batter": "SR Hain",
              "bowler": "JA Leaning",
              "non_striker": "WMH Rhodes",
              "runs": {
                "batter": 1,
                "extras": 0,
                "total": 1
              }
            },
            {
              "batter": "WMH Rhodes",
              "bowler": "JA Leaning",
              "non_striker": "SR Hain",
              "runs": {
                "batter": 1,
                "extras": 0,
                "total": 1
              }
            },
            {
              "batter": "SR Hain",
              "bowler": "JA Leaning",
              "non_striker": "WMH Rhodes",
              "runs": {
                "batter": 0,
                "extras": 0,
                "total": 0
              },
              "wickets": [
                {
                  "player_out": "SR Hain",
                  "kind": "lbw"
                }
              ]
            },
            {
              "batter": "MGK Burgess",
              "bowler": "JA Leaning",
              "non_striker": "WMH Rhodes",
              "runs": {
                "batter": 0,
                "extras": 0,
                "total": 0
              }
            },
            {
              "batter": "MGK Burgess",
              "bowler": "JA Leaning",
              "non_striker": "WMH Rhodes",
              "runs": {
                "batter": 1,
                "extras": 0,
                "total": 1
              }
            },
            {
              "batter": "WMH Rhodes",
              "bowler": "JA Leaning",
              "non_striker": "MGK Burgess",
              "runs": {
                "batter": 0,
                "extras": 0,
                "total": 0
              }
            }
          ]
        },
        {
          "over": 8,
          "deliveries": [
            {
              "batter": "MGK Burgess",
              "bowler": "Qais Ahmad",
              "non_striker": "WMH Rhodes",
              "runs": {
                "batter": 0,
                "extras": 0,
                "total": 0
              }
            },
            {
              "batter": "MGK Burgess",
              "bowler": "Qais Ahmad",
              "non_striker": "WMH Rhodes",
              "runs": {
                "batter": 0,
                "extras": 0,
                "total": 0
              }
            },
            {
              "batter": "MGK Burgess",
              "bowler": "Qais Ahmad",
              "non_striker": "WMH Rhodes",
              "runs": {
                "batter": 2,
                "extras": 0,
                "total": 2
              }
            },
            {
              "batter": "MGK Burgess",
              "bowler": "Qais Ahmad",
              "non_striker": "WMH Rhodes",
              "runs": {
                "batter": 0,
                "extras": 0,
                "total": 0
              }
            },
            {
              "batter": "MGK Burgess",
              "bowler": "Qais Ahmad",
              "non_striker": "WMH Rhodes",
              "runs": {
                "batter": 1,
                "extras": 0,
                "total": 1
              }
            },
            {
              "batter": "WMH Rhodes",
              "bowler": "Qais Ahmad",
              "non_striker": "MGK Burgess",
              "runs": {
                "batter": 1,
                "extras": 0,
                "total": 1
              }
            }
          ]
        },
        {
          "over": 9,
          "deliveries": [
            {
              "batter": "WMH Rhodes",
              "bowler": "JA Leaning",
              "non_striker": "MGK Burgess",
              "runs": {
                "batter": 1,
                "extras": 0,
                "total": 1
              }
            },
            {
              "batter": "MGK Burgess",
              "bowler": "JA Leaning",
              "non_striker": "WMH Rhodes",
              "runs": {
                "batter": 0,
                "extras": 0,
                "total": 0
              }
            },
            {
              "batter": "MGK Burgess",
              "bowler": "JA Leaning",
              "non_striker": "WMH Rhodes",
              "runs": {
                "batter": 1,
                "extras": 0,
                "total": 1
              }
            },
            {
              "batter": "WMH Rhodes",
              "bowler": "JA Leaning",
              "non_striker": "MGK Burgess",
              "runs": {
                "batter": 0,
                "extras": 0,
                "total": 0
              },
              "wickets": [
                {
                  "player_out": "WMH Rhodes",
                  "kind": "bowled"
                }
              ]
            },
            {
              "batter": "CR Woakes",
              "bowler": "JA Leaning",
              "non_striker": "MGK Burgess",
              "runs": {
                "batter": 1,
                "extras": 0,
                "total": 1
              }
            },
            {
              "batter": "MGK Burgess",
              "bowler": "JA Leaning",
              "non_striker": "CR Woakes",
              "runs": {
                "batter": 1,
                "extras": 0,
                "total": 1
              }
            }
          ]
        },
        {
          "over": 10,
          "deliveries": [
            {
              "batter": "MGK Burgess",
              "bowler": "Qais Ahmad",
              "non_striker": "CR Woakes",
              "runs": {
                "batter": 0,
                "extras": 0,
                "total": 0
              },
              "wickets": [
                {
                  "player_out": "MGK Burgess",
                  "fielders": [
                    {
                      "name": "Z Crawley"
                    }
                  ],
                  "kind": "caught"
                }
              ]
            },
            {
              "batter": "CR Woakes",
              "bowler": "Qais Ahmad",
              "non_striker": "TT Bresnan",
              "runs": {
                "batter": 0,
                "extras": 0,
                "total": 0
              }
            },
            {
              "batter": "CR Woakes",
              "bowler": "Qais Ahmad",
              "non_striker": "TT Bresnan",
              "runs": {
                "batter": 0,
                "extras": 0,
                "total": 0
              }
            },
            {
              "batter": "CR Woakes",
              "bowler": "Qais Ahmad",
              "non_striker": "TT Bresnan",
              "runs": {
                "batter": 1,
                "extras": 0,
                "total": 1
              }
            },
            {
              "batter": "TT Bresnan",
              "bowler": "Qais Ahmad",
              "non_striker": "CR Woakes",
              "runs": {
                "batter": 0,
                "extras": 0,
                "total": 0
              }
            },
            {
              "batter": "TT Bresnan",
              "bowler": "Qais Ahmad",
              "non_striker": "CR Woakes",
              "runs": {
                "batter": 0,
                "extras": 0,
                "total": 0
              }
            }
          ]
        },
        {
          "over": 11,
          "deliveries": [
            {
              "batter": "CR Woakes",
              "bowler": "JL Denly",
              "non_striker": "TT Bresnan",
              "runs": {
                "batter": 1,
                "extras": 0,
                "total": 1
              }
            },
            {
              "batter": "TT Bresnan",
              "bowler": "JL Denly",
              "non_striker": "CR Woakes",
              "runs": {
                "batter": 1,
                "extras": 0,
                "total": 1
              }
            },
            {
              "batter": "CR Woakes",
              "bowler": "JL Denly",
              "non_striker": "TT Bresnan",
              "runs": {
                "batter": 2,
                "extras": 0,
                "total": 2
              }
            },
            {
              "batter": "CR Woakes",
              "bowler": "JL Denly",
              "non_striker": "TT Bresnan",
              "runs": {
                "batter": 4,
                "extras": 0,
                "total": 4
              }
            },
            {
              "batter": "CR Woakes",
              "bowler": "JL Denly",
              "non_striker": "TT Bresnan",
              "runs": {
                "batter": 1,
                "extras": 0,
                "total": 1
              }
            },
            {
              "batter": "TT Bresnan",
              "bowler": "JL Denly",
              "non_striker": "CR Woakes",
              "runs": {
                "batter": 1,
                "extras": 0,
                "total": 1
              }
            }
          ]
        },
        {
          "over": 12,
          "deliveries": [
            {
              "batter": "TT Bresnan",
              "bowler": "Qais Ahmad",
              "extras": {
                "byes": 4
              },
              "non_striker": "CR Woakes",
              "runs": {
                "batter": 0,
                "extras": 4,
                "total": 4
              }
            },
            {
              "batter": "TT Bresnan",
              "bowler": "Qais Ahmad",
              "extras": {
                "legbyes": 1
              },
              "non_striker": "CR Woakes",
              "runs": {
                "batter": 0,
                "extras": 1,
                "total": 1
              }
            },
            {
              "batter": "CR Woakes",
              "bowler": "Qais Ahmad",
              "non_striker": "TT Bresnan",
              "runs": {
                "batter": 2,
                "extras": 0,
                "total": 2
              }
            },
            {
              "batter": "CR Woakes",
              "bowler": "Qais Ahmad",
              "non_striker": "TT Bresnan",
              "runs": {
                "batter": 0,
                "extras": 0,
                "total": 0
              }
            },
            {
              "batter": "CR Woakes",
              "bowler": "Qais Ahmad",
              "non_striker": "TT Bresnan",
              "runs": {
                "batter": 1,
                "extras": 0,
                "total": 1
              }
            },
            {
              "batter": "TT Bresnan",
              "bowler": "Qais Ahmad",
              "non_striker": "CR Woakes",
              "runs": {
                "batter": 1,
                "extras": 0,
                "total": 1
              }
            }
          ]
        },
        {
          "over": 13,
          "deliveries": [
            {
              "batter": "TT Bresnan",
              "bowler": "ME Milnes",
              "non_striker": "CR Woakes",
              "runs": {
                "batter": 1,
                "extras": 0,
                "total": 1
              }
            },
            {
              "batter": "CR Woakes",
              "bowler": "ME Milnes",
              "extras": {
                "wides": 1
              },
              "non_striker": "TT Bresnan",
              "runs": {
                "batter": 0,
                "extras": 1,
                "total": 1
              }
            },
            {
              "batter": "CR Woakes",
              "bowler": "ME Milnes",
              "non_striker": "TT Bresnan",
              "runs": {
                "batter": 1,
                "extras": 0,
                "total": 1
              }
            },
            {
              "batter": "TT Bresnan",
              "bowler": "ME Milnes",
              "extras": {
                "wides": 1
              },
              "non_striker": "CR Woakes",
              "runs": {
                "batter": 0,
                "extras": 1,
                "total": 1
              }
            },
            {
              "batter": "TT Bresnan",
              "bowler": "ME Milnes",
              "non_striker": "CR Woakes",
              "runs": {
                "batter": 0,
                "extras": 0,
                "total": 0
              }
            },
            {
              "batter": "TT Bresnan",
              "bowler": "ME Milnes",
              "non_striker": "CR Woakes",
              "runs": {
                "batter": 4,
                "extras": 0,
                "total": 4
              }
            },
            {
              "batter": "TT Bresnan",
              "bowler": "ME Milnes",
              "non_striker": "CR Woakes",
              "runs": {
                "batter": 1,
                "extras": 0,
                "total": 1
              }
            },
            {
              "batter": "CR Woakes",
              "bowler": "ME Milnes",
              "non_striker": "TT Bresnan",
              "runs": {
                "batter": 0,
                "extras": 0,
                "total": 0
              },
              "wickets": [
                {
                  "player_out": "CR Woakes",
                  "fielders": [
                    {
                      "name": "AJ Blake"
                    }
                  ],
                  "kind": "caught"
                }
              ]
            }
          ]
        },
        {
          "over": 14,
          "deliveries": [
            {
              "batter": "JB Lintott",
              "bowler": "FJ Klaassen",
              "non_striker": "TT Bresnan",
              "runs": {
                "batter": 1,
                "extras": 0,
                "total": 1
              }
            },
            {
              "batter": "TT Bresnan",
              "bowler": "FJ Klaassen",
              "non_striker": "JB Lintott",
              "runs": {
                "batter": 1,
                "extras": 0,
                "total": 1
              }
            },
            {
              "batter": "JB Lintott",
              "bowler": "FJ Klaassen",
              "non_striker": "TT Bresnan",
              "runs": {
                "batter": 6,
                "extras": 0,
                "total": 6
              }
            },
            {
              "batter": "JB Lintott",
              "bowler": "FJ Klaassen",
              "non_striker": "TT Bresnan",
              "runs": {
                "batter": 4,
                "extras": 0,
                "total": 4
              }
            },
            {
              "batter": "JB Lintott",
              "bowler": "FJ Klaassen",
              "non_striker": "TT Bresnan",
              "runs": {
                "batter": 1,
                "extras": 0,
                "total": 1
              }
            },
            {
              "batter": "TT Bresnan",
              "bowler": "FJ Klaassen",
              "non_striker": "JB Lintott",
              "runs": {
                "batter": 0,
                "extras": 0,
                "total": 0
              }
            }
          ]
        },
        {
          "over": 15,
          "deliveries": [
            {
              "batter": "JB Lintott",
              "bowler": "ME Milnes",
              "non_striker": "TT Bresnan",
              "runs": {
                "batter": 1,
                "extras": 0,
                "total": 1
              }
            },
            {
              "batter": "TT Bresnan",
              "bowler": "ME Milnes",
              "non_striker": "JB Lintott",
              "runs": {
                "batter": 1,
                "extras": 0,
                "total": 1
              }
            },
            {
              "batter": "JB Lintott",
              "bowler": "ME Milnes",
              "non_striker": "TT Bresnan",
              "runs": {
                "batter": 0,
                "extras": 0,
                "total": 0
              }
            },
            {
              "batter": "JB Lintott",
              "bowler": "ME Milnes",
              "non_striker": "TT Bresnan",
              "runs": {
                "batter": 0,
                "extras": 0,
                "total": 0
              }
            },
            {
              "batter": "JB Lintott",
              "bowler": "ME Milnes",
              "non_striker": "TT Bresnan",
              "runs": {
                "batter": 1,
                "extras": 0,
                "total": 1
              }
            },
            {
              "batter": "TT Bresnan",
              "bowler": "ME Milnes",
              "non_striker": "JB Lintott",
              "runs": {
                "batter": 1,
                "extras": 0,
                "total": 1
              }
            }
          ]
        },
        {
          "over": 16,
          "deliveries": [
            {
              "batter": "TT Bresnan",
              "bowler": "AF Milne",
              "non_striker": "JB Lintott",
              "runs": {
                "batter": 6,
                "extras": 0,
                "total": 6
              }
            },
            {
              "batter": "TT Bresnan",
              "bowler": "AF Milne",
              "non_striker": "JB Lintott",
              "runs": {
                "batter": 0,
                "extras": 0,
                "total": 0
              }
            },
            {
              "batter": "TT Bresnan",
              "bowler": "AF Milne",
              "non_striker": "JB Lintott",
              "runs": {
                "batter": 1,
                "extras": 0,
                "total": 1
              }
            },
            {
              "batter": "JB Lintott",
              "bowler": "AF Milne",
              "non_striker": "TT Bresnan",
              "runs": {
                "batter": 1,
                "extras": 0,
                "total": 1
              }
            },
            {
              "batter": "TT Bresnan",
              "bowler": "AF Milne",
              "non_striker": "JB Lintott",
              "runs": {
                "batter": 1,
                "extras": 0,
                "total": 1
              }
            },
            {
              "batter": "JB Lintott",
              "bowler": "AF Milne",
              "non_striker": "TT Bresnan",
              "runs": {
                "batter": 1,
                "extras": 0,
                "total": 1
              }
            }
          ]
        },
        {
          "over": 17,
          "deliveries": [
            {
              "batter": "JB Lintott",
              "bowler": "FJ Klaassen",
              "non_striker": "TT Bresnan",
              "runs": {
                "batter": 2,
                "extras": 0,
                "total": 2
              }
            },
            {
              "batter": "JB Lintott",
              "bowler": "FJ Klaassen",
              "non_striker": "TT Bresnan",
              "runs": {
                "batter": 6,
                "extras": 0,
                "total": 6
              }
            },
            {
              "batter": "JB Lintott",
              "bowler": "FJ Klaassen",
              "non_striker": "TT Bresnan",
              "runs": {
                "batter": 1,
                "extras": 0,
                "total": 1
              }
            },
            {
              "batter": "TT Bresnan",
              "bowler": "FJ Klaassen",
              "non_striker": "JB Lintott",
              "runs": {
                "batter": 1,
                "extras": 0,
                "total": 1
              }
            },
            {
              "batter": "JB Lintott",
              "bowler": "FJ Klaassen",
              "non_striker": "TT Bresnan",
              "runs": {
                "batter": 6,
                "extras": 0,
                "total": 6
              }
            },
            {
              "batter": "JB Lintott",
              "bowler": "FJ Klaassen",
              "non_striker": "TT Bresnan",
              "runs": {
                "batter": 1,
                "extras": 0,
                "total": 1
              }
            }
          ]
        },
        {
          "over": 18,
          "deliveries": [
            {
              "batter": "JB Lintott",
              "bowler": "AF Milne",
              "non_striker": "TT Bresnan",
              "runs": {
                "batter": 4,
                "extras": 0,
                "total": 4
              }
            },
            {
              "batter": "JB Lintott",
              "bowler": "AF Milne",
              "non_striker": "TT Bresnan",
              "runs": {
                "batter": 0,
                "extras": 0,
                "total": 0
              }
            },
            {
              "batter": "JB Lintott",
              "bowler": "AF Milne",
              "non_striker": "TT Bresnan",
              "runs": {
                "batter": 1,
                "extras": 0,
                "total": 1
              }
            },
            {
              "batter": "TT Bresnan",
              "bowler": "AF Milne",
              "non_striker": "JB Lintott",
              "runs": {
                "batter": 1,
                "extras": 0,
                "total": 1
              }
            },
            {
              "batter": "JB Lintott",
              "bowler": "AF Milne",
              "non_striker": "TT Bresnan",
              "runs": {
                "batter": 4,
                "extras": 0,
                "total": 4
              }
            },
            {
              "batter": "JB Lintott",
              "bowler": "AF Milne",
              "non_striker": "TT Bresnan",
              "runs": {
                "batter": 0,
                "extras": 0,
                "total": 0
              },
              "wickets": [
                {
                  "player_out": "JB Lintott",
                  "kind": "bowled"
                }
              ]
            }
          ]
        },
        {
          "over": 19,
          "deliveries": [
            {
              "batter": "TT Bresnan",
              "bowler": "ME Milnes",
              "non_striker": "CN Miles",
              "runs": {
                "batter": 0,
                "extras": 0,
                "total": 0
              }
            },
            {
              "batter": "TT Bresnan",
              "bowler": "ME Milnes",
              "non_striker": "CN Miles",
              "runs": {
                "batter": 0,
                "extras": 0,
                "total": 0
              }
            },
            {
              "batter": "TT Bresnan",
              "bowler": "ME Milnes",
              "non_striker": "CN Miles",
              "runs": {
                "batter": 2,
                "extras": 0,
                "total": 2
              }
            },
            {
              "batter": "TT Bresnan",
              "bowler": "ME Milnes",
              "non_striker": "CN Miles",
              "runs": {
                "batter": 0,
                "extras": 0,
                "total": 0
              },
              "wickets": [
                {
                  "player_out": "TT Bresnan",
                  "fielders": [
                    {
                      "name": "JM Cox"
                    }
                  ],
                  "kind": "caught"
                }
              ]
            },
            {
              "batter": "CN Miles",
              "bowler": "ME Milnes",
              "non_striker": "DR Briggs",
              "runs": {
                "batter": 1,
                "extras": 0,
                "total": 1
              }
            },
            {
              "batter": "DR Briggs",
              "bowler": "ME Milnes",
              "non_striker": "CN Miles",
              "runs": {
                "batter": 0,
                "extras": 0,
                "total": 0
              },
              "wickets": [
                {
                  "player_out": "DR Briggs",
                  "fielders": [
                    {
                      "name": "AJ Blake"
                    }
                  ],
                  "kind": "caught"
                }
              ]
            }
          ]
        }
      ],
      "powerplays": [
        {
          "from": 0.1,
          "to": 5.7,
          "type": "mandatory"
        }
      ],
      "target": {
        "overs": 20,
        "runs": 163
      }
    }
  ]
}