{
  "meta": {
    "data_version": "1.0.0",
    "created": "2021-08-12",
    "revision": 1
  },
  "info": {
    "balls_per_over": 5,
    "city": "Southampton",
    "dates": [
      "2021-08-11"
    ],
    "event": {
      "name": "The Hundred Women's Competition",
      "match_number": 25
    },
    "gender": "female",
    "match_type": "T20",
    "officials": {
      "match_referees": [
        "SJ Davis"
      ],
      "reserve_umpires": [
        "S McLelland"
      ],
      "tv_umpires": [
        "RT Robinson"
      ],
      "umpires": [
        "GD Lloyd",
        "J Naeem"
      ]
    },
    "outcome": {
      "winner": "Southern Brave",
      "by": {
        "runs": 39
      }
    },
    "overs": 20,
    "player_of_match": [
      "S Mandhana"
    ],
    "players": {
      "Southern Brave": [
        "DN Wyatt",
        "S Mandhana",
        "SIR Dunkley",
        "SR Taylor",
        "ME Bouchier",
        "A Wellington",
        "A Shrubsole",
        "FMK Morris",
        "CE Rudd",
        "LK Bell",
        "TG Norris"
      ],
      "Welsh Fire": [
        "BF Smith",
        "HK Matthews",
        "G Redmayne",
        "SJ Taylor",
        "SN Luff",
        "AJ Macleod",
        "P Cleary",
        "GM Hennessy",
        "KL George",
        "N Harvey",
        "A Griffiths"
      ]
    },
    "registry": {
      "people": {
        "A Griffiths": "091001f8",
        "A Shrubsole": "32497ecd",
        "A Wellington": "9b3bcca4",
        "AJ Macleod": "e7f06080",
        "BF Smith": "c64b7c5b",
        "CE Rudd": "290af2b3",
        "DN Wyatt": "a139c379",
        "FMK Morris": "3a9b3866",
        "G Redmayne": "324b9eee",
        "GD Lloyd": "36e0770d",
        "GM Hennessy": "8d742853",
        "HK Matthews": "d32cf49a",
        "J Naeem": "0dc3fee0",
        "KL George": "e69dbbef",
        "LK Bell": "38b4583c",
        "ME Bouchier": "c2554b59",
        "N Harvey": "a6aea235",
        "P Cleary": "507acf2e",
        "RT Robinson": "b143c87d",
        "S Mandhana": "5d2eda89",
        "S McLelland": "fcc653b8",
        "SIR Dunkley": "3a9e9cb2",
        "SJ Davis": "bc71b0b2",
        "SJ Taylor": "e6f36f83",
        "SN Luff": "e19307f3",
        "SR Taylor": "92cf79a8",
        "TG Norris": "8ae7bb3e"
      }
    },
    "season": "2021",
    "team_type": "club",
    "teams": [
      "Southern Brave",
      "Welsh Fire"
    ],
    "toss": {
      "decision": "field",
      "winner": "Welsh Fire"
    },
    "venue": "The Rose Bowl, Southampton"
  },
  "innings": [
    {
      "team": "Southern Brave",
      "overs": [
        {
          "over": 0,
          "deliveries": [
            {
              "batter": "DN Wyatt",
              "bowler": "BF Smith",
              "non_striker": "S Mandhana",
              "runs": {
                "batter": 4,
                "extras": 0,
                "total": 4
              }
            },
            {
              "batter": "DN Wyatt",
              "bowler": "BF Smith",
              "non_striker": "S Mandhana",
              "runs": {
                "batter": 2,
                "extras": 0,
                "total": 2
              }
            },
            {
              "batter": "DN Wyatt",
              "bowler": "BF Smith",
              "non_striker": "S Mandhana",
              "runs": {
                "batter": 1,
                "extras": 0,
                "total": 1
              }
            },
            {
              "batter": "S Mandhana",
              "bowler": "BF Smith",
              "non_striker": "DN Wyatt",
              "runs": {
                "batter": 0,
                "extras": 0,
                "total": 0
              }
            },
            {
              "batter": "S Mandhana",
              "bowler": "BF Smith",
              "non_striker": "DN Wyatt",
              "runs": {
                "batter": 1,
                "extras": 0,
                "total": 1
              }
            }
          ]
        },
        {
          "over": 1,
          "deliveries": [
            {
              "batter": "DN Wyatt",
              "bowler": "P Cleary",
              "non_striker": "S Mandhana",
              "runs": {
                "batter": 0,
                "extras": 0,
                "total": 0
              }
            },
            {
              "batter": "DN Wyatt",
              "bowler": "P Cleary",
              "non_striker": "S Mandhana",
              "runs": {
                "batter": 4,
                "extras": 0,
                "total": 4
              }
            },
            {
              "batter": "DN Wyatt",
              "bowler": "P Cleary",
              "non_striker": "S Mandhana",
              "runs": {
                "batter": 0,
                "extras": 0,
                "total": 0
              }
            },
            {
              "batter": "DN Wyatt",
              "bowler": "P Cleary",
              "extras": {
                "wides": 1
              },
              "non_striker": "S Mandhana",
              "runs": {
                "batter": 0,
                "extras": 1,
                "total": 1
              }
            },
            {
              "batter": "DN Wyatt",
              "bowler": "P Cleary",
              "non_striker": "S Mandhana",
              "runs": {
                "batter": 1,
                "extras": 0,
                "total": 1
              }
            },
            {
              "batter": "S Mandhana",
              "bowler": "P Cleary",
              "non_striker": "DN Wyatt",
              "runs": {
                "batter": 4,
                "extras": 0,
                "total": 4
              }
            }
          ]
        },
        {
          "over": 2,
          "deliveries": [
            {
              "batter": "DN Wyatt",
              "bowler": "HK Matthews",
              "non_striker": "S Mandhana",
              "runs": {
                "batter": 0,
                "extras": 0,
                "total": 0
              }
            },
            {
              "batter": "DN Wyatt",
              "bowler": "HK Matthews",
              "non_striker": "S Mandhana",
              "runs": {
                "batter": 0,
                "extras": 0,
                "total": 0
              }
            },
            {
              "batter": "DN Wyatt",
              "bowler": "HK Matthews",
              "non_striker": "S Mandhana",
              "runs": {
                "batter": 1,
                "extras": 0,
                "total": 1
              }
            },
            {
              "batter": "S Mandhana",
              "bowler": "HK Matthews",
              "non_striker": "DN Wyatt",
              "runs": {
                "batter": 0,
                "extras": 0,
                "total": 0
              }
            },
            {
              "batter": "S Mandhana",
              "bowler": "HK Matthews",
              "non_striker": "DN Wyatt",
              "runs": {
                "batter": 0,
                "extras": 0,
                "total": 0
              }
            }
          ]
        },
        {
          "over": 3,
          "deliveries": [
            {
              "batter": "S Mandhana",
              "bowler": "P Cleary",
              "non_striker": "DN Wyatt",
              "runs": {
                "batter": 0,
                "extras": 0,
                "total": 0
              }
            },
            {
              "batter": "S Mandhana",
              "bowler": "P Cleary",
              "non_striker": "DN Wyatt",
              "runs": {
                "batter": 0,
                "extras": 0,
                "total": 0
              }
            },
            {
              "batter": "S Mandhana",
              "bowler": "P Cleary",
              "non_striker": "DN Wyatt",
              "runs": {
                "batter": 0,
                "extras": 0,
                "total": 0
              }
            },
            {
              "batter": "S Mandhana",
              "bowler": "P Cleary",
              "extras": {
                "noballs": 2
              },
              "non_striker": "DN Wyatt",
              "runs": {
                "batter": 0,
                "extras": 2,
                "total": 2
              }
            },
            {
              "batter": "S Mandhana",
              "bowler": "P Cleary",
              "non_striker": "DN Wyatt",
              "runs": {
                "batter": 4,
                "extras": 0,
                "total": 4
              }
            },
            {
              "batter": "S Mandhana",
              "bowler": "P Cleary",
              "non_striker": "DN Wyatt",
              "runs": {
                "batter": 4,
                "extras": 0,
                "total": 4
              }
            }
          ]
        },
        {
          "over": 4,
          "deliveries": [
            {
              "batter": "DN Wyatt",
              "bowler": "HK Matthews",
              "non_striker": "S Mandhana",
              "runs": {
                "batter": 1,
                "extras": 0,
                "total": 1
              }
            },
            {
              "batter": "S Mandhana",
              "bowler": "HK Matthews",
              "non_striker": "DN Wyatt",
              "runs": {
                "batter": 1,
                "extras": 0,
                "total": 1
              }
            },
            {
              "batter": "DN Wyatt",
              "bowler": "HK Matthews",
              "non_striker": "S Mandhana",
              "runs": {
                "batter": 0,
                "extras": 0,
                "total": 0
              }
            },
            {
              "batter": "DN Wyatt",
              "bowler": "HK Matthews",
              "non_striker": "S Mandhana",
              "runs": {
                "batter": 4,
                "extras": 0,
                "total": 4
              }
            },
            {
              "batter": "DN Wyatt",
              "bowler": "HK Matthews",
              "non_striker": "S Mandhana",
              "runs": {
                "batter": 6,
                "extras": 0,
                "total": 6
              }
            }
          ]
        },
        {
          "over": 5,
          "deliveries": [
            {
              "batter": "DN Wyatt",
              "bowler": "GM Hennessy",
              "non_striker": "S Mandhana",
              "runs": {
                "batter": 0,
                "extras": 0,
                "total": 0
              }
            },
            {
              "batter": "DN Wyatt",
              "bowler": "GM Hennessy",
              "non_striker": "S Mandhana",
              "runs": {
                "batter": 4,
                "extras": 0,
                "total": 4
              }
            },
            {
              "batter": "DN Wyatt",
              "bowler": "GM Hennessy",
              "non_striker": "S Mandhana",
              "runs": {
                "batter": 1,
                "extras": 0,
                "total": 1
              }
            },
            {
              "batter": "S Mandhana",
              "bowler": "GM Hennessy",
              "non_striker": "DN Wyatt",
              "runs": {
                "batter": 0,
                "extras": 0,
                "total": 0
              }
            },
            {
              "batter": "S Mandhana",
              "bowler": "GM Hennessy",
              "non_striker": "DN Wyatt",
              "runs": {
                "batter": 1,
                "extras": 0,
                "total": 1
              }
            }
          ]
        },
        {
          "over": 6,
          "deliveries": [
            {
              "batter": "S Mandhana",
              "bowler": "N Harvey",
              "non_striker": "DN Wyatt",
              "runs": {
                "batter": 1,
                "extras": 0,
                "total": 1
              }
            },
            {
              "batter": "DN Wyatt",
              "bowler": "N Harvey",
              "non_striker": "S Mandhana",
              "runs": {
                "batter": 1,
                "extras": 0,
                "total": 1
              }
            },
            {
              "batter": "S Mandhana",
              "bowler": "N Harvey",
              "non_striker": "DN Wyatt",
              "runs": {
                "batter": 6,
                "extras": 0,
                "total": 6
              }
            },
            {
              "batter": "S Mandhana",
              "bowler": "N Harvey",
              "non_striker": "DN Wyatt",
              "runs": {
                "batter": 0,
                "extras": 0,
                "total": 0
              }
            },
            {
              "batter": "S Mandhana",
              "bowler": "N Harvey",
              "non_striker": "DN Wyatt",
              "runs": {
                "batter": 1,
                "extras": 0,
                "total": 1
              }
            }
          ]
        },
        {
          "over": 7,
          "deliveries": [
            {
              "batter": "DN Wyatt",
              "bowler": "BF Smith",
              "non_striker": "S Mandhana",
              "runs": {
                "batter": 4,
                "extras": 0,
                "total": 4
              }
            },
            {
              "batter": "DN Wyatt",
              "bowler": "BF Smith",
              "non_striker": "S Mandhana",
              "runs": {
                "batter": 0,
                "extras": 0,
                "total": 0
              }
            },
            {
              "batter": "DN Wyatt",
              "bowler": "BF Smith",
              "non_striker": "S Mandhana",
              "runs": {
                "batter": 1,
                "extras": 0,
                "total": 1
              }
            },
            {
              "batter": "S Mandhana",
              "bowler": "BF Smith",
              "non_striker": "DN Wyatt",
              "runs": {
                "batter": 0,
                "extras": 0,
                "total": 0
              }
            },
            {
              "batter": "S Mandhana",
              "bowler": "BF Smith",
              "non_striker": "DN Wyatt",
              "runs": {
                "batter": 3,
                "extras": 0,
                "total": 3
              }
            }
          ]
        },
        {
          "over": 8,
          "deliveries": [
            {
              "batter": "S Mandhana",
              "bowler": "GM Hennessy",
              "non_striker": "DN Wyatt",
              "runs": {
                "batter": 2,
                "extras": 0,
                "total": 2
              }
            },
            {
              "batter": "S Mandhana",
              "bowler": "GM Hennessy",
              "non_striker": "DN Wyatt",
              "runs": {
                "batter": 1,
                "extras": 0,
                "total": 1
              }
            },
            {
              "batter": "DN Wyatt",
              "bowler": "GM Hennessy",
              "non_striker": "S Mandhana",
              "runs": {
                "batter": 1,
                "extras": 0,
                "total": 1
              }
            },
            {
              "batter": "S Mandhana",
              "bowler": "GM Hennessy",
              "non_striker": "DN Wyatt",
              "runs": {
                "batter": 0,
                "extras": 0,
                "total": 0
              }
            },
            {
              "batter": "S Mandhana",
              "bowler": "GM Hennessy",
              "non_striker": "DN Wyatt",
              "runs": {
                "batter": 4,
                "extras": 0,
                "total": 4
              }
            }
          ]
        },
        {
          "over": 9,
          "deliveries": [
            {
              "batter": "S Mandhana",
              "bowler": "A Griffiths",
              "non_striker": "DN Wyatt",
              "runs": {
                "batter": 4,
                "extras": 0,
                "total": 4
              }
            },
            {
              "batter": "S Mandhana",
              "bowler": "A Griffiths",
              "non_striker": "DN Wyatt",
              "runs": {
                "batter": 1,
                "extras": 0,
                "total": 1
              }
            },
            {
              "batter": "DN Wyatt",
              "bowler": "A Griffiths",
              "non_striker": "S Mandhana",
              "runs": {
                "batter": 4,
                "extras": 0,
                "total": 4
              }
            },
            {
              "batter": "DN Wyatt",
              "bowler": "A Griffiths",
              "non_striker": "S Mandhana",
              "runs": {
                "batter": 0,
                "extras": 0,
                "total": 0
              }
            },
            {
              "batter": "DN Wyatt",
              "bowler": "A Griffiths",
              "non_striker": "S Mandhana",
              "runs": {
                "batter": 4,
                "extras": 0,
                "total": 4
              }
            }
          ]
        },
        {
          "over": 10,
          "deliveries": [
            {
              "batter": "S Mandhana",
              "bowler": "HK Matthews",
              "non_striker": "DN Wyatt",
              "runs": {
                "batter": 0,
                "extras": 0,
                "total": 0
              }
            },
            {
              "batter": "S Mandhana",
              "bowler": "HK Matthews",
              "non_striker": "DN Wyatt",
              "runs": {
                "batter": 4,
                "extras": 0,
                "total": 4
              }
            },
            {
              "batter": "S Mandhana",
              "bowler": "HK Matthews",
              "non_striker": "DN Wyatt",
              "runs": {
                "batter": 2,
                "extras": 0,
                "total": 2
              }
            },
            {
              "batter": "S Mandhana",
              "bowler": "HK Matthews",
              "non_striker": "DN Wyatt",
              "runs": {
                "batter": 1,
                "extras": 0,
                "total": 1
              }
            },
            {
              "batter": "DN Wyatt",
              "bowler": "HK Matthews",
              "non_striker": "S Mandhana",
              "runs": {
                "batter": 1,
                "extras": 0,
                "total": 1
              }
            }
          ]
        },
        {
          "over": 11,
          "deliveries": [
            {
              "batter": "S Mandhana",
              "bowler": "N Harvey",
              "non_striker": "DN Wyatt",
              "runs": {
                "batter": 1,
                "extras": 0,
                "total": 1
              }
            },
            {
              "batter": "DN Wyatt",
              "bowler": "N Harvey",
              "non_striker": "S Mandhana",
              "runs": {
                "batter": 1,
                "extras": 0,
                "total": 1
              }
            },
            {
              "batter": "S Mandhana",
              "bowler": "N Harvey",
              "non_striker": "DN Wyatt",
              "runs": {
                "batter": 0,
                "extras": 0,
                "total": 0
              }
            },
            {
              "batter": "S Mandhana",
              "bowler": "N Harvey",
              "non_striker": "DN Wyatt",
              "runs": {
                "batter": 1,
                "extras": 0,
                "total": 1
              }
            },
            {
              "batter": "DN Wyatt",
              "bowler": "N Harvey",
              "non_striker": "S Mandhana",
              "runs": {
                "batter": 0,
                "extras": 0,
                "total": 0
              }
            }
          ]
        },
        {
          "over": 12,
          "deliveries": [
            {
              "batter": "S Mandhana",
              "bowler": "P Cleary",
              "non_striker": "DN Wyatt",
              "runs": {
                "batter": 1,
                "extras": 0,
                "total": 1
              }
            },
            {
              "batter": "DN Wyatt",
              "bowler": "P Cleary",
              "extras": {
                "wides": 1
              },
              "non_striker": "S Mandhana",
              "runs": {
                "batter": 0,
                "extras": 1,
                "total": 1
              }
            },
            {
              "batter": "DN Wyatt",
              "bowler": "P Cleary",
              "non_striker": "S Mandhana",
              "runs": {
                "batter": 4,
                "extras": 0,
                "total": 4
              }
            },
            {
              "batter": "DN Wyatt",
              "bowler": "P Cleary",
              "non_striker": "S Mandhana",
              "runs": {
                "batter": 0,
                "extras": 0,
                "total": 0
              }
            },
            {
              "batter": "DN Wyatt",
              "bowler": "P Cleary",
              "extras": {
                "wides": 1
              },
              "non_striker": "S Mandhana",
              "runs": {
                "batter": 0,
                "extras": 1,
                "total": 1
              }
            },
            {
              "batter": "DN Wyatt",
              "bowler": "P Cleary",
              "non_striker": "S Mandhana",
              "runs": {
                "batter": 1,
                "extras": 0,
                "total": 1
              }
            },
            {
              "batter": "S Mandhana",
              "bowler": "P Cleary",
              "non_striker": "DN Wyatt",
              "runs": {
                "batter": 0,
                "extras": 0,
                "total": 0
              }
            }
          ]
        },
        {
          "over": 13,
          "deliveries": [
            {
              "batter": "S Mandhana",
              "bowler": "N Harvey",
              "non_striker": "DN Wyatt",
              "runs": {
                "batter": 1,
                "extras": 0,
                "total": 1
              }
            },
            {
              "batter": "DN Wyatt",
              "bowler": "N Harvey",
              "non_striker": "S Mandhana",
              "runs": {
                "batter": 0,
                "extras": 0,
                "total": 0
              }
            },
            {
              "batter": "DN Wyatt",
              "bowler": "N Harvey",
              "non_striker": "S Mandhana",
              "runs": {
                "batter": 2,
                "extras": 0,
                "total": 2
              }
            },
            {
              "batter": "DN Wyatt",
              "bowler": "N Harvey",
              "non_striker": "S Mandhana",
              "runs": {
                "batter": 0,
                "extras": 0,
                "total": 0
              },
              "wickets": [
                {
                  "player_out": "DN Wyatt",
                  "fielders": [
                    {
                      "name": "P Cleary"
                    }
                  ],
                  "kind": "caught"
                }
              ]
            },
            {
              "batter": "SIR Dunkley",
              "bowler": "N Harvey",
              "non_striker": "S Mandhana",
              "runs": {
                "batter": 1,
                "extras": 0,
                "total": 1
              }
            }
          ]
        },
        {
          "over": 14,
          "deliveries": [
            {
              "batter": "SIR Dunkley",
              "bowler": "GM Hennessy",
              "extras": {
                "noballs": 2
              },
              "non_striker": "S Mandhana",
              "runs": {
                "batter": 0,
                "extras": 2,
                "total": 2
              }
            },
            {
              "batter": "SIR Dunkley",
              "bowler": "GM Hennessy",
              "non_striker": "S Mandhana",
              "runs": {
                "batter": 4,
                "extras": 0,
                "total": 4
              }
            },
            {
              "batter": "SIR Dunkley",
              "bowler": "GM Hennessy",
              "non_striker": "S Mandhana",
              "runs": {
                "batter": 1,
                "extras": 0,
                "total": 1
              }
            },
            {
              "batter": "S Mandhana",
              "bowler": "GM Hennessy",
              "non_striker": "SIR Dunkley",
              "runs": {
                "batter": 2,
                "extras": 0,
                "total": 2
              }
            },
            {
              "batter": "S Mandhana",
              "bowler": "GM Hennessy",
              "non_striker": "SIR Dunkley",
              "runs": {
                "batter": 0,
                "extras": 0,
                "total": 0
              }
            },
            {
              "batter": "S Mandhana",
              "bowler": "GM Hennessy",
              "non_striker": "SIR Dunkley",
              "runs": {
                "batter": 4,
                "extras": 0,
                "total": 4
              }
            }
          ]
        },
        {
          "over": 15,
          "deliveries": [
            {
              "batter": "S Mandhana",
              "bowler": "BF Smith",
              "non_striker": "SIR Dunkley",
              "runs": {
                "batter": 1,
                "extras": 0,
                "total": 1
              }
            },
            {
              "batter": "SIR Dunkley",
              "bowler": "BF Smith",
              "non_striker": "S Mandhana",
              "runs": {
                "batter": 1,
                "extras": 0,
                "total": 1
              }
            },
            {
              "batter": "S Mandhana",
              "bowler": "BF Smith",
              "non_striker": "SIR Dunkley",
              "runs": {
                "batter": 2,
                "extras": 0,
                "total": 2
              }
            },
            {
              "batter": "S Mandhana",
              "bowler": "BF Smith",
              "non_striker": "SIR Dunkley",
              "runs": {
                "batter": 1,
                "extras": 0,
                "total": 1
              }
            },
            {
              "batter": "SIR Dunkley",
              "bowler": "BF Smith",
              "non_striker": "S Mandhana",
              "runs": {
                "batter": 2,
                "extras": 0,
                "total": 2
              }
            }
          ]
        },
        {
          "over": 16,
          "deliveries": [
            {
              "batter": "S Mandhana",
              "bowler": "N Harvey",
              "non_striker": "SIR Dunkley",
              "runs": {
                "batter": 2,
                "extras": 0,
                "total": 2
              }
            },
            {
              "batter": "S Mandhana",
              "bowler": "N Harvey",
              "non_striker": "SIR Dunkley",
              "runs": {
                "batter": 6,
                "extras": 0,
                "total": 6
              }
            },
            {
              "batter": "S Mandhana",
              "bowler": "N Harvey",
              "non_striker": "SIR Dunkley",
              "runs": {
                "batter": 1,
                "extras": 0,
                "total": 1
              }
            },
            {
              "batter": "SIR Dunkley",
              "bowler": "N Harvey",
              "non_striker": "S Mandhana",
              "runs": {
                "batter": 1,
                "extras": 0,
                "total": 1
              }
            },
            {
              "batter": "S Mandhana",
              "bowler": "N Harvey",
              "non_striker": "SIR Dunkley",
              "runs": {
                "batter": 0,
                "extras": 0,
                "total": 0
              }
            }
          ]
        },
        {
          "over": 17,
          "deliveries": [
            {
              "batter": "S Mandhana",
              "bowler": "BF Smith",
              "non_striker": "SIR Dunkley",
              "runs": {
                "batter": 6,
                "extras": 0,
                "total": 6
              }
            },
            {
              "batter": "S Mandhana",
              "bowler": "BF Smith",
              "non_striker": "SIR Dunkley",
              "runs": {
                "batter": 1,
                "extras": 0,
                "total": 1
              }
            },
            {
              "batter": "SIR Dunkley",
              "bowler": "BF Smith",
              "non_striker": "S Mandhana",
              "runs": {
                "batter": 1,
                "extras": 0,
                "total": 1
              }
            },
            {
              "batter": "S Mandhana",
              "bowler": "BF Smith",
              "non_striker": "SIR Dunkley",
              "runs": {
                "batter": 1,
                "extras": 0,
                "total": 1
              }
            },
            {
              "batter": "SIR Dunkley",
              "bowler": "BF Smith",
              "non_striker": "S Mandhana",
              "runs": {
                "batter": 2,
                "extras": 0,
                "total": 2
              }
            }
          ]
        },
        {
          "over": 18,
          "deliveries": [
            {
              "batter": "S Mandhana",
              "bowler": "GM Hennessy",
              "non_striker": "SIR Dunkley",
              "runs": {
                "batter": 1,
                "extras": 0,
                "total": 1
              }
            },
            {
              "batter": "SIR Dunkley",
              "bowler": "GM Hennessy",
              "non_striker": "S Mandhana",
              "runs": {
                "batter": 4,
                "extras": 0,
                "total": 4
              }
            },
            {
              "batter": "SIR Dunkley",
              "bowler": "GM Hennessy",
              "non_striker": "S Mandhana",
              "runs": {
                "batter": 4,
                "extras": 0,
                "total": 4
              }
            },
            {
              "batter": "SIR Dunkley",
              "bowler": "GM Hennessy",
              "non_striker": "S Mandhana",
              "runs": {
                "batter": 1,
                "extras": 0,
                "total": 1
              }
            },
            {
              "batter": "S Mandhana",
              "bowler": "GM Hennessy",
              "non_striker": "SIR Dunkley",
              "runs": {
                "batter": 1,
                "extras": 0,
                "total": 1
              }
            }
          ]
        },
        {
          "over": 19,
          "deliveries": [
            {
              "batter": "SIR Dunkley",
              "bowler": "HK Matthews",
              "non_striker": "S Mandhana",
              "runs": {
                "batter": 1,
                "extras": 0,
                "total": 1
              }
            },
            {
              "batter": "S Mandhana",
              "bowler": "HK Matthews",
              "non_striker": "SIR Dunkley",
              "runs": {
                "batter": 0,
                "extras": 0,
                "total": 0
              },
              "wickets": [
                {
                  "player_out": "S Mandhana",
                  "fielders": [
                    {
                      "name": "GM Hennessy"
                    }
                  ],
                  "kind": "caught"
                }
              ]
            },
            {
              "batter": "SR Taylor",
              "bowler": "HK Matthews",
              "non_striker": "SIR Dunkley",
              "review": {
                "by": "Welsh Fire",
                "umpire": "J Naeem",
                "batter": "SR Taylor",
                "decision": "upheld"
              },
              "runs": {
                "batter": 0,
                "extras": 0,
                "total": 0
              },
              "wickets": [
                {
                  "player_out": "SR Taylor",
                  "kind": "lbw"
                }
              ]
            },
            {
              "batter": "ME Bouchier",
              "bowler": "HK Matthews",
              "non_striker": "SIR Dunkley",
              "runs": {
                "batter": 4,
                "extras": 0,
                "total": 4
              }
            },
            {
              "batter": "ME Bouchier",
              "bowler": "HK Matthews",
              "non_striker": "SIR Dunkley",
              "runs": {
                "batter": 1,
                "extras": 0,
                "total": 1
              }
            }
          ]
        }
      ],
      "powerplays": [
        {
          "from": 0.1,
          "to": 4.5,
          "type": "mandatory"
        }
      ]
    },
    {
      "team": "Welsh Fire",
      "overs": [
        {
          "over": 0,
          "deliveries": [
            {
              "batter": "BF Smith",
              "bowler": "A Shrubsole",
              "non_striker": "HK Matthews",
              "runs": {
                "batter": 0,
                "extras": 0,
                "total": 0
              }
            },
            {
              "batter": "BF Smith",
              "bowler": "A Shrubsole",
              "non_striker": "HK Matthews",
              "runs": {
                "batter": 0,
                "extras": 0,
                "total": 0
              }
            },
            {
              "batter": "BF Smith",
              "bowler": "A Shrubsole",
              "non_striker": "HK Matthews",
              "runs": {
                "batter": 4,
                "extras": 0,
                "total": 4
              }
            },
            {
              "batter": "BF Smith",
              "bowler": "A Shrubsole",
              "non_striker": "HK Matthews",
              "runs": {
                "batter": 0,
                "extras": 0,
                "total": 0
              }
            },
            {
              "batter": "BF Smith",
              "bowler": "A Shrubsole",
              "non_striker": "HK Matthews",
              "runs": {
                "batter": 0,
                "extras": 0,
                "total": 0
              }
            }
          ]
        },
        {
          "over": 1,
          "deliveries": [
            {
              "batter": "BF Smith",
              "bowler": "LK Bell",
              "non_striker": "HK Matthews",
              "runs": {
                "batter": 1,
                "extras": 0,
                "total": 1
              }
            },
            {
              "batter": "HK Matthews",
              "bowler": "LK Bell",
              "non_striker": "BF Smith",
              "runs": {
                "batter": 0,
                "extras": 0,
                "total": 0
              }
            },
            {
              "batter": "HK Matthews",
              "bowler": "LK Bell",
              "extras": {
                "wides": 1
              },
              "non_striker": "BF Smith",
              "runs": {
                "batter": 0,
                "extras": 1,
                "total": 1
              }
            },
            {
              "batter": "HK Matthews",
              "bowler": "LK Bell",
              "non_striker": "BF Smith",
              "runs": {
                "batter": 1,
                "extras": 0,
                "total": 1
              }
            },
            {
              "batter": "BF Smith",
              "bowler": "LK Bell",
              "non_striker": "HK Matthews",
              "runs": {
                "batter": 0,
                "extras": 0,
                "total": 0
              }
            },
            {
              "batter": "BF Smith",
              "bowler": "LK Bell",
              "non_striker": "HK Matthews",
              "runs": {
                "batter": 1,
                "extras": 0,
                "total": 1
              }
            }
          ]
        },
        {
          "over": 2,
          "deliveries": [
            {
              "batter": "BF Smith",
              "bowler": "A Shrubsole",
              "non_striker": "HK Matthews",
              "runs": {
                "batter": 4,
                "extras": 0,
                "total": 4
              }
            },
            {
              "batter": "BF Smith",
              "bowler": "A Shrubsole",
              "non_striker": "HK Matthews",
              "runs": {
                "batter": 1,
                "extras": 0,
                "total": 1
              }
            },
            {
              "batter": "HK Matthews",
              "bowler": "A Shrubsole",
              "non_striker": "BF Smith",
              "runs": {
                "batter": 1,
                "extras": 0,
                "total": 1
              }
            },
            {
              "batter": "BF Smith",
              "bowler": "A Shrubsole",
              "non_striker": "HK Matthews",
              "runs": {
                "batter": 0,
                "extras": 0,
                "total": 0
              }
            },
            {
              "batter": "BF Smith",
              "bowler": "A Shrubsole",
              "non_striker": "HK Matthews",
              "runs": {
                "batter": 1,
                "extras": 0,
                "total": 1
              }
            }
          ]
        },
        {
          "over": 3,
          "deliveries": [
            {
              "batter": "HK Matthews",
              "bowler": "LK Bell",
              "non_striker": "BF Smith",
              "runs": {
                "batter": 4,
                "extras": 0,
                "total": 4
              }
            },
            {
              "batter": "HK Matthews",
              "bowler": "LK Bell",
              "non_striker": "BF Smith",
              "runs": {
                "batter": 0,
                "extras": 0,
                "total": 0
              }
            },
            {
              "batter": "HK Matthews",
              "bowler": "LK Bell",
              "non_striker": "BF Smith",
              "runs": {
                "batter": 1,
                "extras": 0,
                "total": 1
              }
            },
            {
              "batter": "BF Smith",
              "bowler": "LK Bell",
              "non_striker": "HK Matthews",
              "runs": {
                "batter": 1,
                "extras": 0,
                "total": 1
              }
            },
            {
              "batter": "HK Matthews",
              "bowler": "LK Bell",
              "non_striker": "BF Smith",
              "runs": {
                "batter": 4,
                "extras": 0,
                "total": 4
              }
            }
          ]
        },
        {
          "over": 4,
          "deliveries": [
            {
              "batter": "BF Smith",
              "bowler": "A Shrubsole",
              "non_striker": "HK Matthews",
              "runs": {
                "batter": 0,
                "extras": 0,
                "total": 0
              }
            },
            {
              "batter": "BF Smith",
              "bowler": "A Shrubsole",
              "non_striker": "HK Matthews",
              "runs": {
                "batter": 1,
                "extras": 0,
                "total": 1
              }
            },
            {
              "batter": "HK Matthews",
              "bowler": "A Shrubsole",
              "non_striker": "BF Smith",
              "runs": {
                "batter": 1,
                "extras": 0,
                "total": 1
              }
            },
            {
              "batter": "BF Smith",
              "bowler": "A Shrubsole",
              "extras": {
                "legbyes": 1
              },
              "non_striker": "HK Matthews",
              "runs": {
                "batter": 0,
                "extras": 1,
                "total": 1
              }
            },
            {
              "batter": "HK Matthews",
              "bowler": "A Shrubsole",
              "non_striker": "BF Smith",
              "runs": {
                "batter": 1,
                "extras": 0,
                "total": 1
              }
            }
          ]
        },
        {
          "over": 5,
          "deliveries": [
            {
              "batter": "BF Smith",
              "bowler": "A Wellington",
              "non_striker": "HK Matthews",
              "runs": {
                "batter": 1,
                "extras": 0,
                "total": 1
              }
            },
            {
              "batter": "HK Matthews",
              "bowler": "A Wellington",
              "non_striker": "BF Smith",
              "runs": {
                "batter": 1,
                "extras": 0,
                "total": 1
              }
            },
            {
              "batter": "BF Smith",
              "bowler": "A Wellington",
              "non_striker": "HK Matthews",
              "runs": {
                "batter": 1,
                "extras": 0,
                "total": 1
              }
            },
            {
              "batter": "HK Matthews",
              "bowler": "A Wellington",
              "non_striker": "BF Smith",
              "runs": {
                "batter": 1,
                "extras": 0,
                "total": 1
              }
            },
            {
              "batter": "BF Smith",
              "bowler": "A Wellington",
              "non_striker": "HK Matthews",
              "runs": {
                "batter": 4,
                "extras": 0,
                "total": 4
              }
            }
          ]
        },
        {
          "over": 6,
          "deliveries": [
            {
              "batter": "HK Matthews",
              "bowler": "FMK Morris",
              "non_striker": "BF Smith",
              "runs": {
                "batter": 1,
                "extras": 0,
                "total": 1
              }
            },
            {
              "batter": "BF Smith",
              "bowler": "FMK Morris",
              "extras": {
                "legbyes": 1
              },
              "non_striker": "HK Matthews",
              "runs": {
                "batter": 0,
                "extras": 1,
                "total": 1
              }
            },
            {
              "batter": "HK Matthews",
              "bowler": "FMK Morris",
              "non_striker": "BF Smith",
              "runs": {
                "batter": 1,
                "extras": 0,
                "total": 1
              }
            },
            {
              "batter": "BF Smith",
              "bowler": "FMK Morris",
              "non_striker": "HK Matthews",
              "runs": {
                "batter": 1,
                "extras": 0,
                "total": 1
              }
            },
            {
              "batter": "HK Matthews",
              "bowler": "FMK Morris",
              "non_striker": "BF Smith",
              "runs": {
                "batter": 0,
                "extras": 0,
                "total": 0
              }
            }
          ]
        },
        {
          "over": 7,
          "deliveries": [
            {
              "batter": "HK Matthews",
              "bowler": "SR Taylor",
              "non_striker": "BF Smith",
              "runs": {
                "batter": 0,
                "extras": 0,
                "total": 0
              }
            },
            {
              "batter": "HK Matthews",
              "bowler": "SR Taylor",
              "non_striker": "BF Smith",
              "runs": {
                "batter": 0,
                "extras": 0,
                "total": 0
              }
            },
            {
              "batter": "HK Matthews",
              "bowler": "SR Taylor",
              "extras": {
                "wides": 1
              },
              "non_striker": "BF Smith",
              "runs": {
                "batter": 0,
                "extras": 1,
                "total": 1
              }
            },
            {
              "batter": "HK Matthews",
              "bowler": "SR Taylor",
              "non_striker": "BF Smith",
              "runs": {
                "batter": 0,
                "extras": 0,
                "total": 0
              }
            },
            {
              "batter": "HK Matthews",
              "bowler": "SR Taylor",
              "non_striker": "BF Smith",
              "runs": {
                "batter": 1,
                "extras": 0,
                "total": 1
              }
            },
            {
              "batter": "BF Smith",
              "bowler": "SR Taylor",
              "non_striker": "HK Matthews",
              "runs": {
                "batter": 1,
                "extras": 0,
                "total": 1
              }
            }
          ]
        },
        {
          "over": 8,
          "deliveries": [
            {
              "batter": "BF Smith",
              "bowler": "A Wellington",
              "non_striker": "HK Matthews",
              "runs": {
                "batter": 1,
                "extras": 0,
                "total": 1
              }
            },
            {
              "batter": "HK Matthews",
              "bowler": "A Wellington",
              "non_striker": "BF Smith",
              "runs": {
                "batter": 0,
                "extras": 0,
                "total": 0
              },
              "wickets": [
                {
                  "player_out": "HK Matthews",
                  "fielders": [
                    {
                      "name": "DN Wyatt"
                    }
                  ],
                  "kind": "caught"
                }
              ]
            },
            {
              "batter": "G Redmayne",
              "bowler": "A Wellington",
              "non_striker": "BF Smith",
              "runs": {
                "batter": 0,
                "extras": 0,
                "total": 0
              }
            },
            {
              "batter": "G Redmayne",
              "bowler": "A Wellington",
              "non_striker": "BF Smith",
              "runs": {
                "batter": 2,
                "extras": 0,
                "total": 2
              }
            },
            {
              "batter": "G Redmayne",
              "bowler": "A Wellington",
              "non_striker": "BF Smith",
              "runs": {
                "batter": 1,
                "extras": 0,
                "total": 1
              }
            }
          ]
        },
        {
          "over": 9,
          "deliveries": [
            {
              "batter": "BF Smith",
              "bowler": "DN Wyatt",
              "non_striker": "G Redmayne",
              "runs": {
                "batter": 4,
                "extras": 0,
                "total": 4
              }
            },
            {
              "batter": "BF Smith",
              "bowler": "DN Wyatt",
              "non_striker": "G Redmayne",
              "runs": {
                "batter": 0,
                "extras": 0,
                "total": 0
              }
            },
            {
              "batter": "BF Smith",
              "bowler": "DN Wyatt",
              "non_striker": "G Redmayne",
              "runs": {
                "batter": 6,
                "extras": 0,
                "total": 6
              }
            },
            {
              "batter": "BF Smith",
              "bowler": "DN Wyatt",
              "non_striker": "G Redmayne",
              "runs": {
                "batter": 0,
                "extras": 0,
                "total": 0
              },
              "wickets": [
                {
                  "player_out": "BF Smith",
                  "fielders": [
                    {
                      "name": "S Mandhana"
                    }
                  ],
                  "kind": "caught"
                }
              ]
            },
            {
              "batter": "SJ Taylor",
              "bowler": "DN Wyatt",
              "non_striker": "G Redmayne",
              "runs": {
                "batter": 0,
                "extras": 0,
                "total": 0
              }
            }
          ]
        },
        {
          "over": 10,
          "deliveries": [
            {
              "batter": "G Redmayne",
              "bowler": "FMK Morris",
              "non_striker": "SJ Taylor",
              "runs": {
                "batter": 0,
                "extras": 0,
                "total": 0
              }
            },
            {
              "batter": "G Redmayne",
              "bowler": "FMK Morris",
              "non_striker": "SJ Taylor",
              "runs": {
                "batter": 1,
                "extras": 0,
                "total": 1
              }
            },
            {
              "batter": "SJ Taylor",
              "bowler": "FMK Morris",
              "non_striker": "G Redmayne",
              "runs": {
                "batter": 1,
                "extras": 0,
                "total": 1
              }
            },
            {
              "batter": "G Redmayne",
              "bowler": "FMK Morris",
              "extras": {
                "wides": 1
              },
              "non_striker": "SJ Taylor",
              "runs": {
                "batter": 0,
                "extras": 1,
                "total": 1
              }
            },
            {
              "batter": "G Redmayne",
              "bowler": "FMK Morris",
              "non_striker": "SJ Taylor",
              "runs": {
                "batter": 4,
                "extras": 0,
                "total": 4
              }
            },
            {
              "batter": "G Redmayne",
              "bowler": "FMK Morris",
              "non_striker": "SJ Taylor",
              "runs": {
                "batter": 1,
                "extras": 0,
                "total": 1
              }
            }
          ]
        },
        {
          "over": 11,
          "deliveries": [
            {
              "batter": "SJ Taylor",
              "bowler": "SR Taylor",
              "non_striker": "G Redmayne",
              "runs": {
                "batter": 1,
                "extras": 0,
                "total": 1
              }
            },
            {
              "batter": "G Redmayne",
              "bowler": "SR Taylor",
              "non_striker": "SJ Taylor",
              "runs": {
                "batter": 1,
                "extras": 0,
                "total": 1
              }
            },
            {
              "batter": "SJ Taylor",
              "bowler": "SR Taylor",
              "non_striker": "G Redmayne",
              "runs": {
                "batter": 2,
                "extras": 0,
                "total": 2
              }
            },
            {
              "batter": "SJ Taylor",
              "bowler": "SR Taylor",
              "non_striker": "G Redmayne",
              "runs": {
                "batter": 0,
                "extras": 0,
                "total": 0
              },
              "wickets": [
                {
                  "player_out": "SJ Taylor",
                  "fielders": [
                    {
                      "name": "CE Rudd"
                    }
                  ],
                  "kind": "stumped"
                }
              ]
            },
            {
              "batter": "SN Luff",
              "bowler": "SR Taylor",
              "non_striker": "G Redmayne",
              "runs": {
                "batter": 0,
                "extras": 0,
                "total": 0
              }
            }
          ]
        },
        {
          "over": 12,
          "deliveries": [
            {
              "batter": "G Redmayne",
              "bowler": "A Wellington",
              "non_striker": "SN Luff",
              "runs": {
                "batter": 1,
                "extras": 0,
                "total": 1
              }
            },
            {
              "batter": "SN Luff",
              "bowler": "A Wellington",
              "non_striker": "G Redmayne",
              "runs": {
                "batter": 1,
                "extras": 0,
                "total": 1
              }
            },
            {
              "batter": "G Redmayne",
              "bowler": "A Wellington",
              "non_striker": "SN Luff",
              "runs": {
                "batter": 1,
                "extras": 0,
                "total": 1
              }
            },
            {
              "batter": "SN Luff",
              "bowler": "A Wellington",
              "non_striker": "G Redmayne",
              "runs": {
                "batter": 4,
                "extras": 0,
                "total": 4
              }
            },
            {
              "batter": "SN Luff",
              "bowler": "A Wellington",
              "non_striker": "G Redmayne",
              "runs": {
                "batter": 1,
                "extras": 0,
                "total": 1
              }
            }
          ]
        },
        {
          "over": 13,
          "deliveries": [
            {
              "batter": "G Redmayne",
              "bowler": "TG Norris",
              "non_striker": "SN Luff",
              "runs": {
                "batter": 1,
                "extras": 0,
                "total": 1
              }
            },
            {
              "batter": "SN Luff",
              "bowler": "TG Norris",
              "non_striker": "G Redmayne",
              "runs": {
                "batter": 1,
                "extras": 0,
                "total": 1
              }
            },
            {
              "batter": "G Redmayne",
              "bowler": "TG Norris",
              "non_striker": "SN Luff",
              "runs": {
                "batter": 0,
                "extras": 0,
                "total": 0
              }
            },
            {
              "batter": "G Redmayne",
              "bowler": "TG Norris",
              "non_striker": "SN Luff",
              "runs": {
                "batter": 4,
                "extras": 0,
                "total": 4
              }
            },
            {
              "batter": "G Redmayne",
              "bowler": "TG Norris",
              "non_striker": "SN Luff",
              "runs": {
                "batter": 1,
                "extras": 0,
                "total": 1
              }
            }
          ]
        },
        {
          "over": 14,
          "deliveries": [
            {
              "batter": "G Redmayne",
              "bowler": "FMK Morris",
              "non_striker": "SN Luff",
              "runs": {
                "batter": 1,
                "extras": 0,
                "total": 1
              }
            },
            {
              "batter": "SN Luff",
              "bowler": "FMK Morris",
              "non_striker": "G Redmayne",
              "runs": {
                "batter": 1,
                "extras": 0,
                "total": 1
              }
            },
            {
              "batter": "G Redmayne",
              "bowler": "FMK Morris",
              "non_striker": "SN Luff",
              "runs": {
                "batter": 1,
                "extras": 0,
                "total": 1
              }
            },
            {
              "batter": "SN Luff",
              "bowler": "FMK Morris",
              "non_striker": "G Redmayne",
              "runs": {
                "batter": 1,
                "extras": 0,
                "total": 1
              }
            },
            {
              "batter": "G Redmayne",
              "bowler": "FMK Morris",
              "non_striker": "SN Luff",
              "runs": {
                "batter": 1,
                "extras": 0,
                "total": 1
              }
            }
          ]
        },
        {
          "over": 15,
          "deliveries": [
            {
              "batter": "SN Luff",
              "bowler": "SR Taylor",
              "non_striker": "G Redmayne",
              "runs": {
                "batter": 0,
                "extras": 0,
                "total": 0
              }
            },
            {
              "batter": "SN Luff",
              "bowler": "SR Taylor",
              "non_striker": "G Redmayne",
              "runs": {
                "batter": 0,
                "extras": 0,
                "total": 0
              }
            },
            {
              "batter": "SN Luff",
              "bowler": "SR Taylor",
              "non_striker": "G Redmayne",
              "runs": {
                "batter": 1,
                "extras": 0,
                "total": 1
              }
            },
            {
              "batter": "G Redmayne",
              "bowler": "SR Taylor",
              "non_striker": "SN Luff",
              "runs": {
                "batter": 1,
                "extras": 0,
                "total": 1
              }
            },
            {
              "batter": "SN Luff",
              "bowler": "SR Taylor",
              "non_striker": "G Redmayne",
              "runs": {
                "batter": 6,
                "extras": 0,
                "total": 6
              }
            }
          ]
        },
        {
          "over": 16,
          "deliveries": [
            {
              "batter": "G Redmayne",
              "bowler": "A Wellington",
              "non_striker": "SN Luff",
              "runs": {
                "batter": 4,
                "extras": 0,
                "total": 4
              }
            },
            {
              "batter": "G Redmayne",
              "bowler": "A Wellington",
              "non_striker": "SN Luff",
              "runs": {
                "batter": 1,
                "extras": 0,
                "total": 1
              }
            },
            {
              "batter": "SN Luff",
              "bowler": "A Wellington",
              "non_striker": "G Redmayne",
              "runs": {
                "batter": 6,
                "extras": 0,
                "total": 6
              }
            },
            {
              "batter": "SN Luff",
              "bowler": "A Wellington",
              "non_striker": "G Redmayne",
              "runs": {
                "batter": 1,
                "extras": 0,
                "total": 1
              }
            },
            {
              "batter": "G Redmayne",
              "bowler": "A Wellington",
              "non_striker": "SN Luff",
              "runs": {
                "batter": 1,
                "extras": 0,
                "total": 1
              }
            }
          ]
        },
        {
          "over": 17,
          "deliveries": [
            {
              "batter": "SN Luff",
              "bowler": "LK Bell",
              "non_striker": "G Redmayne",
              "runs": {
                "batter": 1,
                "extras": 0,
                "total": 1
              }
            },
            {
              "batter": "G Redmayne",
              "bowler": "LK Bell",
              "non_striker": "SN Luff",
              "runs": {
                "batter": 1,
                "extras": 0,
                "total": 1
              }
            },
            {
              "batter": "SN Luff",
              "bowler": "LK Bell",
              "non_striker": "G Redmayne",
              "runs": {
                "batter": 1,
                "extras": 0,
                "total": 1
              }
            },
            {
              "batter": "G Redmayne",
              "bowler": "LK Bell",
              "non_striker": "SN Luff",
              "runs": {
                "batter": 0,
                "extras": 0,
                "total": 0
              }
            },
            {
              "batter": "G Redmayne",
              "bowler": "LK Bell",
              "non_striker": "SN Luff",
              "runs": {
                "batter": 2,
                "extras": 0,
                "total": 2
              }
            }
          ]
        },
        {
          "over": 18,
          "deliveries": [
            {
              "batter": "SN Luff",
              "bowler": "FMK Morris",
              "non_striker": "G Redmayne",
              "runs": {
                "batter": 0,
                "extras": 0,
                "total": 0
              }
            },
            {
              "batter": "SN Luff",
              "bowler": "FMK Morris",
              "non_striker": "G Redmayne",
              "runs": {
                "batter": 0,
                "extras": 0,
                "total": 0
              }
            },
            {
              "batter": "SN Luff",
              "bowler": "FMK Morris",
              "non_striker": "G Redmayne",
              "runs": {
                "batter": 1,
                "extras": 0,
                "total": 1
              }
            },
            {
              "batter": "G Redmayne",
              "bowler": "FMK Morris",
              "non_striker": "SN Luff",
              "runs": {
                "batter": 1,
                "extras": 0,
                "total": 1
              }
            },
            {
              "batter": "SN Luff",
              "bowler": "FMK Morris",
              "non_striker": "G Redmayne",
              "runs": {
                "batter": 4,
                "extras": 0,
                "total": 4
              }
            }
          ]
        },
        {
          "over": 19,
          "deliveries": [
            {
              "batter": "SN Luff",
              "bowler": "TG Norris",
              "extras": {
                "byes": 1
              },
              "non_striker": "G Redmayne",
              "runs": {
                "batter": 0,
                "extras": 1,
                "total": 1
              }
            },
            {
              "batter": "G Redmayne",
              "bowler": "TG Norris",
              "non_striker": "SN Luff",
              "runs": {
                "batter": 2,
                "extras": 0,
                "total": 2
              }
            },
            {
              "batter": "G Redmayne",
              "bowler": "TG Norris",
              "non_striker": "SN Luff",
              "runs": {
                "batter": 1,
                "extras": 0,
                "total": 1
              }
            },
            {
              "batter": "SN Luff",
              "bowler": "TG Norris",
              "non_striker": "G Redmayne",
              "runs": {
                "batter": 0,
                "extras": 0,
                "total": 0
              },
              "wickets": [
                {
                  "player_out": "SN Luff",
                  "fielders": [
                    {
                      "name": "S Mandhana"
                    }
                  ],
                  "kind": "caught"
                }
              ]
            },
            {
              "batter": "AJ Macleod",
              "bowler": "TG Norris",
              "non_striker": "G Redmayne",
              "runs": {
                "batter": 1,
                "extras": 0,
                "total": 1
              }
            }
          ]
        }
      ],
      "powerplays": [
        {
          "from": 0.1,
          "to": 4.5,
          "type": "mandatory"
        }
      ],
      "target": {
        "overs": 20,
        "runs": 167
      }
    }
  ]
}