{
  "meta": {
    "data_version": "1.0.0",
    "created": "2021-08-04",
    "revision": 1
  },
  "info": {
    "balls_per_over": 5,
    "city": "London",
    "dates": [
      "2021-08-03"
    ],
    "event": {
      "name": "The Hundred Women's Competition",
      "match_number": 17
    },
    "gender": "female",
    "match_type": "T20",
    "officials": {
      "match_referees": [
        "TJ Boon"
      ],
      "reserve_umpires": [
        "Y Dolphin-Cooper"
      ],
      "tv_umpires": [
        "RT Robinson"
      ],
      "umpires": [
        "AY Harris",
        "RJ Bailey"
      ]
    },
    "outcome": {
      "winner": "London Spirit",
      "by": {
        "wickets": 7
      }
    },
    "overs": 20,
    "player_of_match": [
      "DJS Dottin"
    ],
    "players": {
      "Northern Superchargers": [
        "L Winfield",
        "JI Rodrigues",
        "L Wolvaardt",
        "AN Davidson-Richards",
        "L Harris",
        "BAM Heath",
        "LCN Smith",
        "K Moore",
        "EA Russell",
        "PC Graham",
        "KA Levick"
      ],
      "London Spirit": [
        "ND Dattani",
        "TT Beaumont",
        "HC Knight",
        "DJS Dottin",
        "DR Gibson",
        "DB Sharma",
        "CL Tryon",
        "CE Dean",
        "AD Carr",
        "FR Davies",
        "S Munro"
      ]
    },
    "registry": {
      "people": {
        "AD Carr": "c3f4dc55",
        "AN Davidson-Richards": "35828bdd",
        "AY Harris": "90d95b82",
        "BAM Heath": "3b5a9438",
        "CE Dean": "c6625a26",
        "CL Tryon": "4d4605e6",
        "DB Sharma": "201fef33",
        "DJS Dottin": "53bee17f",
        "DR Gibson": "d2763568",
        "EA Russell": "708584cf",
        "FR Davies": "2479daa6",
        "HC Knight": "4ba0289e",
        "JI Rodrigues": "cb08b611",
        "K Moore": "d12c8445",
        "KA Levick": "8f30d191",
        "L Harris": "36e2dc83",
        "L Winfield": "5230a33d",
        "L Wolvaardt": "e60f81c9",
        "LCN Smith": "340202b0",
        "ND Dattani": "13c19f32",
        "PC Graham": "b5c83d22",
        "RJ Bailey": "6bd04fa5",
        "RT Robinson": "b143c87d",
        "S Munro": "b4e026de",
        "TJ Boon": "0bdf177a",
        "TT Beaumont": "b2664905",
        "Y Dolphin-Cooper": "87568a36"
      }
    },
    "season": "2021",
    "team_type": "club",
    "teams": [
      "Northern Superchargers",
      "London Spirit"
    ],
    "toss": {
      "decision": "bat",
      "winner": "Northern Superchargers"
    },
    "venue": "Lord's, London"
  },
  "innings": [
    {
      "team": "Northern Superchargers",
      "overs": [
        {
          "over": 0,
          "deliveries": [
            {
              "batter": "L Winfield",
              "bowler": "DB Sharma",
              "non_striker": "JI Rodrigues",
              "runs": {
                "batter": 0,
                "extras": 0,
                "total": 0
              }
            },
            {
              "batter": "L Winfield",
              "bowler": "DB Sharma",
              "non_striker": "JI Rodrigues",
              "runs": {
                "batter": 1,
                "extras": 0,
                "total": 1
              }
            },
            {
              "batter": "JI Rodrigues",
              "bowler": "DB Sharma",
              "non_striker": "L Winfield",
              "runs": {
                "batter": 0,
                "extras": 0,
                "total": 0
              }
            },
            {
              "batter": "JI Rodrigues",
              "bowler": "DB Sharma",
              "non_striker": "L Winfield",
              "runs": {
                "batter": 4,
                "extras": 0,
                "total": 4
              }
            },
            {
              "batter": "JI Rodrigues",
              "bowler": "DB Sharma",
              "non_striker": "L Winfield",
              "runs": {
                "batter": 1,
                "extras": 0,
                "total": 1
              }
            }
          ]
        },
        {
          "over": 1,
          "deliveries": [
            {
              "batter": "L Winfield",
              "bowler": "S Munro",
              "non_striker": "JI Rodrigues",
              "runs": {
                "batter": 0,
                "extras": 0,
                "total": 0
              }
            },
            {
              "batter": "L Winfield",
              "bowler": "S Munro",
              "extras": {
                "wides": 1
              },
              "non_striker": "JI Rodrigues",
              "runs": {
                "batter": 0,
                "extras": 1,
                "total": 1
              }
            },
            {
              "batter": "L Winfield",
              "bowler": "S Munro",
              "extras": {
                "wides": 1
              },
              "non_striker": "JI Rodrigues",
              "runs": {
                "batter": 0,
                "extras": 1,
                "total": 1
              }
            },
            {
              "batter": "L Winfield",
              "bowler": "S Munro",
              "non_striker": "JI Rodrigues",
              "runs": {
                "batter": 0,
                "extras": 0,
                "total": 0
              }
            },
            {
              "batter": "L Winfield",
              "bowler": "S Munro",
              "non_striker": "JI Rodrigues",
              "runs": {
                "batter": 0,
                "extras": 0,
                "total": 0
              },
              "wickets": [
                {
                  "player_out": "L Winfield",
                  "fielders": [
                    {
                      "name": "HC Knight"
                    }
                  ],
                  "kind": "caught"
                }
              ]
            },
            {
              "batter": "L Wolvaardt",
              "bowler": "S Munro",
              "non_striker": "JI Rodrigues",
              "runs": {
                "batter": 2,
                "extras": 0,
                "total": 2
              }
            },
            {
              "batter": "L Wolvaardt",
              "bowler": "S Munro",
              "non_striker": "JI Rodrigues",
              "runs": {
                "batter": 4,
                "extras": 0,
                "total": 4
              }
            }
          ]
        },
        {
          "over": 2,
          "deliveries": [
            {
              "batter": "JI Rodrigues",
              "bowler": "FR Davies",
              "non_striker": "L Wolvaardt",
              "runs": {
                "batter": 0,
                "extras": 0,
                "total": 0
              }
            },
            {
              "batter": "JI Rodrigues",
              "bowler": "FR Davies",
              "non_striker": "L Wolvaardt",
              "runs": {
                "batter": 0,
                "extras": 0,
                "total": 0
              }
            },
            {
              "batter": "JI Rodrigues",
              "bowler": "FR Davies",
              "non_striker": "L Wolvaardt",
              "runs": {
                "batter": 1,
                "extras": 0,
                "total": 1
              }
            },
            {
              "batter": "L Wolvaardt",
              "bowler": "FR Davies",
              "non_striker": "JI Rodrigues",
              "runs": {
                "batter": 4,
                "extras": 0,
                "total": 4
              }
            },
            {
              "batter": "L Wolvaardt",
              "bowler": "FR Davies",
              "non_striker": "JI Rodrigues",
              "runs": {
                "batter": 0,
                "extras": 0,
                "total": 0
              }
            }
          ]
        },
        {
          "over": 3,
          "deliveries": [
            {
              "batter": "L Wolvaardt",
              "bowler": "DB Sharma",
              "extras": {
                "wides": 1
              },
              "non_striker": "JI Rodrigues",
              "runs": {
                "batter": 0,
                "extras": 1,
                "total": 1
              }
            },
            {
              "batter": "L Wolvaardt",
              "bowler": "DB Sharma",
              "non_striker": "JI Rodrigues",
              "runs": {
                "batter": 1,
                "extras": 0,
                "total": 1
              }
            },
            {
              "batter": "JI Rodrigues",
              "bowler": "DB Sharma",
              "non_striker": "L Wolvaardt",
              "runs": {
                "batter": 0,
                "extras": 0,
                "total": 0
              }
            },
            {
              "batter": "JI Rodrigues",
              "bowler": "DB Sharma",
              "non_striker": "L Wolvaardt",
              "runs": {
                "batter": 0,
                "extras": 0,
                "total": 0
              }
            },
            {
              "batter": "JI Rodrigues",
              "bowler": "DB Sharma",
              "non_striker": "L Wolvaardt",
              "runs": {
                "batter": 1,
                "extras": 0,
                "total": 1
              }
            },
            {
              "batter": "L Wolvaardt",
              "bowler": "DB Sharma",
              "non_striker": "JI Rodrigues",
              "runs": {
                "batter": 1,
                "extras": 0,
                "total": 1
              }
            }
          ]
        },
        {
          "over": 4,
          "deliveries": [
            {
              "batter": "L Wolvaardt",
              "bowler": "FR Davies",
              "non_striker": "JI Rodrigues",
              "runs": {
                "batter": 0,
                "extras": 0,
                "total": 0
              }
            },
            {
              "batter": "L Wolvaardt",
              "bowler": "FR Davies",
              "non_striker": "JI Rodrigues",
              "runs": {
                "batter": 0,
                "extras": 0,
                "total": 0
              }
            },
            {
              "batter": "L Wolvaardt",
              "bowler": "FR Davies",
              "extras": {
                "wides": 2
              },
              "non_striker": "JI Rodrigues",
              "runs": {
                "batter": 0,
                "extras": 2,
                "total": 2
              }
            },
            {
              "batter": "JI Rodrigues",
              "bowler": "FR Davies",
              "non_striker": "L Wolvaardt",
              "runs": {
                "batter": 0,
                "extras": 0,
                "total": 0
              }
            },
            {
              "batter": "JI Rodrigues",
              "bowler": "FR Davies",
              "non_striker": "L Wolvaardt",
              "runs": {
                "batter": 1,
                "extras": 0,
                "total": 1
              }
            },
            {
              "batter": "L Wolvaardt",
              "bowler": "FR Davies",
              "non_striker": "JI Rodrigues",
              "runs": {
                "batter": 0,
                "extras": 0,
                "total": 0
              }
            }
          ]
        },
        {
          "over": 5,
          "deliveries": [
            {
              "batter": "L Wolvaardt",
              "bowler": "DR Gibson",
              "non_striker": "JI Rodrigues",
              "runs": {
                "batter": 1,
                "extras": 0,
                "total": 1
              }
            },
            {
              "batter": "JI Rodrigues",
              "bowler": "DR Gibson",
              "non_striker": "L Wolvaardt",
              "runs": {
                "batter": 4,
                "extras": 0,
                "total": 4
              }
            },
            {
              "batter": "JI Rodrigues",
              "bowler": "DR Gibson",
              "non_striker": "L Wolvaardt",
              "runs": {
                "batter": 0,
                "extras": 0,
                "total": 0
              }
            },
            {
              "batter": "JI Rodrigues",
              "bowler": "DR Gibson",
              "non_striker": "L Wolvaardt",
              "runs": {
                "batter": 1,
                "extras": 0,
                "total": 1
              }
            },
            {
              "batter": "L Wolvaardt",
              "bowler": "DR Gibson",
              "non_striker": "JI Rodrigues",
              "runs": {
                "batter": 2,
                "extras": 0,
                "total": 2
              }
            }
          ]
        },
        {
          "over": 6,
          "deliveries": [
            {
              "batter": "JI Rodrigues",
              "bowler": "CE Dean",
              "non_striker": "L Wolvaardt",
              "runs": {
                "batter": 0,
                "extras": 0,
                "total": 0
              }
            },
            {
              "batter": "JI Rodrigues",
              "bowler": "CE Dean",
              "non_striker": "L Wolvaardt",
              "runs": {
                "batter": 1,
                "extras": 0,
                "total": 1
              }
            },
            {
              "batter": "L Wolvaardt",
              "bowler": "CE Dean",
              "non_striker": "JI Rodrigues",
              "runs": {
                "batter": 1,
                "extras": 0,
                "total": 1
              }
            },
            {
              "batter": "JI Rodrigues",
              "bowler": "CE Dean",
              "non_striker": "L Wolvaardt",
              "runs": {
                "batter": 1,
                "extras": 0,
                "total": 1
              }
            },
            {
              "batter": "L Wolvaardt",
              "bowler": "CE Dean",
              "non_striker": "JI Rodrigues",
              "runs": {
                "batter": 1,
                "extras": 0,
                "total": 1
              }
            }
          ]
        },
        {
          "over": 7,
          "deliveries": [
            {
              "batter": "JI Rodrigues",
              "bowler": "CE Dean",
              "non_striker": "L Wolvaardt",
              "runs": {
                "batter": 1,
                "extras": 0,
                "total": 1
              }
            },
            {
              "batter": "L Wolvaardt",
              "bowler": "CE Dean",
              "non_striker": "JI Rodrigues",
              "runs": {
                "batter": 4,
                "extras": 0,
                "total": 4
              }
            },
            {
              "batter": "L Wolvaardt",
              "bowler": "CE Dean",
              "non_striker": "JI Rodrigues",
              "runs": {
                "batter": 0,
                "extras": 0,
                "total": 0
              }
            },
            {
              "batter": "L Wolvaardt",
              "bowler": "CE Dean",
              "non_striker": "JI Rodrigues",
              "runs": {
                "batter": 0,
                "extras": 0,
                "total": 0
              }
            },
            {
              "batter": "L Wolvaardt",
              "bowler": "CE Dean",
              "non_striker": "JI Rodrigues",
              "runs": {
                "batter": 0,
                "extras": 0,
                "total": 0
              }
            }
          ]
        },
        {
          "over": 8,
          "deliveries": [
            {
              "batter": "JI Rodrigues",
              "bowler": "HC Knight",
              "non_striker": "L Wolvaardt",
              "runs": {
                "batter": 0,
                "extras": 0,
                "total": 0
              }
            },
            {
              "batter": "JI Rodrigues",
              "bowler": "HC Knight",
              "non_striker": "L Wolvaardt",
              "runs": {
                "batter": 2,
                "extras": 0,
                "total": 2
              }
            },
            {
              "batter": "JI Rodrigues",
              "bowler": "HC Knight",
              "non_striker": "L Wolvaardt",
              "runs": {
                "batter": 2,
                "extras": 0,
                "total": 2
              }
            },
            {
              "batter": "JI Rodrigues",
              "bowler": "HC Knight",
              "non_striker": "L Wolvaardt",
              "runs": {
                "batter": 4,
                "extras": 0,
                "total": 4
              }
            },
            {
              "batter": "JI Rodrigues",
              "bowler": "HC Knight",
              "non_striker": "L Wolvaardt",
              "runs": {
                "batter": 0,
                "extras": 0,
                "total": 0
              }
            }
          ]
        },
        {
          "over": 9,
          "deliveries": [
            {
              "batter": "JI Rodrigues",
              "bowler": "DR Gibson",
              "non_striker": "L Wolvaardt",
              "runs": {
                "batter": 4,
                "extras": 0,
                "total": 4
              }
            },
            {
              "batter": "JI Rodrigues",
              "bowler": "DR Gibson",
              "non_striker": "L Wolvaardt",
              "runs": {
                "batter": 1,
                "extras": 0,
                "total": 1
              }
            },
            {
              "batter": "L Wolvaardt",
              "bowler": "DR Gibson",
              "non_striker": "JI Rodrigues",
              "runs": {
                "batter": 0,
                "extras": 0,
                "total": 0
              }
            },
            {
              "batter": "L Wolvaardt",
              "bowler": "DR Gibson",
              "non_striker": "JI Rodrigues",
              "runs": {
                "batter": 1,
                "extras": 0,
                "total": 1
              }
            },
            {
              "batter": "JI Rodrigues",
              "bowler": "DR Gibson",
              "non_striker": "L Wolvaardt",
              "runs": {
                "batter": 4,
                "extras": 0,
                "total": 4
              }
            }
          ]
        },
        {
          "over": 10,
          "deliveries": [
            {
              "batter": "L Wolvaardt",
              "bowler": "S Munro",
              "non_striker": "JI Rodrigues",
              "runs": {
                "batter": 0,
                "extras": 0,
                "total": 0
              }
            },
            {
              "batter": "L Wolvaardt",
              "bowler": "S Munro",
              "non_striker": "JI Rodrigues",
              "runs": {
                "batter": 0,
                "extras": 0,
                "total": 0
              },
              "wickets": [
                {
                  "player_out": "L Wolvaardt",
                  "fielders": [
                    {
                      "name": "HC Knight"
                    }
                  ],
                  "kind": "caught"
                }
              ]
            },
            {
              "batter": "AN Davidson-Richards",
              "bowler": "S Munro",
              "non_striker": "JI Rodrigues",
              "runs": {
                "batter": 2,
                "extras": 0,
                "total": 2
              }
            },
            {
              "batter": "AN Davidson-Richards",
              "bowler": "S Munro",
              "non_striker": "JI Rodrigues",
              "runs": {
                "batter": 1,
                "extras": 0,
                "total": 1
              }
            },
            {
              "batter": "JI Rodrigues",
              "bowler": "S Munro",
              "non_striker": "AN Davidson-Richards",
              "runs": {
                "batter": 1,
                "extras": 0,
                "total": 1
              }
            }
          ]
        },
        {
          "over": 11,
          "deliveries": [
            {
              "batter": "AN Davidson-Richards",
              "bowler": "HC Knight",
              "non_striker": "JI Rodrigues",
              "runs": {
                "batter": 1,
                "extras": 0,
                "total": 1
              }
            },
            {
              "batter": "JI Rodrigues",
              "bowler": "HC Knight",
              "non_striker": "AN Davidson-Richards",
              "runs": {
                "batter": 4,
                "extras": 0,
                "total": 4
              }
            },
            {
              "batter": "JI Rodrigues",
              "bowler": "HC Knight",
              "non_striker": "AN Davidson-Richards",
              "runs": {
                "batter": 0,
                "extras": 0,
                "total": 0
              }
            },
            {
              "batter": "JI Rodrigues",
              "bowler": "HC Knight",
              "non_striker": "AN Davidson-Richards",
              "runs": {
                "batter": 2,
                "extras": 0,
                "total": 2
              }
            },
            {
              "batter": "JI Rodrigues",
              "bowler": "HC Knight",
              "non_striker": "AN Davidson-Richards",
              "runs": {
                "batter": 1,
                "extras": 0,
                "total": 1
              }
            }
          ]
        },
        {
          "over": 12,
          "deliveries": [
            {
              "batter": "JI Rodrigues",
              "bowler": "CE Dean",
              "non_striker": "AN Davidson-Richards",
              "runs": {
                "batter": 4,
                "extras": 0,
                "total": 4
              }
            },
            {
              "batter": "JI Rodrigues",
              "bowler": "CE Dean",
              "non_striker": "AN Davidson-Richards",
              "runs": {
                "batter": 0,
                "extras": 0,
                "total": 0
              }
            },
            {
              "batter": "JI Rodrigues",
              "bowler": "CE Dean",
              "non_striker": "AN Davidson-Richards",
              "runs": {
                "batter": 1,
                "extras": 0,
                "total": 1
              }
            },
            {
              "batter": "AN Davidson-Richards",
              "bowler": "CE Dean",
              "non_striker": "JI Rodrigues",
              "runs": {
                "batter": 1,
                "extras": 0,
                "total": 1
              }
            },
            {
              "batter": "JI Rodrigues",
              "bowler": "CE Dean",
              "non_striker": "AN Davidson-Richards",
              "runs": {
                "batter": 1,
                "extras": 0,
                "total": 1
              }
            }
          ]
        },
        {
          "over": 13,
          "deliveries": [
            {
              "batter": "AN Davidson-Richards",
              "bowler": "DR Gibson",
              "non_striker": "JI Rodrigues",
              "runs": {
                "batter": 0,
                "extras": 0,
                "total": 0
              }
            },
            {
              "batter": "AN Davidson-Richards",
              "bowler": "DR Gibson",
              "non_striker": "JI Rodrigues",
              "runs": {
                "batter": 0,
                "extras": 0,
                "total": 0
              }
            },
            {
              "batter": "AN Davidson-Richards",
              "bowler": "DR Gibson",
              "non_striker": "JI Rodrigues",
              "runs": {
                "batter": 1,
                "extras": 0,
                "total": 1
              }
            },
            {
              "batter": "JI Rodrigues",
              "bowler": "DR Gibson",
              "non_striker": "AN Davidson-Richards",
              "runs": {
                "batter": 1,
                "extras": 0,
                "total": 1
              }
            },
            {
              "batter": "AN Davidson-Richards",
              "bowler": "DR Gibson",
              "non_striker": "JI Rodrigues",
              "runs": {
                "batter": 1,
                "extras": 0,
                "total": 1
              }
            }
          ]
        },
        {
          "over": 14,
          "deliveries": [
            {
              "batter": "AN Davidson-Richards",
              "bowler": "DB Sharma",
              "non_striker": "JI Rodrigues",
              "runs": {
                "batter": 1,
                "extras": 0,
                "total": 1
              }
            },
            {
              "batter": "JI Rodrigues",
              "bowler": "DB Sharma",
              "non_striker": "AN Davidson-Richards",
              "runs": {
                "batter": 1,
                "extras": 0,
                "total": 1
              }
            },
            {
              "batter": "AN Davidson-Richards",
              "bowler": "DB Sharma",
              "non_striker": "JI Rodrigues",
              "runs": {
                "batter": 0,
                "extras": 0,
                "total": 0
              }
            },
            {
              "batter": "AN Davidson-Richards",
              "bowler": "DB Sharma",
              "non_striker": "JI Rodrigues",
              "runs": {
                "batter": 1,
                "extras": 0,
                "total": 1
              }
            },
            {
              "batter": "JI Rodrigues",
              "bowler": "DB Sharma",
              "non_striker": "AN Davidson-Richards",
              "runs": {
                "batter": 2,
                "extras": 0,
                "total": 2
              }
            }
          ]
        },
        {
          "over": 15,
          "deliveries": [
            {
              "batter": "JI Rodrigues",
              "bowler": "S Munro",
              "non_striker": "AN Davidson-Richards",
              "runs": {
                "batter": 2,
                "extras": 0,
                "total": 2
              }
            },
            {
              "batter": "JI Rodrigues",
              "bowler": "S Munro",
              "non_striker": "AN Davidson-Richards",
              "runs": {
                "batter": 1,
                "extras": 0,
                "total": 1
              }
            },
            {
              "batter": "AN Davidson-Richards",
              "bowler": "S Munro",
              "non_striker": "JI Rodrigues",
              "runs": {
                "batter": 0,
                "extras": 0,
                "total": 0
              }
            },
            {
              "batter": "AN Davidson-Richards",
              "bowler": "S Munro",
              "non_striker": "JI Rodrigues",
              "runs": {
                "batter": 4,
                "extras": 0,
                "total": 4
              }
            },
            {
              "batter": "AN Davidson-Richards",
              "bowler": "S Munro",
              "non_striker": "JI Rodrigues",
              "runs": {
                "batter": 1,
                "extras": 0,
                "total": 1
              }
            }
          ]
        },
        {
          "over": 16,
          "deliveries": [
            {
              "batter": "AN Davidson-Richards",
              "bowler": "CE Dean",
              "non_striker": "JI Rodrigues",
              "runs": {
                "batter": 1,
                "extras": 0,
                "total": 1
              }
            },
            {
              "batter": "JI Rodrigues",
              "bowler": "CE Dean",
              "non_striker": "AN Davidson-Richards",
              "runs": {
                "batter": 2,
                "extras": 0,
                "total": 2
              }
            },
            {
              "batter": "JI Rodrigues",
              "bowler": "CE Dean",
              "non_striker": "AN Davidson-Richards",
              "runs": {
                "batter": 1,
                "extras": 0,
                "total": 1
              }
            },
            {
              "batter": "AN Davidson-Richards",
              "bowler": "CE Dean",
              "non_striker": "JI Rodrigues",
              "runs": {
                "batter": 0,
                "extras": 0,
                "total": 0
              }
            },
            {
              "batter": "AN Davidson-Richards",
              "bowler": "CE Dean",
              "non_striker": "JI Rodrigues",
              "runs": {
                "batter": 6,
                "extras": 0,
                "total": 6
              }
            }
          ]
        },
        {
          "over": 17,
          "deliveries": [
            {
              "batter": "AN Davidson-Richards",
              "bowler": "FR Davies",
              "non_striker": "JI Rodrigues",
              "runs": {
                "batter": 0,
                "extras": 0,
                "total": 0
              }
            },
            {
              "batter": "AN Davidson-Richards",
              "bowler": "FR Davies",
              "non_striker": "JI Rodrigues",
              "runs": {
                "batter": 1,
                "extras": 0,
                "total": 1
              }
            },
            {
              "batter": "JI Rodrigues",
              "bowler": "FR Davies",
              "non_striker": "AN Davidson-Richards",
              "runs": {
                "batter": 0,
                "extras": 0,
                "total": 0
              }
            },
            {
              "batter": "JI Rodrigues",
              "bowler": "FR Davies",
              "non_striker": "AN Davidson-Richards",
              "runs": {
                "batter": 0,
                "extras": 0,
                "total": 0
              },
              "wickets": [
                {
                  "player_out": "JI Rodrigues",
                  "fielders": [
                    {
                      "name": "CL Tryon"
                    }
                  ],
                  "kind": "caught"
                }
              ]
            },
            {
              "batter": "L Harris",
              "bowler": "FR Davies",
              "non_striker": "AN Davidson-Richards",
              "runs": {
                "batter": 1,
                "extras": 0,
                "total": 1
              }
            }
          ]
        },
        {
          "over": 18,
          "deliveries": [
            {
              "batter": "L Harris",
              "bowler": "DB Sharma",
              "non_striker": "AN Davidson-Richards",
              "runs": {
                "batter": 2,
                "extras": 0,
                "total": 2
              }
            },
            {
              "batter": "L Harris",
              "bowler": "DB Sharma",
              "non_striker": "AN Davidson-Richards",
              "runs": {
                "batter": 1,
                "extras": 0,
                "total": 1
              }
            },
            {
              "batter": "AN Davidson-Richards",
              "bowler": "DB Sharma",
              "non_striker": "L Harris",
              "runs": {
                "batter": 0,
                "extras": 0,
                "total": 0
              }
            },
            {
              "batter": "AN Davidson-Richards",
              "bowler": "DB Sharma",
              "non_striker": "L Harris",
              "runs": {
                "batter": 0,
                "extras": 0,
                "total": 0
              },
              "wickets": [
                {
                  "player_out": "AN Davidson-Richards",
                  "fielders": [
                    {
                      "name": "DR Gibson"
                    }
                  ],
                  "kind": "caught"
                }
              ]
            },
            {
              "batter": "BAM Heath",
              "bowler": "DB Sharma",
              "non_striker": "L Harris",
              "runs": {
                "batter": 1,
                "extras": 0,
                "total": 1
              }
            }
          ]
        },
        {
          "over": 19,
          "deliveries": [
            {
              "batter": "L Harris",
              "bowler": "FR Davies",
              "non_striker": "BAM Heath",
              "runs": {
                "batter": 6,
                "extras": 0,
                "total": 6
              }
            },
            {
              "batter": "L Harris",
              "bowler": "FR Davies",
              "non_striker": "BAM Heath",
              "runs": {
                "batter": 4,
                "extras": 0,
                "total": 4
              }
            },
            {
              "batter": "L Harris",
              "bowler": "FR Davies",
              "non_striker": "BAM Heath",
              "runs": {
                "batter": 1,
                "extras": 0,
                "total": 1
              }
            },
            {
              "batter": "BAM Heath",
              "bowler": "FR Davies",
              "non_striker": "L Harris",
              "runs": {
                "batter": 1,
                "extras": 0,
                "total": 1
              },
              "wickets": [
                {
                  "player_out": "BAM Heath",
                  "kind": "run out"
                }
              ]
            },
            {
              "batter": "LCN Smith",
              "bowler": "FR Davies",
              "non_striker": "L Harris",
              "runs": {
                "batter": 2,
                "extras": 0,
                "total": 2
              }
            }
          ]
        }
      ],
      "powerplays": [
        {
          "from": 0.1,
          "to": 4.6,
          "type": "mandatory"
        }
      ]
    },
    {
      "team": "London Spirit",
      "overs": [
        {
          "over": 0,
          "deliveries": [
            {
              "batter": "ND Dattani",
              "bowler": "K Moore",
              "non_striker": "TT Beaumont",
              "runs": {
                "batter": 0,
                "extras": 0,
                "total": 0
              }
            },
            {
              "batter": "ND Dattani",
              "bowler": "K Moore",
              "non_striker": "TT Beaumont",
              "runs": {
                "batter": 2,
                "extras": 0,
                "total": 2
              }
            },
            {
              "batter": "ND Dattani",
              "bowler": "K Moore",
              "non_striker": "TT Beaumont",
              "runs": {
                "batter": 1,
                "extras": 0,
                "total": 1
              }
            },
            {
              "batter": "TT Beaumont",
              "bowler": "K Moore",
              "non_striker": "ND Dattani",
              "runs": {
                "batter": 0,
                "extras": 0,
                "total": 0
              }
            },
            {
              "batter": "TT Beaumont",
              "bowler": "K Moore",
              "non_striker": "ND Dattani",
              "runs": {
                "batter": 0,
                "extras": 0,
                "total": 0
              }
            }
          ]
        },
        {
          "over": 1,
          "deliveries": [
            {
              "batter": "TT Beaumont",
              "bowler": "EA Russell",
              "non_striker": "ND Dattani",
              "runs": {
                "batter": 1,
                "extras": 0,
                "total": 1
              }
            },
            {
              "batter": "ND Dattani",
              "bowler": "EA Russell",
              "non_striker": "TT Beaumont",
              "runs": {
                "batter": 4,
                "extras": 0,
                "total": 4
              }
            },
            {
              "batter": "ND Dattani",
              "bowler": "EA Russell",
              "non_striker": "TT Beaumont",
              "runs": {
                "batter": 1,
                "extras": 0,
                "total": 1
              }
            },
            {
              "batter": "TT Beaumont",
              "bowler": "EA Russell",
              "non_striker": "ND Dattani",
              "runs": {
                "batter": 0,
                "extras": 0,
                "total": 0
              }
            },
            {
              "batter": "TT Beaumont",
              "bowler": "EA Russell",
              "non_striker": "ND Dattani",
              "runs": {
                "batter": 4,
                "extras": 0,
                "total": 4
              }
            }
          ]
        },
        {
          "over": 2,
          "deliveries": [
            {
              "batter": "ND Dattani",
              "bowler": "LCN Smith",
              "non_striker": "TT Beaumont",
              "runs": {
                "batter": 0,
                "extras": 0,
                "total": 0
              }
            },
            {
              "batter": "ND Dattani",
              "bowler": "LCN Smith",
              "non_striker": "TT Beaumont",
              "runs": {
                "batter": 0,
                "extras": 0,
                "total": 0
              },
              "wickets": [
                {
                  "player_out": "ND Dattani",
                  "fielders": [
                    {
                      "name": "EA Russell"
                    }
                  ],
                  "kind": "caught"
                }
              ]
            },
            {
              "batter": "HC Knight",
              "bowler": "LCN Smith",
              "non_striker": "TT Beaumont",
              "runs": {
                "batter": 0,
                "extras": 0,
                "total": 0
              }
            },
            {
              "batter": "HC Knight",
              "bowler": "LCN Smith",
              "non_striker": "TT Beaumont",
              "runs": {
                "batter": 1,
                "extras": 0,
                "total": 1
              }
            },
            {
              "batter": "TT Beaumont",
              "bowler": "LCN Smith",
              "non_striker": "HC Knight",
              "runs": {
                "batter": 0,
                "extras": 0,
                "total": 0
              }
            }
          ]
        },
        {
          "over": 3,
          "deliveries": [
            {
              "batter": "TT Beaumont",
              "bowler": "AN Davidson-Richards",
              "non_striker": "HC Knight",
              "runs": {
                "batter": 1,
                "extras": 0,
                "total": 1
              }
            },
            {
              "batter": "HC Knight",
              "bowler": "AN Davidson-Richards",
              "non_striker": "TT Beaumont",
              "runs": {
                "batter": 1,
                "extras": 0,
                "total": 1
              }
            },
            {
              "batter": "TT Beaumont",
              "bowler": "AN Davidson-Richards",
              "non_striker": "HC Knight",
              "runs": {
                "batter": 4,
                "extras": 0,
                "total": 4
              }
            },
            {
              "batter": "TT Beaumont",
              "bowler": "AN Davidson-Richards",
              "non_striker": "HC Knight",
              "runs": {
                "batter": 4,
                "extras": 0,
                "total": 4
              }
            },
            {
              "batter": "TT Beaumont",
              "bowler": "AN Davidson-Richards",
              "non_striker": "HC Knight",
              "runs": {
                "batter": 1,
                "extras": 0,
                "total": 1
              }
            }
          ]
        },
        {
          "over": 4,
          "deliveries": [
            {
              "batter": "TT Beaumont",
              "bowler": "KA Levick",
              "non_striker": "HC Knight",
              "runs": {
                "batter": 0,
                "extras": 0,
                "total": 0
              }
            },
            {
              "batter": "TT Beaumont",
              "bowler": "KA Levick",
              "non_striker": "HC Knight",
              "runs": {
                "batter": 4,
                "extras": 0,
                "total": 4
              }
            },
            {
              "batter": "TT Beaumont",
              "bowler": "KA Levick",
              "non_striker": "HC Knight",
              "runs": {
                "batter": 0,
                "extras": 0,
                "total": 0
              }
            },
            {
              "batter": "TT Beaumont",
              "bowler": "KA Levick",
              "non_striker": "HC Knight",
              "runs": {
                "batter": 1,
                "extras": 0,
                "total": 1
              }
            },
            {
              "batter": "HC Knight",
              "bowler": "KA Levick",
              "non_striker": "TT Beaumont",
              "runs": {
                "batter": 0,
                "extras": 0,
                "total": 0
              }
            }
          ]
        },
        {
          "over": 5,
          "deliveries": [
            {
              "batter": "HC Knight",
              "bowler": "EA Russell",
              "non_striker": "TT Beaumont",
              "runs": {
                "batter": 1,
                "extras": 0,
                "total": 1
              }
            },
            {
              "batter": "TT Beaumont",
              "bowler": "EA Russell",
              "non_striker": "HC Knight",
              "runs": {
                "batter": 1,
                "extras": 0,
                "total": 1
              }
            },
            {
              "batter": "HC Knight",
              "bowler": "EA Russell",
              "non_striker": "TT Beaumont",
              "runs": {
                "batter": 1,
                "extras": 0,
                "total": 1
              }
            },
            {
              "batter": "TT Beaumont",
              "bowler": "EA Russell",
              "non_striker": "HC Knight",
              "runs": {
                "batter": 1,
                "extras": 0,
                "total": 1
              }
            },
            {
              "batter": "HC Knight",
              "bowler": "EA Russell",
              "non_striker": "TT Beaumont",
              "runs": {
                "batter": 4,
                "extras": 0,
                "total": 4
              }
            }
          ]
        },
        {
          "over": 6,
          "deliveries": [
            {
              "batter": "TT Beaumont",
              "bowler": "PC Graham",
              "non_striker": "HC Knight",
              "runs": {
                "batter": 1,
                "extras": 0,
                "total": 1
              }
            },
            {
              "batter": "HC Knight",
              "bowler": "PC Graham",
              "non_striker": "TT Beaumont",
              "runs": {
                "batter": 1,
                "extras": 0,
                "total": 1
              }
            },
            {
              "batter": "TT Beaumont",
              "bowler": "PC Graham",
              "extras": {
                "wides": 1
              },
              "non_striker": "HC Knight",
              "runs": {
                "batter": 0,
                "extras": 1,
                "total": 1
              }
            },
            {
              "batter": "TT Beaumont",
              "bowler": "PC Graham",
              "extras": {
                "legbyes": 1
              },
              "non_striker": "HC Knight",
              "runs": {
                "batter": 0,
                "extras": 1,
                "total": 1
              }
            },
            {
              "batter": "HC Knight",
              "bowler": "PC Graham",
              "non_striker": "TT Beaumont",
              "runs": {
                "batter": 1,
                "extras": 0,
                "total": 1
              }
            },
            {
              "batter": "TT Beaumont",
              "bowler": "PC Graham",
              "extras": {
                "legbyes": 1
              },
              "non_striker": "HC Knight",
              "runs": {
                "batter": 0,
                "extras": 1,
                "total": 1
              }
            }
          ]
        },
        {
          "over": 7,
          "deliveries": [
            {
              "batter": "HC Knight",
              "bowler": "KA Levick",
              "non_striker": "TT Beaumont",
              "runs": {
                "batter": 1,
                "extras": 0,
                "total": 1
              }
            },
            {
              "batter": "TT Beaumont",
              "bowler": "KA Levick",
              "non_striker": "HC Knight",
              "runs": {
                "batter": 1,
                "extras": 0,
                "total": 1
              }
            },
            {
              "batter": "HC Knight",
              "bowler": "KA Levick",
              "non_striker": "TT Beaumont",
              "runs": {
                "batter": 4,
                "extras": 0,
                "total": 4
              }
            },
            {
              "batter": "HC Knight",
              "bowler": "KA Levick",
              "non_striker": "TT Beaumont",
              "runs": {
                "batter": 0,
                "extras": 0,
                "total": 0
              }
            },
            {
              "batter": "HC Knight",
              "bowler": "KA Levick",
              "non_striker": "TT Beaumont",
              "runs": {
                "batter": 1,
                "extras": 0,
                "total": 1
              }
            }
          ]
        },
        {
          "over": 8,
          "deliveries": [
            {
              "batter": "HC Knight",
              "bowler": "LCN Smith",
              "non_striker": "TT Beaumont",
              "review": {
                "by": "London Spirit",
                "umpire": "AY Harris",
                "batter": "HC Knight",
                "decision": "struck down"
              },
              "runs": {
                "batter": 0,
                "extras": 0,
                "total": 0
              },
              "wickets": [
                {
                  "player_out": "HC Knight",
                  "kind": "lbw"
                }
              ]
            },
            {
              "batter": "DJS Dottin",
              "bowler": "LCN Smith",
              "non_striker": "TT Beaumont",
              "runs": {
                "batter": 0,
                "extras": 0,
                "total": 0
              }
            },
            {
              "batter": "DJS Dottin",
              "bowler": "LCN Smith",
              "non_striker": "TT Beaumont",
              "runs": {
                "batter": 0,
                "extras": 0,
                "total": 0
              }
            },
            {
              "batter": "DJS Dottin",
              "bowler": "LCN Smith",
              "non_striker": "TT Beaumont",
              "runs": {
                "batter": 0,
                "extras": 0,
                "total": 0
              }
            },
            {
              "batter": "DJS Dottin",
              "bowler": "LCN Smith",
              "non_striker": "TT Beaumont",
              "runs": {
                "batter": 2,
                "extras": 0,
                "total": 2
              }
            }
          ]
        },
        {
          "over": 9,
          "deliveries": [
            {
              "batter": "DJS Dottin",
              "bowler": "AN Davidson-Richards",
              "non_striker": "TT Beaumont",
              "runs": {
                "batter": 4,
                "extras": 0,
                "total": 4
              }
            },
            {
              "batter": "DJS Dottin",
              "bowler": "AN Davidson-Richards",
              "non_striker": "TT Beaumont",
              "runs": {
                "batter": 1,
                "extras": 0,
                "total": 1
              }
            },
            {
              "batter": "TT Beaumont",
              "bowler": "AN Davidson-Richards",
              "non_striker": "DJS Dottin",
              "runs": {
                "batter": 2,
                "extras": 0,
                "total": 2
              }
            },
            {
              "batter": "TT Beaumont",
              "bowler": "AN Davidson-Richards",
              "non_striker": "DJS Dottin",
              "runs": {
                "batter": 1,
                "extras": 0,
                "total": 1
              }
            },
            {
              "batter": "DJS Dottin",
              "bowler": "AN Davidson-Richards",
              "extras": {
                "wides": 1
              },
              "non_striker": "TT Beaumont",
              "runs": {
                "batter": 0,
                "extras": 1,
                "total": 1
              }
            },
            {
              "batter": "DJS Dottin",
              "bowler": "AN Davidson-Richards",
              "non_striker": "TT Beaumont",
              "runs": {
                "batter": 1,
                "extras": 0,
                "total": 1
              }
            }
          ]
        },
        {
          "over": 10,
          "deliveries": [
            {
              "batter": "DJS Dottin",
              "bowler": "KA Levick",
              "non_striker": "TT Beaumont",
              "runs": {
                "batter": 0,
                "extras": 0,
                "total": 0
              }
            },
            {
              "batter": "DJS Dottin",
              "bowler": "KA Levick",
              "non_striker": "TT Beaumont",
              "runs": {
                "batter": 0,
                "extras": 0,
                "total": 0
              }
            },
            {
              "batter": "DJS Dottin",
              "bowler": "KA Levick",
              "non_striker": "TT Beaumont",
              "runs": {
                "batter": 1,
                "extras": 0,
                "total": 1
              }
            },
            {
              "batter": "TT Beaumont",
              "bowler": "KA Levick",
              "non_striker": "DJS Dottin",
              "runs": {
                "batter": 2,
                "extras": 0,
                "total": 2
              }
            },
            {
              "batter": "TT Beaumont",
              "bowler": "KA Levick",
              "non_striker": "DJS Dottin",
              "runs": {
                "batter": 0,
                "extras": 0,
                "total": 0
              }
            }
          ]
        },
        {
          "over": 11,
          "deliveries": [
            {
              "batter": "TT Beaumont",
              "bowler": "EA Russell",
              "non_striker": "DJS Dottin",
              "runs": {
                "batter": 1,
                "extras": 0,
                "total": 1
              }
            },
            {
              "batter": "DJS Dottin",
              "bowler": "EA Russell",
              "non_striker": "TT Beaumont",
              "runs": {
                "batter": 1,
                "extras": 0,
                "total": 1
              }
            },
            {
              "batter": "TT Beaumont",
              "bowler": "EA Russell",
              "non_striker": "DJS Dottin",
              "runs": {
                "batter": 1,
                "extras": 0,
                "total": 1
              }
            },
            {
              "batter": "DJS Dottin",
              "bowler": "EA Russell",
              "non_striker": "TT Beaumont",
              "runs": {
                "batter": 1,
                "extras": 0,
                "total": 1
              }
            },
            {
              "batter": "TT Beaumont",
              "bowler": "EA Russell",
              "non_striker": "DJS Dottin",
              "runs": {
                "batter": 2,
                "extras": 0,
                "total": 2
              }
            }
          ]
        },
        {
          "over": 12,
          "deliveries": [
            {
              "batter": "DJS Dottin",
              "bowler": "PC Graham",
              "non_striker": "TT Beaumont",
              "runs": {
                "batter": 0,
                "extras": 0,
                "total": 0
              }
            },
            {
              "batter": "DJS Dottin",
              "bowler": "PC Graham",
              "non_striker": "TT Beaumont",
              "runs": {
                "batter": 4,
                "extras": 0,
                "total": 4
              }
            },
            {
              "batter": "DJS Dottin",
              "bowler": "PC Graham",
              "non_striker": "TT Beaumont",
              "runs": {
                "batter": 0,
                "extras": 0,
                "total": 0
              }
            },
            {
              "batter": "DJS Dottin",
              "bowler": "PC Graham",
              "non_striker": "TT Beaumont",
              "runs": {
                "batter": 4,
                "extras": 0,
                "total": 4
              }
            },
            {
              "batter": "DJS Dottin",
              "bowler": "PC Graham",
              "non_striker": "TT Beaumont",
              "runs": {
                "batter": 4,
                "extras": 0,
                "total": 4
              }
            }
          ]
        },
        {
          "over": 13,
          "deliveries": [
            {
              "batter": "DJS Dottin",
              "bowler": "AN Davidson-Richards",
              "non_striker": "TT Beaumont",
              "runs": {
                "batter": 0,
                "extras": 0,
                "total": 0
              }
            },
            {
              "batter": "DJS Dottin",
              "bowler": "AN Davidson-Richards",
              "non_striker": "TT Beaumont",
              "runs": {
                "batter": 4,
                "extras": 0,
                "total": 4
              }
            },
            {
              "batter": "DJS Dottin",
              "bowler": "AN Davidson-Richards",
              "non_striker": "TT Beaumont",
              "runs": {
                "batter": 1,
                "extras": 0,
                "total": 1
              }
            },
            {
              "batter": "TT Beaumont",
              "bowler": "AN Davidson-Richards",
              "non_striker": "DJS Dottin",
              "runs": {
                "batter": 1,
                "extras": 0,
                "total": 1
              }
            },
            {
              "batter": "DJS Dottin",
              "bowler": "AN Davidson-Richards",
              "non_striker": "TT Beaumont",
              "runs": {
                "batter": 1,
                "extras": 0,
                "total": 1
              }
            }
          ]
        },
        {
          "over": 14,
          "deliveries": [
            {
              "batter": "DJS Dottin",
              "bowler": "K Moore",
              "non_striker": "TT Beaumont",
              "runs": {
                "batter": 1,
                "extras": 0,
                "total": 1
              }
            },
            {
              "batter": "TT Beaumont",
              "bowler": "K Moore",
              "non_striker": "DJS Dottin",
              "runs": {
                "batter": 1,
                "extras": 0,
                "total": 1
              }
            },
            {
              "batter": "DJS Dottin",
              "bowler": "K Moore",
              "non_striker": "TT Beaumont",
              "runs": {
                "batter": 1,
                "extras": 0,
                "total": 1
              }
            },
            {
              "batter": "TT Beaumont",
              "bowler": "K Moore",
              "non_striker": "DJS Dottin",
              "runs": {
                "batter": 1,
                "extras": 0,
                "total": 1
              }
            },
            {
              "batter": "DJS Dottin",
              "bowler": "K Moore",
              "non_striker": "TT Beaumont",
              "runs": {
                "batter": 1,
                "extras": 0,
                "total": 1
              }
            }
          ]
        },
        {
          "over": 15,
          "deliveries": [
            {
              "batter": "TT Beaumont",
              "bowler": "KA Levick",
              "non_striker": "DJS Dottin",
              "runs": {
                "batter": 1,
                "extras": 0,
                "total": 1
              }
            },
            {
              "batter": "DJS Dottin",
              "bowler": "KA Levick",
              "non_striker": "TT Beaumont",
              "runs": {
                "batter": 1,
                "extras": 0,
                "total": 1
              }
            },
            {
              "batter": "TT Beaumont",
              "bowler": "KA Levick",
              "non_striker": "DJS Dottin",
              "runs": {
                "batter": 1,
                "extras": 0,
                "total": 1
              }
            },
            {
              "batter": "DJS Dottin",
              "bowler": "KA Levick",
              "non_striker": "TT Beaumont",
              "runs": {
                "batter": 1,
                "extras": 0,
                "total": 1
              }
            },
            {
              "batter": "TT Beaumont",
              "bowler": "KA Levick",
              "non_striker": "DJS Dottin",
              "runs": {
                "batter": 2,
                "extras": 0,
                "total": 2
              }
            }
          ]
        },
        {
          "over": 16,
          "deliveries": [
            {
              "batter": "DJS Dottin",
              "bowler": "LCN Smith",
              "non_striker": "TT Beaumont",
              "runs": {
                "batter": 1,
                "extras": 0,
                "total": 1
              }
            },
            {
              "batter": "TT Beaumont",
              "bowler": "LCN Smith",
              "non_striker": "DJS Dottin",
              "runs": {
                "batter": 1,
                "extras": 0,
                "total": 1
              }
            },
            {
              "batter": "DJS Dottin",
              "bowler": "LCN Smith",
              "non_striker": "TT Beaumont",
              "runs": {
                "batter": 1,
                "extras": 0,
                "total": 1
              }
            },
            {
              "batter": "TT Beaumont",
              "bowler": "LCN Smith",
              "non_striker": "DJS Dottin",
              "runs": {
                "batter": 1,
                "extras": 0,
                "total": 1
              }
            },
            {
              "batter": "DJS Dottin",
              "bowler": "LCN Smith",
              "non_striker": "TT Beaumont",
              "runs": {
                "batter": 0,
                "extras": 0,
                "total": 0
              }
            }
          ]
        },
        {
          "over": 17,
          "deliveries": [
            {
              "batter": "DJS Dottin",
              "bowler": "AN Davidson-Richards",
              "non_striker": "TT Beaumont",
              "runs": {
                "batter": 1,
                "extras": 0,
                "total": 1
              }
            },
            {
              "batter": "TT Beaumont",
              "bowler": "AN Davidson-Richards",
              "non_striker": "DJS Dottin",
              "runs": {
                "batter": 0,
                "extras": 0,
                "total": 0
              },
              "wickets": [
                {
                  "player_out": "TT Beaumont",
                  "fielders": [
                    {
                      "name": "JI Rodrigues"
                    }
                  ],
                  "kind": "caught"
                }
              ]
            },
            {
              "batter": "DR Gibson",
              "bowler": "AN Davidson-Richards",
              "non_striker": "DJS Dottin",
              "runs": {
                "batter": 4,
                "extras": 0,
                "total": 4
              }
            },
            {
              "batter": "DR Gibson",
              "bowler": "AN Davidson-Richards",
              "non_striker": "DJS Dottin",
              "runs": {
                "batter": 0,
                "extras": 0,
                "total": 0
              }
            },
            {
              "batter": "DR Gibson",
              "bowler": "AN Davidson-Richards",
              "non_striker": "DJS Dottin",
              "runs": {
                "batter": 1,
                "extras": 0,
                "total": 1
              }
            }
          ]
        },
        {
          "over": 18,
          "deliveries": [
            {
              "batter": "DR Gibson",
              "bowler": "LCN Smith",
              "non_striker": "DJS Dottin",
              "runs": {
                "batter": 0,
                "extras": 0,
                "total": 0
              }
            },
            {
              "batter": "DR Gibson",
              "bowler": "LCN Smith",
              "non_striker": "DJS Dottin",
              "runs": {
                "batter": 2,
                "extras": 0,
                "total": 2
              }
            },
            {
              "batter": "DR Gibson",
              "bowler": "LCN Smith",
              "non_striker": "DJS Dottin",
              "runs": {
                "batter": 1,
                "extras": 0,
                "total": 1
              }
            },
            {
              "batter": "DJS Dottin",
              "bowler": "LCN Smith",
              "non_striker": "DR Gibson",
              "runs": {
                "batter": 4,
                "extras": 0,
                "total": 4
              }
            },
            {
              "batter": "DJS Dottin",
              "bowler": "LCN Smith",
              "non_striker": "DR Gibson",
              "runs": {
                "batter": 1,
                "extras": 0,
                "total": 1
              }
            }
          ]
        },
        {
          "over": 19,
          "deliveries": [
            {
              "batter": "DR Gibson",
              "bowler": "K Moore",
              "non_striker": "DJS Dottin",
              "runs": {
                "batter": 1,
                "extras": 0,
                "total": 1
              }
            },
            {
              "batter": "DJS Dottin",
              "bowler": "K Moore",
              "non_striker": "DR Gibson",
              "runs": {
                "batter": 4,
                "extras": 0,
                "total": 4
              }
            },
            {
              "batter": "DJS Dottin",
              "bowler": "K Moore",
              "non_striker": "DR Gibson",
              "runs": {
                "batter": 4,
                "extras": 0,
                "total": 4
              }
            }
          ]
        }
      ],
      "powerplays": [
        {
          "from": 0.1,
          "to": 4.5,
          "type": "mandatory"
        }
      ],
      "target": {
        "overs": 20,
        "runs": 127
      }
    }
  ]
}