{
  "meta": {
    "data_version": "1.0.0",
    "created": "2021-07-25",
    "revision": 1
  },
  "info": {
    "balls_per_over": 5,
    "city": "Leeds",
    "dates": [
      "2021-07-24"
    ],
    "event": {
      "name": "The Hundred Women's Competition",
      "match_number": 4
    },
    "gender": "female",
    "match_type": "T20",
    "officials": {
      "match_referees": [
        "SJ Davis"
      ],
      "reserve_umpires": [
        "J Ibbotson"
      ],
      "tv_umpires": [
        "MJ Saggers"
      ],
      "umpires": [
        "A Harris",
        "SJ O'Shaughnessy"
      ]
    },
    "outcome": {
      "winner": "Northern Superchargers",
      "by": {
        "wickets": 6
      }
    },
    "overs": 20,
    "player_of_match": [
      "JI Rodrigues"
    ],
    "players": {
      "Welsh Fire": [
        "BF Smith",
        "HK Matthews",
        "AJ Macleod",
        "G Redmayne",
        "SJ Taylor",
        "SN Luff",
        "GM Hennessy",
        "P Cleary",
        "A Griffiths",
        "KL George",
        "N Harvey"
      ],
      "Northern Superchargers": [
        "L Winfield",
        "JI Rodrigues",
        "L Wolvaardt",
        "HJ Armitage",
        "BAM Heath",
        "AN Davidson-Richards",
        "L Harris",
        "LCN Smith",
        "EA Russell",
        "PC Graham",
        "KA Levick"
      ]
    },
    "registry": {
      "people": {
        "A Griffiths": "091001f8",
        "A Harris": "9b04a912",
        "AJ Macleod": "e7f06080",
        "AN Davidson-Richards": "35828bdd",
        "BAM Heath": "3b5a9438",
        "BF Smith": "c64b7c5b",
        "EA Russell": "708584cf",
        "G Redmayne": "324b9eee",
        "GM Hennessy": "8d742853",
        "HJ Armitage": "f05167d2",
        "HK Matthews": "d32cf49a",
        "J Ibbotson": "7318fdbf",
        "JI Rodrigues": "cb08b611",
        "KA Levick": "8f30d191",
        "KL George": "e69dbbef",
        "L Harris": "36e2dc83",
        "L Winfield": "5230a33d",
        "L Wolvaardt": "e60f81c9",
        "LCN Smith": "340202b0",
        "MJ Saggers": "402d5937",
        "N Harvey": "a6aea235",
        "P Cleary": "507acf2e",
        "PC Graham": "b5c83d22",
        "SJ Davis": "bc71b0b2",
        "SJ O'Shaughnessy": "4d4fdf4a",
        "SJ Taylor": "e6f36f83",
        "SN Luff": "e19307f3"
      }
    },
    "season": "2021",
    "team_type": "club",
    "teams": [
      "Welsh Fire",
      "Northern Superchargers"
    ],
    "toss": {
      "decision": "field",
      "winner": "Northern Superchargers"
    },
    "venue": "Headingley, Leeds"
  },
  "innings": [
    {
      "team": "Welsh Fire",
      "overs": [
        {
          "over": 0,
          "deliveries": [
            {
              "batter": "BF Smith",
              "bowler": "LCN Smith",
              "non_striker": "HK Matthews",
              "runs": {
                "batter": 1,
                "extras": 0,
                "total": 1
              }
            },
            {
              "batter": "HK Matthews",
              "bowler": "LCN Smith",
              "non_striker": "BF Smith",
              "runs": {
                "batter": 0,
                "extras": 0,
                "total": 0
              }
            },
            {
              "batter": "HK Matthews",
              "bowler": "LCN Smith",
              "non_striker": "BF Smith",
              "runs": {
                "batter": 0,
                "extras": 0,
                "total": 0
              }
            },
            {
              "batter": "HK Matthews",
              "bowler": "LCN Smith",
              "extras": {
                "legbyes": 1
              },
              "non_striker": "BF Smith",
              "runs": {
                "batter": 0,
                "extras": 1,
                "total": 1
              }
            },
            {
              "batter": "BF Smith",
              "bowler": "LCN Smith",
              "non_striker": "HK Matthews",
              "runs": {
                "batter": 0,
                "extras": 0,
                "total": 0
              }
            }
          ]
        },
        {
          "over": 1,
          "deliveries": [
            {
              "batter": "BF Smith",
              "bowler": "LCN Smith",
              "non_striker": "HK Matthews",
              "runs": {
                "batter": 1,
                "extras": 0,
                "total": 1
              }
            },
            {
              "batter": "HK Matthews",
              "bowler": "LCN Smith",
              "non_striker": "BF Smith",
              "runs": {
                "batter": 4,
                "extras": 0,
                "total": 4
              }
            },
            {
              "batter": "HK Matthews",
              "bowler": "LCN Smith",
              "non_striker": "BF Smith",
              "runs": {
                "batter": 0,
                "extras": 0,
                "total": 0
              }
            },
            {
              "batter": "HK Matthews",
              "bowler": "LCN Smith",
              "extras": {
                "legbyes": 1
              },
              "non_striker": "BF Smith",
              "runs": {
                "batter": 0,
                "extras": 1,
                "total": 1
              }
            },
            {
              "batter": "BF Smith",
              "bowler": "LCN Smith",
              "non_striker": "HK Matthews",
              "runs": {
                "batter": 1,
                "extras": 0,
                "total": 1
              }
            }
          ]
        },
        {
          "over": 2,
          "deliveries": [
            {
              "batter": "BF Smith",
              "bowler": "PC Graham",
              "non_striker": "HK Matthews",
              "runs": {
                "batter": 2,
                "extras": 0,
                "total": 2
              }
            },
            {
              "batter": "BF Smith",
              "bowler": "PC Graham",
              "non_striker": "HK Matthews",
              "runs": {
                "batter": 6,
                "extras": 0,
                "total": 6
              }
            },
            {
              "batter": "BF Smith",
              "bowler": "PC Graham",
              "non_striker": "HK Matthews",
              "runs": {
                "batter": 4,
                "extras": 0,
                "total": 4
              }
            },
            {
              "batter": "BF Smith",
              "bowler": "PC Graham",
              "non_striker": "HK Matthews",
              "runs": {
                "batter": 0,
                "extras": 0,
                "total": 0
              }
            },
            {
              "batter": "BF Smith",
              "bowler": "PC Graham",
              "non_striker": "HK Matthews",
              "runs": {
                "batter": 4,
                "extras": 0,
                "total": 4
              }
            }
          ]
        },
        {
          "over": 3,
          "deliveries": [
            {
              "batter": "BF Smith",
              "bowler": "KA Levick",
              "non_striker": "HK Matthews",
              "runs": {
                "batter": 0,
                "extras": 0,
                "total": 0
              }
            },
            {
              "batter": "BF Smith",
              "bowler": "KA Levick",
              "non_striker": "HK Matthews",
              "runs": {
                "batter": 0,
                "extras": 0,
                "total": 0
              },
              "wickets": [
                {
                  "player_out": "BF Smith",
                  "fielders": [
                    {
                      "name": "L Wolvaardt"
                    }
                  ],
                  "kind": "caught"
                }
              ]
            },
            {
              "batter": "AJ Macleod",
              "bowler": "KA Levick",
              "non_striker": "HK Matthews",
              "runs": {
                "batter": 0,
                "extras": 0,
                "total": 0
              }
            },
            {
              "batter": "AJ Macleod",
              "bowler": "KA Levick",
              "non_striker": "HK Matthews",
              "runs": {
                "batter": 4,
                "extras": 0,
                "total": 4
              }
            },
            {
              "batter": "AJ Macleod",
              "bowler": "KA Levick",
              "non_striker": "HK Matthews",
              "runs": {
                "batter": 0,
                "extras": 0,
                "total": 0
              }
            }
          ]
        },
        {
          "over": 4,
          "deliveries": [
            {
              "batter": "HK Matthews",
              "bowler": "AN Davidson-Richards",
              "non_striker": "AJ Macleod",
              "runs": {
                "batter": 1,
                "extras": 0,
                "total": 1
              }
            },
            {
              "batter": "AJ Macleod",
              "bowler": "AN Davidson-Richards",
              "non_striker": "HK Matthews",
              "runs": {
                "batter": 1,
                "extras": 0,
                "total": 1
              }
            },
            {
              "batter": "HK Matthews",
              "bowler": "AN Davidson-Richards",
              "non_striker": "AJ Macleod",
              "runs": {
                "batter": 0,
                "extras": 0,
                "total": 0
              }
            },
            {
              "batter": "HK Matthews",
              "bowler": "AN Davidson-Richards",
              "non_striker": "AJ Macleod",
              "runs": {
                "batter": 4,
                "extras": 0,
                "total": 4
              }
            },
            {
              "batter": "HK Matthews",
              "bowler": "AN Davidson-Richards",
              "non_striker": "AJ Macleod",
              "runs": {
                "batter": 1,
                "extras": 0,
                "total": 1
              }
            }
          ]
        },
        {
          "over": 5,
          "deliveries": [
            {
              "batter": "AJ Macleod",
              "bowler": "AN Davidson-Richards",
              "non_striker": "HK Matthews",
              "runs": {
                "batter": 0,
                "extras": 0,
                "total": 0
              }
            },
            {
              "batter": "AJ Macleod",
              "bowler": "AN Davidson-Richards",
              "non_striker": "HK Matthews",
              "runs": {
                "batter": 1,
                "extras": 0,
                "total": 1
              }
            },
            {
              "batter": "HK Matthews",
              "bowler": "AN Davidson-Richards",
              "non_striker": "AJ Macleod",
              "runs": {
                "batter": 0,
                "extras": 0,
                "total": 0
              }
            },
            {
              "batter": "HK Matthews",
              "bowler": "AN Davidson-Richards",
              "non_striker": "AJ Macleod",
              "runs": {
                "batter": 4,
                "extras": 0,
                "total": 4
              }
            },
            {
              "batter": "HK Matthews",
              "bowler": "AN Davidson-Richards",
              "non_striker": "AJ Macleod",
              "runs": {
                "batter": 6,
                "extras": 0,
                "total": 6
              }
            }
          ]
        },
        {
          "over": 6,
          "deliveries": [
            {
              "batter": "AJ Macleod",
              "bowler": "KA Levick",
              "non_striker": "HK Matthews",
              "runs": {
                "batter": 0,
                "extras": 0,
                "total": 0
              },
              "wickets": [
                {
                  "player_out": "AJ Macleod",
                  "kind": "bowled"
                }
              ]
            },
            {
              "batter": "G Redmayne",
              "bowler": "KA Levick",
              "non_striker": "HK Matthews",
              "runs": {
                "batter": 0,
                "extras": 0,
                "total": 0
              }
            },
            {
              "batter": "G Redmayne",
              "bowler": "KA Levick",
              "non_striker": "HK Matthews",
              "runs": {
                "batter": 0,
                "extras": 0,
                "total": 0
              }
            },
            {
              "batter": "G Redmayne",
              "bowler": "KA Levick",
              "non_striker": "HK Matthews",
              "runs": {
                "batter": 4,
                "extras": 0,
                "total": 4
              }
            },
            {
              "batter": "G Redmayne",
              "bowler": "KA Levick",
              "non_striker": "HK Matthews",
              "runs": {
                "batter": 1,
                "extras": 0,
                "total": 1
              }
            }
          ]
        },
        {
          "over": 7,
          "deliveries": [
            {
              "batter": "HK Matthews",
              "bowler": "PC Graham",
              "non_striker": "G Redmayne",
              "runs": {
                "batter": 1,
                "extras": 0,
                "total": 1
              }
            },
            {
              "batter": "G Redmayne",
              "bowler": "PC Graham",
              "non_striker": "HK Matthews",
              "runs": {
                "batter": 1,
                "extras": 0,
                "total": 1
              }
            },
            {
              "batter": "HK Matthews",
              "bowler": "PC Graham",
              "non_striker": "G Redmayne",
              "runs": {
                "batter": 4,
                "extras": 0,
                "total": 4
              }
            },
            {
              "batter": "HK Matthews",
              "bowler": "PC Graham",
              "non_striker": "G Redmayne",
              "runs": {
                "batter": 1,
                "extras": 0,
                "total": 1
              }
            },
            {
              "batter": "G Redmayne",
              "bowler": "PC Graham",
              "non_striker": "HK Matthews",
              "runs": {
                "batter": 1,
                "extras": 0,
                "total": 1
              }
            }
          ]
        },
        {
          "over": 8,
          "deliveries": [
            {
              "batter": "G Redmayne",
              "bowler": "EA Russell",
              "non_striker": "HK Matthews",
              "runs": {
                "batter": 0,
                "extras": 0,
                "total": 0
              }
            },
            {
              "batter": "G Redmayne",
              "bowler": "EA Russell",
              "extras": {
                "noballs": 2
              },
              "non_striker": "HK Matthews",
              "runs": {
                "batter": 4,
                "extras": 2,
                "total": 6
              }
            },
            {
              "batter": "G Redmayne",
              "bowler": "EA Russell",
              "non_striker": "HK Matthews",
              "runs": {
                "batter": 1,
                "extras": 0,
                "total": 1
              }
            },
            {
              "batter": "HK Matthews",
              "bowler": "EA Russell",
              "non_striker": "G Redmayne",
              "runs": {
                "batter": 0,
                "extras": 0,
                "total": 0
              }
            },
            {
              "batter": "HK Matthews",
              "bowler": "EA Russell",
              "non_striker": "G Redmayne",
              "runs": {
                "batter": 0,
                "extras": 0,
                "total": 0
              }
            },
            {
              "batter": "HK Matthews",
              "bowler": "EA Russell",
              "non_striker": "G Redmayne",
              "runs": {
                "batter": 4,
                "extras": 0,
                "total": 4
              }
            }
          ]
        },
        {
          "over": 9,
          "deliveries": [
            {
              "batter": "HK Matthews",
              "bowler": "AN Davidson-Richards",
              "extras": {
                "wides": 2
              },
              "non_striker": "G Redmayne",
              "runs": {
                "batter": 0,
                "extras": 2,
                "total": 2
              }
            },
            {
              "batter": "G Redmayne",
              "bowler": "AN Davidson-Richards",
              "non_striker": "HK Matthews",
              "runs": {
                "batter": 1,
                "extras": 0,
                "total": 1
              }
            },
            {
              "batter": "HK Matthews",
              "bowler": "AN Davidson-Richards",
              "non_striker": "G Redmayne",
              "runs": {
                "batter": 0,
                "extras": 0,
                "total": 0
              },
              "wickets": [
                {
                  "player_out": "HK Matthews",
                  "kind": "bowled"
                }
              ]
            },
            {
              "batter": "SJ Taylor",
              "bowler": "AN Davidson-Richards",
              "non_striker": "G Redmayne",
              "runs": {
                "batter": 0,
                "extras": 0,
                "total": 0
              }
            },
            {
              "batter": "SJ Taylor",
              "bowler": "AN Davidson-Richards",
              "non_striker": "G Redmayne",
              "runs": {
                "batter": 4,
                "extras": 0,
                "total": 4
              }
            },
            {
              "batter": "SJ Taylor",
              "bowler": "AN Davidson-Richards",
              "non_striker": "G Redmayne",
              "runs": {
                "batter": 1,
                "extras": 0,
                "total": 1
              }
            }
          ]
        },
        {
          "over": 10,
          "deliveries": [
            {
              "batter": "SJ Taylor",
              "bowler": "KA Levick",
              "non_striker": "G Redmayne",
              "runs": {
                "batter": 1,
                "extras": 0,
                "total": 1
              }
            },
            {
              "batter": "G Redmayne",
              "bowler": "KA Levick",
              "non_striker": "SJ Taylor",
              "runs": {
                "batter": 0,
                "extras": 0,
                "total": 0
              }
            },
            {
              "batter": "G Redmayne",
              "bowler": "KA Levick",
              "non_striker": "SJ Taylor",
              "runs": {
                "batter": 1,
                "extras": 0,
                "total": 1
              }
            },
            {
              "batter": "SJ Taylor",
              "bowler": "KA Levick",
              "non_striker": "G Redmayne",
              "runs": {
                "batter": 0,
                "extras": 0,
                "total": 0
              }
            },
            {
              "batter": "SJ Taylor",
              "bowler": "KA Levick",
              "non_striker": "G Redmayne",
              "runs": {
                "batter": 0,
                "extras": 0,
                "total": 0
              }
            }
          ]
        },
        {
          "over": 11,
          "deliveries": [
            {
              "batter": "SJ Taylor",
              "bowler": "PC Graham",
              "non_striker": "G Redmayne",
              "runs": {
                "batter": 0,
                "extras": 0,
                "total": 0
              }
            },
            {
              "batter": "SJ Taylor",
              "bowler": "PC Graham",
              "non_striker": "G Redmayne",
              "runs": {
                "batter": 1,
                "extras": 0,
                "total": 1
              }
            },
            {
              "batter": "G Redmayne",
              "bowler": "PC Graham",
              "non_striker": "SJ Taylor",
              "runs": {
                "batter": 0,
                "extras": 0,
                "total": 0
              }
            },
            {
              "batter": "G Redmayne",
              "bowler": "PC Graham",
              "non_striker": "SJ Taylor",
              "runs": {
                "batter": 1,
                "extras": 0,
                "total": 1
              }
            },
            {
              "batter": "SJ Taylor",
              "bowler": "PC Graham",
              "non_striker": "G Redmayne",
              "runs": {
                "batter": 4,
                "extras": 0,
                "total": 4
              }
            }
          ]
        },
        {
          "over": 12,
          "deliveries": [
            {
              "batter": "G Redmayne",
              "bowler": "EA Russell",
              "non_striker": "SJ Taylor",
              "runs": {
                "batter": 1,
                "extras": 0,
                "total": 1
              }
            },
            {
              "batter": "SJ Taylor",
              "bowler": "EA Russell",
              "non_striker": "G Redmayne",
              "runs": {
                "batter": 1,
                "extras": 0,
                "total": 1
              }
            },
            {
              "batter": "G Redmayne",
              "bowler": "EA Russell",
              "extras": {
                "legbyes": 1
              },
              "non_striker": "SJ Taylor",
              "runs": {
                "batter": 0,
                "extras": 1,
                "total": 1
              }
            },
            {
              "batter": "SJ Taylor",
              "bowler": "EA Russell",
              "non_striker": "G Redmayne",
              "runs": {
                "batter": 1,
                "extras": 0,
                "total": 1
              }
            },
            {
              "batter": "G Redmayne",
              "bowler": "EA Russell",
              "non_striker": "SJ Taylor",
              "runs": {
                "batter": 0,
                "extras": 0,
                "total": 0
              },
              "wickets": [
                {
                  "player_out": "G Redmayne",
                  "kind": "bowled"
                }
              ]
            }
          ]
        },
        {
          "over": 13,
          "deliveries": [
            {
              "batter": "SN Luff",
              "bowler": "EA Russell",
              "extras": {
                "legbyes": 4
              },
              "non_striker": "SJ Taylor",
              "runs": {
                "batter": 0,
                "extras": 4,
                "total": 4
              }
            },
            {
              "batter": "SN Luff",
              "bowler": "EA Russell",
              "non_striker": "SJ Taylor",
              "runs": {
                "batter": 1,
                "extras": 0,
                "total": 1
              }
            },
            {
              "batter": "SJ Taylor",
              "bowler": "EA Russell",
              "non_striker": "SN Luff",
              "runs": {
                "batter": 1,
                "extras": 0,
                "total": 1
              }
            },
            {
              "batter": "SN Luff",
              "bowler": "EA Russell",
              "non_striker": "SJ Taylor",
              "runs": {
                "batter": 1,
                "extras": 0,
                "total": 1
              }
            },
            {
              "batter": "SJ Taylor",
              "bowler": "EA Russell",
              "non_striker": "SN Luff",
              "runs": {
                "batter": 1,
                "extras": 0,
                "total": 1
              }
            }
          ]
        },
        {
          "over": 14,
          "deliveries": [
            {
              "batter": "SJ Taylor",
              "bowler": "KA Levick",
              "non_striker": "SN Luff",
              "runs": {
                "batter": 1,
                "extras": 0,
                "total": 1
              }
            },
            {
              "batter": "SN Luff",
              "bowler": "KA Levick",
              "non_striker": "SJ Taylor",
              "runs": {
                "batter": 2,
                "extras": 0,
                "total": 2
              }
            },
            {
              "batter": "SN Luff",
              "bowler": "KA Levick",
              "non_striker": "SJ Taylor",
              "runs": {
                "batter": 0,
                "extras": 0,
                "total": 0
              }
            },
            {
              "batter": "SN Luff",
              "bowler": "KA Levick",
              "non_striker": "SJ Taylor",
              "runs": {
                "batter": 1,
                "extras": 0,
                "total": 1
              }
            },
            {
              "batter": "SJ Taylor",
              "bowler": "KA Levick",
              "non_striker": "SN Luff",
              "runs": {
                "batter": 1,
                "extras": 0,
                "total": 1
              }
            }
          ]
        },
        {
          "over": 15,
          "deliveries": [
            {
              "batter": "SN Luff",
              "bowler": "PC Graham",
              "non_striker": "SJ Taylor",
              "runs": {
                "batter": 2,
                "extras": 0,
                "total": 2
              }
            },
            {
              "batter": "SN Luff",
              "bowler": "PC Graham",
              "non_striker": "SJ Taylor",
              "runs": {
                "batter": 1,
                "extras": 0,
                "total": 1
              }
            },
            {
              "batter": "SJ Taylor",
              "bowler": "PC Graham",
              "non_striker": "SN Luff",
              "runs": {
                "batter": 1,
                "extras": 0,
                "total": 1
              }
            },
            {
              "batter": "SN Luff",
              "bowler": "PC Graham",
              "non_striker": "SJ Taylor",
              "runs": {
                "batter": 4,
                "extras": 0,
                "total": 4
              }
            },
            {
              "batter": "SN Luff",
              "bowler": "PC Graham",
              "extras": {
                "legbyes": 1
              },
              "non_striker": "SJ Taylor",
              "runs": {
                "batter": 0,
                "extras": 1,
                "total": 1
              }
            }
          ]
        },
        {
          "over": 16,
          "deliveries": [
            {
              "batter": "SN Luff",
              "bowler": "LCN Smith",
              "non_striker": "SJ Taylor",
              "runs": {
                "batter": 1,
                "extras": 0,
                "total": 1
              }
            },
            {
              "batter": "SJ Taylor",
              "bowler": "LCN Smith",
              "non_striker": "SN Luff",
              "runs": {
                "batter": 0,
                "extras": 0,
                "total": 0
              },
              "wickets": [
                {
                  "player_out": "SJ Taylor",
                  "fielders": [
                    {
                      "name": "L Winfield"
                    }
                  ],
                  "kind": "stumped"
                }
              ]
            },
            {
              "batter": "GM Hennessy",
              "bowler": "LCN Smith",
              "non_striker": "SN Luff",
              "runs": {
                "batter": 0,
                "extras": 0,
                "total": 0
              }
            },
            {
              "batter": "GM Hennessy",
              "bowler": "LCN Smith",
              "non_striker": "SN Luff",
              "runs": {
                "batter": 1,
                "extras": 0,
                "total": 1
              }
            },
            {
              "batter": "SN Luff",
              "bowler": "LCN Smith",
              "non_striker": "GM Hennessy",
              "review": {
                "by": "Northern Superchargers",
                "umpire": "A Harris",
                "batter": "SN Luff",
                "decision": "upheld"
              },
              "runs": {
                "batter": 0,
                "extras": 0,
                "total": 0
              },
              "wickets": [
                {
                  "player_out": "SN Luff",
                  "kind": "lbw"
                }
              ]
            }
          ]
        },
        {
          "over": 17,
          "deliveries": [
            {
              "batter": "P Cleary",
              "bowler": "EA Russell",
              "non_striker": "GM Hennessy",
              "runs": {
                "batter": 2,
                "extras": 0,
                "total": 2
              }
            },
            {
              "batter": "P Cleary",
              "bowler": "EA Russell",
              "non_striker": "GM Hennessy",
              "runs": {
                "batter": 1,
                "extras": 0,
                "total": 1
              }
            },
            {
              "batter": "GM Hennessy",
              "bowler": "EA Russell",
              "non_striker": "P Cleary",
              "runs": {
                "batter": 1,
                "extras": 0,
                "total": 1
              }
            },
            {
              "batter": "P Cleary",
              "bowler": "EA Russell",
              "non_striker": "GM Hennessy",
              "runs": {
                "batter": 1,
                "extras": 0,
                "total": 1
              }
            },
            {
              "batter": "GM Hennessy",
              "bowler": "EA Russell",
              "non_striker": "P Cleary",
              "runs": {
                "batter": 1,
                "extras": 0,
                "total": 1
              }
            }
          ]
        },
        {
          "over": 18,
          "deliveries": [
            {
              "batter": "GM Hennessy",
              "bowler": "AN Davidson-Richards",
              "non_striker": "P Cleary",
              "runs": {
                "batter": 1,
                "extras": 0,
                "total": 1
              }
            },
            {
              "batter": "P Cleary",
              "bowler": "AN Davidson-Richards",
              "non_striker": "GM Hennessy",
              "runs": {
                "batter": 0,
                "extras": 0,
                "total": 0
              },
              "wickets": [
                {
                  "player_out": "P Cleary",
                  "fielders": [
                    {
                      "name": "L Winfield"
                    }
                  ],
                  "kind": "stumped"
                }
              ]
            },
            {
              "batter": "A Griffiths",
              "bowler": "AN Davidson-Richards",
              "non_striker": "GM Hennessy",
              "runs": {
                "batter": 1,
                "extras": 0,
                "total": 1
              }
            },
            {
              "batter": "GM Hennessy",
              "bowler": "AN Davidson-Richards",
              "non_striker": "A Griffiths",
              "runs": {
                "batter": 1,
                "extras": 0,
                "total": 1
              }
            },
            {
              "batter": "A Griffiths",
              "bowler": "AN Davidson-Richards",
              "non_striker": "GM Hennessy",
              "runs": {
                "batter": 1,
                "extras": 0,
                "total": 1
              }
            }
          ]
        },
        {
          "over": 19,
          "deliveries": [
            {
              "batter": "GM Hennessy",
              "bowler": "LCN Smith",
              "non_striker": "A Griffiths",
              "runs": {
                "batter": 2,
                "extras": 0,
                "total": 2
              }
            },
            {
              "batter": "GM Hennessy",
              "bowler": "LCN Smith",
              "non_striker": "A Griffiths",
              "runs": {
                "batter": 1,
                "extras": 0,
                "total": 1
              }
            },
            {
              "batter": "A Griffiths",
              "bowler": "LCN Smith",
              "non_striker": "GM Hennessy",
              "runs": {
                "batter": 2,
                "extras": 0,
                "total": 2
              }
            },
            {
              "batter": "A Griffiths",
              "bowler": "LCN Smith",
              "non_striker": "GM Hennessy",
              "runs": {
                "batter": 0,
                "extras": 0,
                "total": 0
              }
            },
            {
              "batter": "A Griffiths",
              "bowler": "LCN Smith",
              "non_striker": "GM Hennessy",
              "runs": {
                "batter": 0,
                "extras": 0,
                "total": 0
              },
              "wickets": [
                {
                  "player_out": "A Griffiths",
                  "fielders": [
                    {
                      "name": "L Harris"
                    }
                  ],
                  "kind": "caught"
                }
              ]
            }
          ]
        }
      ],
      "powerplays": [
        {
          "from": 0.1,
          "to": 4.5,
          "type": "mandatory"
        }
      ]
    },
    {
      "team": "Northern Superchargers",
      "overs": [
        {
          "over": 0,
          "deliveries": [
            {
              "batter": "L Winfield",
              "bowler": "BF Smith",
              "non_striker": "JI Rodrigues",
              "runs": {
                "batter": 0,
                "extras": 0,
                "total": 0
              }
            },
            {
              "batter": "L Winfield",
              "bowler": "BF Smith",
              "non_striker": "JI Rodrigues",
              "runs": {
                "batter": 0,
                "extras": 0,
                "total": 0
              },
              "wickets": [
                {
                  "player_out": "L Winfield",
                  "fielders": [
                    {
                      "name": "GM Hennessy"
                    }
                  ],
                  "kind": "caught"
                }
              ]
            },
            {
              "batter": "L Wolvaardt",
              "bowler": "BF Smith",
              "non_striker": "JI Rodrigues",
              "runs": {
                "batter": 0,
                "extras": 0,
                "total": 0
              }
            },
            {
              "batter": "L Wolvaardt",
              "bowler": "BF Smith",
              "non_striker": "JI Rodrigues",
              "runs": {
                "batter": 0,
                "extras": 0,
                "total": 0
              }
            },
            {
              "batter": "L Wolvaardt",
              "bowler": "BF Smith",
              "non_striker": "JI Rodrigues",
              "runs": {
                "batter": 1,
                "extras": 0,
                "total": 1
              }
            }
          ]
        },
        {
          "over": 1,
          "deliveries": [
            {
              "batter": "JI Rodrigues",
              "bowler": "HK Matthews",
              "non_striker": "L Wolvaardt",
              "runs": {
                "batter": 0,
                "extras": 0,
                "total": 0
              }
            },
            {
              "batter": "JI Rodrigues",
              "bowler": "HK Matthews",
              "non_striker": "L Wolvaardt",
              "runs": {
                "batter": 1,
                "extras": 0,
                "total": 1
              }
            },
            {
              "batter": "L Wolvaardt",
              "bowler": "HK Matthews",
              "non_striker": "JI Rodrigues",
              "runs": {
                "batter": 0,
                "extras": 0,
                "total": 0
              },
              "wickets": [
                {
                  "player_out": "L Wolvaardt",
                  "kind": "run out"
                }
              ]
            },
            {
              "batter": "HJ Armitage",
              "bowler": "HK Matthews",
              "non_striker": "JI Rodrigues",
              "runs": {
                "batter": 1,
                "extras": 0,
                "total": 1
              }
            },
            {
              "batter": "JI Rodrigues",
              "bowler": "HK Matthews",
              "non_striker": "HJ Armitage",
              "runs": {
                "batter": 4,
                "extras": 0,
                "total": 4
              }
            }
          ]
        },
        {
          "over": 2,
          "deliveries": [
            {
              "batter": "HJ Armitage",
              "bowler": "P Cleary",
              "non_striker": "JI Rodrigues",
              "runs": {
                "batter": 0,
                "extras": 0,
                "total": 0
              },
              "wickets": [
                {
                  "player_out": "HJ Armitage",
                  "kind": "bowled"
                }
              ]
            },
            {
              "batter": "BAM Heath",
              "bowler": "P Cleary",
              "non_striker": "JI Rodrigues",
              "runs": {
                "batter": 0,
                "extras": 0,
                "total": 0
              }
            },
            {
              "batter": "BAM Heath",
              "bowler": "P Cleary",
              "non_striker": "JI Rodrigues",
              "runs": {
                "batter": 0,
                "extras": 0,
                "total": 0
              }
            },
            {
              "batter": "BAM Heath",
              "bowler": "P Cleary",
              "non_striker": "JI Rodrigues",
              "runs": {
                "batter": 0,
                "extras": 0,
                "total": 0
              }
            },
            {
              "batter": "BAM Heath",
              "bowler": "P Cleary",
              "non_striker": "JI Rodrigues",
              "runs": {
                "batter": 4,
                "extras": 0,
                "total": 4
              }
            }
          ]
        },
        {
          "over": 3,
          "deliveries": [
            {
              "batter": "BAM Heath",
              "bowler": "HK Matthews",
              "non_striker": "JI Rodrigues",
              "runs": {
                "batter": 4,
                "extras": 0,
                "total": 4
              }
            },
            {
              "batter": "BAM Heath",
              "bowler": "HK Matthews",
              "non_striker": "JI Rodrigues",
              "runs": {
                "batter": 4,
                "extras": 0,
                "total": 4
              }
            },
            {
              "batter": "BAM Heath",
              "bowler": "HK Matthews",
              "non_striker": "JI Rodrigues",
              "runs": {
                "batter": 0,
                "extras": 0,
                "total": 0
              },
              "wickets": [
                {
                  "player_out": "BAM Heath",
                  "fielders": [
                    {
                      "name": "KL George"
                    }
                  ],
                  "kind": "caught"
                }
              ]
            },
            {
              "batter": "AN Davidson-Richards",
              "bowler": "HK Matthews",
              "non_striker": "JI Rodrigues",
              "runs": {
                "batter": 1,
                "extras": 0,
                "total": 1
              }
            },
            {
              "batter": "JI Rodrigues",
              "bowler": "HK Matthews",
              "non_striker": "AN Davidson-Richards",
              "runs": {
                "batter": 4,
                "extras": 0,
                "total": 4
              }
            }
          ]
        },
        {
          "over": 4,
          "deliveries": [
            {
              "batter": "AN Davidson-Richards",
              "bowler": "P Cleary",
              "non_striker": "JI Rodrigues",
              "runs": {
                "batter": 0,
                "extras": 0,
                "total": 0
              }
            },
            {
              "batter": "AN Davidson-Richards",
              "bowler": "P Cleary",
              "non_striker": "JI Rodrigues",
              "runs": {
                "batter": 0,
                "extras": 0,
                "total": 0
              }
            },
            {
              "batter": "AN Davidson-Richards",
              "bowler": "P Cleary",
              "non_striker": "JI Rodrigues",
              "runs": {
                "batter": 0,
                "extras": 0,
                "total": 0
              }
            },
            {
              "batter": "AN Davidson-Richards",
              "bowler": "P Cleary",
              "non_striker": "JI Rodrigues",
              "runs": {
                "batter": 0,
                "extras": 0,
                "total": 0
              }
            },
            {
              "batter": "AN Davidson-Richards",
              "bowler": "P Cleary",
              "non_striker": "JI Rodrigues",
              "runs": {
                "batter": 0,
                "extras": 0,
                "total": 0
              }
            }
          ]
        },
        {
          "over": 5,
          "deliveries": [
            {
              "batter": "AN Davidson-Richards",
              "bowler": "BF Smith",
              "non_striker": "JI Rodrigues",
              "runs": {
                "batter": 1,
                "extras": 0,
                "total": 1
              }
            },
            {
              "batter": "JI Rodrigues",
              "bowler": "BF Smith",
              "non_striker": "AN Davidson-Richards",
              "runs": {
                "batter": 0,
                "extras": 0,
                "total": 0
              }
            },
            {
              "batter": "JI Rodrigues",
              "bowler": "BF Smith",
              "non_striker": "AN Davidson-Richards",
              "runs": {
                "batter": 0,
                "extras": 0,
                "total": 0
              }
            },
            {
              "batter": "JI Rodrigues",
              "bowler": "BF Smith",
              "non_striker": "AN Davidson-Richards",
              "runs": {
                "batter": 6,
                "extras": 0,
                "total": 6
              }
            },
            {
              "batter": "JI Rodrigues",
              "bowler": "BF Smith",
              "non_striker": "AN Davidson-Richards",
              "runs": {
                "batter": 4,
                "extras": 0,
                "total": 4
              }
            }
          ]
        },
        {
          "over": 6,
          "deliveries": [
            {
              "batter": "AN Davidson-Richards",
              "bowler": "GM Hennessy",
              "non_striker": "JI Rodrigues",
              "runs": {
                "batter": 1,
                "extras": 0,
                "total": 1
              }
            },
            {
              "batter": "JI Rodrigues",
              "bowler": "GM Hennessy",
              "non_striker": "AN Davidson-Richards",
              "runs": {
                "batter": 2,
                "extras": 0,
                "total": 2
              }
            },
            {
              "batter": "JI Rodrigues",
              "bowler": "GM Hennessy",
              "non_striker": "AN Davidson-Richards",
              "runs": {
                "batter": 1,
                "extras": 0,
                "total": 1
              }
            },
            {
              "batter": "AN Davidson-Richards",
              "bowler": "GM Hennessy",
              "non_striker": "JI Rodrigues",
              "runs": {
                "batter": 4,
                "extras": 0,
                "total": 4
              }
            },
            {
              "batter": "AN Davidson-Richards",
              "bowler": "GM Hennessy",
              "non_striker": "JI Rodrigues",
              "runs": {
                "batter": 1,
                "extras": 0,
                "total": 1
              }
            }
          ]
        },
        {
          "over": 7,
          "deliveries": [
            {
              "batter": "JI Rodrigues",
              "bowler": "N Harvey",
              "non_striker": "AN Davidson-Richards",
              "runs": {
                "batter": 2,
                "extras": 0,
                "total": 2
              }
            },
            {
              "batter": "JI Rodrigues",
              "bowler": "N Harvey",
              "non_striker": "AN Davidson-Richards",
              "runs": {
                "batter": 0,
                "extras": 0,
                "total": 0
              }
            },
            {
              "batter": "JI Rodrigues",
              "bowler": "N Harvey",
              "non_striker": "AN Davidson-Richards",
              "runs": {
                "batter": 1,
                "extras": 0,
                "total": 1
              }
            },
            {
              "batter": "AN Davidson-Richards",
              "bowler": "N Harvey",
              "non_striker": "JI Rodrigues",
              "runs": {
                "batter": 1,
                "extras": 0,
                "total": 1
              }
            },
            {
              "batter": "JI Rodrigues",
              "bowler": "N Harvey",
              "non_striker": "AN Davidson-Richards",
              "runs": {
                "batter": 1,
                "extras": 0,
                "total": 1
              }
            }
          ]
        },
        {
          "over": 8,
          "deliveries": [
            {
              "batter": "JI Rodrigues",
              "bowler": "GM Hennessy",
              "non_striker": "AN Davidson-Richards",
              "runs": {
                "batter": 0,
                "extras": 0,
                "total": 0
              }
            },
            {
              "batter": "JI Rodrigues",
              "bowler": "GM Hennessy",
              "non_striker": "AN Davidson-Richards",
              "runs": {
                "batter": 4,
                "extras": 0,
                "total": 4
              }
            },
            {
              "batter": "JI Rodrigues",
              "bowler": "GM Hennessy",
              "non_striker": "AN Davidson-Richards",
              "runs": {
                "batter": 1,
                "extras": 0,
                "total": 1
              }
            },
            {
              "batter": "AN Davidson-Richards",
              "bowler": "GM Hennessy",
              "non_striker": "JI Rodrigues",
              "runs": {
                "batter": 1,
                "extras": 0,
                "total": 1
              }
            },
            {
              "batter": "JI Rodrigues",
              "bowler": "GM Hennessy",
              "non_striker": "AN Davidson-Richards",
              "runs": {
                "batter": 1,
                "extras": 0,
                "total": 1
              }
            }
          ]
        },
        {
          "over": 9,
          "deliveries": [
            {
              "batter": "AN Davidson-Richards",
              "bowler": "A Griffiths",
              "non_striker": "JI Rodrigues",
              "runs": {
                "batter": 2,
                "extras": 0,
                "total": 2
              }
            },
            {
              "batter": "AN Davidson-Richards",
              "bowler": "A Griffiths",
              "non_striker": "JI Rodrigues",
              "runs": {
                "batter": 0,
                "extras": 0,
                "total": 0
              }
            },
            {
              "batter": "AN Davidson-Richards",
              "bowler": "A Griffiths",
              "non_striker": "JI Rodrigues",
              "runs": {
                "batter": 0,
                "extras": 0,
                "total": 0
              }
            },
            {
              "batter": "AN Davidson-Richards",
              "bowler": "A Griffiths",
              "non_striker": "JI Rodrigues",
              "runs": {
                "batter": 1,
                "extras": 0,
                "total": 1
              }
            },
            {
              "batter": "JI Rodrigues",
              "bowler": "A Griffiths",
              "non_striker": "AN Davidson-Richards",
              "runs": {
                "batter": 1,
                "extras": 0,
                "total": 1
              }
            }
          ]
        },
        {
          "over": 10,
          "deliveries": [
            {
              "batter": "JI Rodrigues",
              "bowler": "HK Matthews",
              "non_striker": "AN Davidson-Richards",
              "runs": {
                "batter": 4,
                "extras": 0,
                "total": 4
              }
            },
            {
              "batter": "JI Rodrigues",
              "bowler": "HK Matthews",
              "non_striker": "AN Davidson-Richards",
              "runs": {
                "batter": 4,
                "extras": 0,
                "total": 4
              }
            },
            {
              "batter": "JI Rodrigues",
              "bowler": "HK Matthews",
              "non_striker": "AN Davidson-Richards",
              "runs": {
                "batter": 1,
                "extras": 0,
                "total": 1
              }
            },
            {
              "batter": "AN Davidson-Richards",
              "bowler": "HK Matthews",
              "non_striker": "JI Rodrigues",
              "runs": {
                "batter": 1,
                "extras": 0,
                "total": 1
              }
            },
            {
              "batter": "JI Rodrigues",
              "bowler": "HK Matthews",
              "non_striker": "AN Davidson-Richards",
              "runs": {
                "batter": 0,
                "extras": 0,
                "total": 0
              }
            }
          ]
        },
        {
          "over": 11,
          "deliveries": [
            {
              "batter": "JI Rodrigues",
              "bowler": "N Harvey",
              "non_striker": "AN Davidson-Richards",
              "runs": {
                "batter": 1,
                "extras": 0,
                "total": 1
              }
            },
            {
              "batter": "AN Davidson-Richards",
              "bowler": "N Harvey",
              "non_striker": "JI Rodrigues",
              "runs": {
                "batter": 1,
                "extras": 0,
                "total": 1
              }
            },
            {
              "batter": "JI Rodrigues",
              "bowler": "N Harvey",
              "non_striker": "AN Davidson-Richards",
              "runs": {
                "batter": 4,
                "extras": 0,
                "total": 4
              }
            },
            {
              "batter": "JI Rodrigues",
              "bowler": "N Harvey",
              "non_striker": "AN Davidson-Richards",
              "runs": {
                "batter": 4,
                "extras": 0,
                "total": 4
              }
            },
            {
              "batter": "JI Rodrigues",
              "bowler": "N Harvey",
              "non_striker": "AN Davidson-Richards",
              "runs": {
                "batter": 4,
                "extras": 0,
                "total": 4
              }
            }
          ]
        },
        {
          "over": 12,
          "deliveries": [
            {
              "batter": "AN Davidson-Richards",
              "bowler": "P Cleary",
              "non_striker": "JI Rodrigues",
              "runs": {
                "batter": 1,
                "extras": 0,
                "total": 1
              }
            },
            {
              "batter": "JI Rodrigues",
              "bowler": "P Cleary",
              "non_striker": "AN Davidson-Richards",
              "runs": {
                "batter": 4,
                "extras": 0,
                "total": 4
              }
            },
            {
              "batter": "JI Rodrigues",
              "bowler": "P Cleary",
              "non_striker": "AN Davidson-Richards",
              "runs": {
                "batter": 4,
                "extras": 0,
                "total": 4
              }
            },
            {
              "batter": "JI Rodrigues",
              "bowler": "P Cleary",
              "non_striker": "AN Davidson-Richards",
              "runs": {
                "batter": 1,
                "extras": 0,
                "total": 1
              }
            },
            {
              "batter": "AN Davidson-Richards",
              "bowler": "P Cleary",
              "non_striker": "JI Rodrigues",
              "runs": {
                "batter": 0,
                "extras": 0,
                "total": 0
              }
            }
          ]
        },
        {
          "over": 13,
          "deliveries": [
            {
              "batter": "AN Davidson-Richards",
              "bowler": "BF Smith",
              "non_striker": "JI Rodrigues",
              "runs": {
                "batter": 1,
                "extras": 0,
                "total": 1
              }
            },
            {
              "batter": "JI Rodrigues",
              "bowler": "BF Smith",
              "non_striker": "AN Davidson-Richards",
              "runs": {
                "batter": 4,
                "extras": 0,
                "total": 4
              }
            },
            {
              "batter": "JI Rodrigues",
              "bowler": "BF Smith",
              "non_striker": "AN Davidson-Richards",
              "runs": {
                "batter": 1,
                "extras": 0,
                "total": 1
              }
            },
            {
              "batter": "AN Davidson-Richards",
              "bowler": "BF Smith",
              "non_striker": "JI Rodrigues",
              "runs": {
                "batter": 1,
                "extras": 0,
                "total": 1
              }
            },
            {
              "batter": "JI Rodrigues",
              "bowler": "BF Smith",
              "non_striker": "AN Davidson-Richards",
              "runs": {
                "batter": 0,
                "extras": 0,
                "total": 0
              }
            }
          ]
        },
        {
          "over": 14,
          "deliveries": [
            {
              "batter": "AN Davidson-Richards",
              "bowler": "A Griffiths",
              "non_striker": "JI Rodrigues",
              "runs": {
                "batter": 1,
                "extras": 0,
                "total": 1
              }
            },
            {
              "batter": "JI Rodrigues",
              "bowler": "A Griffiths",
              "non_striker": "AN Davidson-Richards",
              "runs": {
                "batter": 4,
                "extras": 0,
                "total": 4
              }
            },
            {
              "batter": "JI Rodrigues",
              "bowler": "A Griffiths",
              "non_striker": "AN Davidson-Richards",
              "runs": {
                "batter": 0,
                "extras": 0,
                "total": 0
              }
            },
            {
              "batter": "JI Rodrigues",
              "bowler": "A Griffiths",
              "non_striker": "AN Davidson-Richards",
              "runs": {
                "batter": 1,
                "extras": 0,
                "total": 1
              }
            },
            {
              "batter": "AN Davidson-Richards",
              "bowler": "A Griffiths",
              "extras": {
                "noballs": 2
              },
              "non_striker": "JI Rodrigues",
              "runs": {
                "batter": 1,
                "extras": 2,
                "total": 3
              }
            },
            {
              "batter": "JI Rodrigues",
              "bowler": "A Griffiths",
              "non_striker": "AN Davidson-Richards",
              "runs": {
                "batter": 4,
                "extras": 0,
                "total": 4
              }
            }
          ]
        },
        {
          "over": 15,
          "deliveries": [
            {
              "batter": "JI Rodrigues",
              "bowler": "AJ Macleod",
              "non_striker": "AN Davidson-Richards",
              "runs": {
                "batter": 1,
                "extras": 0,
                "total": 1
              }
            },
            {
              "batter": "AN Davidson-Richards",
              "bowler": "AJ Macleod",
              "non_striker": "JI Rodrigues",
              "runs": {
                "batter": 1,
                "extras": 0,
                "total": 1
              }
            },
            {
              "batter": "JI Rodrigues",
              "bowler": "AJ Macleod",
              "non_striker": "AN Davidson-Richards",
              "runs": {
                "batter": 4,
                "extras": 0,
                "total": 4
              }
            },
            {
              "batter": "JI Rodrigues",
              "bowler": "AJ Macleod",
              "non_striker": "AN Davidson-Richards",
              "runs": {
                "batter": 0,
                "extras": 0,
                "total": 0
              }
            },
            {
              "batter": "JI Rodrigues",
              "bowler": "AJ Macleod",
              "non_striker": "AN Davidson-Richards",
              "runs": {
                "batter": 4,
                "extras": 0,
                "total": 4
              }
            }
          ]
        },
        {
          "over": 16,
          "deliveries": [
            {
              "batter": "AN Davidson-Richards",
              "bowler": "BF Smith",
              "non_striker": "JI Rodrigues",
              "runs": {
                "batter": 1,
                "extras": 0,
                "total": 1
              }
            },
            {
              "batter": "JI Rodrigues",
              "bowler": "BF Smith",
              "non_striker": "AN Davidson-Richards",
              "runs": {
                "batter": 4,
                "extras": 0,
                "total": 4
              }
            },
            {
              "batter": "JI Rodrigues",
              "bowler": "BF Smith",
              "non_striker": "AN Davidson-Richards",
              "runs": {
                "batter": 1,
                "extras": 0,
                "total": 1
              }
            },
            {
              "batter": "AN Davidson-Richards",
              "bowler": "BF Smith",
              "non_striker": "JI Rodrigues",
              "runs": {
                "batter": 0,
                "extras": 0,
                "total": 0
              }
            },
            {
              "batter": "AN Davidson-Richards",
              "bowler": "BF Smith",
              "non_striker": "JI Rodrigues",
              "runs": {
                "batter": 1,
                "extras": 0,
                "total": 1
              }
            }
          ]
        }
      ],
      "powerplays": [
        {
          "from": 0.1,
          "to": 4.5,
          "type": "mandatory"
        }
      ],
      "target": {
        "overs": 20,
        "runs": 131
      }
    }
  ]
}