{
  "meta": {
    "data_version": "1.0.0",
    "created": "2021-08-21",
    "revision": 1
  },
  "info": {
    "balls_per_over": 5,
    "city": "London",
    "dates": [
      "2021-08-21"
    ],
    "event": {
      "name": "The Hundred Women's Competition",
      "stage": "Final"
    },
    "gender": "female",
    "match_type": "T20",
    "officials": {
      "match_referees": [
        "SJ Davis"
      ],
      "reserve_umpires": [
        "J Naeem"
      ],
      "tv_umpires": [
        "NJ Llong"
      ],
      "umpires": [
        "SJ O'Shaughnessy",
        "S Redfern"
      ]
    },
    "outcome": {
      "winner": "Oval Invincibles",
      "by": {
        "runs": 48
      }
    },
    "overs": 20,
    "player_of_match": [
      "M Kapp"
    ],
    "players": {
      "Oval Invincibles": [
        "GL Adams",
        "D van Niekerk",
        "FC Wilson",
        "M Kapp",
        "A Capsey",
        "MK Villiers",
        "J Gardner",
        "GJ Gibbs",
        "SJ Bryce",
        "NE Farrant",
        "S Ismail"
      ],
      "Southern Brave": [
        "DN Wyatt",
        "GH Lewis",
        "SIR Dunkley",
        "SR Taylor",
        "ME Bouchier",
        "A Wellington",
        "A Shrubsole",
        "FMK Morris",
        "TG Norris",
        "CE Rudd",
        "LK Bell"
      ]
    },
    "registry": {
      "people": {
        "A Capsey": "910dd54e",
        "A Shrubsole": "32497ecd",
        "A Wellington": "9b3bcca4",
        "CE Rudd": "290af2b3",
        "D van Niekerk": "8c5775f3",
        "DN Wyatt": "a139c379",
        "FC Wilson": "a28132bd",
        "FMK Morris": "3a9b3866",
        "GH Lewis": "1b9d1579",
        "GJ Gibbs": "04381402",
        "GL Adams": "7b1f2542",
        "J Gardner": "184512d1",
        "J Naeem": "0dc3fee0",
        "LK Bell": "38b4583c",
        "M Kapp": "63e3b6b3",
        "ME Bouchier": "c2554b59",
        "MK Villiers": "cd62f670",
        "NE Farrant": "15f609ed",
        "NJ Llong": "573fb985",
        "S Ismail": "108c4c09",
        "S Redfern": "5b038989",
        "SIR Dunkley": "3a9e9cb2",
        "SJ Bryce": "2ca65aee",
        "SJ Davis": "bc71b0b2",
        "SJ O'Shaughnessy": "4d4fdf4a",
        "SR Taylor": "92cf79a8",
        "TG Norris": "8ae7bb3e"
      }
    },
    "season": "2021",
    "team_type": "club",
    "teams": [
      "Oval Invincibles",
      "Southern Brave"
    ],
    "toss": {
      "decision": "field",
      "winner": "Southern Brave"
    },
    "venue": "Lord's, London"
  },
  "innings": [
    {
      "team": "Oval Invincibles",
      "overs": [
        {
          "over": 0,
          "deliveries": [
            {
              "batter": "GL Adams",
              "bowler": "A Shrubsole",
              "non_striker": "D van Niekerk",
              "runs": {
                "batter": 0,
                "extras": 0,
                "total": 0
              }
            },
            {
              "batter": "GL Adams",
              "bowler": "A Shrubsole",
              "non_striker": "D van Niekerk",
              "runs": {
                "batter": 0,
                "extras": 0,
                "total": 0
              }
            },
            {
              "batter": "GL Adams",
              "bowler": "A Shrubsole",
              "non_striker": "D van Niekerk",
              "runs": {
                "batter": 4,
                "extras": 0,
                "total": 4
              }
            },
            {
              "batter": "GL Adams",
              "bowler": "A Shrubsole",
              "non_striker": "D van Niekerk",
              "runs": {
                "batter": 0,
                "extras": 0,
                "total": 0
              }
            },
            {
              "batter": "GL Adams",
              "bowler": "A Shrubsole",
              "extras": {
                "legbyes": 1
              },
              "non_striker": "D van Niekerk",
              "runs": {
                "batter": 0,
                "extras": 1,
                "total": 1
              }
            }
          ]
        },
        {
          "over": 1,
          "deliveries": [
            {
              "batter": "D van Niekerk",
              "bowler": "LK Bell",
              "non_striker": "GL Adams",
              "runs": {
                "batter": 0,
                "extras": 0,
                "total": 0
              }
            },
            {
              "batter": "D van Niekerk",
              "bowler": "LK Bell",
              "non_striker": "GL Adams",
              "runs": {
                "batter": 0,
                "extras": 0,
                "total": 0
              }
            },
            {
              "batter": "D van Niekerk",
              "bowler": "LK Bell",
              "non_striker": "GL Adams",
              "runs": {
                "batter": 0,
                "extras": 0,
                "total": 0
              }
            },
            {
              "batter": "D van Niekerk",
              "bowler": "LK Bell",
              "non_striker": "GL Adams",
              "runs": {
                "batter": 0,
                "extras": 0,
                "total": 0
              }
            },
            {
              "batter": "D van Niekerk",
              "bowler": "LK Bell",
              "non_striker": "GL Adams",
              "runs": {
                "batter": 0,
                "extras": 0,
                "total": 0
              }
            }
          ]
        },
        {
          "over": 2,
          "deliveries": [
            {
              "batter": "GL Adams",
              "bowler": "A Shrubsole",
              "non_striker": "D van Niekerk",
              "runs": {
                "batter": 0,
                "extras": 0,
                "total": 0
              },
              "wickets": [
                {
                  "player_out": "GL Adams",
                  "fielders": [
                    {
                      "name": "DN Wyatt"
                    }
                  ],
                  "kind": "caught"
                }
              ]
            },
            {
              "batter": "FC Wilson",
              "bowler": "A Shrubsole",
              "non_striker": "D van Niekerk",
              "runs": {
                "batter": 0,
                "extras": 0,
                "total": 0
              }
            },
            {
              "batter": "FC Wilson",
              "bowler": "A Shrubsole",
              "non_striker": "D van Niekerk",
              "runs": {
                "batter": 0,
                "extras": 0,
                "total": 0
              }
            },
            {
              "batter": "FC Wilson",
              "bowler": "A Shrubsole",
              "non_striker": "D van Niekerk",
              "runs": {
                "batter": 0,
                "extras": 0,
                "total": 0
              }
            },
            {
              "batter": "FC Wilson",
              "bowler": "A Shrubsole",
              "non_striker": "D van Niekerk",
              "runs": {
                "batter": 1,
                "extras": 0,
                "total": 1
              }
            }
          ]
        },
        {
          "over": 3,
          "deliveries": [
            {
              "batter": "D van Niekerk",
              "bowler": "LK Bell",
              "non_striker": "FC Wilson",
              "runs": {
                "batter": 4,
                "extras": 0,
                "total": 4
              }
            },
            {
              "batter": "D van Niekerk",
              "bowler": "LK Bell",
              "non_striker": "FC Wilson",
              "runs": {
                "batter": 0,
                "extras": 0,
                "total": 0
              }
            },
            {
              "batter": "D van Niekerk",
              "bowler": "LK Bell",
              "non_striker": "FC Wilson",
              "runs": {
                "batter": 4,
                "extras": 0,
                "total": 4
              }
            },
            {
              "batter": "D van Niekerk",
              "bowler": "LK Bell",
              "extras": {
                "wides": 1
              },
              "non_striker": "FC Wilson",
              "runs": {
                "batter": 0,
                "extras": 1,
                "total": 1
              }
            },
            {
              "batter": "D van Niekerk",
              "bowler": "LK Bell",
              "non_striker": "FC Wilson",
              "runs": {
                "batter": 1,
                "extras": 0,
                "total": 1
              }
            },
            {
              "batter": "FC Wilson",
              "bowler": "LK Bell",
              "non_striker": "D van Niekerk",
              "runs": {
                "batter": 0,
                "extras": 0,
                "total": 0
              }
            }
          ]
        },
        {
          "over": 4,
          "deliveries": [
            {
              "batter": "D van Niekerk",
              "bowler": "A Shrubsole",
              "extras": {
                "wides": 1
              },
              "non_striker": "FC Wilson",
              "runs": {
                "batter": 0,
                "extras": 1,
                "total": 1
              }
            },
            {
              "batter": "D van Niekerk",
              "bowler": "A Shrubsole",
              "non_striker": "FC Wilson",
              "runs": {
                "batter": 1,
                "extras": 0,
                "total": 1
              }
            },
            {
              "batter": "FC Wilson",
              "bowler": "A Shrubsole",
              "non_striker": "D van Niekerk",
              "runs": {
                "batter": 0,
                "extras": 0,
                "total": 0
              }
            },
            {
              "batter": "FC Wilson",
              "bowler": "A Shrubsole",
              "extras": {
                "wides": 1
              },
              "non_striker": "D van Niekerk",
              "runs": {
                "batter": 0,
                "extras": 1,
                "total": 1
              }
            },
            {
              "batter": "FC Wilson",
              "bowler": "A Shrubsole",
              "non_striker": "D van Niekerk",
              "runs": {
                "batter": 1,
                "extras": 0,
                "total": 1
              }
            },
            {
              "batter": "D van Niekerk",
              "bowler": "A Shrubsole",
              "non_striker": "FC Wilson",
              "runs": {
                "batter": 0,
                "extras": 0,
                "total": 0
              }
            },
            {
              "batter": "D van Niekerk",
              "bowler": "A Shrubsole",
              "non_striker": "FC Wilson",
              "runs": {
                "batter": 1,
                "extras": 0,
                "total": 1
              }
            }
          ]
        },
        {
          "over": 5,
          "deliveries": [
            {
              "batter": "FC Wilson",
              "bowler": "A Wellington",
              "non_striker": "D van Niekerk",
              "runs": {
                "batter": 1,
                "extras": 0,
                "total": 1
              }
            },
            {
              "batter": "D van Niekerk",
              "bowler": "A Wellington",
              "non_striker": "FC Wilson",
              "runs": {
                "batter": 1,
                "extras": 0,
                "total": 1
              }
            },
            {
              "batter": "FC Wilson",
              "bowler": "A Wellington",
              "non_striker": "D van Niekerk",
              "runs": {
                "batter": 4,
                "extras": 0,
                "total": 4
              }
            },
            {
              "batter": "FC Wilson",
              "bowler": "A Wellington",
              "non_striker": "D van Niekerk",
              "runs": {
                "batter": 0,
                "extras": 0,
                "total": 0
              }
            },
            {
              "batter": "FC Wilson",
              "bowler": "A Wellington",
              "non_striker": "D van Niekerk",
              "runs": {
                "batter": 0,
                "extras": 0,
                "total": 0
              }
            }
          ]
        },
        {
          "over": 6,
          "deliveries": [
            {
              "batter": "D van Niekerk",
              "bowler": "FMK Morris",
              "non_striker": "FC Wilson",
              "runs": {
                "batter": 1,
                "extras": 0,
                "total": 1
              }
            },
            {
              "batter": "FC Wilson",
              "bowler": "FMK Morris",
              "non_striker": "D van Niekerk",
              "runs": {
                "batter": 0,
                "extras": 0,
                "total": 0
              }
            },
            {
              "batter": "FC Wilson",
              "bowler": "FMK Morris",
              "non_striker": "D van Niekerk",
              "runs": {
                "batter": 1,
                "extras": 0,
                "total": 1
              }
            },
            {
              "batter": "D van Niekerk",
              "bowler": "FMK Morris",
              "non_striker": "FC Wilson",
              "runs": {
                "batter": 1,
                "extras": 0,
                "total": 1
              }
            },
            {
              "batter": "FC Wilson",
              "bowler": "FMK Morris",
              "non_striker": "D van Niekerk",
              "runs": {
                "batter": 4,
                "extras": 0,
                "total": 4
              }
            }
          ]
        },
        {
          "over": 7,
          "deliveries": [
            {
              "batter": "FC Wilson",
              "bowler": "SR Taylor",
              "non_striker": "D van Niekerk",
              "runs": {
                "batter": 0,
                "extras": 0,
                "total": 0
              }
            },
            {
              "batter": "FC Wilson",
              "bowler": "SR Taylor",
              "extras": {
                "wides": 1
              },
              "non_striker": "D van Niekerk",
              "runs": {
                "batter": 0,
                "extras": 1,
                "total": 1
              }
            },
            {
              "batter": "FC Wilson",
              "bowler": "SR Taylor",
              "non_striker": "D van Niekerk",
              "runs": {
                "batter": 1,
                "extras": 0,
                "total": 1
              }
            },
            {
              "batter": "D van Niekerk",
              "bowler": "SR Taylor",
              "non_striker": "FC Wilson",
              "runs": {
                "batter": 2,
                "extras": 0,
                "total": 2
              }
            },
            {
              "batter": "D van Niekerk",
              "bowler": "SR Taylor",
              "non_striker": "FC Wilson",
              "runs": {
                "batter": 1,
                "extras": 0,
                "total": 1
              }
            },
            {
              "batter": "FC Wilson",
              "bowler": "SR Taylor",
              "non_striker": "D van Niekerk",
              "runs": {
                "batter": 1,
                "extras": 0,
                "total": 1
              }
            }
          ]
        },
        {
          "over": 8,
          "deliveries": [
            {
              "batter": "FC Wilson",
              "bowler": "A Wellington",
              "non_striker": "D van Niekerk",
              "runs": {
                "batter": 1,
                "extras": 0,
                "total": 1
              }
            },
            {
              "batter": "D van Niekerk",
              "bowler": "A Wellington",
              "non_striker": "FC Wilson",
              "runs": {
                "batter": 1,
                "extras": 0,
                "total": 1
              }
            },
            {
              "batter": "FC Wilson",
              "bowler": "A Wellington",
              "non_striker": "D van Niekerk",
              "runs": {
                "batter": 1,
                "extras": 0,
                "total": 1
              }
            },
            {
              "batter": "D van Niekerk",
              "bowler": "A Wellington",
              "non_striker": "FC Wilson",
              "runs": {
                "batter": 1,
                "extras": 0,
                "total": 1
              }
            },
            {
              "batter": "FC Wilson",
              "bowler": "A Wellington",
              "non_striker": "D van Niekerk",
              "runs": {
                "batter": 1,
                "extras": 0,
                "total": 1
              }
            }
          ]
        },
        {
          "over": 9,
          "deliveries": [
            {
              "batter": "D van Niekerk",
              "bowler": "TG Norris",
              "non_striker": "FC Wilson",
              "runs": {
                "batter": 0,
                "extras": 0,
                "total": 0
              }
            },
            {
              "batter": "D van Niekerk",
              "bowler": "TG Norris",
              "non_striker": "FC Wilson",
              "runs": {
                "batter": 1,
                "extras": 0,
                "total": 1
              }
            },
            {
              "batter": "FC Wilson",
              "bowler": "TG Norris",
              "non_striker": "D van Niekerk",
              "runs": {
                "batter": 0,
                "extras": 0,
                "total": 0
              }
            },
            {
              "batter": "FC Wilson",
              "bowler": "TG Norris",
              "extras": {
                "wides": 1
              },
              "non_striker": "D van Niekerk",
              "runs": {
                "batter": 0,
                "extras": 1,
                "total": 1
              }
            },
            {
              "batter": "FC Wilson",
              "bowler": "TG Norris",
              "non_striker": "D van Niekerk",
              "runs": {
                "batter": 1,
                "extras": 0,
                "total": 1
              }
            },
            {
              "batter": "D van Niekerk",
              "bowler": "TG Norris",
              "non_striker": "FC Wilson",
              "runs": {
                "batter": 4,
                "extras": 0,
                "total": 4
              }
            }
          ]
        },
        {
          "over": 10,
          "deliveries": [
            {
              "batter": "FC Wilson",
              "bowler": "FMK Morris",
              "non_striker": "D van Niekerk",
              "runs": {
                "batter": 4,
                "extras": 0,
                "total": 4
              }
            },
            {
              "batter": "FC Wilson",
              "bowler": "FMK Morris",
              "non_striker": "D van Niekerk",
              "runs": {
                "batter": 0,
                "extras": 0,
                "total": 0
              }
            },
            {
              "batter": "FC Wilson",
              "bowler": "FMK Morris",
              "non_striker": "D van Niekerk",
              "runs": {
                "batter": 0,
                "extras": 0,
                "total": 0
              }
            },
            {
              "batter": "FC Wilson",
              "bowler": "FMK Morris",
              "non_striker": "D van Niekerk",
              "runs": {
                "batter": 1,
                "extras": 0,
                "total": 1
              }
            },
            {
              "batter": "D van Niekerk",
              "bowler": "FMK Morris",
              "non_striker": "FC Wilson",
              "runs": {
                "batter": 0,
                "extras": 0,
                "total": 0
              }
            }
          ]
        },
        {
          "over": 11,
          "deliveries": [
            {
              "batter": "D van Niekerk",
              "bowler": "SR Taylor",
              "extras": {
                "byes": 1
              },
              "non_striker": "FC Wilson",
              "runs": {
                "batter": 0,
                "extras": 1,
                "total": 1
              }
            },
            {
              "batter": "FC Wilson",
              "bowler": "SR Taylor",
              "non_striker": "D van Niekerk",
              "runs": {
                "batter": 1,
                "extras": 0,
                "total": 1
              }
            },
            {
              "batter": "D van Niekerk",
              "bowler": "SR Taylor",
              "non_striker": "FC Wilson",
              "runs": {
                "batter": 0,
                "extras": 0,
                "total": 0
              }
            },
            {
              "batter": "D van Niekerk",
              "bowler": "SR Taylor",
              "non_striker": "FC Wilson",
              "runs": {
                "batter": 1,
                "extras": 0,
                "total": 1
              }
            },
            {
              "batter": "FC Wilson",
              "bowler": "SR Taylor",
              "non_striker": "D van Niekerk",
              "runs": {
                "batter": 1,
                "extras": 0,
                "total": 1
              }
            }
          ]
        },
        {
          "over": 12,
          "deliveries": [
            {
              "batter": "FC Wilson",
              "bowler": "A Wellington",
              "non_striker": "D van Niekerk",
              "runs": {
                "batter": 0,
                "extras": 0,
                "total": 0
              },
              "wickets": [
                {
                  "player_out": "FC Wilson",
                  "fielders": [
                    {
                      "name": "DN Wyatt"
                    }
                  ],
                  "kind": "caught"
                }
              ]
            },
            {
              "batter": "M Kapp",
              "bowler": "A Wellington",
              "non_striker": "D van Niekerk",
              "runs": {
                "batter": 1,
                "extras": 0,
                "total": 1
              }
            },
            {
              "batter": "D van Niekerk",
              "bowler": "A Wellington",
              "non_striker": "M Kapp",
              "runs": {
                "batter": 0,
                "extras": 0,
                "total": 0
              }
            },
            {
              "batter": "D van Niekerk",
              "bowler": "A Wellington",
              "non_striker": "M Kapp",
              "runs": {
                "batter": 1,
                "extras": 0,
                "total": 1
              }
            },
            {
              "batter": "M Kapp",
              "bowler": "A Wellington",
              "non_striker": "D van Niekerk",
              "runs": {
                "batter": 1,
                "extras": 0,
                "total": 1
              }
            }
          ]
        },
        {
          "over": 13,
          "deliveries": [
            {
              "batter": "D van Niekerk",
              "bowler": "LK Bell",
              "non_striker": "M Kapp",
              "runs": {
                "batter": 0,
                "extras": 0,
                "total": 0
              },
              "wickets": [
                {
                  "player_out": "D van Niekerk",
                  "fielders": [
                    {
                      "name": "GH Lewis"
                    }
                  ],
                  "kind": "caught"
                }
              ]
            },
            {
              "batter": "A Capsey",
              "bowler": "LK Bell",
              "non_striker": "M Kapp",
              "runs": {
                "batter": 0,
                "extras": 0,
                "total": 0
              }
            },
            {
              "batter": "A Capsey",
              "bowler": "LK Bell",
              "non_striker": "M Kapp",
              "runs": {
                "batter": 1,
                "extras": 0,
                "total": 1
              }
            },
            {
              "batter": "M Kapp",
              "bowler": "LK Bell",
              "non_striker": "A Capsey",
              "runs": {
                "batter": 1,
                "extras": 0,
                "total": 1
              }
            },
            {
              "batter": "A Capsey",
              "bowler": "LK Bell",
              "non_striker": "M Kapp",
              "runs": {
                "batter": 4,
                "extras": 0,
                "total": 4
              }
            }
          ]
        },
        {
          "over": 14,
          "deliveries": [
            {
              "batter": "M Kapp",
              "bowler": "FMK Morris",
              "non_striker": "A Capsey",
              "runs": {
                "batter": 0,
                "extras": 0,
                "total": 0
              }
            },
            {
              "batter": "M Kapp",
              "bowler": "FMK Morris",
              "non_striker": "A Capsey",
              "runs": {
                "batter": 2,
                "extras": 0,
                "total": 2
              }
            },
            {
              "batter": "M Kapp",
              "bowler": "FMK Morris",
              "non_striker": "A Capsey",
              "runs": {
                "batter": 4,
                "extras": 0,
                "total": 4
              }
            },
            {
              "batter": "M Kapp",
              "bowler": "FMK Morris",
              "non_striker": "A Capsey",
              "runs": {
                "batter": 1,
                "extras": 0,
                "total": 1
              }
            },
            {
              "batter": "A Capsey",
              "bowler": "FMK Morris",
              "non_striker": "M Kapp",
              "runs": {
                "batter": 2,
                "extras": 0,
                "total": 2
              }
            }
          ]
        },
        {
          "over": 15,
          "deliveries": [
            {
              "batter": "A Capsey",
              "bowler": "SR Taylor",
              "non_striker": "M Kapp",
              "runs": {
                "batter": 1,
                "extras": 0,
                "total": 1
              }
            },
            {
              "batter": "M Kapp",
              "bowler": "SR Taylor",
              "non_striker": "A Capsey",
              "runs": {
                "batter": 2,
                "extras": 0,
                "total": 2
              }
            },
            {
              "batter": "M Kapp",
              "bowler": "SR Taylor",
              "non_striker": "A Capsey",
              "runs": {
                "batter": 1,
                "extras": 0,
                "total": 1
              }
            },
            {
              "batter": "A Capsey",
              "bowler": "SR Taylor",
              "non_striker": "M Kapp",
              "runs": {
                "batter": 1,
                "extras": 0,
                "total": 1
              }
            },
            {
              "batter": "M Kapp",
              "bowler": "SR Taylor",
              "non_striker": "A Capsey",
              "runs": {
                "batter": 4,
                "extras": 0,
                "total": 4
              }
            }
          ]
        },
        {
          "over": 16,
          "deliveries": [
            {
              "batter": "A Capsey",
              "bowler": "A Wellington",
              "non_striker": "M Kapp",
              "runs": {
                "batter": 4,
                "extras": 0,
                "total": 4
              }
            },
            {
              "batter": "A Capsey",
              "bowler": "A Wellington",
              "non_striker": "M Kapp",
              "runs": {
                "batter": 1,
                "extras": 0,
                "total": 1
              }
            },
            {
              "batter": "M Kapp",
              "bowler": "A Wellington",
              "non_striker": "A Capsey",
              "runs": {
                "batter": 1,
                "extras": 0,
                "total": 1
              }
            },
            {
              "batter": "A Capsey",
              "bowler": "A Wellington",
              "non_striker": "M Kapp",
              "runs": {
                "batter": 0,
                "extras": 0,
                "total": 0
              }
            },
            {
              "batter": "A Capsey",
              "bowler": "A Wellington",
              "non_striker": "M Kapp",
              "runs": {
                "batter": 4,
                "extras": 0,
                "total": 4
              }
            }
          ]
        },
        {
          "over": 17,
          "deliveries": [
            {
              "batter": "A Capsey",
              "bowler": "LK Bell",
              "non_striker": "M Kapp",
              "runs": {
                "batter": 0,
                "extras": 0,
                "total": 0
              }
            },
            {
              "batter": "A Capsey",
              "bowler": "LK Bell",
              "non_striker": "M Kapp",
              "runs": {
                "batter": 0,
                "extras": 0,
                "total": 0
              },
              "wickets": [
                {
                  "player_out": "A Capsey",
                  "kind": "bowled"
                }
              ]
            },
            {
              "batter": "MK Villiers",
              "bowler": "LK Bell",
              "non_striker": "M Kapp",
              "runs": {
                "batter": 4,
                "extras": 0,
                "total": 4
              }
            },
            {
              "batter": "MK Villiers",
              "bowler": "LK Bell",
              "non_striker": "M Kapp",
              "runs": {
                "batter": 4,
                "extras": 0,
                "total": 4
              }
            },
            {
              "batter": "MK Villiers",
              "bowler": "LK Bell",
              "non_striker": "M Kapp",
              "runs": {
                "batter": 0,
                "extras": 0,
                "total": 0
              }
            }
          ]
        },
        {
          "over": 18,
          "deliveries": [
            {
              "batter": "M Kapp",
              "bowler": "FMK Morris",
              "non_striker": "MK Villiers",
              "runs": {
                "batter": 4,
                "extras": 0,
                "total": 4
              }
            },
            {
              "batter": "M Kapp",
              "bowler": "FMK Morris",
              "non_striker": "MK Villiers",
              "runs": {
                "batter": 4,
                "extras": 0,
                "total": 4
              }
            },
            {
              "batter": "M Kapp",
              "bowler": "FMK Morris",
              "non_striker": "MK Villiers",
              "runs": {
                "batter": 0,
                "extras": 0,
                "total": 0
              },
              "wickets": [
                {
                  "player_out": "M Kapp",
                  "fielders": [
                    {
                      "name": "A Wellington"
                    }
                  ],
                  "kind": "caught"
                }
              ]
            },
            {
              "batter": "J Gardner",
              "bowler": "FMK Morris",
              "non_striker": "MK Villiers",
              "runs": {
                "batter": 0,
                "extras": 0,
                "total": 0
              }
            },
            {
              "batter": "J Gardner",
              "bowler": "FMK Morris",
              "non_striker": "MK Villiers",
              "runs": {
                "batter": 1,
                "extras": 0,
                "total": 1
              }
            }
          ]
        },
        {
          "over": 19,
          "deliveries": [
            {
              "batter": "MK Villiers",
              "bowler": "A Shrubsole",
              "non_striker": "J Gardner",
              "runs": {
                "batter": 2,
                "extras": 0,
                "total": 2
              }
            },
            {
              "batter": "MK Villiers",
              "bowler": "A Shrubsole",
              "non_striker": "J Gardner",
              "runs": {
                "batter": 2,
                "extras": 0,
                "total": 2
              }
            },
            {
              "batter": "MK Villiers",
              "bowler": "A Shrubsole",
              "non_striker": "J Gardner",
              "runs": {
                "batter": 1,
                "extras": 0,
                "total": 1
              }
            },
            {
              "batter": "J Gardner",
              "bowler": "A Shrubsole",
              "non_striker": "MK Villiers",
              "runs": {
                "batter": 1,
                "extras": 0,
                "total": 1
              }
            },
            {
              "batter": "MK Villiers",
              "bowler": "A Shrubsole",
              "non_striker": "J Gardner",
              "runs": {
                "batter": 0,
                "extras": 0,
                "total": 0
              },
              "wickets": [
                {
                  "player_out": "MK Villiers",
                  "fielders": [
                    {
                      "name": "ME Bouchier"
                    }
                  ],
                  "kind": "caught"
                }
              ]
            }
          ]
        }
      ],
      "powerplays": [
        {
          "from": 0.1,
          "to": 4.7,
          "type": "mandatory"
        }
      ]
    },
    {
      "team": "Southern Brave",
      "overs": [
        {
          "over": 0,
          "deliveries": [
            {
              "batter": "DN Wyatt",
              "bowler": "M Kapp",
              "extras": {
                "wides": 1
              },
              "non_striker": "GH Lewis",
              "runs": {
                "batter": 0,
                "extras": 1,
                "total": 1
              }
            },
            {
              "batter": "DN Wyatt",
              "bowler": "M Kapp",
              "non_striker": "GH Lewis",
              "runs": {
                "batter": 0,
                "extras": 0,
                "total": 0
              }
            },
            {
              "batter": "DN Wyatt",
              "bowler": "M Kapp",
              "non_striker": "GH Lewis",
              "runs": {
                "batter": 0,
                "extras": 0,
                "total": 0
              }
            },
            {
              "batter": "DN Wyatt",
              "bowler": "M Kapp",
              "non_striker": "GH Lewis",
              "runs": {
                "batter": 0,
                "extras": 0,
                "total": 0
              }
            },
            {
              "batter": "DN Wyatt",
              "bowler": "M Kapp",
              "non_striker": "GH Lewis",
              "runs": {
                "batter": 0,
                "extras": 0,
                "total": 0
              },
              "wickets": [
                {
                  "player_out": "DN Wyatt",
                  "fielders": [
                    {
                      "name": "SJ Bryce"
                    }
                  ],
                  "kind": "caught"
                }
              ]
            },
            {
              "batter": "SIR Dunkley",
              "bowler": "M Kapp",
              "non_striker": "GH Lewis",
              "runs": {
                "batter": 0,
                "extras": 0,
                "total": 0
              }
            }
          ]
        },
        {
          "over": 1,
          "deliveries": [
            {
              "batter": "SIR Dunkley",
              "bowler": "M Kapp",
              "non_striker": "GH Lewis",
              "runs": {
                "batter": 0,
                "extras": 0,
                "total": 0
              },
              "wickets": [
                {
                  "player_out": "SIR Dunkley",
                  "fielders": [
                    {
                      "name": "D van Niekerk"
                    }
                  ],
                  "kind": "caught"
                }
              ]
            },
            {
              "batter": "SR Taylor",
              "bowler": "M Kapp",
              "non_striker": "GH Lewis",
              "runs": {
                "batter": 0,
                "extras": 0,
                "total": 0
              }
            },
            {
              "batter": "SR Taylor",
              "bowler": "M Kapp",
              "non_striker": "GH Lewis",
              "runs": {
                "batter": 1,
                "extras": 0,
                "total": 1
              }
            },
            {
              "batter": "GH Lewis",
              "bowler": "M Kapp",
              "non_striker": "SR Taylor",
              "runs": {
                "batter": 0,
                "extras": 0,
                "total": 0
              }
            },
            {
              "batter": "GH Lewis",
              "bowler": "M Kapp",
              "non_striker": "SR Taylor",
              "runs": {
                "batter": 0,
                "extras": 0,
                "total": 0
              },
              "wickets": [
                {
                  "player_out": "GH Lewis",
                  "fielders": [
                    {
                      "name": "A Capsey"
                    }
                  ],
                  "kind": "caught"
                }
              ]
            }
          ]
        },
        {
          "over": 2,
          "deliveries": [
            {
              "batter": "SR Taylor",
              "bowler": "S Ismail",
              "non_striker": "ME Bouchier",
              "runs": {
                "batter": 0,
                "extras": 0,
                "total": 0
              }
            },
            {
              "batter": "SR Taylor",
              "bowler": "S Ismail",
              "non_striker": "ME Bouchier",
              "runs": {
                "batter": 1,
                "extras": 0,
                "total": 1
              }
            },
            {
              "batter": "ME Bouchier",
              "bowler": "S Ismail",
              "non_striker": "SR Taylor",
              "runs": {
                "batter": 0,
                "extras": 0,
                "total": 0
              }
            },
            {
              "batter": "ME Bouchier",
              "bowler": "S Ismail",
              "non_striker": "SR Taylor",
              "runs": {
                "batter": 0,
                "extras": 0,
                "total": 0
              }
            },
            {
              "batter": "ME Bouchier",
              "bowler": "S Ismail",
              "non_striker": "SR Taylor",
              "runs": {
                "batter": 4,
                "extras": 0,
                "total": 4
              }
            }
          ]
        },
        {
          "over": 3,
          "deliveries": [
            {
              "batter": "ME Bouchier",
              "bowler": "NE Farrant",
              "non_striker": "SR Taylor",
              "runs": {
                "batter": 0,
                "extras": 0,
                "total": 0
              }
            },
            {
              "batter": "ME Bouchier",
              "bowler": "NE Farrant",
              "non_striker": "SR Taylor",
              "runs": {
                "batter": 0,
                "extras": 0,
                "total": 0
              }
            },
            {
              "batter": "ME Bouchier",
              "bowler": "NE Farrant",
              "non_striker": "SR Taylor",
              "runs": {
                "batter": 1,
                "extras": 0,
                "total": 1
              }
            },
            {
              "batter": "SR Taylor",
              "bowler": "NE Farrant",
              "non_striker": "ME Bouchier",
              "runs": {
                "batter": 0,
                "extras": 0,
                "total": 0
              }
            },
            {
              "batter": "SR Taylor",
              "bowler": "NE Farrant",
              "non_striker": "ME Bouchier",
              "runs": {
                "batter": 0,
                "extras": 0,
                "total": 0
              }
            }
          ]
        },
        {
          "over": 4,
          "deliveries": [
            {
              "batter": "ME Bouchier",
              "bowler": "M Kapp",
              "non_striker": "SR Taylor",
              "runs": {
                "batter": 0,
                "extras": 0,
                "total": 0
              }
            },
            {
              "batter": "ME Bouchier",
              "bowler": "M Kapp",
              "non_striker": "SR Taylor",
              "runs": {
                "batter": 1,
                "extras": 0,
                "total": 1
              }
            },
            {
              "batter": "SR Taylor",
              "bowler": "M Kapp",
              "non_striker": "ME Bouchier",
              "runs": {
                "batter": 1,
                "extras": 0,
                "total": 1
              }
            },
            {
              "batter": "ME Bouchier",
              "bowler": "M Kapp",
              "non_striker": "SR Taylor",
              "runs": {
                "batter": 1,
                "extras": 0,
                "total": 1
              }
            },
            {
              "batter": "SR Taylor",
              "bowler": "M Kapp",
              "non_striker": "ME Bouchier",
              "runs": {
                "batter": 0,
                "extras": 0,
                "total": 0
              }
            }
          ]
        },
        {
          "over": 5,
          "deliveries": [
            {
              "batter": "SR Taylor",
              "bowler": "S Ismail",
              "non_striker": "ME Bouchier",
              "runs": {
                "batter": 0,
                "extras": 0,
                "total": 0
              }
            },
            {
              "batter": "SR Taylor",
              "bowler": "S Ismail",
              "non_striker": "ME Bouchier",
              "runs": {
                "batter": 0,
                "extras": 0,
                "total": 0
              },
              "wickets": [
                {
                  "player_out": "ME Bouchier",
                  "kind": "run out"
                }
              ]
            },
            {
              "batter": "A Wellington",
              "bowler": "S Ismail",
              "non_striker": "SR Taylor",
              "runs": {
                "batter": 0,
                "extras": 0,
                "total": 0
              }
            },
            {
              "batter": "A Wellington",
              "bowler": "S Ismail",
              "non_striker": "SR Taylor",
              "runs": {
                "batter": 0,
                "extras": 0,
                "total": 0
              }
            },
            {
              "batter": "A Wellington",
              "bowler": "S Ismail",
              "non_striker": "SR Taylor",
              "runs": {
                "batter": 0,
                "extras": 0,
                "total": 0
              },
              "wickets": [
                {
                  "player_out": "A Wellington",
                  "fielders": [
                    {
                      "name": "A Capsey"
                    }
                  ],
                  "kind": "caught"
                }
              ]
            }
          ]
        },
        {
          "over": 6,
          "deliveries": [
            {
              "batter": "SR Taylor",
              "bowler": "NE Farrant",
              "non_striker": "A Shrubsole",
              "runs": {
                "batter": 0,
                "extras": 0,
                "total": 0
              }
            },
            {
              "batter": "SR Taylor",
              "bowler": "NE Farrant",
              "non_striker": "A Shrubsole",
              "runs": {
                "batter": 1,
                "extras": 0,
                "total": 1
              }
            },
            {
              "batter": "A Shrubsole",
              "bowler": "NE Farrant",
              "non_striker": "SR Taylor",
              "runs": {
                "batter": 0,
                "extras": 0,
                "total": 0
              }
            },
            {
              "batter": "A Shrubsole",
              "bowler": "NE Farrant",
              "non_striker": "SR Taylor",
              "runs": {
                "batter": 1,
                "extras": 0,
                "total": 1
              }
            },
            {
              "batter": "SR Taylor",
              "bowler": "NE Farrant",
              "non_striker": "A Shrubsole",
              "runs": {
                "batter": 1,
                "extras": 0,
                "total": 1
              }
            }
          ]
        },
        {
          "over": 7,
          "deliveries": [
            {
              "batter": "A Shrubsole",
              "bowler": "A Capsey",
              "non_striker": "SR Taylor",
              "runs": {
                "batter": 0,
                "extras": 0,
                "total": 0
              },
              "wickets": [
                {
                  "player_out": "A Shrubsole",
                  "fielders": [
                    {
                      "name": "M Kapp"
                    }
                  ],
                  "kind": "caught"
                }
              ]
            },
            {
              "batter": "FMK Morris",
              "bowler": "A Capsey",
              "non_striker": "SR Taylor",
              "runs": {
                "batter": 0,
                "extras": 0,
                "total": 0
              }
            },
            {
              "batter": "FMK Morris",
              "bowler": "A Capsey",
              "non_striker": "SR Taylor",
              "runs": {
                "batter": 0,
                "extras": 0,
                "total": 0
              }
            },
            {
              "batter": "FMK Morris",
              "bowler": "A Capsey",
              "non_striker": "SR Taylor",
              "runs": {
                "batter": 0,
                "extras": 0,
                "total": 0
              }
            },
            {
              "batter": "FMK Morris",
              "bowler": "A Capsey",
              "non_striker": "SR Taylor",
              "runs": {
                "batter": 0,
                "extras": 0,
                "total": 0
              }
            }
          ]
        },
        {
          "over": 8,
          "deliveries": [
            {
              "batter": "SR Taylor",
              "bowler": "S Ismail",
              "non_striker": "FMK Morris",
              "runs": {
                "batter": 4,
                "extras": 0,
                "total": 4
              }
            },
            {
              "batter": "SR Taylor",
              "bowler": "S Ismail",
              "non_striker": "FMK Morris",
              "runs": {
                "batter": 1,
                "extras": 0,
                "total": 1
              }
            },
            {
              "batter": "FMK Morris",
              "bowler": "S Ismail",
              "non_striker": "SR Taylor",
              "runs": {
                "batter": 0,
                "extras": 0,
                "total": 0
              }
            },
            {
              "batter": "FMK Morris",
              "bowler": "S Ismail",
              "non_striker": "SR Taylor",
              "runs": {
                "batter": 0,
                "extras": 0,
                "total": 0
              }
            },
            {
              "batter": "FMK Morris",
              "bowler": "S Ismail",
              "non_striker": "SR Taylor",
              "runs": {
                "batter": 0,
                "extras": 0,
                "total": 0
              }
            }
          ]
        },
        {
          "over": 9,
          "deliveries": [
            {
              "batter": "FMK Morris",
              "bowler": "D van Niekerk",
              "non_striker": "SR Taylor",
              "runs": {
                "batter": 0,
                "extras": 0,
                "total": 0
              }
            },
            {
              "batter": "FMK Morris",
              "bowler": "D van Niekerk",
              "non_striker": "SR Taylor",
              "runs": {
                "batter": 0,
                "extras": 0,
                "total": 0
              }
            },
            {
              "batter": "FMK Morris",
              "bowler": "D van Niekerk",
              "non_striker": "SR Taylor",
              "runs": {
                "batter": 0,
                "extras": 0,
                "total": 0
              }
            },
            {
              "batter": "FMK Morris",
              "bowler": "D van Niekerk",
              "non_striker": "SR Taylor",
              "runs": {
                "batter": 1,
                "extras": 0,
                "total": 1
              }
            },
            {
              "batter": "SR Taylor",
              "bowler": "D van Niekerk",
              "non_striker": "FMK Morris",
              "runs": {
                "batter": 1,
                "extras": 0,
                "total": 1
              }
            }
          ]
        },
        {
          "over": 10,
          "deliveries": [
            {
              "batter": "SR Taylor",
              "bowler": "A Capsey",
              "non_striker": "FMK Morris",
              "runs": {
                "batter": 0,
                "extras": 0,
                "total": 0
              }
            },
            {
              "batter": "SR Taylor",
              "bowler": "A Capsey",
              "non_striker": "FMK Morris",
              "runs": {
                "batter": 4,
                "extras": 0,
                "total": 4
              }
            },
            {
              "batter": "SR Taylor",
              "bowler": "A Capsey",
              "non_striker": "FMK Morris",
              "runs": {
                "batter": 1,
                "extras": 0,
                "total": 1
              }
            },
            {
              "batter": "FMK Morris",
              "bowler": "A Capsey",
              "non_striker": "SR Taylor",
              "runs": {
                "batter": 1,
                "extras": 0,
                "total": 1
              }
            },
            {
              "batter": "SR Taylor",
              "bowler": "A Capsey",
              "non_striker": "FMK Morris",
              "runs": {
                "batter": 0,
                "extras": 0,
                "total": 0
              }
            }
          ]
        },
        {
          "over": 11,
          "deliveries": [
            {
              "batter": "SR Taylor",
              "bowler": "D van Niekerk",
              "non_striker": "FMK Morris",
              "runs": {
                "batter": 2,
                "extras": 0,
                "total": 2
              }
            },
            {
              "batter": "SR Taylor",
              "bowler": "D van Niekerk",
              "non_striker": "FMK Morris",
              "runs": {
                "batter": 0,
                "extras": 0,
                "total": 0
              },
              "wickets": [
                {
                  "player_out": "SR Taylor",
                  "fielders": [
                    {
                      "name": "SJ Bryce"
                    }
                  ],
                  "kind": "stumped"
                }
              ]
            },
            {
              "batter": "TG Norris",
              "bowler": "D van Niekerk",
              "non_striker": "FMK Morris",
              "runs": {
                "batter": 1,
                "extras": 0,
                "total": 1
              }
            },
            {
              "batter": "FMK Morris",
              "bowler": "D van Niekerk",
              "non_striker": "TG Norris",
              "runs": {
                "batter": 1,
                "extras": 0,
                "total": 1
              }
            },
            {
              "batter": "TG Norris",
              "bowler": "D van Niekerk",
              "non_striker": "FMK Morris",
              "runs": {
                "batter": 0,
                "extras": 0,
                "total": 0
              }
            }
          ]
        },
        {
          "over": 12,
          "deliveries": [
            {
              "batter": "FMK Morris",
              "bowler": "A Capsey",
              "non_striker": "TG Norris",
              "runs": {
                "batter": 4,
                "extras": 0,
                "total": 4
              }
            },
            {
              "batter": "FMK Morris",
              "bowler": "A Capsey",
              "non_striker": "TG Norris",
              "runs": {
                "batter": 0,
                "extras": 0,
                "total": 0
              }
            },
            {
              "batter": "FMK Morris",
              "bowler": "A Capsey",
              "non_striker": "TG Norris",
              "runs": {
                "batter": 4,
                "extras": 0,
                "total": 4
              }
            },
            {
              "batter": "FMK Morris",
              "bowler": "A Capsey",
              "non_striker": "TG Norris",
              "runs": {
                "batter": 0,
                "extras": 0,
                "total": 0
              }
            },
            {
              "batter": "FMK Morris",
              "bowler": "A Capsey",
              "non_striker": "TG Norris",
              "runs": {
                "batter": 1,
                "extras": 0,
                "total": 1
              }
            }
          ]
        },
        {
          "over": 13,
          "deliveries": [
            {
              "batter": "TG Norris",
              "bowler": "S Ismail",
              "non_striker": "FMK Morris",
              "runs": {
                "batter": 0,
                "extras": 0,
                "total": 0
              }
            },
            {
              "batter": "TG Norris",
              "bowler": "S Ismail",
              "non_striker": "FMK Morris",
              "runs": {
                "batter": 0,
                "extras": 0,
                "total": 0
              }
            },
            {
              "batter": "TG Norris",
              "bowler": "S Ismail",
              "extras": {
                "legbyes": 1
              },
              "non_striker": "FMK Morris",
              "runs": {
                "batter": 0,
                "extras": 1,
                "total": 1
              }
            },
            {
              "batter": "FMK Morris",
              "bowler": "S Ismail",
              "non_striker": "TG Norris",
              "runs": {
                "batter": 4,
                "extras": 0,
                "total": 4
              }
            },
            {
              "batter": "FMK Morris",
              "bowler": "S Ismail",
              "non_striker": "TG Norris",
              "review": {
                "by": "Oval Invincibles",
                "umpire": "S Redfern",
                "batter": "FMK Morris",
                "decision": "struck down"
              },
              "runs": {
                "batter": 0,
                "extras": 0,
                "total": 0
              }
            }
          ]
        },
        {
          "over": 14,
          "deliveries": [
            {
              "batter": "TG Norris",
              "bowler": "NE Farrant",
              "non_striker": "FMK Morris",
              "runs": {
                "batter": 1,
                "extras": 0,
                "total": 1
              }
            },
            {
              "batter": "FMK Morris",
              "bowler": "NE Farrant",
              "non_striker": "TG Norris",
              "runs": {
                "batter": 1,
                "extras": 0,
                "total": 1
              }
            },
            {
              "batter": "TG Norris",
              "bowler": "NE Farrant",
              "non_striker": "FMK Morris",
              "runs": {
                "batter": 1,
                "extras": 0,
                "total": 1
              }
            },
            {
              "batter": "FMK Morris",
              "bowler": "NE Farrant",
              "non_striker": "TG Norris",
              "runs": {
                "batter": 0,
                "extras": 0,
                "total": 0
              }
            },
            {
              "batter": "FMK Morris",
              "bowler": "NE Farrant",
              "non_striker": "TG Norris",
              "runs": {
                "batter": 0,
                "extras": 0,
                "total": 0
              }
            }
          ]
        },
        {
          "over": 15,
          "deliveries": [
            {
              "batter": "FMK Morris",
              "bowler": "D van Niekerk",
              "non_striker": "TG Norris",
              "runs": {
                "batter": 1,
                "extras": 0,
                "total": 1
              }
            },
            {
              "batter": "TG Norris",
              "bowler": "D van Niekerk",
              "non_striker": "FMK Morris",
              "runs": {
                "batter": 2,
                "extras": 0,
                "total": 2
              }
            },
            {
              "batter": "TG Norris",
              "bowler": "D van Niekerk",
              "non_striker": "FMK Morris",
              "runs": {
                "batter": 0,
                "extras": 0,
                "total": 0
              }
            },
            {
              "batter": "TG Norris",
              "bowler": "D van Niekerk",
              "non_striker": "FMK Morris",
              "runs": {
                "batter": 4,
                "extras": 0,
                "total": 4
              }
            },
            {
              "batter": "TG Norris",
              "bowler": "D van Niekerk",
              "non_striker": "FMK Morris",
              "runs": {
                "batter": 1,
                "extras": 0,
                "total": 1
              }
            }
          ]
        },
        {
          "over": 16,
          "deliveries": [
            {
              "batter": "TG Norris",
              "bowler": "A Capsey",
              "non_striker": "FMK Morris",
              "runs": {
                "batter": 0,
                "extras": 0,
                "total": 0
              }
            },
            {
              "batter": "TG Norris",
              "bowler": "A Capsey",
              "non_striker": "FMK Morris",
              "runs": {
                "batter": 1,
                "extras": 0,
                "total": 1
              }
            },
            {
              "batter": "FMK Morris",
              "bowler": "A Capsey",
              "non_striker": "TG Norris",
              "runs": {
                "batter": 4,
                "extras": 0,
                "total": 4
              }
            },
            {
              "batter": "FMK Morris",
              "bowler": "A Capsey",
              "non_striker": "TG Norris",
              "runs": {
                "batter": 1,
                "extras": 0,
                "total": 1
              }
            },
            {
              "batter": "TG Norris",
              "bowler": "A Capsey",
              "non_striker": "FMK Morris",
              "runs": {
                "batter": 0,
                "extras": 0,
                "total": 0
              },
              "wickets": [
                {
                  "player_out": "TG Norris",
                  "kind": "bowled"
                }
              ]
            }
          ]
        },
        {
          "over": 17,
          "deliveries": [
            {
              "batter": "CE Rudd",
              "bowler": "D van Niekerk",
              "non_striker": "FMK Morris",
              "runs": {
                "batter": 1,
                "extras": 0,
                "total": 1
              },
              "wickets": [
                {
                  "player_out": "FMK Morris",
                  "kind": "run out"
                }
              ]
            },
            {
              "batter": "CE Rudd",
              "bowler": "D van Niekerk",
              "non_striker": "LK Bell",
              "runs": {
                "batter": 0,
                "extras": 0,
                "total": 0
              }
            },
            {
              "batter": "CE Rudd",
              "bowler": "D van Niekerk",
              "non_striker": "LK Bell",
              "runs": {
                "batter": 1,
                "extras": 0,
                "total": 1
              }
            },
            {
              "batter": "LK Bell",
              "bowler": "D van Niekerk",
              "non_striker": "CE Rudd",
              "runs": {
                "batter": 0,
                "extras": 0,
                "total": 0
              }
            },
            {
              "batter": "LK Bell",
              "bowler": "D van Niekerk",
              "non_striker": "CE Rudd",
              "runs": {
                "batter": 0,
                "extras": 0,
                "total": 0
              }
            }
          ]
        },
        {
          "over": 18,
          "deliveries": [
            {
              "batter": "CE Rudd",
              "bowler": "NE Farrant",
              "non_striker": "LK Bell",
              "runs": {
                "batter": 2,
                "extras": 0,
                "total": 2
              }
            },
            {
              "batter": "CE Rudd",
              "bowler": "NE Farrant",
              "non_striker": "LK Bell",
              "runs": {
                "batter": 2,
                "extras": 0,
                "total": 2
              }
            },
            {
              "batter": "CE Rudd",
              "bowler": "NE Farrant",
              "non_striker": "LK Bell",
              "runs": {
                "batter": 1,
                "extras": 0,
                "total": 1
              }
            },
            {
              "batter": "LK Bell",
              "bowler": "NE Farrant",
              "non_striker": "CE Rudd",
              "runs": {
                "batter": 0,
                "extras": 0,
                "total": 0
              }
            },
            {
              "batter": "LK Bell",
              "bowler": "NE Farrant",
              "non_striker": "CE Rudd",
              "runs": {
                "batter": 0,
                "extras": 0,
                "total": 0
              }
            }
          ]
        },
        {
          "over": 19,
          "deliveries": [
            {
              "batter": "LK Bell",
              "bowler": "M Kapp",
              "non_striker": "CE Rudd",
              "runs": {
                "batter": 4,
                "extras": 0,
                "total": 4
              }
            },
            {
              "batter": "LK Bell",
              "bowler": "M Kapp",
              "non_striker": "CE Rudd",
              "runs": {
                "batter": 0,
                "extras": 0,
                "total": 0
              }
            },
            {
              "batter": "LK Bell",
              "bowler": "M Kapp",
              "non_striker": "CE Rudd",
              "runs": {
                "batter": 0,
                "extras": 0,
                "total": 0
              },
              "wickets": [
                {
                  "player_out": "LK Bell",
                  "kind": "bowled"
                }
              ]
            }
          ]
        }
      ],
      "powerplays": [
        {
          "from": 0.1,
          "to": 4.5,
          "type": "mandatory"
        }
      ],
      "target": {
        "overs": 20,
        "runs": 122
      }
    }
  ]
}