{
  "meta": {
    "data_version": "1.0.0",
    "created": "2021-07-30",
    "revision": 1
  },
  "info": {
    "balls_per_over": 5,
    "city": "London",
    "dates": [
      "2021-07-29"
    ],
    "event": {
      "name": "The Hundred Women's Competition",
      "match_number": 10
    },
    "gender": "female",
    "match_type": "T20",
    "officials": {
      "match_referees": [
        "PM Such"
      ],
      "reserve_umpires": [
        "SM Bartlett"
      ],
      "tv_umpires": [
        "PK Baldwin"
      ],
      "umpires": [
        "NA Mallender",
        "S Redfern"
      ]
    },
    "outcome": {
      "winner": "Trent Rockets",
      "by": {
        "runs": 18
      }
    },
    "overs": 20,
    "player_of_match": [
      "RH Priest"
    ],
    "players": {
      "Trent Rockets": [
        "RH Priest",
        "SJ Johnson",
        "NR Sciver",
        "KH Brunt",
        "H Graham",
        "S Glenn",
        "E Windsor",
        "AJ Freeborn",
        "KE Bryce",
        "LF Higham",
        "ML Kirk"
      ],
      "London Spirit": [
        "ND Dattani",
        "TT Beaumont",
        "DJS Dottin",
        "HC Knight",
        "DB Sharma",
        "CL Tryon",
        "CE Dean",
        "DR Gibson",
        "AD Carr",
        "FR Davies",
        "AZ Monaghan"
      ]
    },
    "registry": {
      "people": {
        "AD Carr": "c3f4dc55",
        "AJ Freeborn": "c6da6ebf",
        "AZ Monaghan": "0c694738",
        "CE Dean": "c6625a26",
        "CL Tryon": "4d4605e6",
        "DB Sharma": "201fef33",
        "DJS Dottin": "53bee17f",
        "DR Gibson": "d2763568",
        "E Windsor": "1d7f8759",
        "FR Davies": "2479daa6",
        "H Graham": "99812d10",
        "HC Knight": "4ba0289e",
        "KE Bryce": "f13d3eba",
        "KH Brunt": "6a434bd3",
        "LF Higham": "fbd79b9b",
        "ML Kirk": "2dece89c",
        "NA Mallender": "3b5dfcd4",
        "ND Dattani": "13c19f32",
        "NR Sciver": "f3a18a0c",
        "PK Baldwin": "6bb53c12",
        "PM Such": "c9f1892c",
        "RH Priest": "e6f0408a",
        "S Glenn": "b34e0c77",
        "S Redfern": "5b038989",
        "SJ Johnson": "d7b754d4",
        "SM Bartlett": "7ba18406",
        "TT Beaumont": "b2664905"
      }
    },
    "season": "2021",
    "team_type": "club",
    "teams": [
      "Trent Rockets",
      "London Spirit"
    ],
    "toss": {
      "decision": "bat",
      "winner": "Trent Rockets"
    },
    "venue": "Lord's, London"
  },
  "innings": [
    {
      "team": "Trent Rockets",
      "overs": [
        {
          "over": 0,
          "deliveries": [
            {
              "batter": "RH Priest",
              "bowler": "FR Davies",
              "non_striker": "SJ Johnson",
              "runs": {
                "batter": 0,
                "extras": 0,
                "total": 0
              }
            },
            {
              "batter": "RH Priest",
              "bowler": "FR Davies",
              "non_striker": "SJ Johnson",
              "runs": {
                "batter": 0,
                "extras": 0,
                "total": 0
              }
            },
            {
              "batter": "RH Priest",
              "bowler": "FR Davies",
              "non_striker": "SJ Johnson",
              "runs": {
                "batter": 1,
                "extras": 0,
                "total": 1
              }
            },
            {
              "batter": "SJ Johnson",
              "bowler": "FR Davies",
              "non_striker": "RH Priest",
              "runs": {
                "batter": 0,
                "extras": 0,
                "total": 0
              }
            },
            {
              "batter": "SJ Johnson",
              "bowler": "FR Davies",
              "non_striker": "RH Priest",
              "runs": {
                "batter": 1,
                "extras": 0,
                "total": 1
              }
            }
          ]
        },
        {
          "over": 1,
          "deliveries": [
            {
              "batter": "RH Priest",
              "bowler": "ND Dattani",
              "non_striker": "SJ Johnson",
              "runs": {
                "batter": 0,
                "extras": 0,
                "total": 0
              }
            },
            {
              "batter": "RH Priest",
              "bowler": "ND Dattani",
              "non_striker": "SJ Johnson",
              "runs": {
                "batter": 0,
                "extras": 0,
                "total": 0
              }
            },
            {
              "batter": "RH Priest",
              "bowler": "ND Dattani",
              "non_striker": "SJ Johnson",
              "runs": {
                "batter": 4,
                "extras": 0,
                "total": 4
              }
            },
            {
              "batter": "RH Priest",
              "bowler": "ND Dattani",
              "non_striker": "SJ Johnson",
              "runs": {
                "batter": 1,
                "extras": 0,
                "total": 1
              }
            },
            {
              "batter": "SJ Johnson",
              "bowler": "ND Dattani",
              "non_striker": "RH Priest",
              "runs": {
                "batter": 4,
                "extras": 0,
                "total": 4
              }
            }
          ]
        },
        {
          "over": 2,
          "deliveries": [
            {
              "batter": "RH Priest",
              "bowler": "DB Sharma",
              "non_striker": "SJ Johnson",
              "runs": {
                "batter": 1,
                "extras": 0,
                "total": 1
              }
            },
            {
              "batter": "SJ Johnson",
              "bowler": "DB Sharma",
              "non_striker": "RH Priest",
              "runs": {
                "batter": 0,
                "extras": 0,
                "total": 0
              }
            },
            {
              "batter": "SJ Johnson",
              "bowler": "DB Sharma",
              "non_striker": "RH Priest",
              "runs": {
                "batter": 0,
                "extras": 0,
                "total": 0
              }
            },
            {
              "batter": "SJ Johnson",
              "bowler": "DB Sharma",
              "non_striker": "RH Priest",
              "runs": {
                "batter": 0,
                "extras": 0,
                "total": 0
              }
            },
            {
              "batter": "SJ Johnson",
              "bowler": "DB Sharma",
              "non_striker": "RH Priest",
              "runs": {
                "batter": 1,
                "extras": 0,
                "total": 1
              }
            }
          ]
        },
        {
          "over": 3,
          "deliveries": [
            {
              "batter": "RH Priest",
              "bowler": "DB Sharma",
              "non_striker": "SJ Johnson",
              "runs": {
                "batter": 1,
                "extras": 0,
                "total": 1
              }
            },
            {
              "batter": "SJ Johnson",
              "bowler": "DB Sharma",
              "non_striker": "RH Priest",
              "runs": {
                "batter": 0,
                "extras": 0,
                "total": 0
              }
            },
            {
              "batter": "SJ Johnson",
              "bowler": "DB Sharma",
              "non_striker": "RH Priest",
              "runs": {
                "batter": 0,
                "extras": 0,
                "total": 0
              }
            },
            {
              "batter": "SJ Johnson",
              "bowler": "DB Sharma",
              "non_striker": "RH Priest",
              "runs": {
                "batter": 1,
                "extras": 0,
                "total": 1
              }
            },
            {
              "batter": "RH Priest",
              "bowler": "DB Sharma",
              "non_striker": "SJ Johnson",
              "runs": {
                "batter": 4,
                "extras": 0,
                "total": 4
              }
            }
          ]
        },
        {
          "over": 4,
          "deliveries": [
            {
              "batter": "SJ Johnson",
              "bowler": "FR Davies",
              "non_striker": "RH Priest",
              "runs": {
                "batter": 0,
                "extras": 0,
                "total": 0
              }
            },
            {
              "batter": "SJ Johnson",
              "bowler": "FR Davies",
              "extras": {
                "legbyes": 1
              },
              "non_striker": "RH Priest",
              "runs": {
                "batter": 0,
                "extras": 1,
                "total": 1
              }
            },
            {
              "batter": "RH Priest",
              "bowler": "FR Davies",
              "non_striker": "SJ Johnson",
              "runs": {
                "batter": 1,
                "extras": 0,
                "total": 1
              }
            },
            {
              "batter": "SJ Johnson",
              "bowler": "FR Davies",
              "extras": {
                "legbyes": 1
              },
              "non_striker": "RH Priest",
              "runs": {
                "batter": 0,
                "extras": 1,
                "total": 1
              }
            },
            {
              "batter": "RH Priest",
              "bowler": "FR Davies",
              "non_striker": "SJ Johnson",
              "runs": {
                "batter": 4,
                "extras": 0,
                "total": 4
              }
            }
          ]
        },
        {
          "over": 5,
          "deliveries": [
            {
              "batter": "RH Priest",
              "bowler": "CL Tryon",
              "extras": {
                "noballs": 2
              },
              "non_striker": "SJ Johnson",
              "runs": {
                "batter": 4,
                "extras": 2,
                "total": 6
              }
            },
            {
              "batter": "RH Priest",
              "bowler": "CL Tryon",
              "non_striker": "SJ Johnson",
              "runs": {
                "batter": 0,
                "extras": 0,
                "total": 0
              }
            },
            {
              "batter": "RH Priest",
              "bowler": "CL Tryon",
              "non_striker": "SJ Johnson",
              "runs": {
                "batter": 6,
                "extras": 0,
                "total": 6
              }
            },
            {
              "batter": "RH Priest",
              "bowler": "CL Tryon",
              "non_striker": "SJ Johnson",
              "runs": {
                "batter": 4,
                "extras": 0,
                "total": 4
              }
            },
            {
              "batter": "RH Priest",
              "bowler": "CL Tryon",
              "non_striker": "SJ Johnson",
              "runs": {
                "batter": 0,
                "extras": 0,
                "total": 0
              }
            },
            {
              "batter": "RH Priest",
              "bowler": "CL Tryon",
              "non_striker": "SJ Johnson",
              "runs": {
                "batter": 0,
                "extras": 0,
                "total": 0
              }
            }
          ]
        },
        {
          "over": 6,
          "deliveries": [
            {
              "batter": "SJ Johnson",
              "bowler": "CE Dean",
              "non_striker": "RH Priest",
              "runs": {
                "batter": 0,
                "extras": 0,
                "total": 0
              }
            },
            {
              "batter": "SJ Johnson",
              "bowler": "CE Dean",
              "non_striker": "RH Priest",
              "runs": {
                "batter": 1,
                "extras": 0,
                "total": 1
              }
            },
            {
              "batter": "RH Priest",
              "bowler": "CE Dean",
              "non_striker": "SJ Johnson",
              "runs": {
                "batter": 1,
                "extras": 0,
                "total": 1
              }
            },
            {
              "batter": "SJ Johnson",
              "bowler": "CE Dean",
              "non_striker": "RH Priest",
              "runs": {
                "batter": 0,
                "extras": 0,
                "total": 0
              }
            },
            {
              "batter": "SJ Johnson",
              "bowler": "CE Dean",
              "non_striker": "RH Priest",
              "runs": {
                "batter": 0,
                "extras": 0,
                "total": 0
              }
            }
          ]
        },
        {
          "over": 7,
          "deliveries": [
            {
              "batter": "SJ Johnson",
              "bowler": "HC Knight",
              "extras": {
                "legbyes": 1
              },
              "non_striker": "RH Priest",
              "runs": {
                "batter": 0,
                "extras": 1,
                "total": 1
              }
            },
            {
              "batter": "RH Priest",
              "bowler": "HC Knight",
              "non_striker": "SJ Johnson",
              "runs": {
                "batter": 0,
                "extras": 0,
                "total": 0
              }
            },
            {
              "batter": "RH Priest",
              "bowler": "HC Knight",
              "non_striker": "SJ Johnson",
              "runs": {
                "batter": 6,
                "extras": 0,
                "total": 6
              }
            },
            {
              "batter": "RH Priest",
              "bowler": "HC Knight",
              "non_striker": "SJ Johnson",
              "runs": {
                "batter": 0,
                "extras": 0,
                "total": 0
              }
            },
            {
              "batter": "RH Priest",
              "bowler": "HC Knight",
              "non_striker": "SJ Johnson",
              "runs": {
                "batter": 1,
                "extras": 0,
                "total": 1
              }
            }
          ]
        },
        {
          "over": 8,
          "deliveries": [
            {
              "batter": "RH Priest",
              "bowler": "DR Gibson",
              "non_striker": "SJ Johnson",
              "runs": {
                "batter": 0,
                "extras": 0,
                "total": 0
              }
            },
            {
              "batter": "RH Priest",
              "bowler": "DR Gibson",
              "extras": {
                "wides": 1
              },
              "non_striker": "SJ Johnson",
              "runs": {
                "batter": 0,
                "extras": 1,
                "total": 1
              }
            },
            {
              "batter": "RH Priest",
              "bowler": "DR Gibson",
              "non_striker": "SJ Johnson",
              "runs": {
                "batter": 1,
                "extras": 0,
                "total": 1
              }
            },
            {
              "batter": "SJ Johnson",
              "bowler": "DR Gibson",
              "non_striker": "RH Priest",
              "runs": {
                "batter": 1,
                "extras": 0,
                "total": 1
              }
            },
            {
              "batter": "RH Priest",
              "bowler": "DR Gibson",
              "non_striker": "SJ Johnson",
              "runs": {
                "batter": 4,
                "extras": 0,
                "total": 4
              }
            },
            {
              "batter": "RH Priest",
              "bowler": "DR Gibson",
              "non_striker": "SJ Johnson",
              "runs": {
                "batter": 1,
                "extras": 0,
                "total": 1
              }
            }
          ]
        },
        {
          "over": 9,
          "deliveries": [
            {
              "batter": "SJ Johnson",
              "bowler": "CE Dean",
              "non_striker": "RH Priest",
              "runs": {
                "batter": 0,
                "extras": 0,
                "total": 0
              }
            },
            {
              "batter": "SJ Johnson",
              "bowler": "CE Dean",
              "non_striker": "RH Priest",
              "runs": {
                "batter": 1,
                "extras": 0,
                "total": 1
              }
            },
            {
              "batter": "RH Priest",
              "bowler": "CE Dean",
              "non_striker": "SJ Johnson",
              "runs": {
                "batter": 4,
                "extras": 0,
                "total": 4
              }
            },
            {
              "batter": "RH Priest",
              "bowler": "CE Dean",
              "non_striker": "SJ Johnson",
              "runs": {
                "batter": 6,
                "extras": 0,
                "total": 6
              }
            },
            {
              "batter": "RH Priest",
              "bowler": "CE Dean",
              "non_striker": "SJ Johnson",
              "runs": {
                "batter": 0,
                "extras": 0,
                "total": 0
              }
            }
          ]
        },
        {
          "over": 10,
          "deliveries": [
            {
              "batter": "SJ Johnson",
              "bowler": "DR Gibson",
              "non_striker": "RH Priest",
              "runs": {
                "batter": 1,
                "extras": 0,
                "total": 1
              }
            },
            {
              "batter": "RH Priest",
              "bowler": "DR Gibson",
              "non_striker": "SJ Johnson",
              "runs": {
                "batter": 4,
                "extras": 0,
                "total": 4
              }
            },
            {
              "batter": "RH Priest",
              "bowler": "DR Gibson",
              "non_striker": "SJ Johnson",
              "runs": {
                "batter": 1,
                "extras": 0,
                "total": 1
              }
            },
            {
              "batter": "SJ Johnson",
              "bowler": "DR Gibson",
              "non_striker": "RH Priest",
              "runs": {
                "batter": 1,
                "extras": 0,
                "total": 1
              }
            },
            {
              "batter": "RH Priest",
              "bowler": "DR Gibson",
              "non_striker": "SJ Johnson",
              "runs": {
                "batter": 4,
                "extras": 0,
                "total": 4
              }
            }
          ]
        },
        {
          "over": 11,
          "deliveries": [
            {
              "batter": "RH Priest",
              "bowler": "ND Dattani",
              "non_striker": "SJ Johnson",
              "runs": {
                "batter": 0,
                "extras": 0,
                "total": 0
              }
            },
            {
              "batter": "RH Priest",
              "bowler": "ND Dattani",
              "non_striker": "SJ Johnson",
              "runs": {
                "batter": 6,
                "extras": 0,
                "total": 6
              }
            },
            {
              "batter": "RH Priest",
              "bowler": "ND Dattani",
              "non_striker": "SJ Johnson",
              "runs": {
                "batter": 1,
                "extras": 0,
                "total": 1
              }
            },
            {
              "batter": "SJ Johnson",
              "bowler": "ND Dattani",
              "non_striker": "RH Priest",
              "runs": {
                "batter": 0,
                "extras": 0,
                "total": 0
              }
            },
            {
              "batter": "SJ Johnson",
              "bowler": "ND Dattani",
              "non_striker": "RH Priest",
              "runs": {
                "batter": 6,
                "extras": 0,
                "total": 6
              }
            }
          ]
        },
        {
          "over": 12,
          "deliveries": [
            {
              "batter": "RH Priest",
              "bowler": "FR Davies",
              "non_striker": "SJ Johnson",
              "runs": {
                "batter": 0,
                "extras": 0,
                "total": 0
              }
            },
            {
              "batter": "RH Priest",
              "bowler": "FR Davies",
              "non_striker": "SJ Johnson",
              "runs": {
                "batter": 1,
                "extras": 0,
                "total": 1
              }
            },
            {
              "batter": "SJ Johnson",
              "bowler": "FR Davies",
              "non_striker": "RH Priest",
              "runs": {
                "batter": 1,
                "extras": 0,
                "total": 1
              }
            },
            {
              "batter": "RH Priest",
              "bowler": "FR Davies",
              "non_striker": "SJ Johnson",
              "runs": {
                "batter": 0,
                "extras": 0,
                "total": 0
              }
            },
            {
              "batter": "RH Priest",
              "bowler": "FR Davies",
              "non_striker": "SJ Johnson",
              "runs": {
                "batter": 4,
                "extras": 0,
                "total": 4
              }
            }
          ]
        },
        {
          "over": 13,
          "deliveries": [
            {
              "batter": "RH Priest",
              "bowler": "DR Gibson",
              "non_striker": "SJ Johnson",
              "runs": {
                "batter": 0,
                "extras": 0,
                "total": 0
              }
            },
            {
              "batter": "RH Priest",
              "bowler": "DR Gibson",
              "non_striker": "SJ Johnson",
              "runs": {
                "batter": 0,
                "extras": 0,
                "total": 0
              },
              "wickets": [
                {
                  "player_out": "RH Priest",
                  "fielders": [
                    {
                      "name": "TT Beaumont"
                    }
                  ],
                  "kind": "caught"
                }
              ]
            },
            {
              "batter": "NR Sciver",
              "bowler": "DR Gibson",
              "non_striker": "SJ Johnson",
              "runs": {
                "batter": 1,
                "extras": 0,
                "total": 1
              }
            },
            {
              "batter": "SJ Johnson",
              "bowler": "DR Gibson",
              "non_striker": "NR Sciver",
              "runs": {
                "batter": 1,
                "extras": 0,
                "total": 1
              }
            },
            {
              "batter": "NR Sciver",
              "bowler": "DR Gibson",
              "non_striker": "SJ Johnson",
              "runs": {
                "batter": 0,
                "extras": 0,
                "total": 0
              }
            }
          ]
        },
        {
          "over": 14,
          "deliveries": [
            {
              "batter": "SJ Johnson",
              "bowler": "CE Dean",
              "non_striker": "NR Sciver",
              "runs": {
                "batter": 1,
                "extras": 0,
                "total": 1
              }
            },
            {
              "batter": "NR Sciver",
              "bowler": "CE Dean",
              "non_striker": "SJ Johnson",
              "runs": {
                "batter": 1,
                "extras": 0,
                "total": 1
              }
            },
            {
              "batter": "SJ Johnson",
              "bowler": "CE Dean",
              "non_striker": "NR Sciver",
              "runs": {
                "batter": 0,
                "extras": 0,
                "total": 0
              }
            },
            {
              "batter": "SJ Johnson",
              "bowler": "CE Dean",
              "non_striker": "NR Sciver",
              "runs": {
                "batter": 1,
                "extras": 0,
                "total": 1
              }
            },
            {
              "batter": "NR Sciver",
              "bowler": "CE Dean",
              "non_striker": "SJ Johnson",
              "runs": {
                "batter": 0,
                "extras": 0,
                "total": 0
              }
            }
          ]
        },
        {
          "over": 15,
          "deliveries": [
            {
              "batter": "NR Sciver",
              "bowler": "DB Sharma",
              "non_striker": "SJ Johnson",
              "runs": {
                "batter": 1,
                "extras": 0,
                "total": 1
              }
            },
            {
              "batter": "SJ Johnson",
              "bowler": "DB Sharma",
              "non_striker": "NR Sciver",
              "runs": {
                "batter": 1,
                "extras": 0,
                "total": 1
              }
            },
            {
              "batter": "NR Sciver",
              "bowler": "DB Sharma",
              "non_striker": "SJ Johnson",
              "runs": {
                "batter": 1,
                "extras": 0,
                "total": 1
              }
            },
            {
              "batter": "SJ Johnson",
              "bowler": "DB Sharma",
              "non_striker": "NR Sciver",
              "runs": {
                "batter": 1,
                "extras": 0,
                "total": 1
              }
            },
            {
              "batter": "NR Sciver",
              "bowler": "DB Sharma",
              "non_striker": "SJ Johnson",
              "runs": {
                "batter": 4,
                "extras": 0,
                "total": 4
              }
            }
          ]
        },
        {
          "over": 16,
          "deliveries": [
            {
              "batter": "SJ Johnson",
              "bowler": "DR Gibson",
              "non_striker": "NR Sciver",
              "runs": {
                "batter": 1,
                "extras": 0,
                "total": 1
              }
            },
            {
              "batter": "NR Sciver",
              "bowler": "DR Gibson",
              "non_striker": "SJ Johnson",
              "runs": {
                "batter": 4,
                "extras": 0,
                "total": 4
              }
            },
            {
              "batter": "NR Sciver",
              "bowler": "DR Gibson",
              "non_striker": "SJ Johnson",
              "runs": {
                "batter": 6,
                "extras": 0,
                "total": 6
              }
            },
            {
              "batter": "NR Sciver",
              "bowler": "DR Gibson",
              "non_striker": "SJ Johnson",
              "runs": {
                "batter": 6,
                "extras": 0,
                "total": 6
              }
            },
            {
              "batter": "NR Sciver",
              "bowler": "DR Gibson",
              "non_striker": "SJ Johnson",
              "runs": {
                "batter": 1,
                "extras": 0,
                "total": 1
              }
            }
          ]
        },
        {
          "over": 17,
          "deliveries": [
            {
              "batter": "SJ Johnson",
              "bowler": "DB Sharma",
              "non_striker": "NR Sciver",
              "runs": {
                "batter": 0,
                "extras": 0,
                "total": 0
              },
              "wickets": [
                {
                  "player_out": "SJ Johnson",
                  "fielders": [
                    {
                      "name": "DR Gibson"
                    }
                  ],
                  "kind": "caught"
                }
              ]
            },
            {
              "batter": "KH Brunt",
              "bowler": "DB Sharma",
              "non_striker": "NR Sciver",
              "runs": {
                "batter": 1,
                "extras": 0,
                "total": 1
              }
            },
            {
              "batter": "NR Sciver",
              "bowler": "DB Sharma",
              "extras": {
                "wides": 1
              },
              "non_striker": "KH Brunt",
              "runs": {
                "batter": 0,
                "extras": 1,
                "total": 1
              }
            },
            {
              "batter": "NR Sciver",
              "bowler": "DB Sharma",
              "non_striker": "KH Brunt",
              "runs": {
                "batter": 4,
                "extras": 0,
                "total": 4
              }
            },
            {
              "batter": "NR Sciver",
              "bowler": "DB Sharma",
              "non_striker": "KH Brunt",
              "runs": {
                "batter": 1,
                "extras": 0,
                "total": 1
              }
            },
            {
              "batter": "KH Brunt",
              "bowler": "DB Sharma",
              "non_striker": "NR Sciver",
              "runs": {
                "batter": 1,
                "extras": 0,
                "total": 1
              }
            }
          ]
        },
        {
          "over": 18,
          "deliveries": [
            {
              "batter": "KH Brunt",
              "bowler": "CE Dean",
              "non_striker": "NR Sciver",
              "runs": {
                "batter": 0,
                "extras": 0,
                "total": 0
              }
            },
            {
              "batter": "KH Brunt",
              "bowler": "CE Dean",
              "non_striker": "NR Sciver",
              "runs": {
                "batter": 1,
                "extras": 0,
                "total": 1
              }
            },
            {
              "batter": "NR Sciver",
              "bowler": "CE Dean",
              "non_striker": "KH Brunt",
              "runs": {
                "batter": 1,
                "extras": 0,
                "total": 1
              }
            },
            {
              "batter": "KH Brunt",
              "bowler": "CE Dean",
              "extras": {
                "legbyes": 1
              },
              "non_striker": "NR Sciver",
              "runs": {
                "batter": 0,
                "extras": 1,
                "total": 1
              }
            },
            {
              "batter": "NR Sciver",
              "bowler": "CE Dean",
              "non_striker": "KH Brunt",
              "runs": {
                "batter": 1,
                "extras": 0,
                "total": 1
              }
            }
          ]
        },
        {
          "over": 19,
          "deliveries": [
            {
              "batter": "KH Brunt",
              "bowler": "FR Davies",
              "extras": {
                "legbyes": 1
              },
              "non_striker": "NR Sciver",
              "runs": {
                "batter": 0,
                "extras": 1,
                "total": 1
              }
            },
            {
              "batter": "NR Sciver",
              "bowler": "FR Davies",
              "non_striker": "KH Brunt",
              "runs": {
                "batter": 0,
                "extras": 0,
                "total": 0
              },
              "wickets": [
                {
                  "player_out": "NR Sciver",
                  "fielders": [
                    {
                      "name": "DR Gibson"
                    }
                  ],
                  "kind": "caught"
                }
              ]
            },
            {
              "batter": "H Graham",
              "bowler": "FR Davies",
              "non_striker": "KH Brunt",
              "runs": {
                "batter": 1,
                "extras": 0,
                "total": 1
              }
            },
            {
              "batter": "KH Brunt",
              "bowler": "FR Davies",
              "non_striker": "H Graham",
              "runs": {
                "batter": 4,
                "extras": 0,
                "total": 4
              }
            },
            {
              "batter": "KH Brunt",
              "bowler": "FR Davies",
              "non_striker": "H Graham",
              "runs": {
                "batter": 1,
                "extras": 0,
                "total": 1
              },
              "wickets": [
                {
                  "player_out": "KH Brunt",
                  "kind": "run out"
                }
              ]
            }
          ]
        }
      ],
      "powerplays": [
        {
          "from": 0.1,
          "to": 4.5,
          "type": "mandatory"
        }
      ]
    },
    {
      "team": "London Spirit",
      "overs": [
        {
          "over": 0,
          "deliveries": [
            {
              "batter": "ND Dattani",
              "bowler": "KH Brunt",
              "non_striker": "TT Beaumont",
              "runs": {
                "batter": 0,
                "extras": 0,
                "total": 0
              }
            },
            {
              "batter": "ND Dattani",
              "bowler": "KH Brunt",
              "non_striker": "TT Beaumont",
              "runs": {
                "batter": 4,
                "extras": 0,
                "total": 4
              }
            },
            {
              "batter": "ND Dattani",
              "bowler": "KH Brunt",
              "non_striker": "TT Beaumont",
              "runs": {
                "batter": 4,
                "extras": 0,
                "total": 4
              }
            },
            {
              "batter": "ND Dattani",
              "bowler": "KH Brunt",
              "non_striker": "TT Beaumont",
              "runs": {
                "batter": 0,
                "extras": 0,
                "total": 0
              }
            },
            {
              "batter": "ND Dattani",
              "bowler": "KH Brunt",
              "non_striker": "TT Beaumont",
              "runs": {
                "batter": 0,
                "extras": 0,
                "total": 0
              }
            }
          ]
        },
        {
          "over": 1,
          "deliveries": [
            {
              "batter": "ND Dattani",
              "bowler": "SJ Johnson",
              "non_striker": "TT Beaumont",
              "runs": {
                "batter": 1,
                "extras": 0,
                "total": 1
              }
            },
            {
              "batter": "TT Beaumont",
              "bowler": "SJ Johnson",
              "non_striker": "ND Dattani",
              "runs": {
                "batter": 0,
                "extras": 0,
                "total": 0
              }
            },
            {
              "batter": "TT Beaumont",
              "bowler": "SJ Johnson",
              "non_striker": "ND Dattani",
              "runs": {
                "batter": 4,
                "extras": 0,
                "total": 4
              }
            },
            {
              "batter": "TT Beaumont",
              "bowler": "SJ Johnson",
              "non_striker": "ND Dattani",
              "runs": {
                "batter": 4,
                "extras": 0,
                "total": 4
              }
            },
            {
              "batter": "TT Beaumont",
              "bowler": "SJ Johnson",
              "extras": {
                "wides": 1
              },
              "non_striker": "ND Dattani",
              "runs": {
                "batter": 0,
                "extras": 1,
                "total": 1
              }
            },
            {
              "batter": "TT Beaumont",
              "bowler": "SJ Johnson",
              "non_striker": "ND Dattani",
              "runs": {
                "batter": 1,
                "extras": 0,
                "total": 1
              }
            }
          ]
        },
        {
          "over": 2,
          "deliveries": [
            {
              "batter": "TT Beaumont",
              "bowler": "KE Bryce",
              "non_striker": "ND Dattani",
              "runs": {
                "batter": 4,
                "extras": 0,
                "total": 4
              }
            },
            {
              "batter": "TT Beaumont",
              "bowler": "KE Bryce",
              "non_striker": "ND Dattani",
              "runs": {
                "batter": 0,
                "extras": 0,
                "total": 0
              }
            },
            {
              "batter": "TT Beaumont",
              "bowler": "KE Bryce",
              "non_striker": "ND Dattani",
              "runs": {
                "batter": 0,
                "extras": 0,
                "total": 0
              }
            },
            {
              "batter": "TT Beaumont",
              "bowler": "KE Bryce",
              "non_striker": "ND Dattani",
              "runs": {
                "batter": 0,
                "extras": 0,
                "total": 0
              }
            },
            {
              "batter": "TT Beaumont",
              "bowler": "KE Bryce",
              "non_striker": "ND Dattani",
              "runs": {
                "batter": 0,
                "extras": 0,
                "total": 0
              }
            }
          ]
        },
        {
          "over": 3,
          "deliveries": [
            {
              "batter": "TT Beaumont",
              "bowler": "KE Bryce",
              "non_striker": "ND Dattani",
              "runs": {
                "batter": 0,
                "extras": 0,
                "total": 0
              }
            },
            {
              "batter": "TT Beaumont",
              "bowler": "KE Bryce",
              "non_striker": "ND Dattani",
              "runs": {
                "batter": 0,
                "extras": 0,
                "total": 0
              }
            },
            {
              "batter": "TT Beaumont",
              "bowler": "KE Bryce",
              "non_striker": "ND Dattani",
              "runs": {
                "batter": 0,
                "extras": 0,
                "total": 0
              },
              "wickets": [
                {
                  "player_out": "TT Beaumont",
                  "fielders": [
                    {
                      "name": "S Glenn"
                    }
                  ],
                  "kind": "caught"
                }
              ]
            },
            {
              "batter": "DJS Dottin",
              "bowler": "KE Bryce",
              "non_striker": "ND Dattani",
              "runs": {
                "batter": 0,
                "extras": 0,
                "total": 0
              }
            },
            {
              "batter": "DJS Dottin",
              "bowler": "KE Bryce",
              "non_striker": "ND Dattani",
              "runs": {
                "batter": 1,
                "extras": 0,
                "total": 1
              }
            }
          ]
        },
        {
          "over": 4,
          "deliveries": [
            {
              "batter": "DJS Dottin",
              "bowler": "KH Brunt",
              "non_striker": "ND Dattani",
              "runs": {
                "batter": 1,
                "extras": 0,
                "total": 1
              }
            },
            {
              "batter": "ND Dattani",
              "bowler": "KH Brunt",
              "non_striker": "DJS Dottin",
              "runs": {
                "batter": 0,
                "extras": 0,
                "total": 0
              },
              "wickets": [
                {
                  "player_out": "ND Dattani",
                  "fielders": [
                    {
                      "name": "SJ Johnson"
                    }
                  ],
                  "kind": "caught"
                }
              ]
            },
            {
              "batter": "HC Knight",
              "bowler": "KH Brunt",
              "non_striker": "DJS Dottin",
              "runs": {
                "batter": 1,
                "extras": 0,
                "total": 1
              }
            },
            {
              "batter": "DJS Dottin",
              "bowler": "KH Brunt",
              "extras": {
                "legbyes": 1
              },
              "non_striker": "HC Knight",
              "runs": {
                "batter": 0,
                "extras": 1,
                "total": 1
              }
            },
            {
              "batter": "HC Knight",
              "bowler": "KH Brunt",
              "non_striker": "DJS Dottin",
              "runs": {
                "batter": 1,
                "extras": 0,
                "total": 1
              }
            }
          ]
        },
        {
          "over": 5,
          "deliveries": [
            {
              "batter": "DJS Dottin",
              "bowler": "NR Sciver",
              "non_striker": "HC Knight",
              "runs": {
                "batter": 6,
                "extras": 0,
                "total": 6
              }
            },
            {
              "batter": "DJS Dottin",
              "bowler": "NR Sciver",
              "non_striker": "HC Knight",
              "runs": {
                "batter": 4,
                "extras": 0,
                "total": 4
              }
            },
            {
              "batter": "DJS Dottin",
              "bowler": "NR Sciver",
              "non_striker": "HC Knight",
              "runs": {
                "batter": 4,
                "extras": 0,
                "total": 4
              }
            },
            {
              "batter": "DJS Dottin",
              "bowler": "NR Sciver",
              "non_striker": "HC Knight",
              "runs": {
                "batter": 0,
                "extras": 0,
                "total": 0
              }
            },
            {
              "batter": "DJS Dottin",
              "bowler": "NR Sciver",
              "non_striker": "HC Knight",
              "runs": {
                "batter": 0,
                "extras": 0,
                "total": 0
              }
            }
          ]
        },
        {
          "over": 6,
          "deliveries": [
            {
              "batter": "HC Knight",
              "bowler": "S Glenn",
              "non_striker": "DJS Dottin",
              "runs": {
                "batter": 4,
                "extras": 0,
                "total": 4
              }
            },
            {
              "batter": "HC Knight",
              "bowler": "S Glenn",
              "non_striker": "DJS Dottin",
              "runs": {
                "batter": 0,
                "extras": 0,
                "total": 0
              }
            },
            {
              "batter": "HC Knight",
              "bowler": "S Glenn",
              "non_striker": "DJS Dottin",
              "runs": {
                "batter": 1,
                "extras": 0,
                "total": 1
              }
            },
            {
              "batter": "DJS Dottin",
              "bowler": "S Glenn",
              "non_striker": "HC Knight",
              "runs": {
                "batter": 1,
                "extras": 0,
                "total": 1
              }
            },
            {
              "batter": "HC Knight",
              "bowler": "S Glenn",
              "non_striker": "DJS Dottin",
              "runs": {
                "batter": 4,
                "extras": 0,
                "total": 4
              }
            }
          ]
        },
        {
          "over": 7,
          "deliveries": [
            {
              "batter": "HC Knight",
              "bowler": "H Graham",
              "non_striker": "DJS Dottin",
              "runs": {
                "batter": 1,
                "extras": 0,
                "total": 1
              }
            },
            {
              "batter": "DJS Dottin",
              "bowler": "H Graham",
              "non_striker": "HC Knight",
              "runs": {
                "batter": 1,
                "extras": 0,
                "total": 1
              }
            },
            {
              "batter": "HC Knight",
              "bowler": "H Graham",
              "non_striker": "DJS Dottin",
              "runs": {
                "batter": 0,
                "extras": 0,
                "total": 0
              }
            },
            {
              "batter": "HC Knight",
              "bowler": "H Graham",
              "non_striker": "DJS Dottin",
              "runs": {
                "batter": 2,
                "extras": 0,
                "total": 2
              }
            },
            {
              "batter": "HC Knight",
              "bowler": "H Graham",
              "non_striker": "DJS Dottin",
              "runs": {
                "batter": 2,
                "extras": 0,
                "total": 2
              }
            }
          ]
        },
        {
          "over": 8,
          "deliveries": [
            {
              "batter": "DJS Dottin",
              "bowler": "SJ Johnson",
              "non_striker": "HC Knight",
              "review": {
                "by": "Trent Rockets",
                "umpire": "S Redfern",
                "batter": "DJS Dottin",
                "decision": "struck down"
              },
              "runs": {
                "batter": 1,
                "extras": 0,
                "total": 1
              }
            },
            {
              "batter": "HC Knight",
              "bowler": "SJ Johnson",
              "non_striker": "DJS Dottin",
              "runs": {
                "batter": 0,
                "extras": 0,
                "total": 0
              }
            },
            {
              "batter": "HC Knight",
              "bowler": "SJ Johnson",
              "non_striker": "DJS Dottin",
              "runs": {
                "batter": 1,
                "extras": 0,
                "total": 1
              }
            },
            {
              "batter": "DJS Dottin",
              "bowler": "SJ Johnson",
              "non_striker": "HC Knight",
              "runs": {
                "batter": 0,
                "extras": 0,
                "total": 0
              }
            },
            {
              "batter": "DJS Dottin",
              "bowler": "SJ Johnson",
              "non_striker": "HC Knight",
              "runs": {
                "batter": 0,
                "extras": 0,
                "total": 0
              }
            }
          ]
        },
        {
          "over": 9,
          "deliveries": [
            {
              "batter": "DJS Dottin",
              "bowler": "KH Brunt",
              "non_striker": "HC Knight",
              "runs": {
                "batter": 0,
                "extras": 0,
                "total": 0
              }
            },
            {
              "batter": "DJS Dottin",
              "bowler": "KH Brunt",
              "non_striker": "HC Knight",
              "runs": {
                "batter": 6,
                "extras": 0,
                "total": 6
              }
            },
            {
              "batter": "DJS Dottin",
              "bowler": "KH Brunt",
              "non_striker": "HC Knight",
              "runs": {
                "batter": 0,
                "extras": 0,
                "total": 0
              }
            },
            {
              "batter": "DJS Dottin",
              "bowler": "KH Brunt",
              "non_striker": "HC Knight",
              "runs": {
                "batter": 0,
                "extras": 0,
                "total": 0
              }
            },
            {
              "batter": "DJS Dottin",
              "bowler": "KH Brunt",
              "non_striker": "HC Knight",
              "runs": {
                "batter": 4,
                "extras": 0,
                "total": 4
              }
            }
          ]
        },
        {
          "over": 10,
          "deliveries": [
            {
              "batter": "HC Knight",
              "bowler": "S Glenn",
              "non_striker": "DJS Dottin",
              "runs": {
                "batter": 0,
                "extras": 0,
                "total": 0
              },
              "wickets": [
                {
                  "player_out": "DJS Dottin",
                  "kind": "run out"
                }
              ]
            },
            {
              "batter": "HC Knight",
              "bowler": "S Glenn",
              "non_striker": "DB Sharma",
              "runs": {
                "batter": 4,
                "extras": 0,
                "total": 4
              }
            },
            {
              "batter": "HC Knight",
              "bowler": "S Glenn",
              "non_striker": "DB Sharma",
              "runs": {
                "batter": 1,
                "extras": 0,
                "total": 1
              }
            },
            {
              "batter": "DB Sharma",
              "bowler": "S Glenn",
              "non_striker": "HC Knight",
              "runs": {
                "batter": 1,
                "extras": 0,
                "total": 1
              }
            },
            {
              "batter": "HC Knight",
              "bowler": "S Glenn",
              "non_striker": "DB Sharma",
              "runs": {
                "batter": 1,
                "extras": 0,
                "total": 1
              }
            }
          ]
        },
        {
          "over": 11,
          "deliveries": [
            {
              "batter": "DB Sharma",
              "bowler": "LF Higham",
              "non_striker": "HC Knight",
              "runs": {
                "batter": 0,
                "extras": 0,
                "total": 0
              },
              "wickets": [
                {
                  "player_out": "DB Sharma",
                  "fielders": [
                    {
                      "name": "KE Bryce"
                    }
                  ],
                  "kind": "caught"
                }
              ]
            },
            {
              "batter": "CL Tryon",
              "bowler": "LF Higham",
              "non_striker": "HC Knight",
              "runs": {
                "batter": 0,
                "extras": 0,
                "total": 0
              }
            },
            {
              "batter": "CL Tryon",
              "bowler": "LF Higham",
              "non_striker": "HC Knight",
              "runs": {
                "batter": 1,
                "extras": 0,
                "total": 1
              }
            },
            {
              "batter": "HC Knight",
              "bowler": "LF Higham",
              "non_striker": "CL Tryon",
              "runs": {
                "batter": 0,
                "extras": 0,
                "total": 0
              }
            },
            {
              "batter": "HC Knight",
              "bowler": "LF Higham",
              "non_striker": "CL Tryon",
              "runs": {
                "batter": 1,
                "extras": 0,
                "total": 1
              }
            }
          ]
        },
        {
          "over": 12,
          "deliveries": [
            {
              "batter": "HC Knight",
              "bowler": "NR Sciver",
              "non_striker": "CL Tryon",
              "runs": {
                "batter": 2,
                "extras": 0,
                "total": 2
              }
            },
            {
              "batter": "HC Knight",
              "bowler": "NR Sciver",
              "non_striker": "CL Tryon",
              "runs": {
                "batter": 1,
                "extras": 0,
                "total": 1
              }
            },
            {
              "batter": "CL Tryon",
              "bowler": "NR Sciver",
              "non_striker": "HC Knight",
              "runs": {
                "batter": 1,
                "extras": 0,
                "total": 1
              }
            },
            {
              "batter": "HC Knight",
              "bowler": "NR Sciver",
              "non_striker": "CL Tryon",
              "runs": {
                "batter": 1,
                "extras": 0,
                "total": 1
              }
            },
            {
              "batter": "CL Tryon",
              "bowler": "NR Sciver",
              "non_striker": "HC Knight",
              "runs": {
                "batter": 4,
                "extras": 0,
                "total": 4
              }
            }
          ]
        },
        {
          "over": 13,
          "deliveries": [
            {
              "batter": "CL Tryon",
              "bowler": "H Graham",
              "non_striker": "HC Knight",
              "runs": {
                "batter": 0,
                "extras": 0,
                "total": 0
              },
              "wickets": [
                {
                  "player_out": "CL Tryon",
                  "fielders": [
                    {
                      "name": "E Windsor"
                    }
                  ],
                  "kind": "caught"
                }
              ]
            },
            {
              "batter": "CE Dean",
              "bowler": "H Graham",
              "non_striker": "HC Knight",
              "runs": {
                "batter": 1,
                "extras": 0,
                "total": 1
              }
            },
            {
              "batter": "HC Knight",
              "bowler": "H Graham",
              "non_striker": "CE Dean",
              "runs": {
                "batter": 1,
                "extras": 0,
                "total": 1
              }
            },
            {
              "batter": "CE Dean",
              "bowler": "H Graham",
              "non_striker": "HC Knight",
              "runs": {
                "batter": 4,
                "extras": 0,
                "total": 4
              }
            },
            {
              "batter": "CE Dean",
              "bowler": "H Graham",
              "non_striker": "HC Knight",
              "runs": {
                "batter": 1,
                "extras": 0,
                "total": 1
              }
            }
          ]
        },
        {
          "over": 14,
          "deliveries": [
            {
              "batter": "CE Dean",
              "bowler": "LF Higham",
              "non_striker": "HC Knight",
              "runs": {
                "batter": 2,
                "extras": 0,
                "total": 2
              }
            },
            {
              "batter": "CE Dean",
              "bowler": "LF Higham",
              "non_striker": "HC Knight",
              "runs": {
                "batter": 1,
                "extras": 0,
                "total": 1
              }
            },
            {
              "batter": "HC Knight",
              "bowler": "LF Higham",
              "non_striker": "CE Dean",
              "runs": {
                "batter": 0,
                "extras": 0,
                "total": 0
              }
            },
            {
              "batter": "HC Knight",
              "bowler": "LF Higham",
              "non_striker": "CE Dean",
              "runs": {
                "batter": 2,
                "extras": 0,
                "total": 2
              }
            },
            {
              "batter": "HC Knight",
              "bowler": "LF Higham",
              "non_striker": "CE Dean",
              "runs": {
                "batter": 0,
                "extras": 0,
                "total": 0
              },
              "wickets": [
                {
                  "player_out": "HC Knight",
                  "fielders": [
                    {
                      "name": "S Glenn"
                    }
                  ],
                  "kind": "caught"
                }
              ]
            }
          ]
        },
        {
          "over": 15,
          "deliveries": [
            {
              "batter": "DR Gibson",
              "bowler": "LF Higham",
              "non_striker": "CE Dean",
              "runs": {
                "batter": 1,
                "extras": 0,
                "total": 1
              }
            },
            {
              "batter": "CE Dean",
              "bowler": "LF Higham",
              "non_striker": "DR Gibson",
              "runs": {
                "batter": 1,
                "extras": 0,
                "total": 1
              }
            },
            {
              "batter": "DR Gibson",
              "bowler": "LF Higham",
              "non_striker": "CE Dean",
              "runs": {
                "batter": 2,
                "extras": 0,
                "total": 2
              }
            },
            {
              "batter": "DR Gibson",
              "bowler": "LF Higham",
              "non_striker": "CE Dean",
              "runs": {
                "batter": 0,
                "extras": 0,
                "total": 0
              }
            },
            {
              "batter": "DR Gibson",
              "bowler": "LF Higham",
              "non_striker": "CE Dean",
              "runs": {
                "batter": 1,
                "extras": 0,
                "total": 1
              }
            }
          ]
        },
        {
          "over": 16,
          "deliveries": [
            {
              "batter": "DR Gibson",
              "bowler": "SJ Johnson",
              "non_striker": "CE Dean",
              "runs": {
                "batter": 1,
                "extras": 0,
                "total": 1
              }
            },
            {
              "batter": "CE Dean",
              "bowler": "SJ Johnson",
              "non_striker": "DR Gibson",
              "runs": {
                "batter": 4,
                "extras": 0,
                "total": 4
              }
            },
            {
              "batter": "CE Dean",
              "bowler": "SJ Johnson",
              "non_striker": "DR Gibson",
              "runs": {
                "batter": 2,
                "extras": 0,
                "total": 2
              }
            },
            {
              "batter": "CE Dean",
              "bowler": "SJ Johnson",
              "non_striker": "DR Gibson",
              "runs": {
                "batter": 0,
                "extras": 0,
                "total": 0
              },
              "wickets": [
                {
                  "player_out": "CE Dean",
                  "kind": "bowled"
                }
              ]
            },
            {
              "batter": "AD Carr",
              "bowler": "SJ Johnson",
              "non_striker": "DR Gibson",
              "runs": {
                "batter": 1,
                "extras": 0,
                "total": 1
              }
            }
          ]
        },
        {
          "over": 17,
          "deliveries": [
            {
              "batter": "DR Gibson",
              "bowler": "NR Sciver",
              "non_striker": "AD Carr",
              "runs": {
                "batter": 1,
                "extras": 0,
                "total": 1
              }
            },
            {
              "batter": "AD Carr",
              "bowler": "NR Sciver",
              "extras": {
                "legbyes": 2
              },
              "non_striker": "DR Gibson",
              "runs": {
                "batter": 0,
                "extras": 2,
                "total": 2
              }
            },
            {
              "batter": "AD Carr",
              "bowler": "NR Sciver",
              "non_striker": "DR Gibson",
              "runs": {
                "batter": 0,
                "extras": 0,
                "total": 0
              }
            },
            {
              "batter": "AD Carr",
              "bowler": "NR Sciver",
              "non_striker": "DR Gibson",
              "runs": {
                "batter": 1,
                "extras": 0,
                "total": 1
              }
            },
            {
              "batter": "DR Gibson",
              "bowler": "NR Sciver",
              "non_striker": "AD Carr",
              "runs": {
                "batter": 4,
                "extras": 0,
                "total": 4
              }
            }
          ]
        },
        {
          "over": 18,
          "deliveries": [
            {
              "batter": "AD Carr",
              "bowler": "KH Brunt",
              "non_striker": "DR Gibson",
              "runs": {
                "batter": 0,
                "extras": 0,
                "total": 0
              }
            },
            {
              "batter": "AD Carr",
              "bowler": "KH Brunt",
              "non_striker": "DR Gibson",
              "runs": {
                "batter": 0,
                "extras": 0,
                "total": 0
              }
            },
            {
              "batter": "AD Carr",
              "bowler": "KH Brunt",
              "non_striker": "DR Gibson",
              "runs": {
                "batter": 0,
                "extras": 0,
                "total": 0
              }
            },
            {
              "batter": "AD Carr",
              "bowler": "KH Brunt",
              "non_striker": "DR Gibson",
              "runs": {
                "batter": 1,
                "extras": 0,
                "total": 1
              }
            },
            {
              "batter": "DR Gibson",
              "bowler": "KH Brunt",
              "non_striker": "AD Carr",
              "runs": {
                "batter": 4,
                "extras": 0,
                "total": 4
              }
            }
          ]
        },
        {
          "over": 19,
          "deliveries": [
            {
              "batter": "DR Gibson",
              "bowler": "SJ Johnson",
              "extras": {
                "noballs": 2
              },
              "non_striker": "AD Carr",
              "runs": {
                "batter": 1,
                "extras": 2,
                "total": 3
              }
            },
            {
              "batter": "AD Carr",
              "bowler": "SJ Johnson",
              "non_striker": "DR Gibson",
              "runs": {
                "batter": 0,
                "extras": 0,
                "total": 0
              }
            },
            {
              "batter": "AD Carr",
              "bowler": "SJ Johnson",
              "non_striker": "DR Gibson",
              "runs": {
                "batter": 1,
                "extras": 0,
                "total": 1
              }
            },
            {
              "batter": "DR Gibson",
              "bowler": "SJ Johnson",
              "non_striker": "AD Carr",
              "runs": {
                "batter": 2,
                "extras": 0,
                "total": 2
              }
            },
            {
              "batter": "DR Gibson",
              "bowler": "SJ Johnson",
              "non_striker": "AD Carr",
              "runs": {
                "batter": 0,
                "extras": 0,
                "total": 0
              }
            },
            {
              "batter": "DR Gibson",
              "bowler": "SJ Johnson",
              "non_striker": "AD Carr",
              "runs": {
                "batter": 1,
                "extras": 0,
                "total": 1
              }
            }
          ]
        }
      ],
      "powerplays": [
        {
          "from": 0.1,
          "to": 4.5,
          "type": "mandatory"
        }
      ],
      "target": {
        "overs": 20,
        "runs": 152
      }
    }
  ]
}