{
  "meta": {
    "data_version": "1.0.0",
    "created": "2021-07-30",
    "revision": 1
  },
  "info": {
    "balls_per_over": 6,
    "city": "Dublin",
    "dates": [
      "2021-07-30"
    ],
    "event": {
      "name": "Netherlands Women tour of Ireland",
      "match_number": 4
    },
    "gender": "female",
    "match_type": "T20",
    "match_type_number": 923,
    "missing": [
      "player_of_match"
    ],
    "officials": {
      "match_referees": [
        "Philip Thompson"
      ],
      "reserve_umpires": [
        "Jareth McCready"
      ],
      "umpires": [
        "Aidan Seaver",
        "AA Baig"
      ]
    },
    "outcome": {
      "winner": "Netherlands",
      "by": {
        "wickets": 7
      },
      "method": "D/L"
    },
    "overs": 20,
    "players": {
      "Ireland": [
        "R Stokell",
        "GH Lewis",
        "L Delany",
        "EAJ Richardson",
        "SM Kavanagh",
        "MV Waldron",
        "L Paul",
        "S MacMahon",
        "C Raack",
        "G Dempsey",
        "Rachel Delaney"
      ],
      "Netherlands": [
        "IJR Zwilling",
        "HDJ Siegers",
        "B de Leede",
        "M Veringmeier",
        "R Rijke",
        "S Siegers",
        "EN Lynch",
        "J Post",
        "F Overdijk",
        "AH Thomson",
        "HWA Landheer"
      ]
    },
    "registry": {
      "people": {
        "AA Baig": "5c67c7a6",
        "AH Thomson": "5d2031f0",
        "Aidan Seaver": "862c0b16",
        "B de Leede": "b3020075",
        "C Raack": "28aba384",
        "EAJ Richardson": "50ee0500",
        "EN Lynch": "4d35d0b3",
        "F Overdijk": "022745d5",
        "G Dempsey": "940feccc",
        "GH Lewis": "1b9d1579",
        "HDJ Siegers": "6d48df01",
        "HWA Landheer": "a6ec88f4",
        "IJR Zwilling": "47b32a5a",
        "J Post": "b58b1ae5",
        "Jareth McCready": "84fa5232",
        "L Delany": "b4f73b44",
        "L Paul": "07248d8e",
        "M Veringmeier": "3733a317",
        "MV Waldron": "2e4f11e9",
        "Philip Thompson": "0c677650",
        "R Rijke": "42e4b276",
        "R Stokell": "def7b1bb",
        "Rachel Delaney": "d284ef29",
        "S MacMahon": "ef2bcebf",
        "S Siegers": "9a58f2c8",
        "SM Kavanagh": "7e9b3b60"
      }
    },
    "season": "2021",
    "team_type": "international",
    "teams": [
      "Ireland",
      "Netherlands"
    ],
    "toss": {
      "decision": "field",
      "winner": "Netherlands"
    },
    "venue": "The Village, Malahide, Dublin"
  },
  "innings": [
    {
      "team": "Ireland",
      "overs": [
        {
          "over": 0,
          "deliveries": [
            {
              "batter": "R Stokell",
              "bowler": "IJR Zwilling",
              "non_striker": "GH Lewis",
              "runs": {
                "batter": 0,
                "extras": 0,
                "total": 0
              }
            },
            {
              "batter": "R Stokell",
              "bowler": "IJR Zwilling",
              "extras": {
                "wides": 1
              },
              "non_striker": "GH Lewis",
              "runs": {
                "batter": 0,
                "extras": 1,
                "total": 1
              }
            },
            {
              "batter": "R Stokell",
              "bowler": "IJR Zwilling",
              "non_striker": "GH Lewis",
              "runs": {
                "batter": 0,
                "extras": 0,
                "total": 0
              }
            },
            {
              "batter": "R Stokell",
              "bowler": "IJR Zwilling",
              "non_striker": "GH Lewis",
              "runs": {
                "batter": 4,
                "extras": 0,
                "total": 4
              }
            },
            {
              "batter": "R Stokell",
              "bowler": "IJR Zwilling",
              "extras": {
                "wides": 1
              },
              "non_striker": "GH Lewis",
              "runs": {
                "batter": 0,
                "extras": 1,
                "total": 1
              }
            },
            {
              "batter": "R Stokell",
              "bowler": "IJR Zwilling",
              "non_striker": "GH Lewis",
              "runs": {
                "batter": 4,
                "extras": 0,
                "total": 4
              }
            },
            {
              "batter": "R Stokell",
              "bowler": "IJR Zwilling",
              "non_striker": "GH Lewis",
              "runs": {
                "batter": 0,
                "extras": 0,
                "total": 0
              }
            },
            {
              "batter": "R Stokell",
              "bowler": "IJR Zwilling",
              "non_striker": "GH Lewis",
              "runs": {
                "batter": 0,
                "extras": 0,
                "total": 0
              }
            }
          ]
        },
        {
          "over": 1,
          "deliveries": [
            {
              "batter": "GH Lewis",
              "bowler": "EN Lynch",
              "non_striker": "R Stokell",
              "runs": {
                "batter": 4,
                "extras": 0,
                "total": 4
              }
            },
            {
              "batter": "GH Lewis",
              "bowler": "EN Lynch",
              "non_striker": "R Stokell",
              "runs": {
                "batter": 2,
                "extras": 0,
                "total": 2
              }
            },
            {
              "batter": "GH Lewis",
              "bowler": "EN Lynch",
              "non_striker": "R Stokell",
              "runs": {
                "batter": 0,
                "extras": 0,
                "total": 0
              }
            },
            {
              "batter": "GH Lewis",
              "bowler": "EN Lynch",
              "non_striker": "R Stokell",
              "runs": {
                "batter": 0,
                "extras": 0,
                "total": 0
              },
              "wickets": [
                {
                  "player_out": "GH Lewis",
                  "fielders": [
                    {
                      "name": "IJR Zwilling"
                    }
                  ],
                  "kind": "caught"
                }
              ]
            },
            {
              "batter": "L Delany",
              "bowler": "EN Lynch",
              "non_striker": "R Stokell",
              "runs": {
                "batter": 1,
                "extras": 0,
                "total": 1
              }
            },
            {
              "batter": "R Stokell",
              "bowler": "EN Lynch",
              "non_striker": "L Delany",
              "runs": {
                "batter": 0,
                "extras": 0,
                "total": 0
              }
            }
          ]
        },
        {
          "over": 2,
          "deliveries": [
            {
              "batter": "L Delany",
              "bowler": "IJR Zwilling",
              "non_striker": "R Stokell",
              "runs": {
                "batter": 0,
                "extras": 0,
                "total": 0
              }
            },
            {
              "batter": "L Delany",
              "bowler": "IJR Zwilling",
              "non_striker": "R Stokell",
              "runs": {
                "batter": 1,
                "extras": 0,
                "total": 1
              }
            },
            {
              "batter": "R Stokell",
              "bowler": "IJR Zwilling",
              "non_striker": "L Delany",
              "runs": {
                "batter": 0,
                "extras": 0,
                "total": 0
              }
            },
            {
              "batter": "R Stokell",
              "bowler": "IJR Zwilling",
              "non_striker": "L Delany",
              "runs": {
                "batter": 1,
                "extras": 0,
                "total": 1
              }
            },
            {
              "batter": "L Delany",
              "bowler": "IJR Zwilling",
              "non_striker": "R Stokell",
              "runs": {
                "batter": 0,
                "extras": 0,
                "total": 0
              }
            },
            {
              "batter": "L Delany",
              "bowler": "IJR Zwilling",
              "non_striker": "R Stokell",
              "runs": {
                "batter": 0,
                "extras": 0,
                "total": 0
              }
            }
          ]
        },
        {
          "over": 3,
          "deliveries": [
            {
              "batter": "R Stokell",
              "bowler": "EN Lynch",
              "non_striker": "L Delany",
              "runs": {
                "batter": 0,
                "extras": 0,
                "total": 0
              }
            },
            {
              "batter": "R Stokell",
              "bowler": "EN Lynch",
              "non_striker": "L Delany",
              "runs": {
                "batter": 0,
                "extras": 0,
                "total": 0
              }
            },
            {
              "batter": "R Stokell",
              "bowler": "EN Lynch",
              "non_striker": "L Delany",
              "runs": {
                "batter": 0,
                "extras": 0,
                "total": 0
              }
            },
            {
              "batter": "R Stokell",
              "bowler": "EN Lynch",
              "non_striker": "L Delany",
              "runs": {
                "batter": 2,
                "extras": 0,
                "total": 2
              }
            },
            {
              "batter": "R Stokell",
              "bowler": "EN Lynch",
              "non_striker": "L Delany",
              "runs": {
                "batter": 0,
                "extras": 0,
                "total": 0
              }
            },
            {
              "batter": "R Stokell",
              "bowler": "EN Lynch",
              "non_striker": "L Delany",
              "runs": {
                "batter": 1,
                "extras": 0,
                "total": 1
              }
            }
          ]
        },
        {
          "over": 4,
          "deliveries": [
            {
              "batter": "R Stokell",
              "bowler": "IJR Zwilling",
              "non_striker": "L Delany",
              "runs": {
                "batter": 1,
                "extras": 0,
                "total": 1
              }
            },
            {
              "batter": "L Delany",
              "bowler": "IJR Zwilling",
              "non_striker": "R Stokell",
              "runs": {
                "batter": 1,
                "extras": 0,
                "total": 1
              }
            },
            {
              "batter": "R Stokell",
              "bowler": "IJR Zwilling",
              "non_striker": "L Delany",
              "runs": {
                "batter": 1,
                "extras": 0,
                "total": 1
              }
            },
            {
              "batter": "L Delany",
              "bowler": "IJR Zwilling",
              "non_striker": "R Stokell",
              "runs": {
                "batter": 1,
                "extras": 0,
                "total": 1
              }
            },
            {
              "batter": "R Stokell",
              "bowler": "IJR Zwilling",
              "non_striker": "L Delany",
              "runs": {
                "batter": 1,
                "extras": 0,
                "total": 1
              }
            },
            {
              "batter": "L Delany",
              "bowler": "IJR Zwilling",
              "non_striker": "R Stokell",
              "runs": {
                "batter": 1,
                "extras": 0,
                "total": 1
              }
            }
          ]
        },
        {
          "over": 5,
          "deliveries": [
            {
              "batter": "L Delany",
              "bowler": "EN Lynch",
              "non_striker": "R Stokell",
              "runs": {
                "batter": 0,
                "extras": 0,
                "total": 0
              }
            },
            {
              "batter": "L Delany",
              "bowler": "EN Lynch",
              "non_striker": "R Stokell",
              "runs": {
                "batter": 0,
                "extras": 0,
                "total": 0
              }
            },
            {
              "batter": "L Delany",
              "bowler": "EN Lynch",
              "extras": {
                "wides": 1
              },
              "non_striker": "R Stokell",
              "runs": {
                "batter": 0,
                "extras": 1,
                "total": 1
              }
            },
            {
              "batter": "L Delany",
              "bowler": "EN Lynch",
              "non_striker": "R Stokell",
              "runs": {
                "batter": 4,
                "extras": 0,
                "total": 4
              }
            },
            {
              "batter": "L Delany",
              "bowler": "EN Lynch",
              "non_striker": "R Stokell",
              "runs": {
                "batter": 0,
                "extras": 0,
                "total": 0
              }
            },
            {
              "batter": "L Delany",
              "bowler": "EN Lynch",
              "non_striker": "R Stokell",
              "runs": {
                "batter": 0,
                "extras": 0,
                "total": 0
              }
            },
            {
              "batter": "L Delany",
              "bowler": "EN Lynch",
              "non_striker": "R Stokell",
              "runs": {
                "batter": 1,
                "extras": 0,
                "total": 1
              }
            }
          ]
        },
        {
          "over": 6,
          "deliveries": [
            {
              "batter": "L Delany",
              "bowler": "HDJ Siegers",
              "non_striker": "R Stokell",
              "runs": {
                "batter": 0,
                "extras": 0,
                "total": 0
              }
            },
            {
              "batter": "L Delany",
              "bowler": "HDJ Siegers",
              "non_striker": "R Stokell",
              "runs": {
                "batter": 4,
                "extras": 0,
                "total": 4
              }
            },
            {
              "batter": "L Delany",
              "bowler": "HDJ Siegers",
              "non_striker": "R Stokell",
              "runs": {
                "batter": 4,
                "extras": 0,
                "total": 4
              }
            },
            {
              "batter": "L Delany",
              "bowler": "HDJ Siegers",
              "non_striker": "R Stokell",
              "runs": {
                "batter": 0,
                "extras": 0,
                "total": 0
              }
            },
            {
              "batter": "L Delany",
              "bowler": "HDJ Siegers",
              "non_striker": "R Stokell",
              "runs": {
                "batter": 0,
                "extras": 0,
                "total": 0
              }
            },
            {
              "batter": "L Delany",
              "bowler": "HDJ Siegers",
              "non_striker": "R Stokell",
              "runs": {
                "batter": 0,
                "extras": 0,
                "total": 0
              }
            }
          ]
        },
        {
          "over": 7,
          "deliveries": [
            {
              "batter": "R Stokell",
              "bowler": "EN Lynch",
              "non_striker": "L Delany",
              "runs": {
                "batter": 4,
                "extras": 0,
                "total": 4
              }
            },
            {
              "batter": "R Stokell",
              "bowler": "EN Lynch",
              "non_striker": "L Delany",
              "runs": {
                "batter": 0,
                "extras": 0,
                "total": 0
              }
            },
            {
              "batter": "R Stokell",
              "bowler": "EN Lynch",
              "non_striker": "L Delany",
              "runs": {
                "batter": 1,
                "extras": 0,
                "total": 1
              }
            },
            {
              "batter": "L Delany",
              "bowler": "EN Lynch",
              "non_striker": "R Stokell",
              "runs": {
                "batter": 0,
                "extras": 0,
                "total": 0
              }
            },
            {
              "batter": "L Delany",
              "bowler": "EN Lynch",
              "non_striker": "R Stokell",
              "runs": {
                "batter": 0,
                "extras": 0,
                "total": 0
              }
            },
            {
              "batter": "L Delany",
              "bowler": "EN Lynch",
              "non_striker": "R Stokell",
              "runs": {
                "batter": 0,
                "extras": 0,
                "total": 0
              }
            }
          ]
        },
        {
          "over": 8,
          "deliveries": [
            {
              "batter": "R Stokell",
              "bowler": "F Overdijk",
              "non_striker": "L Delany",
              "runs": {
                "batter": 0,
                "extras": 0,
                "total": 0
              }
            },
            {
              "batter": "R Stokell",
              "bowler": "F Overdijk",
              "non_striker": "L Delany",
              "runs": {
                "batter": 0,
                "extras": 0,
                "total": 0
              }
            },
            {
              "batter": "R Stokell",
              "bowler": "F Overdijk",
              "non_striker": "L Delany",
              "runs": {
                "batter": 0,
                "extras": 0,
                "total": 0
              }
            },
            {
              "batter": "R Stokell",
              "bowler": "F Overdijk",
              "extras": {
                "wides": 1
              },
              "non_striker": "L Delany",
              "runs": {
                "batter": 0,
                "extras": 1,
                "total": 1
              }
            },
            {
              "batter": "R Stokell",
              "bowler": "F Overdijk",
              "non_striker": "L Delany",
              "runs": {
                "batter": 1,
                "extras": 0,
                "total": 1
              }
            },
            {
              "batter": "L Delany",
              "bowler": "F Overdijk",
              "non_striker": "R Stokell",
              "runs": {
                "batter": 0,
                "extras": 0,
                "total": 0
              }
            },
            {
              "batter": "L Delany",
              "bowler": "F Overdijk",
              "non_striker": "R Stokell",
              "runs": {
                "batter": 0,
                "extras": 0,
                "total": 0
              }
            }
          ]
        },
        {
          "over": 9,
          "deliveries": [
            {
              "batter": "R Stokell",
              "bowler": "S Siegers",
              "non_striker": "L Delany",
              "runs": {
                "batter": 1,
                "extras": 0,
                "total": 1
              }
            },
            {
              "batter": "L Delany",
              "bowler": "S Siegers",
              "non_striker": "R Stokell",
              "runs": {
                "batter": 1,
                "extras": 0,
                "total": 1
              }
            },
            {
              "batter": "R Stokell",
              "bowler": "S Siegers",
              "non_striker": "L Delany",
              "runs": {
                "batter": 1,
                "extras": 0,
                "total": 1
              }
            },
            {
              "batter": "L Delany",
              "bowler": "S Siegers",
              "non_striker": "R Stokell",
              "runs": {
                "batter": 2,
                "extras": 0,
                "total": 2
              }
            },
            {
              "batter": "L Delany",
              "bowler": "S Siegers",
              "non_striker": "R Stokell",
              "runs": {
                "batter": 0,
                "extras": 0,
                "total": 0
              }
            },
            {
              "batter": "L Delany",
              "bowler": "S Siegers",
              "non_striker": "R Stokell",
              "runs": {
                "batter": 1,
                "extras": 0,
                "total": 1
              }
            }
          ]
        },
        {
          "over": 10,
          "deliveries": [
            {
              "batter": "L Delany",
              "bowler": "F Overdijk",
              "non_striker": "R Stokell",
              "runs": {
                "batter": 1,
                "extras": 0,
                "total": 1
              }
            },
            {
              "batter": "R Stokell",
              "bowler": "F Overdijk",
              "non_striker": "L Delany",
              "runs": {
                "batter": 1,
                "extras": 0,
                "total": 1
              }
            },
            {
              "batter": "L Delany",
              "bowler": "F Overdijk",
              "non_striker": "R Stokell",
              "runs": {
                "batter": 1,
                "extras": 0,
                "total": 1
              }
            },
            {
              "batter": "R Stokell",
              "bowler": "F Overdijk",
              "non_striker": "L Delany",
              "runs": {
                "batter": 2,
                "extras": 0,
                "total": 2
              }
            },
            {
              "batter": "R Stokell",
              "bowler": "F Overdijk",
              "extras": {
                "wides": 1
              },
              "non_striker": "L Delany",
              "runs": {
                "batter": 0,
                "extras": 1,
                "total": 1
              }
            },
            {
              "batter": "R Stokell",
              "bowler": "F Overdijk",
              "non_striker": "L Delany",
              "runs": {
                "batter": 1,
                "extras": 0,
                "total": 1
              }
            },
            {
              "batter": "L Delany",
              "bowler": "F Overdijk",
              "non_striker": "R Stokell",
              "runs": {
                "batter": 4,
                "extras": 0,
                "total": 4
              }
            }
          ]
        },
        {
          "over": 11,
          "deliveries": [
            {
              "batter": "R Stokell",
              "bowler": "S Siegers",
              "non_striker": "L Delany",
              "runs": {
                "batter": 0,
                "extras": 0,
                "total": 0
              }
            },
            {
              "batter": "R Stokell",
              "bowler": "S Siegers",
              "non_striker": "L Delany",
              "runs": {
                "batter": 6,
                "extras": 0,
                "total": 6
              }
            },
            {
              "batter": "R Stokell",
              "bowler": "S Siegers",
              "non_striker": "L Delany",
              "runs": {
                "batter": 1,
                "extras": 0,
                "total": 1
              }
            },
            {
              "batter": "L Delany",
              "bowler": "S Siegers",
              "non_striker": "R Stokell",
              "runs": {
                "batter": 0,
                "extras": 0,
                "total": 0
              }
            },
            {
              "batter": "L Delany",
              "bowler": "S Siegers",
              "non_striker": "R Stokell",
              "runs": {
                "batter": 1,
                "extras": 0,
                "total": 1
              }
            },
            {
              "batter": "R Stokell",
              "bowler": "S Siegers",
              "non_striker": "L Delany",
              "runs": {
                "batter": 1,
                "extras": 0,
                "total": 1
              }
            }
          ]
        },
        {
          "over": 12,
          "deliveries": [
            {
              "batter": "R Stokell",
              "bowler": "HWA Landheer",
              "non_striker": "L Delany",
              "runs": {
                "batter": 4,
                "extras": 0,
                "total": 4
              }
            },
            {
              "batter": "R Stokell",
              "bowler": "HWA Landheer",
              "non_striker": "L Delany",
              "runs": {
                "batter": 1,
                "extras": 0,
                "total": 1
              }
            },
            {
              "batter": "L Delany",
              "bowler": "HWA Landheer",
              "non_striker": "R Stokell",
              "runs": {
                "batter": 0,
                "extras": 0,
                "total": 0
              }
            },
            {
              "batter": "L Delany",
              "bowler": "HWA Landheer",
              "non_striker": "R Stokell",
              "runs": {
                "batter": 1,
                "extras": 0,
                "total": 1
              }
            },
            {
              "batter": "R Stokell",
              "bowler": "HWA Landheer",
              "non_striker": "L Delany",
              "runs": {
                "batter": 1,
                "extras": 0,
                "total": 1
              }
            },
            {
              "batter": "L Delany",
              "bowler": "HWA Landheer",
              "non_striker": "R Stokell",
              "runs": {
                "batter": 1,
                "extras": 0,
                "total": 1
              }
            }
          ]
        },
        {
          "over": 13,
          "deliveries": [
            {
              "batter": "L Delany",
              "bowler": "S Siegers",
              "non_striker": "R Stokell",
              "runs": {
                "batter": 1,
                "extras": 0,
                "total": 1
              }
            },
            {
              "batter": "R Stokell",
              "bowler": "S Siegers",
              "non_striker": "L Delany",
              "runs": {
                "batter": 1,
                "extras": 0,
                "total": 1
              }
            },
            {
              "batter": "L Delany",
              "bowler": "S Siegers",
              "non_striker": "R Stokell",
              "runs": {
                "batter": 1,
                "extras": 0,
                "total": 1
              }
            },
            {
              "batter": "R Stokell",
              "bowler": "S Siegers",
              "non_striker": "L Delany",
              "runs": {
                "batter": 0,
                "extras": 0,
                "total": 0
              }
            },
            {
              "batter": "R Stokell",
              "bowler": "S Siegers",
              "non_striker": "L Delany",
              "runs": {
                "batter": 1,
                "extras": 0,
                "total": 1
              }
            },
            {
              "batter": "L Delany",
              "bowler": "S Siegers",
              "non_striker": "R Stokell",
              "runs": {
                "batter": 1,
                "extras": 0,
                "total": 1
              }
            }
          ]
        },
        {
          "over": 14,
          "deliveries": [
            {
              "batter": "L Delany",
              "bowler": "HWA Landheer",
              "non_striker": "R Stokell",
              "runs": {
                "batter": 1,
                "extras": 0,
                "total": 1
              }
            },
            {
              "batter": "R Stokell",
              "bowler": "HWA Landheer",
              "non_striker": "L Delany",
              "runs": {
                "batter": 1,
                "extras": 0,
                "total": 1
              }
            },
            {
              "batter": "L Delany",
              "bowler": "HWA Landheer",
              "non_striker": "R Stokell",
              "runs": {
                "batter": 0,
                "extras": 0,
                "total": 0
              }
            },
            {
              "batter": "L Delany",
              "bowler": "HWA Landheer",
              "non_striker": "R Stokell",
              "runs": {
                "batter": 4,
                "extras": 0,
                "total": 4
              }
            },
            {
              "batter": "L Delany",
              "bowler": "HWA Landheer",
              "extras": {
                "wides": 1
              },
              "non_striker": "R Stokell",
              "runs": {
                "batter": 0,
                "extras": 1,
                "total": 1
              }
            },
            {
              "batter": "L Delany",
              "bowler": "HWA Landheer",
              "extras": {
                "wides": 2
              },
              "non_striker": "R Stokell",
              "runs": {
                "batter": 0,
                "extras": 2,
                "total": 2
              }
            },
            {
              "batter": "R Stokell",
              "bowler": "HWA Landheer",
              "non_striker": "L Delany",
              "runs": {
                "batter": 4,
                "extras": 0,
                "total": 4
              }
            },
            {
              "batter": "R Stokell",
              "bowler": "HWA Landheer",
              "non_striker": "L Delany",
              "runs": {
                "batter": 0,
                "extras": 0,
                "total": 0
              },
              "wickets": [
                {
                  "player_out": "R Stokell",
                  "fielders": [
                    {
                      "name": "B de Leede"
                    }
                  ],
                  "kind": "caught"
                }
              ]
            }
          ]
        }
      ],
      "powerplays": [
        {
          "from": 0.1,
          "to": 5.7,
          "type": "mandatory"
        }
      ]
    },
    {
      "team": "Netherlands",
      "overs": [
        {
          "over": 0,
          "deliveries": [
            {
              "batter": "IJR Zwilling",
              "bowler": "S MacMahon",
              "non_striker": "HDJ Siegers",
              "runs": {
                "batter": 1,
                "extras": 0,
                "total": 1
              }
            },
            {
              "batter": "HDJ Siegers",
              "bowler": "S MacMahon",
              "non_striker": "IJR Zwilling",
              "runs": {
                "batter": 1,
                "extras": 0,
                "total": 1
              }
            },
            {
              "batter": "IJR Zwilling",
              "bowler": "S MacMahon",
              "non_striker": "HDJ Siegers",
              "runs": {
                "batter": 0,
                "extras": 0,
                "total": 0
              },
              "wickets": [
                {
                  "player_out": "IJR Zwilling",
                  "fielders": [
                    {
                      "name": "L Paul"
                    }
                  ],
                  "kind": "caught"
                }
              ]
            },
            {
              "batter": "HDJ Siegers",
              "bowler": "S MacMahon",
              "non_striker": "B de Leede",
              "runs": {
                "batter": 4,
                "extras": 0,
                "total": 4
              }
            },
            {
              "batter": "HDJ Siegers",
              "bowler": "S MacMahon",
              "non_striker": "B de Leede",
              "runs": {
                "batter": 0,
                "extras": 0,
                "total": 0
              }
            },
            {
              "batter": "HDJ Siegers",
              "bowler": "S MacMahon",
              "non_striker": "B de Leede",
              "runs": {
                "batter": 4,
                "extras": 0,
                "total": 4
              }
            }
          ]
        },
        {
          "over": 1,
          "deliveries": [
            {
              "batter": "B de Leede",
              "bowler": "C Raack",
              "non_striker": "HDJ Siegers",
              "runs": {
                "batter": 0,
                "extras": 0,
                "total": 0
              }
            },
            {
              "batter": "B de Leede",
              "bowler": "C Raack",
              "non_striker": "HDJ Siegers",
              "runs": {
                "batter": 1,
                "extras": 0,
                "total": 1
              }
            },
            {
              "batter": "HDJ Siegers",
              "bowler": "C Raack",
              "non_striker": "B de Leede",
              "runs": {
                "batter": 0,
                "extras": 0,
                "total": 0
              },
              "wickets": [
                {
                  "player_out": "HDJ Siegers",
                  "fielders": [
                    {
                      "name": "L Delany"
                    }
                  ],
                  "kind": "caught"
                }
              ]
            },
            {
              "batter": "M Veringmeier",
              "bowler": "C Raack",
              "extras": {
                "wides": 1
              },
              "non_striker": "B de Leede",
              "runs": {
                "batter": 0,
                "extras": 1,
                "total": 1
              }
            },
            {
              "batter": "M Veringmeier",
              "bowler": "C Raack",
              "extras": {
                "wides": 1
              },
              "non_striker": "B de Leede",
              "runs": {
                "batter": 0,
                "extras": 1,
                "total": 1
              }
            },
            {
              "batter": "M Veringmeier",
              "bowler": "C Raack",
              "non_striker": "B de Leede",
              "runs": {
                "batter": 1,
                "extras": 0,
                "total": 1
              }
            },
            {
              "batter": "B de Leede",
              "bowler": "C Raack",
              "non_striker": "M Veringmeier",
              "runs": {
                "batter": 0,
                "extras": 0,
                "total": 0
              }
            },
            {
              "batter": "B de Leede",
              "bowler": "C Raack",
              "non_striker": "M Veringmeier",
              "runs": {
                "batter": 4,
                "extras": 0,
                "total": 4
              }
            }
          ]
        },
        {
          "over": 2,
          "deliveries": [
            {
              "batter": "M Veringmeier",
              "bowler": "S MacMahon",
              "non_striker": "B de Leede",
              "runs": {
                "batter": 1,
                "extras": 0,
                "total": 1
              }
            },
            {
              "batter": "B de Leede",
              "bowler": "S MacMahon",
              "non_striker": "M Veringmeier",
              "runs": {
                "batter": 1,
                "extras": 0,
                "total": 1
              }
            },
            {
              "batter": "M Veringmeier",
              "bowler": "S MacMahon",
              "non_striker": "B de Leede",
              "runs": {
                "batter": 0,
                "extras": 0,
                "total": 0
              }
            },
            {
              "batter": "M Veringmeier",
              "bowler": "S MacMahon",
              "non_striker": "B de Leede",
              "runs": {
                "batter": 1,
                "extras": 0,
                "total": 1
              }
            },
            {
              "batter": "B de Leede",
              "bowler": "S MacMahon",
              "non_striker": "M Veringmeier",
              "runs": {
                "batter": 0,
                "extras": 0,
                "total": 0
              }
            },
            {
              "batter": "B de Leede",
              "bowler": "S MacMahon",
              "non_striker": "M Veringmeier",
              "runs": {
                "batter": 1,
                "extras": 0,
                "total": 1
              }
            }
          ]
        },
        {
          "over": 3,
          "deliveries": [
            {
              "batter": "B de Leede",
              "bowler": "L Paul",
              "non_striker": "M Veringmeier",
              "runs": {
                "batter": 6,
                "extras": 0,
                "total": 6
              }
            },
            {
              "batter": "B de Leede",
              "bowler": "L Paul",
              "non_striker": "M Veringmeier",
              "runs": {
                "batter": 4,
                "extras": 0,
                "total": 4
              }
            },
            {
              "batter": "B de Leede",
              "bowler": "L Paul",
              "non_striker": "M Veringmeier",
              "runs": {
                "batter": 1,
                "extras": 0,
                "total": 1
              }
            },
            {
              "batter": "M Veringmeier",
              "bowler": "L Paul",
              "non_striker": "B de Leede",
              "runs": {
                "batter": 0,
                "extras": 0,
                "total": 0
              }
            },
            {
              "batter": "M Veringmeier",
              "bowler": "L Paul",
              "non_striker": "B de Leede",
              "runs": {
                "batter": 0,
                "extras": 0,
                "total": 0
              }
            },
            {
              "batter": "M Veringmeier",
              "bowler": "L Paul",
              "non_striker": "B de Leede",
              "runs": {
                "batter": 1,
                "extras": 0,
                "total": 1
              }
            }
          ]
        },
        {
          "over": 4,
          "deliveries": [
            {
              "batter": "M Veringmeier",
              "bowler": "S MacMahon",
              "non_striker": "B de Leede",
              "runs": {
                "batter": 0,
                "extras": 0,
                "total": 0
              }
            },
            {
              "batter": "M Veringmeier",
              "bowler": "S MacMahon",
              "non_striker": "B de Leede",
              "runs": {
                "batter": 4,
                "extras": 0,
                "total": 4
              }
            },
            {
              "batter": "M Veringmeier",
              "bowler": "S MacMahon",
              "extras": {
                "wides": 1
              },
              "non_striker": "B de Leede",
              "runs": {
                "batter": 0,
                "extras": 1,
                "total": 1
              }
            },
            {
              "batter": "M Veringmeier",
              "bowler": "S MacMahon",
              "non_striker": "B de Leede",
              "runs": {
                "batter": 2,
                "extras": 0,
                "total": 2
              }
            },
            {
              "batter": "M Veringmeier",
              "bowler": "S MacMahon",
              "non_striker": "B de Leede",
              "runs": {
                "batter": 1,
                "extras": 0,
                "total": 1
              }
            },
            {
              "batter": "B de Leede",
              "bowler": "S MacMahon",
              "non_striker": "M Veringmeier",
              "runs": {
                "batter": 1,
                "extras": 0,
                "total": 1
              }
            },
            {
              "batter": "M Veringmeier",
              "bowler": "S MacMahon",
              "non_striker": "B de Leede",
              "runs": {
                "batter": 1,
                "extras": 0,
                "total": 1
              }
            }
          ]
        },
        {
          "over": 5,
          "deliveries": [
            {
              "batter": "M Veringmeier",
              "bowler": "L Paul",
              "non_striker": "B de Leede",
              "runs": {
                "batter": 0,
                "extras": 0,
                "total": 0
              }
            },
            {
              "batter": "M Veringmeier",
              "bowler": "L Paul",
              "non_striker": "B de Leede",
              "runs": {
                "batter": 0,
                "extras": 0,
                "total": 0
              }
            },
            {
              "batter": "M Veringmeier",
              "bowler": "L Paul",
              "non_striker": "B de Leede",
              "runs": {
                "batter": 1,
                "extras": 0,
                "total": 1
              }
            },
            {
              "batter": "B de Leede",
              "bowler": "L Paul",
              "extras": {
                "wides": 1
              },
              "non_striker": "M Veringmeier",
              "runs": {
                "batter": 0,
                "extras": 1,
                "total": 1
              }
            },
            {
              "batter": "B de Leede",
              "bowler": "L Paul",
              "non_striker": "M Veringmeier",
              "runs": {
                "batter": 1,
                "extras": 0,
                "total": 1
              }
            },
            {
              "batter": "M Veringmeier",
              "bowler": "L Paul",
              "non_striker": "B de Leede",
              "runs": {
                "batter": 1,
                "extras": 0,
                "total": 1
              }
            },
            {
              "batter": "B de Leede",
              "bowler": "L Paul",
              "non_striker": "M Veringmeier",
              "runs": {
                "batter": 1,
                "extras": 0,
                "total": 1
              }
            }
          ]
        },
        {
          "over": 6,
          "deliveries": [
            {
              "batter": "B de Leede",
              "bowler": "G Dempsey",
              "non_striker": "M Veringmeier",
              "runs": {
                "batter": 1,
                "extras": 0,
                "total": 1
              }
            },
            {
              "batter": "M Veringmeier",
              "bowler": "G Dempsey",
              "non_striker": "B de Leede",
              "runs": {
                "batter": 1,
                "extras": 0,
                "total": 1
              }
            },
            {
              "batter": "B de Leede",
              "bowler": "G Dempsey",
              "non_striker": "M Veringmeier",
              "runs": {
                "batter": 1,
                "extras": 0,
                "total": 1
              }
            },
            {
              "batter": "M Veringmeier",
              "bowler": "G Dempsey",
              "non_striker": "B de Leede",
              "runs": {
                "batter": 1,
                "extras": 0,
                "total": 1
              }
            },
            {
              "batter": "B de Leede",
              "bowler": "G Dempsey",
              "extras": {
                "legbyes": 1
              },
              "non_striker": "M Veringmeier",
              "runs": {
                "batter": 0,
                "extras": 1,
                "total": 1
              }
            },
            {
              "batter": "M Veringmeier",
              "bowler": "G Dempsey",
              "extras": {
                "legbyes": 1
              },
              "non_striker": "B de Leede",
              "runs": {
                "batter": 0,
                "extras": 1,
                "total": 1
              }
            }
          ]
        },
        {
          "over": 7,
          "deliveries": [
            {
              "batter": "M Veringmeier",
              "bowler": "Rachel Delaney",
              "non_striker": "B de Leede",
              "runs": {
                "batter": 0,
                "extras": 0,
                "total": 0
              }
            },
            {
              "batter": "M Veringmeier",
              "bowler": "Rachel Delaney",
              "non_striker": "B de Leede",
              "runs": {
                "batter": 0,
                "extras": 0,
                "total": 0
              }
            },
            {
              "batter": "M Veringmeier",
              "bowler": "Rachel Delaney",
              "non_striker": "B de Leede",
              "runs": {
                "batter": 1,
                "extras": 0,
                "total": 1
              }
            },
            {
              "batter": "B de Leede",
              "bowler": "Rachel Delaney",
              "non_striker": "M Veringmeier",
              "runs": {
                "batter": 4,
                "extras": 0,
                "total": 4
              }
            },
            {
              "batter": "B de Leede",
              "bowler": "Rachel Delaney",
              "non_striker": "M Veringmeier",
              "runs": {
                "batter": 1,
                "extras": 0,
                "total": 1
              }
            },
            {
              "batter": "M Veringmeier",
              "bowler": "Rachel Delaney",
              "non_striker": "B de Leede",
              "runs": {
                "batter": 1,
                "extras": 0,
                "total": 1
              }
            }
          ]
        },
        {
          "over": 8,
          "deliveries": [
            {
              "batter": "M Veringmeier",
              "bowler": "G Dempsey",
              "non_striker": "B de Leede",
              "runs": {
                "batter": 1,
                "extras": 0,
                "total": 1
              }
            },
            {
              "batter": "B de Leede",
              "bowler": "G Dempsey",
              "non_striker": "M Veringmeier",
              "runs": {
                "batter": 4,
                "extras": 0,
                "total": 4
              }
            },
            {
              "batter": "B de Leede",
              "bowler": "G Dempsey",
              "non_striker": "M Veringmeier",
              "runs": {
                "batter": 1,
                "extras": 0,
                "total": 1
              }
            },
            {
              "batter": "M Veringmeier",
              "bowler": "G Dempsey",
              "non_striker": "B de Leede",
              "runs": {
                "batter": 1,
                "extras": 0,
                "total": 1
              }
            },
            {
              "batter": "B de Leede",
              "bowler": "G Dempsey",
              "extras": {
                "legbyes": 1
              },
              "non_striker": "M Veringmeier",
              "runs": {
                "batter": 0,
                "extras": 1,
                "total": 1
              }
            },
            {
              "batter": "M Veringmeier",
              "bowler": "G Dempsey",
              "non_striker": "B de Leede",
              "runs": {
                "batter": 1,
                "extras": 0,
                "total": 1
              }
            }
          ]
        },
        {
          "over": 9,
          "deliveries": [
            {
              "batter": "M Veringmeier",
              "bowler": "L Delany",
              "non_striker": "B de Leede",
              "runs": {
                "batter": 1,
                "extras": 0,
                "total": 1
              }
            },
            {
              "batter": "B de Leede",
              "bowler": "L Delany",
              "non_striker": "M Veringmeier",
              "runs": {
                "batter": 4,
                "extras": 0,
                "total": 4
              }
            },
            {
              "batter": "B de Leede",
              "bowler": "L Delany",
              "non_striker": "M Veringmeier",
              "runs": {
                "batter": 1,
                "extras": 0,
                "total": 1
              }
            },
            {
              "batter": "M Veringmeier",
              "bowler": "L Delany",
              "non_striker": "B de Leede",
              "runs": {
                "batter": 1,
                "extras": 0,
                "total": 1
              }
            },
            {
              "batter": "B de Leede",
              "bowler": "L Delany",
              "extras": {
                "noballs": 1
              },
              "non_striker": "M Veringmeier",
              "runs": {
                "batter": 4,
                "extras": 1,
                "total": 5
              }
            },
            {
              "batter": "B de Leede",
              "bowler": "L Delany",
              "non_striker": "M Veringmeier",
              "runs": {
                "batter": 4,
                "extras": 0,
                "total": 4
              }
            },
            {
              "batter": "B de Leede",
              "bowler": "L Delany",
              "non_striker": "M Veringmeier",
              "runs": {
                "batter": 1,
                "extras": 0,
                "total": 1
              }
            }
          ]
        },
        {
          "over": 10,
          "deliveries": [
            {
              "batter": "B de Leede",
              "bowler": "EAJ Richardson",
              "non_striker": "M Veringmeier",
              "runs": {
                "batter": 0,
                "extras": 0,
                "total": 0
              }
            },
            {
              "batter": "B de Leede",
              "bowler": "EAJ Richardson",
              "non_striker": "M Veringmeier",
              "runs": {
                "batter": 1,
                "extras": 0,
                "total": 1
              }
            },
            {
              "batter": "M Veringmeier",
              "bowler": "EAJ Richardson",
              "non_striker": "B de Leede",
              "runs": {
                "batter": 1,
                "extras": 0,
                "total": 1
              }
            },
            {
              "batter": "B de Leede",
              "bowler": "EAJ Richardson",
              "extras": {
                "legbyes": 1
              },
              "non_striker": "M Veringmeier",
              "runs": {
                "batter": 0,
                "extras": 1,
                "total": 1
              }
            },
            {
              "batter": "M Veringmeier",
              "bowler": "EAJ Richardson",
              "non_striker": "B de Leede",
              "runs": {
                "batter": 0,
                "extras": 0,
                "total": 0
              }
            },
            {
              "batter": "M Veringmeier",
              "bowler": "EAJ Richardson",
              "non_striker": "B de Leede",
              "runs": {
                "batter": 1,
                "extras": 0,
                "total": 1
              }
            }
          ]
        },
        {
          "over": 11,
          "deliveries": [
            {
              "batter": "M Veringmeier",
              "bowler": "L Paul",
              "non_striker": "B de Leede",
              "runs": {
                "batter": 4,
                "extras": 0,
                "total": 4
              }
            },
            {
              "batter": "M Veringmeier",
              "bowler": "L Paul",
              "non_striker": "B de Leede",
              "runs": {
                "batter": 0,
                "extras": 0,
                "total": 0
              },
              "wickets": [
                {
                  "player_out": "M Veringmeier",
                  "kind": "run out"
                }
              ]
            },
            {
              "batter": "B de Leede",
              "bowler": "L Paul",
              "non_striker": "R Rijke",
              "runs": {
                "batter": 2,
                "extras": 0,
                "total": 2
              }
            },
            {
              "batter": "B de Leede",
              "bowler": "L Paul",
              "non_striker": "R Rijke",
              "runs": {
                "batter": 0,
                "extras": 0,
                "total": 0
              }
            },
            {
              "batter": "B de Leede",
              "bowler": "L Paul",
              "non_striker": "R Rijke",
              "runs": {
                "batter": 1,
                "extras": 0,
                "total": 1
              }
            },
            {
              "batter": "R Rijke",
              "bowler": "L Paul",
              "non_striker": "B de Leede",
              "runs": {
                "batter": 0,
                "extras": 0,
                "total": 0
              }
            }
          ]
        },
        {
          "over": 12,
          "deliveries": [
            {
              "batter": "B de Leede",
              "bowler": "EAJ Richardson",
              "non_striker": "R Rijke",
              "runs": {
                "batter": 6,
                "extras": 0,
                "total": 6
              }
            },
            {
              "batter": "B de Leede",
              "bowler": "EAJ Richardson",
              "non_striker": "R Rijke",
              "runs": {
                "batter": 1,
                "extras": 0,
                "total": 1
              }
            },
            {
              "batter": "R Rijke",
              "bowler": "EAJ Richardson",
              "non_striker": "B de Leede",
              "runs": {
                "batter": 2,
                "extras": 0,
                "total": 2
              }
            },
            {
              "batter": "R Rijke",
              "bowler": "EAJ Richardson",
              "non_striker": "B de Leede",
              "runs": {
                "batter": 4,
                "extras": 0,
                "total": 4
              }
            },
            {
              "batter": "R Rijke",
              "bowler": "EAJ Richardson",
              "non_striker": "B de Leede",
              "runs": {
                "batter": 0,
                "extras": 0,
                "total": 0
              }
            },
            {
              "batter": "R Rijke",
              "bowler": "EAJ Richardson",
              "non_striker": "B de Leede",
              "runs": {
                "batter": 1,
                "extras": 0,
                "total": 1
              }
            }
          ]
        },
        {
          "over": 13,
          "deliveries": [
            {
              "batter": "R Rijke",
              "bowler": "Rachel Delaney",
              "extras": {
                "wides": 1
              },
              "non_striker": "B de Leede",
              "runs": {
                "batter": 0,
                "extras": 1,
                "total": 1
              }
            },
            {
              "batter": "R Rijke",
              "bowler": "Rachel Delaney",
              "non_striker": "B de Leede",
              "runs": {
                "batter": 0,
                "extras": 0,
                "total": 0
              }
            },
            {
              "batter": "R Rijke",
              "bowler": "Rachel Delaney",
              "non_striker": "B de Leede",
              "runs": {
                "batter": 1,
                "extras": 0,
                "total": 1
              }
            },
            {
              "batter": "B de Leede",
              "bowler": "Rachel Delaney",
              "non_striker": "R Rijke",
              "runs": {
                "batter": 4,
                "extras": 0,
                "total": 4
              }
            }
          ]
        }
      ],
      "powerplays": [
        {
          "from": 0.1,
          "to": 4.7,
          "type": "mandatory"
        }
      ],
      "target": {
        "overs": 15,
        "runs": 118
      }
    }
  ]
}