{
  "meta": {
    "data_version": "1.0.0",
    "created": "2021-09-05",
    "revision": 1
  },
  "info": {
    "balls_per_over": 6,
    "city": "Basseterre",
    "dates": [
      "2021-09-05"
    ],
    "event": {
      "name": "Caribbean Premier League",
      "match_number": 17
    },
    "gender": "male",
    "match_type": "T20",
    "officials": {
      "match_referees": [
        "M Ragoonath"
      ],
      "reserve_umpires": [
        "Christopher Taylor"
      ],
      "tv_umpires": [
        "DK Butler"
      ],
      "umpires": [
        "LS Reifer",
        "N Duguid"
      ]
    },
    "outcome": {
      "winner": "St Lucia Kings",
      "by": {
        "wickets": 6
      }
    },
    "overs": 20,
    "player_of_match": [
      "RL Chase"
    ],
    "players": {
      "St Kitts and Nevis Patriots": [
        "E Lewis",
        "DC Thomas",
        "CH Gayle",
        "AM McCarthy",
        "SE Rutherford",
        "Asif Ali",
        "FA Allen",
        "C Archibald",
        "Naseem Shah",
        "PA van Meekeren",
        "Fawad Ahmed"
      ],
      "St Lucia Kings": [
        "ADS Fletcher",
        "F du Plessis",
        "KJ Cottoy",
        "RL Chase",
        "SR Patel",
        "TH David",
        "KMA Paul",
        "Wahab Riaz",
        "AS Joseph",
        "J Royal",
        "KOK Williams"
      ]
    },
    "registry": {
      "people": {
        "ADS Fletcher": "1bae756b",
        "AM McCarthy": "7f148ce7",
        "AS Joseph": "b0946605",
        "Asif Ali": "0a4736eb",
        "C Archibald": "c3a8bc99",
        "CH Gayle": "db584dad",
        "Christopher Taylor": "1f50a44a",
        "DC Drakes": "34b332d3",
        "DC Thomas": "08a4f9ad",
        "DK Butler": "671398e3",
        "E Lewis": "0ebfb1ad",
        "F du Plessis": "3355b542",
        "FA Allen": "b52ffbbd",
        "Fawad Ahmed": "22ae3041",
        "J Royal": "44a18ad8",
        "KJ Cottoy": "e3f143c1",
        "KMA Paul": "75224f22",
        "KOK Williams": "78cb83f3",
        "LS Reifer": "5dee559a",
        "M Ragoonath": "6f596571",
        "N Duguid": "64495506",
        "Naseem Shah": "9c9af282",
        "PA van Meekeren": "4557dc54",
        "RL Chase": "3feda4fa",
        "SE Rutherford": "d014d5ac",
        "SR Patel": "18fac429",
        "TH David": "f1f99156",
        "Wahab Riaz": "b3118300"
      }
    },
    "season": "2021",
    "team_type": "club",
    "teams": [
      "St Kitts and Nevis Patriots",
      "St Lucia Kings"
    ],
    "toss": {
      "decision": "bat",
      "winner": "St Kitts and Nevis Patriots"
    },
    "venue": "Warner Park, Basseterre, St Kitts"
  },
  "innings": [
    {
      "team": "St Kitts and Nevis Patriots",
      "overs": [
        {
          "over": 0,
          "deliveries": [
            {
              "batter": "E Lewis",
              "bowler": "J Royal",
              "non_striker": "DC Thomas",
              "runs": {
                "batter": 0,
                "extras": 0,
                "total": 0
              }
            },
            {
              "batter": "E Lewis",
              "bowler": "J Royal",
              "non_striker": "DC Thomas",
              "runs": {
                "batter": 0,
                "extras": 0,
                "total": 0
              }
            },
            {
              "batter": "E Lewis",
              "bowler": "J Royal",
              "non_striker": "DC Thomas",
              "runs": {
                "batter": 4,
                "extras": 0,
                "total": 4
              }
            },
            {
              "batter": "E Lewis",
              "bowler": "J Royal",
              "non_striker": "DC Thomas",
              "runs": {
                "batter": 3,
                "extras": 0,
                "total": 3
              }
            },
            {
              "batter": "DC Thomas",
              "bowler": "J Royal",
              "non_striker": "E Lewis",
              "runs": {
                "batter": 1,
                "extras": 0,
                "total": 1
              }
            },
            {
              "batter": "E Lewis",
              "bowler": "J Royal",
              "non_striker": "DC Thomas",
              "runs": {
                "batter": 0,
                "extras": 0,
                "total": 0
              },
              "wickets": [
                {
                  "player_out": "E Lewis",
                  "kind": "lbw"
                }
              ]
            }
          ]
        },
        {
          "over": 1,
          "deliveries": [
            {
              "batter": "DC Thomas",
              "bowler": "Wahab Riaz",
              "non_striker": "CH Gayle",
              "runs": {
                "batter": 1,
                "extras": 0,
                "total": 1
              }
            },
            {
              "batter": "CH Gayle",
              "bowler": "Wahab Riaz",
              "non_striker": "DC Thomas",
              "runs": {
                "batter": 0,
                "extras": 0,
                "total": 0
              }
            },
            {
              "batter": "CH Gayle",
              "bowler": "Wahab Riaz",
              "non_striker": "DC Thomas",
              "runs": {
                "batter": 0,
                "extras": 0,
                "total": 0
              }
            },
            {
              "batter": "CH Gayle",
              "bowler": "Wahab Riaz",
              "non_striker": "DC Thomas",
              "runs": {
                "batter": 0,
                "extras": 0,
                "total": 0
              }
            },
            {
              "batter": "CH Gayle",
              "bowler": "Wahab Riaz",
              "non_striker": "DC Thomas",
              "runs": {
                "batter": 1,
                "extras": 0,
                "total": 1
              }
            },
            {
              "batter": "DC Thomas",
              "bowler": "Wahab Riaz",
              "non_striker": "CH Gayle",
              "runs": {
                "batter": 3,
                "extras": 0,
                "total": 3
              }
            }
          ]
        },
        {
          "over": 2,
          "deliveries": [
            {
              "batter": "DC Thomas",
              "bowler": "AS Joseph",
              "non_striker": "CH Gayle",
              "runs": {
                "batter": 4,
                "extras": 0,
                "total": 4
              }
            },
            {
              "batter": "DC Thomas",
              "bowler": "AS Joseph",
              "non_striker": "CH Gayle",
              "runs": {
                "batter": 4,
                "extras": 0,
                "total": 4
              }
            },
            {
              "batter": "DC Thomas",
              "bowler": "AS Joseph",
              "non_striker": "CH Gayle",
              "runs": {
                "batter": 0,
                "extras": 0,
                "total": 0
              }
            },
            {
              "batter": "DC Thomas",
              "bowler": "AS Joseph",
              "non_striker": "CH Gayle",
              "runs": {
                "batter": 0,
                "extras": 0,
                "total": 0
              }
            },
            {
              "batter": "DC Thomas",
              "bowler": "AS Joseph",
              "non_striker": "CH Gayle",
              "runs": {
                "batter": 4,
                "extras": 0,
                "total": 4
              }
            },
            {
              "batter": "DC Thomas",
              "bowler": "AS Joseph",
              "non_striker": "CH Gayle",
              "runs": {
                "batter": 0,
                "extras": 0,
                "total": 0
              }
            }
          ]
        },
        {
          "over": 3,
          "deliveries": [
            {
              "batter": "CH Gayle",
              "bowler": "Wahab Riaz",
              "non_striker": "DC Thomas",
              "runs": {
                "batter": 2,
                "extras": 0,
                "total": 2
              }
            },
            {
              "batter": "CH Gayle",
              "bowler": "Wahab Riaz",
              "non_striker": "DC Thomas",
              "runs": {
                "batter": 0,
                "extras": 0,
                "total": 0
              }
            },
            {
              "batter": "CH Gayle",
              "bowler": "Wahab Riaz",
              "non_striker": "DC Thomas",
              "runs": {
                "batter": 0,
                "extras": 0,
                "total": 0
              },
              "wickets": [
                {
                  "player_out": "CH Gayle",
                  "fielders": [
                    {
                      "name": "RL Chase"
                    }
                  ],
                  "kind": "caught"
                }
              ]
            },
            {
              "batter": "AM McCarthy",
              "bowler": "Wahab Riaz",
              "non_striker": "DC Thomas",
              "runs": {
                "batter": 0,
                "extras": 0,
                "total": 0
              }
            },
            {
              "batter": "AM McCarthy",
              "bowler": "Wahab Riaz",
              "non_striker": "DC Thomas",
              "runs": {
                "batter": 0,
                "extras": 0,
                "total": 0
              }
            },
            {
              "batter": "AM McCarthy",
              "bowler": "Wahab Riaz",
              "non_striker": "DC Thomas",
              "runs": {
                "batter": 0,
                "extras": 0,
                "total": 0
              }
            }
          ]
        },
        {
          "over": 4,
          "deliveries": [
            {
              "batter": "DC Thomas",
              "bowler": "J Royal",
              "non_striker": "AM McCarthy",
              "runs": {
                "batter": 1,
                "extras": 0,
                "total": 1
              }
            },
            {
              "batter": "AM McCarthy",
              "bowler": "J Royal",
              "non_striker": "DC Thomas",
              "runs": {
                "batter": 0,
                "extras": 0,
                "total": 0
              }
            },
            {
              "batter": "AM McCarthy",
              "bowler": "J Royal",
              "non_striker": "DC Thomas",
              "runs": {
                "batter": 0,
                "extras": 0,
                "total": 0
              },
              "wickets": [
                {
                  "player_out": "AM McCarthy",
                  "fielders": [
                    {
                      "name": "ADS Fletcher"
                    }
                  ],
                  "kind": "caught"
                }
              ]
            },
            {
              "batter": "SE Rutherford",
              "bowler": "J Royal",
              "non_striker": "DC Thomas",
              "runs": {
                "batter": 0,
                "extras": 0,
                "total": 0
              }
            },
            {
              "batter": "SE Rutherford",
              "bowler": "J Royal",
              "non_striker": "DC Thomas",
              "runs": {
                "batter": 6,
                "extras": 0,
                "total": 6
              }
            },
            {
              "batter": "SE Rutherford",
              "bowler": "J Royal",
              "extras": {
                "wides": 1
              },
              "non_striker": "DC Thomas",
              "runs": {
                "batter": 0,
                "extras": 1,
                "total": 1
              }
            },
            {
              "batter": "SE Rutherford",
              "bowler": "J Royal",
              "non_striker": "DC Thomas",
              "runs": {
                "batter": 0,
                "extras": 0,
                "total": 0
              }
            }
          ]
        },
        {
          "over": 5,
          "deliveries": [
            {
              "batter": "DC Thomas",
              "bowler": "RL Chase",
              "non_striker": "SE Rutherford",
              "runs": {
                "batter": 1,
                "extras": 0,
                "total": 1
              }
            },
            {
              "batter": "SE Rutherford",
              "bowler": "RL Chase",
              "non_striker": "DC Thomas",
              "runs": {
                "batter": 0,
                "extras": 0,
                "total": 0
              }
            },
            {
              "batter": "SE Rutherford",
              "bowler": "RL Chase",
              "non_striker": "DC Thomas",
              "runs": {
                "batter": 0,
                "extras": 0,
                "total": 0
              }
            },
            {
              "batter": "SE Rutherford",
              "bowler": "RL Chase",
              "non_striker": "DC Thomas",
              "runs": {
                "batter": 1,
                "extras": 0,
                "total": 1
              }
            },
            {
              "batter": "DC Thomas",
              "bowler": "RL Chase",
              "non_striker": "SE Rutherford",
              "runs": {
                "batter": 4,
                "extras": 0,
                "total": 4
              }
            },
            {
              "batter": "DC Thomas",
              "bowler": "RL Chase",
              "non_striker": "SE Rutherford",
              "runs": {
                "batter": 1,
                "extras": 0,
                "total": 1
              }
            }
          ]
        },
        {
          "over": 6,
          "deliveries": [
            {
              "batter": "DC Thomas",
              "bowler": "SR Patel",
              "non_striker": "SE Rutherford",
              "runs": {
                "batter": 0,
                "extras": 0,
                "total": 0
              }
            },
            {
              "batter": "DC Thomas",
              "bowler": "SR Patel",
              "non_striker": "SE Rutherford",
              "runs": {
                "batter": 1,
                "extras": 0,
                "total": 1
              }
            },
            {
              "batter": "SE Rutherford",
              "bowler": "SR Patel",
              "non_striker": "DC Thomas",
              "runs": {
                "batter": 0,
                "extras": 0,
                "total": 0
              }
            },
            {
              "batter": "SE Rutherford",
              "bowler": "SR Patel",
              "non_striker": "DC Thomas",
              "runs": {
                "batter": 2,
                "extras": 0,
                "total": 2
              }
            },
            {
              "batter": "SE Rutherford",
              "bowler": "SR Patel",
              "non_striker": "DC Thomas",
              "runs": {
                "batter": 0,
                "extras": 0,
                "total": 0
              }
            },
            {
              "batter": "SE Rutherford",
              "bowler": "SR Patel",
              "non_striker": "DC Thomas",
              "runs": {
                "batter": 1,
                "extras": 0,
                "total": 1
              }
            }
          ]
        },
        {
          "over": 7,
          "deliveries": [
            {
              "batter": "SE Rutherford",
              "bowler": "RL Chase",
              "non_striker": "DC Thomas",
              "runs": {
                "batter": 0,
                "extras": 0,
                "total": 0
              }
            },
            {
              "batter": "SE Rutherford",
              "bowler": "RL Chase",
              "non_striker": "DC Thomas",
              "runs": {
                "batter": 1,
                "extras": 0,
                "total": 1
              }
            },
            {
              "batter": "DC Thomas",
              "bowler": "RL Chase",
              "non_striker": "SE Rutherford",
              "runs": {
                "batter": 2,
                "extras": 0,
                "total": 2
              }
            },
            {
              "batter": "DC Thomas",
              "bowler": "RL Chase",
              "non_striker": "SE Rutherford",
              "runs": {
                "batter": 0,
                "extras": 0,
                "total": 0
              }
            },
            {
              "batter": "DC Thomas",
              "bowler": "RL Chase",
              "non_striker": "SE Rutherford",
              "runs": {
                "batter": 1,
                "extras": 0,
                "total": 1
              }
            },
            {
              "batter": "SE Rutherford",
              "bowler": "RL Chase",
              "non_striker": "DC Thomas",
              "runs": {
                "batter": 1,
                "extras": 0,
                "total": 1
              }
            }
          ]
        },
        {
          "over": 8,
          "deliveries": [
            {
              "batter": "SE Rutherford",
              "bowler": "KOK Williams",
              "non_striker": "DC Thomas",
              "runs": {
                "batter": 1,
                "extras": 0,
                "total": 1
              }
            },
            {
              "batter": "DC Thomas",
              "bowler": "KOK Williams",
              "non_striker": "SE Rutherford",
              "runs": {
                "batter": 0,
                "extras": 0,
                "total": 0
              },
              "wickets": [
                {
                  "player_out": "DC Thomas",
                  "fielders": [
                    {
                      "name": "ADS Fletcher"
                    }
                  ],
                  "kind": "caught"
                }
              ]
            },
            {
              "batter": "Asif Ali",
              "bowler": "KOK Williams",
              "non_striker": "SE Rutherford",
              "runs": {
                "batter": 2,
                "extras": 0,
                "total": 2
              }
            },
            {
              "batter": "Asif Ali",
              "bowler": "KOK Williams",
              "non_striker": "SE Rutherford",
              "runs": {
                "batter": 2,
                "extras": 0,
                "total": 2
              }
            },
            {
              "batter": "Asif Ali",
              "bowler": "KOK Williams",
              "non_striker": "SE Rutherford",
              "runs": {
                "batter": 0,
                "extras": 0,
                "total": 0
              }
            },
            {
              "batter": "Asif Ali",
              "bowler": "KOK Williams",
              "non_striker": "SE Rutherford",
              "runs": {
                "batter": 2,
                "extras": 0,
                "total": 2
              }
            }
          ]
        },
        {
          "over": 9,
          "deliveries": [
            {
              "batter": "SE Rutherford",
              "bowler": "AS Joseph",
              "non_striker": "Asif Ali",
              "runs": {
                "batter": 0,
                "extras": 0,
                "total": 0
              }
            },
            {
              "batter": "SE Rutherford",
              "bowler": "AS Joseph",
              "non_striker": "Asif Ali",
              "runs": {
                "batter": 1,
                "extras": 0,
                "total": 1
              },
              "wickets": [
                {
                  "player_out": "SE Rutherford",
                  "kind": "run out"
                }
              ]
            },
            {
              "batter": "Asif Ali",
              "bowler": "AS Joseph",
              "non_striker": "FA Allen",
              "runs": {
                "batter": 0,
                "extras": 0,
                "total": 0
              }
            },
            {
              "batter": "Asif Ali",
              "bowler": "AS Joseph",
              "non_striker": "FA Allen",
              "runs": {
                "batter": 0,
                "extras": 0,
                "total": 0
              }
            },
            {
              "batter": "Asif Ali",
              "bowler": "AS Joseph",
              "non_striker": "FA Allen",
              "runs": {
                "batter": 0,
                "extras": 0,
                "total": 0
              }
            },
            {
              "batter": "Asif Ali",
              "bowler": "AS Joseph",
              "non_striker": "FA Allen",
              "runs": {
                "batter": 6,
                "extras": 0,
                "total": 6
              }
            }
          ]
        },
        {
          "over": 10,
          "deliveries": [
            {
              "batter": "FA Allen",
              "bowler": "Wahab Riaz",
              "non_striker": "Asif Ali",
              "runs": {
                "batter": 0,
                "extras": 0,
                "total": 0
              }
            },
            {
              "batter": "FA Allen",
              "bowler": "Wahab Riaz",
              "non_striker": "Asif Ali",
              "runs": {
                "batter": 0,
                "extras": 0,
                "total": 0
              }
            },
            {
              "batter": "FA Allen",
              "bowler": "Wahab Riaz",
              "non_striker": "Asif Ali",
              "runs": {
                "batter": 0,
                "extras": 0,
                "total": 0
              }
            },
            {
              "batter": "FA Allen",
              "bowler": "Wahab Riaz",
              "non_striker": "Asif Ali",
              "runs": {
                "batter": 0,
                "extras": 0,
                "total": 0
              }
            },
            {
              "batter": "FA Allen",
              "bowler": "Wahab Riaz",
              "non_striker": "Asif Ali",
              "runs": {
                "batter": 1,
                "extras": 0,
                "total": 1
              }
            },
            {
              "batter": "Asif Ali",
              "bowler": "Wahab Riaz",
              "extras": {
                "wides": 1
              },
              "non_striker": "FA Allen",
              "runs": {
                "batter": 0,
                "extras": 1,
                "total": 1
              }
            },
            {
              "batter": "Asif Ali",
              "bowler": "Wahab Riaz",
              "non_striker": "FA Allen",
              "runs": {
                "batter": 1,
                "extras": 0,
                "total": 1
              }
            }
          ]
        },
        {
          "over": 11,
          "deliveries": [
            {
              "batter": "Asif Ali",
              "bowler": "SR Patel",
              "non_striker": "FA Allen",
              "runs": {
                "batter": 1,
                "extras": 0,
                "total": 1
              }
            },
            {
              "batter": "FA Allen",
              "bowler": "SR Patel",
              "non_striker": "Asif Ali",
              "runs": {
                "batter": 0,
                "extras": 0,
                "total": 0
              }
            },
            {
              "batter": "FA Allen",
              "bowler": "SR Patel",
              "non_striker": "Asif Ali",
              "runs": {
                "batter": 0,
                "extras": 0,
                "total": 0
              }
            },
            {
              "batter": "FA Allen",
              "bowler": "SR Patel",
              "non_striker": "Asif Ali",
              "runs": {
                "batter": 1,
                "extras": 0,
                "total": 1
              }
            },
            {
              "batter": "Asif Ali",
              "bowler": "SR Patel",
              "non_striker": "FA Allen",
              "runs": {
                "batter": 4,
                "extras": 0,
                "total": 4
              }
            },
            {
              "batter": "Asif Ali",
              "bowler": "SR Patel",
              "non_striker": "FA Allen",
              "runs": {
                "batter": 0,
                "extras": 0,
                "total": 0
              }
            }
          ]
        },
        {
          "over": 12,
          "deliveries": [
            {
              "batter": "FA Allen",
              "bowler": "J Royal",
              "non_striker": "Asif Ali",
              "runs": {
                "batter": 0,
                "extras": 0,
                "total": 0
              }
            },
            {
              "batter": "FA Allen",
              "bowler": "J Royal",
              "non_striker": "Asif Ali",
              "runs": {
                "batter": 1,
                "extras": 0,
                "total": 1
              }
            },
            {
              "batter": "Asif Ali",
              "bowler": "J Royal",
              "non_striker": "FA Allen",
              "runs": {
                "batter": 0,
                "extras": 0,
                "total": 0
              }
            },
            {
              "batter": "Asif Ali",
              "bowler": "J Royal",
              "non_striker": "FA Allen",
              "runs": {
                "batter": 0,
                "extras": 0,
                "total": 0
              },
              "wickets": [
                {
                  "player_out": "Asif Ali",
                  "fielders": [
                    {
                      "name": "KJ Cottoy"
                    }
                  ],
                  "kind": "caught"
                }
              ]
            },
            {
              "batter": "C Archibald",
              "bowler": "J Royal",
              "non_striker": "FA Allen",
              "runs": {
                "batter": 0,
                "extras": 0,
                "total": 0
              }
            },
            {
              "batter": "C Archibald",
              "bowler": "J Royal",
              "non_striker": "FA Allen",
              "runs": {
                "batter": 1,
                "extras": 0,
                "total": 1
              }
            }
          ]
        },
        {
          "over": 13,
          "deliveries": [
            {
              "batter": "C Archibald",
              "bowler": "SR Patel",
              "non_striker": "FA Allen",
              "runs": {
                "batter": 0,
                "extras": 0,
                "total": 0
              }
            },
            {
              "batter": "C Archibald",
              "bowler": "SR Patel",
              "non_striker": "FA Allen",
              "runs": {
                "batter": 0,
                "extras": 0,
                "total": 0
              }
            },
            {
              "batter": "C Archibald",
              "bowler": "SR Patel",
              "non_striker": "FA Allen",
              "runs": {
                "batter": 1,
                "extras": 0,
                "total": 1
              }
            },
            {
              "batter": "FA Allen",
              "bowler": "SR Patel",
              "non_striker": "C Archibald",
              "runs": {
                "batter": 1,
                "extras": 0,
                "total": 1
              }
            },
            {
              "batter": "C Archibald",
              "bowler": "SR Patel",
              "non_striker": "FA Allen",
              "runs": {
                "batter": 0,
                "extras": 0,
                "total": 0
              },
              "wickets": [
                {
                  "player_out": "C Archibald",
                  "fielders": [
                    {
                      "name": "AS Joseph"
                    }
                  ],
                  "kind": "caught"
                }
              ]
            },
            {
              "batter": "Naseem Shah",
              "bowler": "SR Patel",
              "non_striker": "FA Allen",
              "runs": {
                "batter": 0,
                "extras": 0,
                "total": 0
              }
            }
          ]
        },
        {
          "over": 14,
          "deliveries": [
            {
              "batter": "FA Allen",
              "bowler": "J Royal",
              "non_striker": "Naseem Shah",
              "runs": {
                "batter": 0,
                "extras": 0,
                "total": 0
              }
            },
            {
              "batter": "FA Allen",
              "bowler": "J Royal",
              "non_striker": "Naseem Shah",
              "runs": {
                "batter": 0,
                "extras": 0,
                "total": 0
              }
            },
            {
              "batter": "FA Allen",
              "bowler": "J Royal",
              "non_striker": "Naseem Shah",
              "runs": {
                "batter": 1,
                "extras": 0,
                "total": 1
              }
            },
            {
              "batter": "Naseem Shah",
              "bowler": "J Royal",
              "non_striker": "FA Allen",
              "runs": {
                "batter": 1,
                "extras": 0,
                "total": 1
              }
            },
            {
              "batter": "FA Allen",
              "bowler": "J Royal",
              "non_striker": "Naseem Shah",
              "runs": {
                "batter": 0,
                "extras": 0,
                "total": 0
              }
            },
            {
              "batter": "FA Allen",
              "bowler": "J Royal",
              "non_striker": "Naseem Shah",
              "runs": {
                "batter": 0,
                "extras": 0,
                "total": 0
              }
            }
          ]
        },
        {
          "over": 15,
          "deliveries": [
            {
              "batter": "Naseem Shah",
              "bowler": "SR Patel",
              "non_striker": "FA Allen",
              "runs": {
                "batter": 1,
                "extras": 0,
                "total": 1
              }
            },
            {
              "batter": "FA Allen",
              "bowler": "SR Patel",
              "extras": {
                "wides": 1
              },
              "non_striker": "Naseem Shah",
              "runs": {
                "batter": 0,
                "extras": 1,
                "total": 1
              }
            },
            {
              "batter": "FA Allen",
              "bowler": "SR Patel",
              "non_striker": "Naseem Shah",
              "runs": {
                "batter": 0,
                "extras": 0,
                "total": 0
              }
            },
            {
              "batter": "FA Allen",
              "bowler": "SR Patel",
              "non_striker": "Naseem Shah",
              "runs": {
                "batter": 1,
                "extras": 0,
                "total": 1
              }
            },
            {
              "batter": "Naseem Shah",
              "bowler": "SR Patel",
              "non_striker": "FA Allen",
              "runs": {
                "batter": 0,
                "extras": 0,
                "total": 0
              },
              "wickets": [
                {
                  "player_out": "Naseem Shah",
                  "fielders": [
                    {
                      "name": "ADS Fletcher"
                    }
                  ],
                  "kind": "stumped"
                }
              ]
            },
            {
              "batter": "PA van Meekeren",
              "bowler": "SR Patel",
              "non_striker": "FA Allen",
              "runs": {
                "batter": 0,
                "extras": 0,
                "total": 0
              }
            },
            {
              "batter": "PA van Meekeren",
              "bowler": "SR Patel",
              "non_striker": "FA Allen",
              "runs": {
                "batter": 0,
                "extras": 0,
                "total": 0
              }
            }
          ]
        },
        {
          "over": 16,
          "deliveries": [
            {
              "batter": "FA Allen",
              "bowler": "KOK Williams",
              "non_striker": "PA van Meekeren",
              "runs": {
                "batter": 0,
                "extras": 0,
                "total": 0
              }
            },
            {
              "batter": "FA Allen",
              "bowler": "KOK Williams",
              "non_striker": "PA van Meekeren",
              "runs": {
                "batter": 4,
                "extras": 0,
                "total": 4
              }
            },
            {
              "batter": "FA Allen",
              "bowler": "KOK Williams",
              "non_striker": "PA van Meekeren",
              "runs": {
                "batter": 6,
                "extras": 0,
                "total": 6
              }
            },
            {
              "batter": "FA Allen",
              "bowler": "KOK Williams",
              "non_striker": "PA van Meekeren",
              "runs": {
                "batter": 1,
                "extras": 0,
                "total": 1
              }
            },
            {
              "batter": "PA van Meekeren",
              "bowler": "KOK Williams",
              "non_striker": "FA Allen",
              "runs": {
                "batter": 0,
                "extras": 0,
                "total": 0
              }
            },
            {
              "batter": "PA van Meekeren",
              "bowler": "KOK Williams",
              "extras": {
                "wides": 1
              },
              "non_striker": "FA Allen",
              "runs": {
                "batter": 0,
                "extras": 1,
                "total": 1
              }
            },
            {
              "batter": "PA van Meekeren",
              "bowler": "KOK Williams",
              "non_striker": "FA Allen",
              "runs": {
                "batter": 0,
                "extras": 0,
                "total": 0
              }
            }
          ]
        },
        {
          "over": 17,
          "deliveries": [
            {
              "batter": "FA Allen",
              "bowler": "Wahab Riaz",
              "non_striker": "PA van Meekeren",
              "runs": {
                "batter": 0,
                "extras": 0,
                "total": 0
              }
            },
            {
              "batter": "FA Allen",
              "bowler": "Wahab Riaz",
              "non_striker": "PA van Meekeren",
              "runs": {
                "batter": 0,
                "extras": 0,
                "total": 0
              }
            },
            {
              "batter": "FA Allen",
              "bowler": "Wahab Riaz",
              "non_striker": "PA van Meekeren",
              "runs": {
                "batter": 0,
                "extras": 0,
                "total": 0
              }
            },
            {
              "batter": "FA Allen",
              "bowler": "Wahab Riaz",
              "non_striker": "PA van Meekeren",
              "runs": {
                "batter": 6,
                "extras": 0,
                "total": 6
              }
            },
            {
              "batter": "FA Allen",
              "bowler": "Wahab Riaz",
              "non_striker": "PA van Meekeren",
              "runs": {
                "batter": 1,
                "extras": 0,
                "total": 1
              }
            },
            {
              "batter": "PA van Meekeren",
              "bowler": "Wahab Riaz",
              "non_striker": "FA Allen",
              "runs": {
                "batter": 0,
                "extras": 0,
                "total": 0
              }
            }
          ]
        },
        {
          "over": 18,
          "deliveries": [
            {
              "batter": "FA Allen",
              "bowler": "KOK Williams",
              "extras": {
                "wides": 1
              },
              "non_striker": "PA van Meekeren",
              "runs": {
                "batter": 0,
                "extras": 1,
                "total": 1
              }
            },
            {
              "batter": "FA Allen",
              "bowler": "KOK Williams",
              "non_striker": "PA van Meekeren",
              "runs": {
                "batter": 0,
                "extras": 0,
                "total": 0
              }
            },
            {
              "batter": "FA Allen",
              "bowler": "KOK Williams",
              "extras": {
                "wides": 1
              },
              "non_striker": "PA van Meekeren",
              "runs": {
                "batter": 0,
                "extras": 1,
                "total": 1
              }
            },
            {
              "batter": "FA Allen",
              "bowler": "KOK Williams",
              "non_striker": "PA van Meekeren",
              "runs": {
                "batter": 6,
                "extras": 0,
                "total": 6
              }
            },
            {
              "batter": "FA Allen",
              "bowler": "KOK Williams",
              "non_striker": "PA van Meekeren",
              "runs": {
                "batter": 4,
                "extras": 0,
                "total": 4
              }
            },
            {
              "batter": "FA Allen",
              "bowler": "KOK Williams",
              "non_striker": "PA van Meekeren",
              "runs": {
                "batter": 0,
                "extras": 0,
                "total": 0
              }
            },
            {
              "batter": "FA Allen",
              "bowler": "KOK Williams",
              "non_striker": "PA van Meekeren",
              "runs": {
                "batter": 0,
                "extras": 0,
                "total": 0
              },
              "wickets": [
                {
                  "player_out": "FA Allen",
                  "fielders": [
                    {
                      "name": "AS Joseph"
                    }
                  ],
                  "kind": "caught"
                }
              ]
            },
            {
              "batter": "PA van Meekeren",
              "bowler": "KOK Williams",
              "non_striker": "Fawad Ahmed",
              "runs": {
                "batter": 1,
                "extras": 0,
                "total": 1
              }
            }
          ]
        },
        {
          "over": 19,
          "deliveries": [
            {
              "batter": "PA van Meekeren",
              "bowler": "KMA Paul",
              "non_striker": "Fawad Ahmed",
              "runs": {
                "batter": 2,
                "extras": 0,
                "total": 2
              }
            },
            {
              "batter": "PA van Meekeren",
              "bowler": "KMA Paul",
              "extras": {
                "legbyes": 1
              },
              "non_striker": "Fawad Ahmed",
              "runs": {
                "batter": 0,
                "extras": 1,
                "total": 1
              }
            },
            {
              "batter": "Fawad Ahmed",
              "bowler": "KMA Paul",
              "non_striker": "PA van Meekeren",
              "runs": {
                "batter": 0,
                "extras": 0,
                "total": 0
              },
              "wickets": [
                {
                  "player_out": "Fawad Ahmed",
                  "fielders": [
                    {
                      "name": "KJ Cottoy"
                    }
                  ],
                  "kind": "caught"
                }
              ]
            }
          ]
        }
      ],
      "powerplays": [
        {
          "from": 0.1,
          "to": 5.6,
          "type": "mandatory"
        }
      ]
    },
    {
      "team": "St Lucia Kings",
      "overs": [
        {
          "over": 0,
          "deliveries": [
            {
              "batter": "ADS Fletcher",
              "bowler": "FA Allen",
              "non_striker": "F du Plessis",
              "runs": {
                "batter": 0,
                "extras": 0,
                "total": 0
              },
              "wickets": [
                {
                  "player_out": "ADS Fletcher",
                  "kind": "lbw"
                }
              ]
            },
            {
              "batter": "KJ Cottoy",
              "bowler": "FA Allen",
              "non_striker": "F du Plessis",
              "runs": {
                "batter": 1,
                "extras": 0,
                "total": 1
              }
            },
            {
              "batter": "F du Plessis",
              "bowler": "FA Allen",
              "non_striker": "KJ Cottoy",
              "runs": {
                "batter": 0,
                "extras": 0,
                "total": 0
              }
            },
            {
              "batter": "F du Plessis",
              "bowler": "FA Allen",
              "non_striker": "KJ Cottoy",
              "runs": {
                "batter": 1,
                "extras": 0,
                "total": 1
              }
            },
            {
              "batter": "KJ Cottoy",
              "bowler": "FA Allen",
              "non_striker": "F du Plessis",
              "runs": {
                "batter": 0,
                "extras": 0,
                "total": 0
              }
            },
            {
              "batter": "KJ Cottoy",
              "bowler": "FA Allen",
              "non_striker": "F du Plessis",
              "runs": {
                "batter": 0,
                "extras": 0,
                "total": 0
              }
            }
          ]
        },
        {
          "over": 1,
          "deliveries": [
            {
              "batter": "F du Plessis",
              "bowler": "Fawad Ahmed",
              "non_striker": "KJ Cottoy",
              "runs": {
                "batter": 1,
                "extras": 0,
                "total": 1
              }
            },
            {
              "batter": "KJ Cottoy",
              "bowler": "Fawad Ahmed",
              "non_striker": "F du Plessis",
              "runs": {
                "batter": 4,
                "extras": 0,
                "total": 4
              }
            },
            {
              "batter": "KJ Cottoy",
              "bowler": "Fawad Ahmed",
              "non_striker": "F du Plessis",
              "runs": {
                "batter": 1,
                "extras": 0,
                "total": 1
              }
            },
            {
              "batter": "F du Plessis",
              "bowler": "Fawad Ahmed",
              "non_striker": "KJ Cottoy",
              "runs": {
                "batter": 0,
                "extras": 0,
                "total": 0
              }
            },
            {
              "batter": "F du Plessis",
              "bowler": "Fawad Ahmed",
              "non_striker": "KJ Cottoy",
              "runs": {
                "batter": 1,
                "extras": 0,
                "total": 1
              }
            },
            {
              "batter": "KJ Cottoy",
              "bowler": "Fawad Ahmed",
              "non_striker": "F du Plessis",
              "runs": {
                "batter": 1,
                "extras": 0,
                "total": 1
              }
            }
          ]
        },
        {
          "over": 2,
          "deliveries": [
            {
              "batter": "KJ Cottoy",
              "bowler": "FA Allen",
              "non_striker": "F du Plessis",
              "runs": {
                "batter": 0,
                "extras": 0,
                "total": 0
              }
            },
            {
              "batter": "KJ Cottoy",
              "bowler": "FA Allen",
              "non_striker": "F du Plessis",
              "runs": {
                "batter": 1,
                "extras": 0,
                "total": 1
              }
            },
            {
              "batter": "F du Plessis",
              "bowler": "FA Allen",
              "non_striker": "KJ Cottoy",
              "runs": {
                "batter": 6,
                "extras": 0,
                "total": 6
              }
            },
            {
              "batter": "F du Plessis",
              "bowler": "FA Allen",
              "non_striker": "KJ Cottoy",
              "runs": {
                "batter": 0,
                "extras": 0,
                "total": 0
              }
            },
            {
              "batter": "F du Plessis",
              "bowler": "FA Allen",
              "non_striker": "KJ Cottoy",
              "runs": {
                "batter": 0,
                "extras": 0,
                "total": 0
              }
            },
            {
              "batter": "F du Plessis",
              "bowler": "FA Allen",
              "non_striker": "KJ Cottoy",
              "runs": {
                "batter": 0,
                "extras": 0,
                "total": 0
              }
            }
          ]
        },
        {
          "over": 3,
          "deliveries": [
            {
              "batter": "KJ Cottoy",
              "bowler": "Fawad Ahmed",
              "non_striker": "F du Plessis",
              "runs": {
                "batter": 1,
                "extras": 0,
                "total": 1
              }
            },
            {
              "batter": "F du Plessis",
              "bowler": "Fawad Ahmed",
              "non_striker": "KJ Cottoy",
              "runs": {
                "batter": 2,
                "extras": 0,
                "total": 2
              }
            },
            {
              "batter": "F du Plessis",
              "bowler": "Fawad Ahmed",
              "non_striker": "KJ Cottoy",
              "runs": {
                "batter": 0,
                "extras": 0,
                "total": 0
              }
            },
            {
              "batter": "F du Plessis",
              "bowler": "Fawad Ahmed",
              "non_striker": "KJ Cottoy",
              "runs": {
                "batter": 1,
                "extras": 0,
                "total": 1
              }
            },
            {
              "batter": "KJ Cottoy",
              "bowler": "Fawad Ahmed",
              "non_striker": "F du Plessis",
              "runs": {
                "batter": 0,
                "extras": 0,
                "total": 0
              }
            },
            {
              "batter": "KJ Cottoy",
              "bowler": "Fawad Ahmed",
              "non_striker": "F du Plessis",
              "runs": {
                "batter": 1,
                "extras": 0,
                "total": 1
              }
            }
          ]
        },
        {
          "over": 4,
          "deliveries": [
            {
              "batter": "KJ Cottoy",
              "bowler": "FA Allen",
              "non_striker": "F du Plessis",
              "runs": {
                "batter": 1,
                "extras": 0,
                "total": 1
              }
            },
            {
              "batter": "F du Plessis",
              "bowler": "FA Allen",
              "non_striker": "KJ Cottoy",
              "runs": {
                "batter": 4,
                "extras": 0,
                "total": 4
              }
            },
            {
              "batter": "F du Plessis",
              "bowler": "FA Allen",
              "non_striker": "KJ Cottoy",
              "runs": {
                "batter": 6,
                "extras": 0,
                "total": 6
              }
            },
            {
              "batter": "F du Plessis",
              "bowler": "FA Allen",
              "non_striker": "KJ Cottoy",
              "runs": {
                "batter": 0,
                "extras": 0,
                "total": 0
              },
              "wickets": [
                {
                  "player_out": "F du Plessis",
                  "fielders": [
                    {
                      "name": "DC Drakes",
                      "substitute": true
                    }
                  ],
                  "kind": "caught"
                }
              ]
            },
            {
              "batter": "RL Chase",
              "bowler": "FA Allen",
              "non_striker": "KJ Cottoy",
              "runs": {
                "batter": 1,
                "extras": 0,
                "total": 1
              }
            },
            {
              "batter": "KJ Cottoy",
              "bowler": "FA Allen",
              "non_striker": "RL Chase",
              "runs": {
                "batter": 2,
                "extras": 0,
                "total": 2
              }
            }
          ]
        },
        {
          "over": 5,
          "deliveries": [
            {
              "batter": "RL Chase",
              "bowler": "PA van Meekeren",
              "non_striker": "KJ Cottoy",
              "runs": {
                "batter": 0,
                "extras": 0,
                "total": 0
              }
            },
            {
              "batter": "RL Chase",
              "bowler": "PA van Meekeren",
              "non_striker": "KJ Cottoy",
              "runs": {
                "batter": 1,
                "extras": 0,
                "total": 1
              }
            },
            {
              "batter": "KJ Cottoy",
              "bowler": "PA van Meekeren",
              "extras": {
                "wides": 1
              },
              "non_striker": "RL Chase",
              "runs": {
                "batter": 0,
                "extras": 1,
                "total": 1
              }
            },
            {
              "batter": "KJ Cottoy",
              "bowler": "PA van Meekeren",
              "non_striker": "RL Chase",
              "runs": {
                "batter": 0,
                "extras": 0,
                "total": 0
              }
            },
            {
              "batter": "KJ Cottoy",
              "bowler": "PA van Meekeren",
              "non_striker": "RL Chase",
              "runs": {
                "batter": 0,
                "extras": 0,
                "total": 0
              }
            },
            {
              "batter": "KJ Cottoy",
              "bowler": "PA van Meekeren",
              "non_striker": "RL Chase",
              "runs": {
                "batter": 1,
                "extras": 0,
                "total": 1
              }
            },
            {
              "batter": "RL Chase",
              "bowler": "PA van Meekeren",
              "non_striker": "KJ Cottoy",
              "runs": {
                "batter": 4,
                "extras": 0,
                "total": 4
              }
            }
          ]
        },
        {
          "over": 6,
          "deliveries": [
            {
              "batter": "KJ Cottoy",
              "bowler": "FA Allen",
              "non_striker": "RL Chase",
              "runs": {
                "batter": 1,
                "extras": 0,
                "total": 1
              }
            },
            {
              "batter": "RL Chase",
              "bowler": "FA Allen",
              "non_striker": "KJ Cottoy",
              "runs": {
                "batter": 0,
                "extras": 0,
                "total": 0
              }
            },
            {
              "batter": "RL Chase",
              "bowler": "FA Allen",
              "non_striker": "KJ Cottoy",
              "runs": {
                "batter": 0,
                "extras": 0,
                "total": 0
              }
            },
            {
              "batter": "RL Chase",
              "bowler": "FA Allen",
              "non_striker": "KJ Cottoy",
              "runs": {
                "batter": 2,
                "extras": 0,
                "total": 2
              }
            },
            {
              "batter": "RL Chase",
              "bowler": "FA Allen",
              "non_striker": "KJ Cottoy",
              "runs": {
                "batter": 0,
                "extras": 0,
                "total": 0
              }
            },
            {
              "batter": "RL Chase",
              "bowler": "FA Allen",
              "non_striker": "KJ Cottoy",
              "runs": {
                "batter": 4,
                "extras": 0,
                "total": 4
              }
            }
          ]
        },
        {
          "over": 7,
          "deliveries": [
            {
              "batter": "KJ Cottoy",
              "bowler": "Naseem Shah",
              "non_striker": "RL Chase",
              "runs": {
                "batter": 4,
                "extras": 0,
                "total": 4
              }
            },
            {
              "batter": "KJ Cottoy",
              "bowler": "Naseem Shah",
              "non_striker": "RL Chase",
              "runs": {
                "batter": 0,
                "extras": 0,
                "total": 0
              },
              "wickets": [
                {
                  "player_out": "KJ Cottoy",
                  "fielders": [
                    {
                      "name": "E Lewis"
                    }
                  ],
                  "kind": "caught"
                }
              ]
            },
            {
              "batter": "RL Chase",
              "bowler": "Naseem Shah",
              "non_striker": "SR Patel",
              "runs": {
                "batter": 0,
                "extras": 0,
                "total": 0
              }
            },
            {
              "batter": "RL Chase",
              "bowler": "Naseem Shah",
              "non_striker": "SR Patel",
              "runs": {
                "batter": 1,
                "extras": 0,
                "total": 1
              }
            },
            {
              "batter": "SR Patel",
              "bowler": "Naseem Shah",
              "non_striker": "RL Chase",
              "runs": {
                "batter": 1,
                "extras": 0,
                "total": 1
              }
            },
            {
              "batter": "RL Chase",
              "bowler": "Naseem Shah",
              "non_striker": "SR Patel",
              "runs": {
                "batter": 1,
                "extras": 0,
                "total": 1
              }
            }
          ]
        },
        {
          "over": 8,
          "deliveries": [
            {
              "batter": "RL Chase",
              "bowler": "PA van Meekeren",
              "non_striker": "SR Patel",
              "runs": {
                "batter": 4,
                "extras": 0,
                "total": 4
              }
            },
            {
              "batter": "RL Chase",
              "bowler": "PA van Meekeren",
              "non_striker": "SR Patel",
              "runs": {
                "batter": 1,
                "extras": 0,
                "total": 1
              }
            },
            {
              "batter": "SR Patel",
              "bowler": "PA van Meekeren",
              "non_striker": "RL Chase",
              "runs": {
                "batter": 0,
                "extras": 0,
                "total": 0
              }
            },
            {
              "batter": "SR Patel",
              "bowler": "PA van Meekeren",
              "non_striker": "RL Chase",
              "runs": {
                "batter": 1,
                "extras": 0,
                "total": 1
              }
            },
            {
              "batter": "RL Chase",
              "bowler": "PA van Meekeren",
              "non_striker": "SR Patel",
              "runs": {
                "batter": 1,
                "extras": 0,
                "total": 1
              }
            },
            {
              "batter": "SR Patel",
              "bowler": "PA van Meekeren",
              "non_striker": "RL Chase",
              "runs": {
                "batter": 0,
                "extras": 0,
                "total": 0
              }
            }
          ]
        },
        {
          "over": 9,
          "deliveries": [
            {
              "batter": "RL Chase",
              "bowler": "Naseem Shah",
              "non_striker": "SR Patel",
              "runs": {
                "batter": 1,
                "extras": 0,
                "total": 1
              }
            },
            {
              "batter": "SR Patel",
              "bowler": "Naseem Shah",
              "non_striker": "RL Chase",
              "runs": {
                "batter": 1,
                "extras": 0,
                "total": 1
              }
            },
            {
              "batter": "RL Chase",
              "bowler": "Naseem Shah",
              "non_striker": "SR Patel",
              "runs": {
                "batter": 1,
                "extras": 0,
                "total": 1
              }
            },
            {
              "batter": "SR Patel",
              "bowler": "Naseem Shah",
              "extras": {
                "legbyes": 1
              },
              "non_striker": "RL Chase",
              "runs": {
                "batter": 0,
                "extras": 1,
                "total": 1
              }
            },
            {
              "batter": "RL Chase",
              "bowler": "Naseem Shah",
              "non_striker": "SR Patel",
              "runs": {
                "batter": 1,
                "extras": 0,
                "total": 1
              }
            },
            {
              "batter": "SR Patel",
              "bowler": "Naseem Shah",
              "non_striker": "RL Chase",
              "runs": {
                "batter": 0,
                "extras": 0,
                "total": 0
              }
            }
          ]
        },
        {
          "over": 10,
          "deliveries": [
            {
              "batter": "RL Chase",
              "bowler": "Fawad Ahmed",
              "non_striker": "SR Patel",
              "runs": {
                "batter": 0,
                "extras": 0,
                "total": 0
              }
            },
            {
              "batter": "RL Chase",
              "bowler": "Fawad Ahmed",
              "non_striker": "SR Patel",
              "runs": {
                "batter": 2,
                "extras": 0,
                "total": 2
              }
            },
            {
              "batter": "RL Chase",
              "bowler": "Fawad Ahmed",
              "non_striker": "SR Patel",
              "runs": {
                "batter": 6,
                "extras": 0,
                "total": 6
              }
            },
            {
              "batter": "RL Chase",
              "bowler": "Fawad Ahmed",
              "non_striker": "SR Patel",
              "runs": {
                "batter": 0,
                "extras": 0,
                "total": 0
              }
            },
            {
              "batter": "RL Chase",
              "bowler": "Fawad Ahmed",
              "non_striker": "SR Patel",
              "runs": {
                "batter": 0,
                "extras": 0,
                "total": 0
              }
            },
            {
              "batter": "RL Chase",
              "bowler": "Fawad Ahmed",
              "non_striker": "SR Patel",
              "runs": {
                "batter": 1,
                "extras": 0,
                "total": 1
              }
            }
          ]
        },
        {
          "over": 11,
          "deliveries": [
            {
              "batter": "RL Chase",
              "bowler": "C Archibald",
              "non_striker": "SR Patel",
              "runs": {
                "batter": 1,
                "extras": 0,
                "total": 1
              }
            },
            {
              "batter": "SR Patel",
              "bowler": "C Archibald",
              "non_striker": "RL Chase",
              "runs": {
                "batter": 1,
                "extras": 0,
                "total": 1
              }
            },
            {
              "batter": "RL Chase",
              "bowler": "C Archibald",
              "non_striker": "SR Patel",
              "runs": {
                "batter": 0,
                "extras": 0,
                "total": 0
              }
            },
            {
              "batter": "RL Chase",
              "bowler": "C Archibald",
              "non_striker": "SR Patel",
              "runs": {
                "batter": 1,
                "extras": 0,
                "total": 1
              }
            },
            {
              "batter": "SR Patel",
              "bowler": "C Archibald",
              "non_striker": "RL Chase",
              "runs": {
                "batter": 0,
                "extras": 0,
                "total": 0
              }
            },
            {
              "batter": "SR Patel",
              "bowler": "C Archibald",
              "non_striker": "RL Chase",
              "runs": {
                "batter": 0,
                "extras": 0,
                "total": 0
              }
            }
          ]
        },
        {
          "over": 12,
          "deliveries": [
            {
              "batter": "RL Chase",
              "bowler": "Fawad Ahmed",
              "non_striker": "SR Patel",
              "runs": {
                "batter": 0,
                "extras": 0,
                "total": 0
              }
            },
            {
              "batter": "RL Chase",
              "bowler": "Fawad Ahmed",
              "non_striker": "SR Patel",
              "runs": {
                "batter": 1,
                "extras": 0,
                "total": 1
              }
            },
            {
              "batter": "SR Patel",
              "bowler": "Fawad Ahmed",
              "non_striker": "RL Chase",
              "runs": {
                "batter": 1,
                "extras": 0,
                "total": 1
              }
            },
            {
              "batter": "RL Chase",
              "bowler": "Fawad Ahmed",
              "non_striker": "SR Patel",
              "runs": {
                "batter": 0,
                "extras": 0,
                "total": 0
              }
            },
            {
              "batter": "RL Chase",
              "bowler": "Fawad Ahmed",
              "non_striker": "SR Patel",
              "runs": {
                "batter": 2,
                "extras": 0,
                "total": 2
              }
            },
            {
              "batter": "RL Chase",
              "bowler": "Fawad Ahmed",
              "non_striker": "SR Patel",
              "runs": {
                "batter": 1,
                "extras": 0,
                "total": 1
              }
            }
          ]
        },
        {
          "over": 13,
          "deliveries": [
            {
              "batter": "RL Chase",
              "bowler": "C Archibald",
              "non_striker": "SR Patel",
              "runs": {
                "batter": 6,
                "extras": 0,
                "total": 6
              }
            },
            {
              "batter": "RL Chase",
              "bowler": "C Archibald",
              "non_striker": "SR Patel",
              "runs": {
                "batter": 4,
                "extras": 0,
                "total": 4
              }
            },
            {
              "batter": "RL Chase",
              "bowler": "C Archibald",
              "non_striker": "SR Patel",
              "runs": {
                "batter": 1,
                "extras": 0,
                "total": 1
              }
            },
            {
              "batter": "SR Patel",
              "bowler": "C Archibald",
              "non_striker": "RL Chase",
              "runs": {
                "batter": 0,
                "extras": 0,
                "total": 0
              }
            },
            {
              "batter": "SR Patel",
              "bowler": "C Archibald",
              "non_striker": "RL Chase",
              "runs": {
                "batter": 0,
                "extras": 0,
                "total": 0
              }
            },
            {
              "batter": "SR Patel",
              "bowler": "C Archibald",
              "non_striker": "RL Chase",
              "runs": {
                "batter": 2,
                "extras": 0,
                "total": 2
              }
            }
          ]
        },
        {
          "over": 14,
          "deliveries": [
            {
              "batter": "RL Chase",
              "bowler": "PA van Meekeren",
              "non_striker": "SR Patel",
              "runs": {
                "batter": 1,
                "extras": 0,
                "total": 1
              }
            },
            {
              "batter": "SR Patel",
              "bowler": "PA van Meekeren",
              "non_striker": "RL Chase",
              "runs": {
                "batter": 0,
                "extras": 0,
                "total": 0
              },
              "wickets": [
                {
                  "player_out": "SR Patel",
                  "fielders": [
                    {
                      "name": "DC Drakes",
                      "substitute": true
                    }
                  ],
                  "kind": "caught"
                }
              ]
            },
            {
              "batter": "TH David",
              "bowler": "PA van Meekeren",
              "non_striker": "RL Chase",
              "runs": {
                "batter": 0,
                "extras": 0,
                "total": 0
              }
            },
            {
              "batter": "TH David",
              "bowler": "PA van Meekeren",
              "non_striker": "RL Chase",
              "runs": {
                "batter": 4,
                "extras": 0,
                "total": 4
              }
            },
            {
              "batter": "TH David",
              "bowler": "PA van Meekeren",
              "extras": {
                "wides": 1
              },
              "non_striker": "RL Chase",
              "runs": {
                "batter": 0,
                "extras": 1,
                "total": 1
              }
            },
            {
              "batter": "TH David",
              "bowler": "PA van Meekeren",
              "non_striker": "RL Chase",
              "runs": {
                "batter": 2,
                "extras": 0,
                "total": 2
              }
            },
            {
              "batter": "TH David",
              "bowler": "PA van Meekeren",
              "non_striker": "RL Chase",
              "runs": {
                "batter": 6,
                "extras": 0,
                "total": 6
              }
            }
          ]
        },
        {
          "over": 15,
          "deliveries": [
            {
              "batter": "RL Chase",
              "bowler": "C Archibald",
              "non_striker": "TH David",
              "runs": {
                "batter": 0,
                "extras": 0,
                "total": 0
              }
            },
            {
              "batter": "RL Chase",
              "bowler": "C Archibald",
              "non_striker": "TH David",
              "runs": {
                "batter": 1,
                "extras": 0,
                "total": 1
              }
            },
            {
              "batter": "TH David",
              "bowler": "C Archibald",
              "non_striker": "RL Chase",
              "runs": {
                "batter": 0,
                "extras": 0,
                "total": 0
              }
            },
            {
              "batter": "TH David",
              "bowler": "C Archibald",
              "extras": {
                "noballs": 1
              },
              "non_striker": "RL Chase",
              "runs": {
                "batter": 0,
                "extras": 1,
                "total": 1
              }
            },
            {
              "batter": "TH David",
              "bowler": "C Archibald",
              "non_striker": "RL Chase",
              "runs": {
                "batter": 6,
                "extras": 0,
                "total": 6
              }
            }
          ]
        }
      ],
      "powerplays": [
        {
          "from": 0.1,
          "to": 5.7,
          "type": "mandatory"
        }
      ],
      "target": {
        "overs": 20,
        "runs": 119
      }
    }
  ]
}