{
  "meta": {
    "data_version": "1.0.0",
    "created": "2021-08-30",
    "revision": 1
  },
  "info": {
    "balls_per_over": 6,
    "city": "Basseterre",
    "dates": [
      "2021-08-29"
    ],
    "event": {
      "name": "Caribbean Premier League",
      "match_number": 7
    },
    "gender": "male",
    "match_type": "T20",
    "officials": {
      "match_referees": [
        "M Ragoonath"
      ],
      "reserve_umpires": [
        "LS Reifer"
      ],
      "tv_umpires": [
        "Christopher Taylor"
      ],
      "umpires": [
        "DK Butler",
        "N Duguid"
      ]
    },
    "outcome": {
      "winner": "St Lucia Kings",
      "by": {
        "runs": 5
      }
    },
    "overs": 20,
    "player_of_match": [
      "RL Chase"
    ],
    "players": {
      "St Lucia Kings": [
        "RRS Cornwall",
        "ADS Fletcher",
        "F du Plessis",
        "RL Chase",
        "M Deyal",
        "TH David",
        "KMA Paul",
        "Wahab Riaz",
        "Usman Qadir",
        "AS Joseph",
        "J Royal"
      ],
      "Trinbago Knight Riders": [
        "LMP Simmons",
        "T Webster",
        "C Munro",
        "KA Pollard",
        "TL Seifert",
        "SP Narine",
        "D Ramdin",
        "I Udana",
        "R Rampaul",
        "AJ Hosein",
        "JNT Seales"
      ]
    },
    "registry": {
      "people": {
        "ADS Fletcher": "1bae756b",
        "AJ Hosein": "4d7f517e",
        "AS Joseph": "b0946605",
        "C Munro": "af2c687b",
        "Christopher Taylor": "1f50a44a",
        "D Ramdin": "d1523761",
        "DK Butler": "671398e3",
        "F du Plessis": "3355b542",
        "I Udana": "ac5ae4af",
        "J Royal": "44a18ad8",
        "JNT Seales": "ded9ff1e",
        "KA Pollard": "a757b0d8",
        "KMA Paul": "75224f22",
        "LMP Simmons": "89f64c19",
        "LS Reifer": "5dee559a",
        "M Deyal": "7183799b",
        "M Ragoonath": "6f596571",
        "N Duguid": "64495506",
        "R Rampaul": "d68e7f48",
        "RL Chase": "3feda4fa",
        "RRS Cornwall": "c4d9634c",
        "SP Narine": "9d430b40",
        "T Webster": "ef39fc7f",
        "TH David": "f1f99156",
        "TL Seifert": "4663bd23",
        "Usman Qadir": "33742f04",
        "Wahab Riaz": "b3118300"
      }
    },
    "season": "2021",
    "team_type": "club",
    "teams": [
      "St Lucia Kings",
      "Trinbago Knight Riders"
    ],
    "toss": {
      "decision": "field",
      "winner": "Trinbago Knight Riders"
    },
    "venue": "Warner Park, Basseterre, St Kitts"
  },
  "innings": [
    {
      "team": "St Lucia Kings",
      "overs": [
        {
          "over": 0,
          "deliveries": [
            {
              "batter": "RRS Cornwall",
              "bowler": "JNT Seales",
              "non_striker": "ADS Fletcher",
              "runs": {
                "batter": 0,
                "extras": 0,
                "total": 0
              }
            },
            {
              "batter": "RRS Cornwall",
              "bowler": "JNT Seales",
              "extras": {
                "legbyes": 1
              },
              "non_striker": "ADS Fletcher",
              "runs": {
                "batter": 0,
                "extras": 1,
                "total": 1
              }
            },
            {
              "batter": "ADS Fletcher",
              "bowler": "JNT Seales",
              "non_striker": "RRS Cornwall",
              "runs": {
                "batter": 0,
                "extras": 0,
                "total": 0
              }
            },
            {
              "batter": "ADS Fletcher",
              "bowler": "JNT Seales",
              "non_striker": "RRS Cornwall",
              "runs": {
                "batter": 0,
                "extras": 0,
                "total": 0
              }
            },
            {
              "batter": "ADS Fletcher",
              "bowler": "JNT Seales",
              "non_striker": "RRS Cornwall",
              "runs": {
                "batter": 0,
                "extras": 0,
                "total": 0
              }
            },
            {
              "batter": "ADS Fletcher",
              "bowler": "JNT Seales",
              "non_striker": "RRS Cornwall",
              "runs": {
                "batter": 1,
                "extras": 0,
                "total": 1
              }
            }
          ]
        },
        {
          "over": 1,
          "deliveries": [
            {
              "batter": "ADS Fletcher",
              "bowler": "AJ Hosein",
              "non_striker": "RRS Cornwall",
              "runs": {
                "batter": 1,
                "extras": 0,
                "total": 1
              }
            },
            {
              "batter": "RRS Cornwall",
              "bowler": "AJ Hosein",
              "non_striker": "ADS Fletcher",
              "runs": {
                "batter": 1,
                "extras": 0,
                "total": 1
              }
            },
            {
              "batter": "ADS Fletcher",
              "bowler": "AJ Hosein",
              "non_striker": "RRS Cornwall",
              "runs": {
                "batter": 0,
                "extras": 0,
                "total": 0
              }
            },
            {
              "batter": "ADS Fletcher",
              "bowler": "AJ Hosein",
              "non_striker": "RRS Cornwall",
              "runs": {
                "batter": 0,
                "extras": 0,
                "total": 0
              }
            },
            {
              "batter": "ADS Fletcher",
              "bowler": "AJ Hosein",
              "non_striker": "RRS Cornwall",
              "runs": {
                "batter": 6,
                "extras": 0,
                "total": 6
              }
            },
            {
              "batter": "ADS Fletcher",
              "bowler": "AJ Hosein",
              "non_striker": "RRS Cornwall",
              "runs": {
                "batter": 1,
                "extras": 0,
                "total": 1
              }
            }
          ]
        },
        {
          "over": 2,
          "deliveries": [
            {
              "batter": "ADS Fletcher",
              "bowler": "JNT Seales",
              "extras": {
                "wides": 1
              },
              "non_striker": "RRS Cornwall",
              "runs": {
                "batter": 0,
                "extras": 1,
                "total": 1
              }
            },
            {
              "batter": "ADS Fletcher",
              "bowler": "JNT Seales",
              "non_striker": "RRS Cornwall",
              "runs": {
                "batter": 0,
                "extras": 0,
                "total": 0
              }
            },
            {
              "batter": "ADS Fletcher",
              "bowler": "JNT Seales",
              "non_striker": "RRS Cornwall",
              "runs": {
                "batter": 0,
                "extras": 0,
                "total": 0
              }
            },
            {
              "batter": "ADS Fletcher",
              "bowler": "JNT Seales",
              "extras": {
                "legbyes": 1
              },
              "non_striker": "RRS Cornwall",
              "runs": {
                "batter": 0,
                "extras": 1,
                "total": 1
              }
            },
            {
              "batter": "RRS Cornwall",
              "bowler": "JNT Seales",
              "non_striker": "ADS Fletcher",
              "runs": {
                "batter": 4,
                "extras": 0,
                "total": 4
              }
            },
            {
              "batter": "RRS Cornwall",
              "bowler": "JNT Seales",
              "non_striker": "ADS Fletcher",
              "runs": {
                "batter": 0,
                "extras": 0,
                "total": 0
              }
            },
            {
              "batter": "RRS Cornwall",
              "bowler": "JNT Seales",
              "non_striker": "ADS Fletcher",
              "runs": {
                "batter": 4,
                "extras": 0,
                "total": 4
              }
            }
          ]
        },
        {
          "over": 3,
          "deliveries": [
            {
              "batter": "ADS Fletcher",
              "bowler": "SP Narine",
              "non_striker": "RRS Cornwall",
              "runs": {
                "batter": 0,
                "extras": 0,
                "total": 0
              }
            },
            {
              "batter": "ADS Fletcher",
              "bowler": "SP Narine",
              "non_striker": "RRS Cornwall",
              "runs": {
                "batter": 1,
                "extras": 0,
                "total": 1
              }
            },
            {
              "batter": "RRS Cornwall",
              "bowler": "SP Narine",
              "non_striker": "ADS Fletcher",
              "runs": {
                "batter": 4,
                "extras": 0,
                "total": 4
              }
            },
            {
              "batter": "RRS Cornwall",
              "bowler": "SP Narine",
              "non_striker": "ADS Fletcher",
              "runs": {
                "batter": 0,
                "extras": 0,
                "total": 0
              }
            },
            {
              "batter": "RRS Cornwall",
              "bowler": "SP Narine",
              "non_striker": "ADS Fletcher",
              "runs": {
                "batter": 4,
                "extras": 0,
                "total": 4
              }
            },
            {
              "batter": "RRS Cornwall",
              "bowler": "SP Narine",
              "non_striker": "ADS Fletcher",
              "runs": {
                "batter": 0,
                "extras": 0,
                "total": 0
              }
            }
          ]
        },
        {
          "over": 4,
          "deliveries": [
            {
              "batter": "ADS Fletcher",
              "bowler": "I Udana",
              "non_striker": "RRS Cornwall",
              "runs": {
                "batter": 2,
                "extras": 0,
                "total": 2
              }
            },
            {
              "batter": "ADS Fletcher",
              "bowler": "I Udana",
              "non_striker": "RRS Cornwall",
              "runs": {
                "batter": 0,
                "extras": 0,
                "total": 0
              }
            },
            {
              "batter": "ADS Fletcher",
              "bowler": "I Udana",
              "non_striker": "RRS Cornwall",
              "runs": {
                "batter": 0,
                "extras": 0,
                "total": 0
              }
            },
            {
              "batter": "ADS Fletcher",
              "bowler": "I Udana",
              "non_striker": "RRS Cornwall",
              "runs": {
                "batter": 6,
                "extras": 0,
                "total": 6
              }
            },
            {
              "batter": "ADS Fletcher",
              "bowler": "I Udana",
              "non_striker": "RRS Cornwall",
              "runs": {
                "batter": 6,
                "extras": 0,
                "total": 6
              }
            },
            {
              "batter": "ADS Fletcher",
              "bowler": "I Udana",
              "non_striker": "RRS Cornwall",
              "runs": {
                "batter": 0,
                "extras": 0,
                "total": 0
              }
            }
          ]
        },
        {
          "over": 5,
          "deliveries": [
            {
              "batter": "RRS Cornwall",
              "bowler": "R Rampaul",
              "extras": {
                "wides": 1
              },
              "non_striker": "ADS Fletcher",
              "runs": {
                "batter": 0,
                "extras": 1,
                "total": 1
              }
            },
            {
              "batter": "RRS Cornwall",
              "bowler": "R Rampaul",
              "non_striker": "ADS Fletcher",
              "runs": {
                "batter": 0,
                "extras": 0,
                "total": 0
              }
            },
            {
              "batter": "RRS Cornwall",
              "bowler": "R Rampaul",
              "non_striker": "ADS Fletcher",
              "runs": {
                "batter": 6,
                "extras": 0,
                "total": 6
              }
            },
            {
              "batter": "RRS Cornwall",
              "bowler": "R Rampaul",
              "non_striker": "ADS Fletcher",
              "runs": {
                "batter": 0,
                "extras": 0,
                "total": 0
              }
            },
            {
              "batter": "RRS Cornwall",
              "bowler": "R Rampaul",
              "non_striker": "ADS Fletcher",
              "runs": {
                "batter": 0,
                "extras": 0,
                "total": 0
              },
              "wickets": [
                {
                  "player_out": "RRS Cornwall",
                  "fielders": [
                    {
                      "name": "T Webster"
                    }
                  ],
                  "kind": "caught"
                }
              ]
            },
            {
              "batter": "F du Plessis",
              "bowler": "R Rampaul",
              "non_striker": "ADS Fletcher",
              "runs": {
                "batter": 0,
                "extras": 0,
                "total": 0
              }
            },
            {
              "batter": "F du Plessis",
              "bowler": "R Rampaul",
              "non_striker": "ADS Fletcher",
              "runs": {
                "batter": 1,
                "extras": 0,
                "total": 1
              }
            }
          ]
        },
        {
          "over": 6,
          "deliveries": [
            {
              "batter": "F du Plessis",
              "bowler": "AJ Hosein",
              "non_striker": "ADS Fletcher",
              "runs": {
                "batter": 0,
                "extras": 0,
                "total": 0
              }
            },
            {
              "batter": "F du Plessis",
              "bowler": "AJ Hosein",
              "non_striker": "ADS Fletcher",
              "runs": {
                "batter": 0,
                "extras": 0,
                "total": 0
              }
            },
            {
              "batter": "F du Plessis",
              "bowler": "AJ Hosein",
              "non_striker": "ADS Fletcher",
              "runs": {
                "batter": 0,
                "extras": 0,
                "total": 0
              }
            },
            {
              "batter": "F du Plessis",
              "bowler": "AJ Hosein",
              "non_striker": "ADS Fletcher",
              "runs": {
                "batter": 0,
                "extras": 0,
                "total": 0
              }
            },
            {
              "batter": "F du Plessis",
              "bowler": "AJ Hosein",
              "non_striker": "ADS Fletcher",
              "runs": {
                "batter": 2,
                "extras": 0,
                "total": 2
              }
            },
            {
              "batter": "F du Plessis",
              "bowler": "AJ Hosein",
              "non_striker": "ADS Fletcher",
              "runs": {
                "batter": 2,
                "extras": 0,
                "total": 2
              }
            }
          ]
        },
        {
          "over": 7,
          "deliveries": [
            {
              "batter": "ADS Fletcher",
              "bowler": "SP Narine",
              "non_striker": "F du Plessis",
              "runs": {
                "batter": 1,
                "extras": 0,
                "total": 1
              }
            },
            {
              "batter": "F du Plessis",
              "bowler": "SP Narine",
              "non_striker": "ADS Fletcher",
              "runs": {
                "batter": 1,
                "extras": 0,
                "total": 1
              }
            },
            {
              "batter": "ADS Fletcher",
              "bowler": "SP Narine",
              "non_striker": "F du Plessis",
              "runs": {
                "batter": 1,
                "extras": 0,
                "total": 1
              }
            },
            {
              "batter": "F du Plessis",
              "bowler": "SP Narine",
              "non_striker": "ADS Fletcher",
              "runs": {
                "batter": 1,
                "extras": 0,
                "total": 1
              }
            },
            {
              "batter": "ADS Fletcher",
              "bowler": "SP Narine",
              "non_striker": "F du Plessis",
              "runs": {
                "batter": 1,
                "extras": 0,
                "total": 1
              }
            },
            {
              "batter": "F du Plessis",
              "bowler": "SP Narine",
              "non_striker": "ADS Fletcher",
              "runs": {
                "batter": 1,
                "extras": 0,
                "total": 1
              }
            }
          ]
        },
        {
          "over": 8,
          "deliveries": [
            {
              "batter": "F du Plessis",
              "bowler": "AJ Hosein",
              "non_striker": "ADS Fletcher",
              "runs": {
                "batter": 1,
                "extras": 0,
                "total": 1
              }
            },
            {
              "batter": "ADS Fletcher",
              "bowler": "AJ Hosein",
              "non_striker": "F du Plessis",
              "runs": {
                "batter": 1,
                "extras": 0,
                "total": 1
              }
            },
            {
              "batter": "F du Plessis",
              "bowler": "AJ Hosein",
              "non_striker": "ADS Fletcher",
              "runs": {
                "batter": 1,
                "extras": 0,
                "total": 1
              }
            },
            {
              "batter": "ADS Fletcher",
              "bowler": "AJ Hosein",
              "non_striker": "F du Plessis",
              "runs": {
                "batter": 0,
                "extras": 0,
                "total": 0
              },
              "wickets": [
                {
                  "player_out": "ADS Fletcher",
                  "kind": "caught and bowled"
                }
              ]
            },
            {
              "batter": "RL Chase",
              "bowler": "AJ Hosein",
              "non_striker": "F du Plessis",
              "runs": {
                "batter": 4,
                "extras": 0,
                "total": 4
              }
            },
            {
              "batter": "RL Chase",
              "bowler": "AJ Hosein",
              "non_striker": "F du Plessis",
              "runs": {
                "batter": 0,
                "extras": 0,
                "total": 0
              }
            }
          ]
        },
        {
          "over": 9,
          "deliveries": [
            {
              "batter": "F du Plessis",
              "bowler": "R Rampaul",
              "non_striker": "RL Chase",
              "runs": {
                "batter": 0,
                "extras": 0,
                "total": 0
              }
            },
            {
              "batter": "F du Plessis",
              "bowler": "R Rampaul",
              "non_striker": "RL Chase",
              "runs": {
                "batter": 0,
                "extras": 0,
                "total": 0
              },
              "wickets": [
                {
                  "player_out": "F du Plessis",
                  "kind": "caught and bowled"
                }
              ]
            },
            {
              "batter": "M Deyal",
              "bowler": "R Rampaul",
              "non_striker": "RL Chase",
              "runs": {
                "batter": 0,
                "extras": 0,
                "total": 0
              }
            },
            {
              "batter": "M Deyal",
              "bowler": "R Rampaul",
              "non_striker": "RL Chase",
              "runs": {
                "batter": 0,
                "extras": 0,
                "total": 0
              },
              "wickets": [
                {
                  "player_out": "M Deyal",
                  "fielders": [
                    {
                      "name": "D Ramdin"
                    }
                  ],
                  "kind": "caught"
                }
              ]
            },
            {
              "batter": "TH David",
              "bowler": "R Rampaul",
              "extras": {
                "wides": 1
              },
              "non_striker": "RL Chase",
              "runs": {
                "batter": 0,
                "extras": 1,
                "total": 1
              }
            },
            {
              "batter": "TH David",
              "bowler": "R Rampaul",
              "non_striker": "RL Chase",
              "runs": {
                "batter": 0,
                "extras": 0,
                "total": 0
              }
            },
            {
              "batter": "TH David",
              "bowler": "R Rampaul",
              "non_striker": "RL Chase",
              "runs": {
                "batter": 1,
                "extras": 0,
                "total": 1
              }
            }
          ]
        },
        {
          "over": 10,
          "deliveries": [
            {
              "batter": "TH David",
              "bowler": "AJ Hosein",
              "non_striker": "RL Chase",
              "runs": {
                "batter": 0,
                "extras": 0,
                "total": 0
              }
            },
            {
              "batter": "TH David",
              "bowler": "AJ Hosein",
              "non_striker": "RL Chase",
              "runs": {
                "batter": 0,
                "extras": 0,
                "total": 0
              }
            },
            {
              "batter": "TH David",
              "bowler": "AJ Hosein",
              "non_striker": "RL Chase",
              "runs": {
                "batter": 0,
                "extras": 0,
                "total": 0
              }
            },
            {
              "batter": "TH David",
              "bowler": "AJ Hosein",
              "non_striker": "RL Chase",
              "runs": {
                "batter": 0,
                "extras": 0,
                "total": 0
              }
            },
            {
              "batter": "TH David",
              "bowler": "AJ Hosein",
              "non_striker": "RL Chase",
              "runs": {
                "batter": 6,
                "extras": 0,
                "total": 6
              }
            },
            {
              "batter": "TH David",
              "bowler": "AJ Hosein",
              "non_striker": "RL Chase",
              "runs": {
                "batter": 1,
                "extras": 0,
                "total": 1
              }
            }
          ]
        },
        {
          "over": 11,
          "deliveries": [
            {
              "batter": "TH David",
              "bowler": "JNT Seales",
              "non_striker": "RL Chase",
              "runs": {
                "batter": 1,
                "extras": 0,
                "total": 1
              }
            },
            {
              "batter": "RL Chase",
              "bowler": "JNT Seales",
              "non_striker": "TH David",
              "runs": {
                "batter": 1,
                "extras": 0,
                "total": 1
              }
            },
            {
              "batter": "TH David",
              "bowler": "JNT Seales",
              "non_striker": "RL Chase",
              "runs": {
                "batter": 4,
                "extras": 0,
                "total": 4
              }
            },
            {
              "batter": "TH David",
              "bowler": "JNT Seales",
              "extras": {
                "legbyes": 1
              },
              "non_striker": "RL Chase",
              "runs": {
                "batter": 0,
                "extras": 1,
                "total": 1
              }
            },
            {
              "batter": "RL Chase",
              "bowler": "JNT Seales",
              "non_striker": "TH David",
              "runs": {
                "batter": 0,
                "extras": 0,
                "total": 0
              }
            },
            {
              "batter": "RL Chase",
              "bowler": "JNT Seales",
              "non_striker": "TH David",
              "runs": {
                "batter": 0,
                "extras": 0,
                "total": 0
              }
            }
          ]
        },
        {
          "over": 12,
          "deliveries": [
            {
              "batter": "TH David",
              "bowler": "I Udana",
              "non_striker": "RL Chase",
              "runs": {
                "batter": 1,
                "extras": 0,
                "total": 1
              }
            },
            {
              "batter": "RL Chase",
              "bowler": "I Udana",
              "non_striker": "TH David",
              "runs": {
                "batter": 1,
                "extras": 0,
                "total": 1
              }
            },
            {
              "batter": "TH David",
              "bowler": "I Udana",
              "non_striker": "RL Chase",
              "runs": {
                "batter": 1,
                "extras": 0,
                "total": 1
              }
            },
            {
              "batter": "RL Chase",
              "bowler": "I Udana",
              "non_striker": "TH David",
              "runs": {
                "batter": 1,
                "extras": 0,
                "total": 1
              }
            },
            {
              "batter": "TH David",
              "bowler": "I Udana",
              "non_striker": "RL Chase",
              "runs": {
                "batter": 0,
                "extras": 0,
                "total": 0
              }
            },
            {
              "batter": "TH David",
              "bowler": "I Udana",
              "non_striker": "RL Chase",
              "runs": {
                "batter": 0,
                "extras": 0,
                "total": 0
              }
            }
          ]
        },
        {
          "over": 13,
          "deliveries": [
            {
              "batter": "RL Chase",
              "bowler": "SP Narine",
              "non_striker": "TH David",
              "runs": {
                "batter": 0,
                "extras": 0,
                "total": 0
              }
            },
            {
              "batter": "RL Chase",
              "bowler": "SP Narine",
              "extras": {
                "legbyes": 1
              },
              "non_striker": "TH David",
              "runs": {
                "batter": 0,
                "extras": 1,
                "total": 1
              }
            },
            {
              "batter": "TH David",
              "bowler": "SP Narine",
              "non_striker": "RL Chase",
              "runs": {
                "batter": 4,
                "extras": 0,
                "total": 4
              }
            },
            {
              "batter": "TH David",
              "bowler": "SP Narine",
              "non_striker": "RL Chase",
              "runs": {
                "batter": 0,
                "extras": 0,
                "total": 0
              }
            },
            {
              "batter": "TH David",
              "bowler": "SP Narine",
              "non_striker": "RL Chase",
              "runs": {
                "batter": 0,
                "extras": 0,
                "total": 0
              }
            },
            {
              "batter": "TH David",
              "bowler": "SP Narine",
              "extras": {
                "wides": 1
              },
              "non_striker": "RL Chase",
              "runs": {
                "batter": 0,
                "extras": 1,
                "total": 1
              }
            },
            {
              "batter": "TH David",
              "bowler": "SP Narine",
              "non_striker": "RL Chase",
              "runs": {
                "batter": 6,
                "extras": 0,
                "total": 6
              }
            }
          ]
        },
        {
          "over": 14,
          "deliveries": [
            {
              "batter": "RL Chase",
              "bowler": "I Udana",
              "non_striker": "TH David",
              "runs": {
                "batter": 1,
                "extras": 0,
                "total": 1
              }
            },
            {
              "batter": "TH David",
              "bowler": "I Udana",
              "non_striker": "RL Chase",
              "runs": {
                "batter": 6,
                "extras": 0,
                "total": 6
              }
            },
            {
              "batter": "TH David",
              "bowler": "I Udana",
              "non_striker": "RL Chase",
              "runs": {
                "batter": 4,
                "extras": 0,
                "total": 4
              }
            },
            {
              "batter": "TH David",
              "bowler": "I Udana",
              "non_striker": "RL Chase",
              "runs": {
                "batter": 1,
                "extras": 0,
                "total": 1
              }
            },
            {
              "batter": "RL Chase",
              "bowler": "I Udana",
              "non_striker": "TH David",
              "runs": {
                "batter": 1,
                "extras": 0,
                "total": 1
              }
            },
            {
              "batter": "TH David",
              "bowler": "I Udana",
              "non_striker": "RL Chase",
              "runs": {
                "batter": 1,
                "extras": 0,
                "total": 1
              }
            }
          ]
        },
        {
          "over": 15,
          "deliveries": [
            {
              "batter": "TH David",
              "bowler": "SP Narine",
              "non_striker": "RL Chase",
              "runs": {
                "batter": 2,
                "extras": 0,
                "total": 2
              }
            },
            {
              "batter": "TH David",
              "bowler": "SP Narine",
              "non_striker": "RL Chase",
              "runs": {
                "batter": 0,
                "extras": 0,
                "total": 0
              }
            },
            {
              "batter": "TH David",
              "bowler": "SP Narine",
              "non_striker": "RL Chase",
              "runs": {
                "batter": 0,
                "extras": 0,
                "total": 0
              }
            },
            {
              "batter": "TH David",
              "bowler": "SP Narine",
              "non_striker": "RL Chase",
              "runs": {
                "batter": 1,
                "extras": 0,
                "total": 1
              }
            },
            {
              "batter": "RL Chase",
              "bowler": "SP Narine",
              "non_striker": "TH David",
              "runs": {
                "batter": 1,
                "extras": 0,
                "total": 1
              }
            },
            {
              "batter": "TH David",
              "bowler": "SP Narine",
              "non_striker": "RL Chase",
              "runs": {
                "batter": 0,
                "extras": 0,
                "total": 0
              }
            }
          ]
        },
        {
          "over": 16,
          "deliveries": [
            {
              "batter": "RL Chase",
              "bowler": "R Rampaul",
              "non_striker": "TH David",
              "runs": {
                "batter": 0,
                "extras": 0,
                "total": 0
              }
            },
            {
              "batter": "RL Chase",
              "bowler": "R Rampaul",
              "non_striker": "TH David",
              "runs": {
                "batter": 4,
                "extras": 0,
                "total": 4
              }
            },
            {
              "batter": "RL Chase",
              "bowler": "R Rampaul",
              "non_striker": "TH David",
              "runs": {
                "batter": 0,
                "extras": 0,
                "total": 0
              }
            },
            {
              "batter": "RL Chase",
              "bowler": "R Rampaul",
              "extras": {
                "wides": 1
              },
              "non_striker": "TH David",
              "runs": {
                "batter": 0,
                "extras": 1,
                "total": 1
              }
            },
            {
              "batter": "RL Chase",
              "bowler": "R Rampaul",
              "non_striker": "TH David",
              "runs": {
                "batter": 0,
                "extras": 0,
                "total": 0
              }
            },
            {
              "batter": "RL Chase",
              "bowler": "R Rampaul",
              "non_striker": "TH David",
              "runs": {
                "batter": 6,
                "extras": 0,
                "total": 6
              }
            },
            {
              "batter": "RL Chase",
              "bowler": "R Rampaul",
              "non_striker": "TH David",
              "runs": {
                "batter": 1,
                "extras": 0,
                "total": 1
              }
            }
          ]
        },
        {
          "over": 17,
          "deliveries": [
            {
              "batter": "RL Chase",
              "bowler": "JNT Seales",
              "non_striker": "TH David",
              "runs": {
                "batter": 1,
                "extras": 0,
                "total": 1
              }
            },
            {
              "batter": "TH David",
              "bowler": "JNT Seales",
              "non_striker": "RL Chase",
              "runs": {
                "batter": 2,
                "extras": 0,
                "total": 2
              }
            },
            {
              "batter": "TH David",
              "bowler": "JNT Seales",
              "non_striker": "RL Chase",
              "runs": {
                "batter": 1,
                "extras": 0,
                "total": 1
              }
            },
            {
              "batter": "RL Chase",
              "bowler": "JNT Seales",
              "non_striker": "TH David",
              "runs": {
                "batter": 1,
                "extras": 0,
                "total": 1
              }
            },
            {
              "batter": "TH David",
              "bowler": "JNT Seales",
              "non_striker": "RL Chase",
              "runs": {
                "batter": 0,
                "extras": 0,
                "total": 0
              }
            },
            {
              "batter": "TH David",
              "bowler": "JNT Seales",
              "extras": {
                "wides": 1
              },
              "non_striker": "RL Chase",
              "runs": {
                "batter": 0,
                "extras": 1,
                "total": 1
              }
            },
            {
              "batter": "TH David",
              "bowler": "JNT Seales",
              "non_striker": "RL Chase",
              "runs": {
                "batter": 0,
                "extras": 0,
                "total": 0
              },
              "wickets": [
                {
                  "player_out": "TH David",
                  "kind": "caught and bowled"
                }
              ]
            }
          ]
        },
        {
          "over": 18,
          "deliveries": [
            {
              "batter": "RL Chase",
              "bowler": "I Udana",
              "non_striker": "KMA Paul",
              "runs": {
                "batter": 1,
                "extras": 0,
                "total": 1
              }
            },
            {
              "batter": "KMA Paul",
              "bowler": "I Udana",
              "non_striker": "RL Chase",
              "runs": {
                "batter": 0,
                "extras": 0,
                "total": 0
              }
            },
            {
              "batter": "KMA Paul",
              "bowler": "I Udana",
              "extras": {
                "wides": 1
              },
              "non_striker": "RL Chase",
              "runs": {
                "batter": 0,
                "extras": 1,
                "total": 1
              }
            },
            {
              "batter": "KMA Paul",
              "bowler": "I Udana",
              "non_striker": "RL Chase",
              "runs": {
                "batter": 4,
                "extras": 0,
                "total": 4
              }
            },
            {
              "batter": "KMA Paul",
              "bowler": "I Udana",
              "non_striker": "RL Chase",
              "runs": {
                "batter": 6,
                "extras": 0,
                "total": 6
              }
            },
            {
              "batter": "KMA Paul",
              "bowler": "I Udana",
              "non_striker": "RL Chase",
              "runs": {
                "batter": 0,
                "extras": 0,
                "total": 0
              }
            },
            {
              "batter": "KMA Paul",
              "bowler": "I Udana",
              "non_striker": "RL Chase",
              "runs": {
                "batter": 1,
                "extras": 0,
                "total": 1
              }
            }
          ]
        },
        {
          "over": 19,
          "deliveries": [
            {
              "batter": "KMA Paul",
              "bowler": "R Rampaul",
              "non_striker": "RL Chase",
              "runs": {
                "batter": 0,
                "extras": 0,
                "total": 0
              }
            },
            {
              "batter": "KMA Paul",
              "bowler": "R Rampaul",
              "non_striker": "RL Chase",
              "runs": {
                "batter": 0,
                "extras": 0,
                "total": 0
              }
            },
            {
              "batter": "KMA Paul",
              "bowler": "R Rampaul",
              "non_striker": "RL Chase",
              "runs": {
                "batter": 1,
                "extras": 0,
                "total": 1
              }
            },
            {
              "batter": "RL Chase",
              "bowler": "R Rampaul",
              "non_striker": "KMA Paul",
              "runs": {
                "batter": 2,
                "extras": 0,
                "total": 2
              }
            },
            {
              "batter": "RL Chase",
              "bowler": "R Rampaul",
              "non_striker": "KMA Paul",
              "runs": {
                "batter": 2,
                "extras": 0,
                "total": 2
              }
            },
            {
              "batter": "RL Chase",
              "bowler": "R Rampaul",
              "non_striker": "KMA Paul",
              "runs": {
                "batter": 2,
                "extras": 0,
                "total": 2
              }
            }
          ]
        }
      ],
      "powerplays": [
        {
          "from": 0.1,
          "to": 5.7,
          "type": "mandatory"
        }
      ]
    },
    {
      "team": "Trinbago Knight Riders",
      "overs": [
        {
          "over": 0,
          "deliveries": [
            {
              "batter": "LMP Simmons",
              "bowler": "J Royal",
              "non_striker": "T Webster",
              "runs": {
                "batter": 0,
                "extras": 0,
                "total": 0
              }
            },
            {
              "batter": "LMP Simmons",
              "bowler": "J Royal",
              "non_striker": "T Webster",
              "runs": {
                "batter": 1,
                "extras": 0,
                "total": 1
              }
            },
            {
              "batter": "T Webster",
              "bowler": "J Royal",
              "non_striker": "LMP Simmons",
              "runs": {
                "batter": 1,
                "extras": 0,
                "total": 1
              }
            },
            {
              "batter": "LMP Simmons",
              "bowler": "J Royal",
              "non_striker": "T Webster",
              "runs": {
                "batter": 6,
                "extras": 0,
                "total": 6
              }
            },
            {
              "batter": "LMP Simmons",
              "bowler": "J Royal",
              "non_striker": "T Webster",
              "runs": {
                "batter": 0,
                "extras": 0,
                "total": 0
              }
            },
            {
              "batter": "LMP Simmons",
              "bowler": "J Royal",
              "non_striker": "T Webster",
              "runs": {
                "batter": 0,
                "extras": 0,
                "total": 0
              }
            }
          ]
        },
        {
          "over": 1,
          "deliveries": [
            {
              "batter": "T Webster",
              "bowler": "Wahab Riaz",
              "non_striker": "LMP Simmons",
              "runs": {
                "batter": 1,
                "extras": 0,
                "total": 1
              }
            },
            {
              "batter": "LMP Simmons",
              "bowler": "Wahab Riaz",
              "non_striker": "T Webster",
              "runs": {
                "batter": 0,
                "extras": 0,
                "total": 0
              }
            },
            {
              "batter": "LMP Simmons",
              "bowler": "Wahab Riaz",
              "non_striker": "T Webster",
              "runs": {
                "batter": 0,
                "extras": 0,
                "total": 0
              }
            },
            {
              "batter": "LMP Simmons",
              "bowler": "Wahab Riaz",
              "non_striker": "T Webster",
              "runs": {
                "batter": 1,
                "extras": 0,
                "total": 1
              }
            },
            {
              "batter": "T Webster",
              "bowler": "Wahab Riaz",
              "non_striker": "LMP Simmons",
              "runs": {
                "batter": 0,
                "extras": 0,
                "total": 0
              }
            },
            {
              "batter": "T Webster",
              "bowler": "Wahab Riaz",
              "non_striker": "LMP Simmons",
              "runs": {
                "batter": 1,
                "extras": 0,
                "total": 1
              }
            }
          ]
        },
        {
          "over": 2,
          "deliveries": [
            {
              "batter": "T Webster",
              "bowler": "AS Joseph",
              "non_striker": "LMP Simmons",
              "runs": {
                "batter": 0,
                "extras": 0,
                "total": 0
              }
            },
            {
              "batter": "T Webster",
              "bowler": "AS Joseph",
              "non_striker": "LMP Simmons",
              "runs": {
                "batter": 0,
                "extras": 0,
                "total": 0
              }
            },
            {
              "batter": "T Webster",
              "bowler": "AS Joseph",
              "non_striker": "LMP Simmons",
              "runs": {
                "batter": 6,
                "extras": 0,
                "total": 6
              }
            },
            {
              "batter": "T Webster",
              "bowler": "AS Joseph",
              "non_striker": "LMP Simmons",
              "runs": {
                "batter": 1,
                "extras": 0,
                "total": 1
              }
            },
            {
              "batter": "LMP Simmons",
              "bowler": "AS Joseph",
              "non_striker": "T Webster",
              "runs": {
                "batter": 0,
                "extras": 0,
                "total": 0
              }
            },
            {
              "batter": "LMP Simmons",
              "bowler": "AS Joseph",
              "non_striker": "T Webster",
              "runs": {
                "batter": 0,
                "extras": 0,
                "total": 0
              }
            }
          ]
        },
        {
          "over": 3,
          "deliveries": [
            {
              "batter": "T Webster",
              "bowler": "RL Chase",
              "non_striker": "LMP Simmons",
              "runs": {
                "batter": 0,
                "extras": 0,
                "total": 0
              }
            },
            {
              "batter": "T Webster",
              "bowler": "RL Chase",
              "non_striker": "LMP Simmons",
              "runs": {
                "batter": 0,
                "extras": 0,
                "total": 0
              }
            },
            {
              "batter": "T Webster",
              "bowler": "RL Chase",
              "non_striker": "LMP Simmons",
              "runs": {
                "batter": 0,
                "extras": 0,
                "total": 0
              }
            },
            {
              "batter": "T Webster",
              "bowler": "RL Chase",
              "non_striker": "LMP Simmons",
              "runs": {
                "batter": 0,
                "extras": 0,
                "total": 0
              }
            },
            {
              "batter": "T Webster",
              "bowler": "RL Chase",
              "non_striker": "LMP Simmons",
              "runs": {
                "batter": 0,
                "extras": 0,
                "total": 0
              }
            },
            {
              "batter": "T Webster",
              "bowler": "RL Chase",
              "non_striker": "LMP Simmons",
              "runs": {
                "batter": 4,
                "extras": 0,
                "total": 4
              }
            }
          ]
        },
        {
          "over": 4,
          "deliveries": [
            {
              "batter": "LMP Simmons",
              "bowler": "AS Joseph",
              "non_striker": "T Webster",
              "runs": {
                "batter": 0,
                "extras": 0,
                "total": 0
              }
            },
            {
              "batter": "LMP Simmons",
              "bowler": "AS Joseph",
              "non_striker": "T Webster",
              "runs": {
                "batter": 0,
                "extras": 0,
                "total": 0
              }
            },
            {
              "batter": "LMP Simmons",
              "bowler": "AS Joseph",
              "non_striker": "T Webster",
              "runs": {
                "batter": 0,
                "extras": 0,
                "total": 0
              }
            },
            {
              "batter": "LMP Simmons",
              "bowler": "AS Joseph",
              "non_striker": "T Webster",
              "runs": {
                "batter": 6,
                "extras": 0,
                "total": 6
              }
            },
            {
              "batter": "LMP Simmons",
              "bowler": "AS Joseph",
              "non_striker": "T Webster",
              "runs": {
                "batter": 0,
                "extras": 0,
                "total": 0
              }
            },
            {
              "batter": "LMP Simmons",
              "bowler": "AS Joseph",
              "extras": {
                "wides": 1
              },
              "non_striker": "T Webster",
              "runs": {
                "batter": 0,
                "extras": 1,
                "total": 1
              }
            },
            {
              "batter": "LMP Simmons",
              "bowler": "AS Joseph",
              "non_striker": "T Webster",
              "runs": {
                "batter": 0,
                "extras": 0,
                "total": 0
              }
            }
          ]
        },
        {
          "over": 5,
          "deliveries": [
            {
              "batter": "T Webster",
              "bowler": "RL Chase",
              "non_striker": "LMP Simmons",
              "runs": {
                "batter": 0,
                "extras": 0,
                "total": 0
              }
            },
            {
              "batter": "T Webster",
              "bowler": "RL Chase",
              "extras": {
                "wides": 1
              },
              "non_striker": "LMP Simmons",
              "runs": {
                "batter": 0,
                "extras": 1,
                "total": 1
              }
            },
            {
              "batter": "T Webster",
              "bowler": "RL Chase",
              "non_striker": "LMP Simmons",
              "runs": {
                "batter": 4,
                "extras": 0,
                "total": 4
              }
            },
            {
              "batter": "T Webster",
              "bowler": "RL Chase",
              "non_striker": "LMP Simmons",
              "runs": {
                "batter": 0,
                "extras": 0,
                "total": 0
              },
              "wickets": [
                {
                  "player_out": "T Webster",
                  "fielders": [
                    {
                      "name": "Wahab Riaz"
                    }
                  ],
                  "kind": "caught"
                }
              ]
            },
            {
              "batter": "LMP Simmons",
              "bowler": "RL Chase",
              "extras": {
                "wides": 1
              },
              "non_striker": "C Munro",
              "runs": {
                "batter": 0,
                "extras": 1,
                "total": 1
              }
            },
            {
              "batter": "LMP Simmons",
              "bowler": "RL Chase",
              "non_striker": "C Munro",
              "runs": {
                "batter": 0,
                "extras": 0,
                "total": 0
              }
            },
            {
              "batter": "LMP Simmons",
              "bowler": "RL Chase",
              "non_striker": "C Munro",
              "runs": {
                "batter": 0,
                "extras": 0,
                "total": 0
              }
            },
            {
              "batter": "LMP Simmons",
              "bowler": "RL Chase",
              "non_striker": "C Munro",
              "runs": {
                "batter": 0,
                "extras": 0,
                "total": 0
              }
            }
          ]
        },
        {
          "over": 6,
          "deliveries": [
            {
              "batter": "C Munro",
              "bowler": "J Royal",
              "non_striker": "LMP Simmons",
              "runs": {
                "batter": 0,
                "extras": 0,
                "total": 0
              }
            },
            {
              "batter": "C Munro",
              "bowler": "J Royal",
              "non_striker": "LMP Simmons",
              "runs": {
                "batter": 1,
                "extras": 0,
                "total": 1
              }
            },
            {
              "batter": "LMP Simmons",
              "bowler": "J Royal",
              "non_striker": "C Munro",
              "runs": {
                "batter": 0,
                "extras": 0,
                "total": 0
              }
            },
            {
              "batter": "LMP Simmons",
              "bowler": "J Royal",
              "non_striker": "C Munro",
              "runs": {
                "batter": 1,
                "extras": 0,
                "total": 1
              }
            },
            {
              "batter": "C Munro",
              "bowler": "J Royal",
              "non_striker": "LMP Simmons",
              "runs": {
                "batter": 0,
                "extras": 0,
                "total": 0
              }
            },
            {
              "batter": "C Munro",
              "bowler": "J Royal",
              "non_striker": "LMP Simmons",
              "runs": {
                "batter": 4,
                "extras": 0,
                "total": 4
              }
            }
          ]
        },
        {
          "over": 7,
          "deliveries": [
            {
              "batter": "LMP Simmons",
              "bowler": "RL Chase",
              "non_striker": "C Munro",
              "runs": {
                "batter": 1,
                "extras": 0,
                "total": 1
              }
            },
            {
              "batter": "C Munro",
              "bowler": "RL Chase",
              "non_striker": "LMP Simmons",
              "runs": {
                "batter": 1,
                "extras": 0,
                "total": 1
              }
            },
            {
              "batter": "LMP Simmons",
              "bowler": "RL Chase",
              "non_striker": "C Munro",
              "runs": {
                "batter": 0,
                "extras": 0,
                "total": 0
              }
            },
            {
              "batter": "LMP Simmons",
              "bowler": "RL Chase",
              "extras": {
                "wides": 1
              },
              "non_striker": "C Munro",
              "runs": {
                "batter": 0,
                "extras": 1,
                "total": 1
              }
            },
            {
              "batter": "LMP Simmons",
              "bowler": "RL Chase",
              "non_striker": "C Munro",
              "runs": {
                "batter": 1,
                "extras": 0,
                "total": 1
              }
            },
            {
              "batter": "C Munro",
              "bowler": "RL Chase",
              "non_striker": "LMP Simmons",
              "runs": {
                "batter": 0,
                "extras": 0,
                "total": 0
              }
            },
            {
              "batter": "C Munro",
              "bowler": "RL Chase",
              "non_striker": "LMP Simmons",
              "runs": {
                "batter": 1,
                "extras": 0,
                "total": 1
              }
            }
          ]
        },
        {
          "over": 8,
          "deliveries": [
            {
              "batter": "C Munro",
              "bowler": "J Royal",
              "non_striker": "LMP Simmons",
              "runs": {
                "batter": 0,
                "extras": 0,
                "total": 0
              }
            },
            {
              "batter": "C Munro",
              "bowler": "J Royal",
              "non_striker": "LMP Simmons",
              "runs": {
                "batter": 0,
                "extras": 0,
                "total": 0
              }
            },
            {
              "batter": "C Munro",
              "bowler": "J Royal",
              "non_striker": "LMP Simmons",
              "runs": {
                "batter": 0,
                "extras": 0,
                "total": 0
              }
            },
            {
              "batter": "C Munro",
              "bowler": "J Royal",
              "non_striker": "LMP Simmons",
              "runs": {
                "batter": 2,
                "extras": 0,
                "total": 2
              }
            },
            {
              "batter": "C Munro",
              "bowler": "J Royal",
              "non_striker": "LMP Simmons",
              "runs": {
                "batter": 1,
                "extras": 0,
                "total": 1
              }
            },
            {
              "batter": "LMP Simmons",
              "bowler": "J Royal",
              "non_striker": "C Munro",
              "runs": {
                "batter": 4,
                "extras": 0,
                "total": 4
              }
            }
          ]
        },
        {
          "over": 9,
          "deliveries": [
            {
              "batter": "C Munro",
              "bowler": "RL Chase",
              "non_striker": "LMP Simmons",
              "runs": {
                "batter": 1,
                "extras": 0,
                "total": 1
              }
            },
            {
              "batter": "LMP Simmons",
              "bowler": "RL Chase",
              "non_striker": "C Munro",
              "runs": {
                "batter": 1,
                "extras": 0,
                "total": 1
              }
            },
            {
              "batter": "C Munro",
              "bowler": "RL Chase",
              "non_striker": "LMP Simmons",
              "runs": {
                "batter": 0,
                "extras": 0,
                "total": 0
              }
            },
            {
              "batter": "C Munro",
              "bowler": "RL Chase",
              "non_striker": "LMP Simmons",
              "runs": {
                "batter": 0,
                "extras": 0,
                "total": 0
              }
            },
            {
              "batter": "C Munro",
              "bowler": "RL Chase",
              "non_striker": "LMP Simmons",
              "runs": {
                "batter": 0,
                "extras": 0,
                "total": 0
              }
            },
            {
              "batter": "C Munro",
              "bowler": "RL Chase",
              "non_striker": "LMP Simmons",
              "runs": {
                "batter": 0,
                "extras": 0,
                "total": 0
              }
            }
          ]
        },
        {
          "over": 10,
          "deliveries": [
            {
              "batter": "LMP Simmons",
              "bowler": "J Royal",
              "non_striker": "C Munro",
              "runs": {
                "batter": 1,
                "extras": 0,
                "total": 1
              }
            },
            {
              "batter": "C Munro",
              "bowler": "J Royal",
              "non_striker": "LMP Simmons",
              "runs": {
                "batter": 0,
                "extras": 0,
                "total": 0
              }
            },
            {
              "batter": "C Munro",
              "bowler": "J Royal",
              "non_striker": "LMP Simmons",
              "runs": {
                "batter": 0,
                "extras": 0,
                "total": 0
              }
            },
            {
              "batter": "C Munro",
              "bowler": "J Royal",
              "non_striker": "LMP Simmons",
              "runs": {
                "batter": 0,
                "extras": 0,
                "total": 0
              }
            },
            {
              "batter": "C Munro",
              "bowler": "J Royal",
              "non_striker": "LMP Simmons",
              "runs": {
                "batter": 0,
                "extras": 0,
                "total": 0
              }
            },
            {
              "batter": "C Munro",
              "bowler": "J Royal",
              "non_striker": "LMP Simmons",
              "runs": {
                "batter": 1,
                "extras": 0,
                "total": 1
              }
            }
          ]
        },
        {
          "over": 11,
          "deliveries": [
            {
              "batter": "C Munro",
              "bowler": "RRS Cornwall",
              "non_striker": "LMP Simmons",
              "runs": {
                "batter": 0,
                "extras": 0,
                "total": 0
              }
            },
            {
              "batter": "C Munro",
              "bowler": "RRS Cornwall",
              "non_striker": "LMP Simmons",
              "runs": {
                "batter": 1,
                "extras": 0,
                "total": 1
              }
            },
            {
              "batter": "LMP Simmons",
              "bowler": "RRS Cornwall",
              "non_striker": "C Munro",
              "runs": {
                "batter": 1,
                "extras": 0,
                "total": 1
              }
            },
            {
              "batter": "C Munro",
              "bowler": "RRS Cornwall",
              "non_striker": "LMP Simmons",
              "runs": {
                "batter": 6,
                "extras": 0,
                "total": 6
              }
            },
            {
              "batter": "C Munro",
              "bowler": "RRS Cornwall",
              "non_striker": "LMP Simmons",
              "runs": {
                "batter": 0,
                "extras": 0,
                "total": 0
              }
            },
            {
              "batter": "C Munro",
              "bowler": "RRS Cornwall",
              "non_striker": "LMP Simmons",
              "runs": {
                "batter": 1,
                "extras": 0,
                "total": 1
              }
            }
          ]
        },
        {
          "over": 12,
          "deliveries": [
            {
              "batter": "C Munro",
              "bowler": "KMA Paul",
              "non_striker": "LMP Simmons",
              "runs": {
                "batter": 1,
                "extras": 0,
                "total": 1
              }
            },
            {
              "batter": "LMP Simmons",
              "bowler": "KMA Paul",
              "non_striker": "C Munro",
              "runs": {
                "batter": 1,
                "extras": 0,
                "total": 1
              }
            },
            {
              "batter": "C Munro",
              "bowler": "KMA Paul",
              "non_striker": "LMP Simmons",
              "runs": {
                "batter": 0,
                "extras": 0,
                "total": 0
              }
            },
            {
              "batter": "C Munro",
              "bowler": "KMA Paul",
              "non_striker": "LMP Simmons",
              "runs": {
                "batter": 1,
                "extras": 0,
                "total": 1
              }
            },
            {
              "batter": "LMP Simmons",
              "bowler": "KMA Paul",
              "extras": {
                "wides": 1
              },
              "non_striker": "C Munro",
              "runs": {
                "batter": 0,
                "extras": 1,
                "total": 1
              }
            },
            {
              "batter": "LMP Simmons",
              "bowler": "KMA Paul",
              "non_striker": "C Munro",
              "runs": {
                "batter": 0,
                "extras": 0,
                "total": 0
              },
              "wickets": [
                {
                  "player_out": "LMP Simmons",
                  "fielders": [
                    {
                      "name": "J Royal"
                    }
                  ],
                  "kind": "caught"
                }
              ]
            },
            {
              "batter": "C Munro",
              "bowler": "KMA Paul",
              "non_striker": "KA Pollard",
              "runs": {
                "batter": 1,
                "extras": 0,
                "total": 1
              }
            }
          ]
        },
        {
          "over": 13,
          "deliveries": [
            {
              "batter": "C Munro",
              "bowler": "RRS Cornwall",
              "non_striker": "KA Pollard",
              "runs": {
                "batter": 1,
                "extras": 0,
                "total": 1
              }
            },
            {
              "batter": "KA Pollard",
              "bowler": "RRS Cornwall",
              "extras": {
                "wides": 1
              },
              "non_striker": "C Munro",
              "runs": {
                "batter": 0,
                "extras": 1,
                "total": 1
              }
            },
            {
              "batter": "KA Pollard",
              "bowler": "RRS Cornwall",
              "extras": {
                "wides": 1
              },
              "non_striker": "C Munro",
              "runs": {
                "batter": 0,
                "extras": 1,
                "total": 1
              }
            },
            {
              "batter": "KA Pollard",
              "bowler": "RRS Cornwall",
              "non_striker": "C Munro",
              "runs": {
                "batter": 1,
                "extras": 0,
                "total": 1
              }
            },
            {
              "batter": "C Munro",
              "bowler": "RRS Cornwall",
              "non_striker": "KA Pollard",
              "runs": {
                "batter": 0,
                "extras": 0,
                "total": 0
              }
            },
            {
              "batter": "C Munro",
              "bowler": "RRS Cornwall",
              "extras": {
                "wides": 2
              },
              "non_striker": "KA Pollard",
              "runs": {
                "batter": 0,
                "extras": 2,
                "total": 2
              }
            },
            {
              "batter": "KA Pollard",
              "bowler": "RRS Cornwall",
              "extras": {
                "wides": 1
              },
              "non_striker": "C Munro",
              "runs": {
                "batter": 0,
                "extras": 1,
                "total": 1
              }
            },
            {
              "batter": "KA Pollard",
              "bowler": "RRS Cornwall",
              "extras": {
                "wides": 1
              },
              "non_striker": "C Munro",
              "runs": {
                "batter": 0,
                "extras": 1,
                "total": 1
              }
            },
            {
              "batter": "KA Pollard",
              "bowler": "RRS Cornwall",
              "non_striker": "C Munro",
              "runs": {
                "batter": 1,
                "extras": 0,
                "total": 1
              }
            },
            {
              "batter": "C Munro",
              "bowler": "RRS Cornwall",
              "non_striker": "KA Pollard",
              "runs": {
                "batter": 1,
                "extras": 0,
                "total": 1
              }
            },
            {
              "batter": "KA Pollard",
              "bowler": "RRS Cornwall",
              "extras": {
                "wides": 1
              },
              "non_striker": "C Munro",
              "runs": {
                "batter": 0,
                "extras": 1,
                "total": 1
              }
            },
            {
              "batter": "KA Pollard",
              "bowler": "RRS Cornwall",
              "extras": {
                "legbyes": 1
              },
              "non_striker": "C Munro",
              "runs": {
                "batter": 0,
                "extras": 1,
                "total": 1
              }
            }
          ]
        },
        {
          "over": 14,
          "deliveries": [
            {
              "batter": "KA Pollard",
              "bowler": "KMA Paul",
              "non_striker": "C Munro",
              "runs": {
                "batter": 1,
                "extras": 0,
                "total": 1
              }
            },
            {
              "batter": "C Munro",
              "bowler": "KMA Paul",
              "extras": {
                "wides": 1
              },
              "non_striker": "KA Pollard",
              "runs": {
                "batter": 0,
                "extras": 1,
                "total": 1
              }
            },
            {
              "batter": "C Munro",
              "bowler": "KMA Paul",
              "non_striker": "KA Pollard",
              "runs": {
                "batter": 4,
                "extras": 0,
                "total": 4
              }
            },
            {
              "batter": "C Munro",
              "bowler": "KMA Paul",
              "non_striker": "KA Pollard",
              "runs": {
                "batter": 0,
                "extras": 0,
                "total": 0
              }
            },
            {
              "batter": "C Munro",
              "bowler": "KMA Paul",
              "extras": {
                "noballs": 1
              },
              "non_striker": "KA Pollard",
              "runs": {
                "batter": 0,
                "extras": 1,
                "total": 1
              }
            },
            {
              "batter": "C Munro",
              "bowler": "KMA Paul",
              "non_striker": "KA Pollard",
              "runs": {
                "batter": 1,
                "extras": 0,
                "total": 1
              }
            },
            {
              "batter": "KA Pollard",
              "bowler": "KMA Paul",
              "non_striker": "C Munro",
              "runs": {
                "batter": 4,
                "extras": 0,
                "total": 4
              }
            },
            {
              "batter": "KA Pollard",
              "bowler": "KMA Paul",
              "non_striker": "C Munro",
              "runs": {
                "batter": 1,
                "extras": 0,
                "total": 1
              }
            }
          ]
        },
        {
          "over": 15,
          "deliveries": [
            {
              "batter": "KA Pollard",
              "bowler": "AS Joseph",
              "extras": {
                "wides": 1
              },
              "non_striker": "C Munro",
              "runs": {
                "batter": 0,
                "extras": 1,
                "total": 1
              }
            },
            {
              "batter": "KA Pollard",
              "bowler": "AS Joseph",
              "extras": {
                "legbyes": 1
              },
              "non_striker": "C Munro",
              "runs": {
                "batter": 0,
                "extras": 1,
                "total": 1
              }
            },
            {
              "batter": "C Munro",
              "bowler": "AS Joseph",
              "non_striker": "KA Pollard",
              "runs": {
                "batter": 0,
                "extras": 0,
                "total": 0
              }
            },
            {
              "batter": "C Munro",
              "bowler": "AS Joseph",
              "non_striker": "KA Pollard",
              "runs": {
                "batter": 1,
                "extras": 0,
                "total": 1
              }
            },
            {
              "batter": "KA Pollard",
              "bowler": "AS Joseph",
              "non_striker": "C Munro",
              "runs": {
                "batter": 1,
                "extras": 0,
                "total": 1
              }
            },
            {
              "batter": "C Munro",
              "bowler": "AS Joseph",
              "non_striker": "KA Pollard",
              "runs": {
                "batter": 1,
                "extras": 0,
                "total": 1
              }
            },
            {
              "batter": "KA Pollard",
              "bowler": "AS Joseph",
              "non_striker": "C Munro",
              "runs": {
                "batter": 0,
                "extras": 0,
                "total": 0
              }
            }
          ]
        },
        {
          "over": 16,
          "deliveries": [
            {
              "batter": "C Munro",
              "bowler": "Wahab Riaz",
              "non_striker": "KA Pollard",
              "runs": {
                "batter": 1,
                "extras": 0,
                "total": 1
              }
            },
            {
              "batter": "KA Pollard",
              "bowler": "Wahab Riaz",
              "non_striker": "C Munro",
              "runs": {
                "batter": 0,
                "extras": 0,
                "total": 0
              }
            },
            {
              "batter": "KA Pollard",
              "bowler": "Wahab Riaz",
              "non_striker": "C Munro",
              "runs": {
                "batter": 0,
                "extras": 0,
                "total": 0
              },
              "wickets": [
                {
                  "player_out": "KA Pollard",
                  "fielders": [
                    {
                      "name": "AS Joseph"
                    }
                  ],
                  "kind": "caught"
                }
              ]
            },
            {
              "batter": "C Munro",
              "bowler": "Wahab Riaz",
              "non_striker": "TL Seifert",
              "runs": {
                "batter": 1,
                "extras": 0,
                "total": 1
              }
            },
            {
              "batter": "TL Seifert",
              "bowler": "Wahab Riaz",
              "non_striker": "C Munro",
              "runs": {
                "batter": 4,
                "extras": 0,
                "total": 4
              }
            },
            {
              "batter": "TL Seifert",
              "bowler": "Wahab Riaz",
              "non_striker": "C Munro",
              "runs": {
                "batter": 1,
                "extras": 0,
                "total": 1
              }
            }
          ]
        },
        {
          "over": 17,
          "deliveries": [
            {
              "batter": "TL Seifert",
              "bowler": "AS Joseph",
              "non_striker": "C Munro",
              "runs": {
                "batter": 6,
                "extras": 0,
                "total": 6
              }
            },
            {
              "batter": "TL Seifert",
              "bowler": "AS Joseph",
              "extras": {
                "wides": 1
              },
              "non_striker": "C Munro",
              "runs": {
                "batter": 0,
                "extras": 1,
                "total": 1
              }
            },
            {
              "batter": "TL Seifert",
              "bowler": "AS Joseph",
              "non_striker": "C Munro",
              "runs": {
                "batter": 4,
                "extras": 0,
                "total": 4
              }
            },
            {
              "batter": "TL Seifert",
              "bowler": "AS Joseph",
              "non_striker": "C Munro",
              "runs": {
                "batter": 4,
                "extras": 0,
                "total": 4
              }
            },
            {
              "batter": "TL Seifert",
              "bowler": "AS Joseph",
              "non_striker": "C Munro",
              "runs": {
                "batter": 0,
                "extras": 0,
                "total": 0
              }
            },
            {
              "batter": "TL Seifert",
              "bowler": "AS Joseph",
              "non_striker": "C Munro",
              "runs": {
                "batter": 0,
                "extras": 0,
                "total": 0
              }
            },
            {
              "batter": "TL Seifert",
              "bowler": "AS Joseph",
              "non_striker": "C Munro",
              "runs": {
                "batter": 0,
                "extras": 0,
                "total": 0
              }
            }
          ]
        },
        {
          "over": 18,
          "deliveries": [
            {
              "batter": "C Munro",
              "bowler": "KMA Paul",
              "non_striker": "TL Seifert",
              "runs": {
                "batter": 1,
                "extras": 0,
                "total": 1
              }
            },
            {
              "batter": "TL Seifert",
              "bowler": "KMA Paul",
              "non_striker": "C Munro",
              "runs": {
                "batter": 6,
                "extras": 0,
                "total": 6
              }
            },
            {
              "batter": "TL Seifert",
              "bowler": "KMA Paul",
              "non_striker": "C Munro",
              "runs": {
                "batter": 6,
                "extras": 0,
                "total": 6
              }
            },
            {
              "batter": "TL Seifert",
              "bowler": "KMA Paul",
              "non_striker": "C Munro",
              "runs": {
                "batter": 4,
                "extras": 0,
                "total": 4
              }
            },
            {
              "batter": "TL Seifert",
              "bowler": "KMA Paul",
              "non_striker": "C Munro",
              "runs": {
                "batter": 0,
                "extras": 0,
                "total": 0
              }
            },
            {
              "batter": "TL Seifert",
              "bowler": "KMA Paul",
              "non_striker": "C Munro",
              "runs": {
                "batter": 4,
                "extras": 0,
                "total": 4
              }
            }
          ]
        },
        {
          "over": 19,
          "deliveries": [
            {
              "batter": "C Munro",
              "bowler": "Wahab Riaz",
              "non_striker": "TL Seifert",
              "runs": {
                "batter": 4,
                "extras": 0,
                "total": 4
              }
            },
            {
              "batter": "C Munro",
              "bowler": "Wahab Riaz",
              "non_striker": "TL Seifert",
              "runs": {
                "batter": 1,
                "extras": 0,
                "total": 1
              }
            },
            {
              "batter": "TL Seifert",
              "bowler": "Wahab Riaz",
              "extras": {
                "wides": 1
              },
              "non_striker": "C Munro",
              "runs": {
                "batter": 0,
                "extras": 1,
                "total": 1
              }
            },
            {
              "batter": "TL Seifert",
              "bowler": "Wahab Riaz",
              "non_striker": "C Munro",
              "runs": {
                "batter": 0,
                "extras": 0,
                "total": 0
              }
            },
            {
              "batter": "TL Seifert",
              "bowler": "Wahab Riaz",
              "non_striker": "C Munro",
              "runs": {
                "batter": 1,
                "extras": 0,
                "total": 1
              }
            },
            {
              "batter": "C Munro",
              "bowler": "Wahab Riaz",
              "extras": {
                "byes": 1
              },
              "non_striker": "TL Seifert",
              "runs": {
                "batter": 0,
                "extras": 1,
                "total": 1
              }
            },
            {
              "batter": "TL Seifert",
              "bowler": "Wahab Riaz",
              "non_striker": "C Munro",
              "runs": {
                "batter": 0,
                "extras": 0,
                "total": 0
              }
            }
          ]
        }
      ],
      "powerplays": [
        {
          "from": 0.1,
          "to": 5.8,
          "type": "mandatory"
        }
      ],
      "target": {
        "overs": 20,
        "runs": 158
      }
    }
  ]
}