{
  "meta": {
    "data_version": "1.0.0",
    "created": "2021-08-09",
    "revision": 1
  },
  "info": {
    "balls_per_over": 6,
    "city": "Dhaka",
    "dates": [
      "2021-08-09"
    ],
    "event": {
      "name": "Australia tour of Bangladesh",
      "match_number": 5
    },
    "gender": "male",
    "match_type": "T20",
    "match_type_number": 1222,
    "officials": {
      "match_referees": [
        "Neeyamur Rashid"
      ],
      "reserve_umpires": [
        "Masudur Rahman"
      ],
      "tv_umpires": [
        "Gazi Sohel"
      ],
      "umpires": [
        "Sharfuddoula",
        "Tanvir Ahmed"
      ]
    },
    "outcome": {
      "winner": "Bangladesh",
      "by": {
        "runs": 60
      }
    },
    "overs": 20,
    "player_of_match": [
      "Shakib Al Hasan"
    ],
    "players": {
      "Bangladesh": [
        "Mahedi Hasan",
        "Mohammad Naim",
        "Shakib Al Hasan",
        "Soumya Sarkar",
        "Mahmudullah",
        "Nurul Hasan",
        "Afif Hossain",
        "Mosaddek Hossain",
        "Mohammad Saifuddin",
        "Mustafizur Rahman",
        "Nasum Ahmed"
      ],
      "Australia": [
        "DT Christian",
        "MS Wade",
        "MR Marsh",
        "BR McDermott",
        "AT Carey",
        "MC Henriques",
        "AJ Turner",
        "AC Agar",
        "NT Ellis",
        "MJ Swepson",
        "A Zampa"
      ]
    },
    "registry": {
      "people": {
        "A Zampa": "14f96089",
        "AC Agar": "a2421394",
        "AJ Turner": "ff1e12a0",
        "AT Carey": "69d03465",
        "Afif Hossain": "37138918",
        "BR McDermott": "c41043e6",
        "DT Christian": "2a2e6343",
        "Gazi Sohel": "f0df3ed7",
        "MC Henriques": "32198ae0",
        "MJ Swepson": "86b4bf88",
        "MR Marsh": "3d8feaf8",
        "MS Wade": "afa7e784",
        "Mahedi Hasan": "9dad0f2e",
        "Mahmudullah": "bf1d7d3e",
        "Masudur Rahman": "9581ac6b",
        "Mohammad Naim": "7923a51d",
        "Mohammad Saifuddin": "b3a28446",
        "Mosaddek Hossain": "8919756f",
        "Mustafizur Rahman": "0a8fce53",
        "NT Ellis": "9eb1455b",
        "Nasum Ahmed": "37654b75",
        "Neeyamur Rashid": "bd81a027",
        "Nurul Hasan": "d365d463",
        "Shakib Al Hasan": "7dc35884",
        "Sharfuddoula": "63896abb",
        "Soumya Sarkar": "4d9f9686",
        "Tanvir Ahmed": "ea2df1f1"
      }
    },
    "season": "2021",
    "team_type": "international",
    "teams": [
      "Bangladesh",
      "Australia"
    ],
    "toss": {
      "decision": "bat",
      "winner": "Bangladesh"
    },
    "venue": "Shere Bangla National Stadium, Mirpur"
  },
  "innings": [
    {
      "team": "Bangladesh",
      "overs": [
        {
          "over": 0,
          "deliveries": [
            {
              "batter": "Mahedi Hasan",
              "bowler": "AJ Turner",
              "non_striker": "Mohammad Naim",
              "runs": {
                "batter": 1,
                "extras": 0,
                "total": 1
              }
            },
            {
              "batter": "Mohammad Naim",
              "bowler": "AJ Turner",
              "non_striker": "Mahedi Hasan",
              "runs": {
                "batter": 0,
                "extras": 0,
                "total": 0
              }
            },
            {
              "batter": "Mohammad Naim",
              "bowler": "AJ Turner",
              "non_striker": "Mahedi Hasan",
              "runs": {
                "batter": 0,
                "extras": 0,
                "total": 0
              }
            },
            {
              "batter": "Mohammad Naim",
              "bowler": "AJ Turner",
              "non_striker": "Mahedi Hasan",
              "runs": {
                "batter": 2,
                "extras": 0,
                "total": 2
              }
            },
            {
              "batter": "Mohammad Naim",
              "bowler": "AJ Turner",
              "non_striker": "Mahedi Hasan",
              "runs": {
                "batter": 1,
                "extras": 0,
                "total": 1
              }
            },
            {
              "batter": "Mahedi Hasan",
              "bowler": "AJ Turner",
              "non_striker": "Mohammad Naim",
              "runs": {
                "batter": 4,
                "extras": 0,
                "total": 4
              }
            }
          ]
        },
        {
          "over": 1,
          "deliveries": [
            {
              "batter": "Mohammad Naim",
              "bowler": "AC Agar",
              "non_striker": "Mahedi Hasan",
              "runs": {
                "batter": 6,
                "extras": 0,
                "total": 6
              }
            },
            {
              "batter": "Mohammad Naim",
              "bowler": "AC Agar",
              "non_striker": "Mahedi Hasan",
              "runs": {
                "batter": 0,
                "extras": 0,
                "total": 0
              }
            },
            {
              "batter": "Mohammad Naim",
              "bowler": "AC Agar",
              "non_striker": "Mahedi Hasan",
              "runs": {
                "batter": 0,
                "extras": 0,
                "total": 0
              }
            },
            {
              "batter": "Mohammad Naim",
              "bowler": "AC Agar",
              "extras": {
                "wides": 1
              },
              "non_striker": "Mahedi Hasan",
              "runs": {
                "batter": 0,
                "extras": 1,
                "total": 1
              }
            },
            {
              "batter": "Mohammad Naim",
              "bowler": "AC Agar",
              "non_striker": "Mahedi Hasan",
              "runs": {
                "batter": 1,
                "extras": 0,
                "total": 1
              }
            },
            {
              "batter": "Mahedi Hasan",
              "bowler": "AC Agar",
              "non_striker": "Mohammad Naim",
              "runs": {
                "batter": 1,
                "extras": 0,
                "total": 1
              }
            },
            {
              "batter": "Mohammad Naim",
              "bowler": "AC Agar",
              "non_striker": "Mahedi Hasan",
              "runs": {
                "batter": 2,
                "extras": 0,
                "total": 2
              }
            }
          ]
        },
        {
          "over": 2,
          "deliveries": [
            {
              "batter": "Mahedi Hasan",
              "bowler": "A Zampa",
              "non_striker": "Mohammad Naim",
              "runs": {
                "batter": 1,
                "extras": 0,
                "total": 1
              }
            },
            {
              "batter": "Mohammad Naim",
              "bowler": "A Zampa",
              "non_striker": "Mahedi Hasan",
              "runs": {
                "batter": 4,
                "extras": 0,
                "total": 4
              }
            },
            {
              "batter": "Mohammad Naim",
              "bowler": "A Zampa",
              "extras": {
                "byes": 4
              },
              "non_striker": "Mahedi Hasan",
              "runs": {
                "batter": 0,
                "extras": 4,
                "total": 4
              }
            },
            {
              "batter": "Mohammad Naim",
              "bowler": "A Zampa",
              "non_striker": "Mahedi Hasan",
              "runs": {
                "batter": 0,
                "extras": 0,
                "total": 0
              }
            },
            {
              "batter": "Mohammad Naim",
              "bowler": "A Zampa",
              "non_striker": "Mahedi Hasan",
              "runs": {
                "batter": 1,
                "extras": 0,
                "total": 1
              }
            },
            {
              "batter": "Mahedi Hasan",
              "bowler": "A Zampa",
              "non_striker": "Mohammad Naim",
              "runs": {
                "batter": 4,
                "extras": 0,
                "total": 4
              }
            }
          ]
        },
        {
          "over": 3,
          "deliveries": [
            {
              "batter": "Mohammad Naim",
              "bowler": "NT Ellis",
              "non_striker": "Mahedi Hasan",
              "runs": {
                "batter": 1,
                "extras": 0,
                "total": 1
              }
            },
            {
              "batter": "Mahedi Hasan",
              "bowler": "NT Ellis",
              "non_striker": "Mohammad Naim",
              "runs": {
                "batter": 0,
                "extras": 0,
                "total": 0
              }
            },
            {
              "batter": "Mahedi Hasan",
              "bowler": "NT Ellis",
              "non_striker": "Mohammad Naim",
              "runs": {
                "batter": 0,
                "extras": 0,
                "total": 0
              }
            },
            {
              "batter": "Mahedi Hasan",
              "bowler": "NT Ellis",
              "non_striker": "Mohammad Naim",
              "runs": {
                "batter": 0,
                "extras": 0,
                "total": 0
              }
            },
            {
              "batter": "Mahedi Hasan",
              "bowler": "NT Ellis",
              "non_striker": "Mohammad Naim",
              "runs": {
                "batter": 0,
                "extras": 0,
                "total": 0
              }
            },
            {
              "batter": "Mahedi Hasan",
              "bowler": "NT Ellis",
              "non_striker": "Mohammad Naim",
              "runs": {
                "batter": 1,
                "extras": 0,
                "total": 1
              }
            }
          ]
        },
        {
          "over": 4,
          "deliveries": [
            {
              "batter": "Mahedi Hasan",
              "bowler": "AJ Turner",
              "extras": {
                "wides": 1
              },
              "non_striker": "Mohammad Naim",
              "runs": {
                "batter": 0,
                "extras": 1,
                "total": 1
              }
            },
            {
              "batter": "Mahedi Hasan",
              "bowler": "AJ Turner",
              "extras": {
                "wides": 1
              },
              "non_striker": "Mohammad Naim",
              "runs": {
                "batter": 0,
                "extras": 1,
                "total": 1
              }
            },
            {
              "batter": "Mahedi Hasan",
              "bowler": "AJ Turner",
              "non_striker": "Mohammad Naim",
              "runs": {
                "batter": 1,
                "extras": 0,
                "total": 1
              }
            },
            {
              "batter": "Mohammad Naim",
              "bowler": "AJ Turner",
              "non_striker": "Mahedi Hasan",
              "runs": {
                "batter": 1,
                "extras": 0,
                "total": 1
              }
            },
            {
              "batter": "Mahedi Hasan",
              "bowler": "AJ Turner",
              "extras": {
                "wides": 3
              },
              "non_striker": "Mohammad Naim",
              "runs": {
                "batter": 0,
                "extras": 3,
                "total": 3
              }
            },
            {
              "batter": "Mahedi Hasan",
              "bowler": "AJ Turner",
              "non_striker": "Mohammad Naim",
              "runs": {
                "batter": 0,
                "extras": 0,
                "total": 0
              },
              "wickets": [
                {
                  "player_out": "Mahedi Hasan",
                  "fielders": [
                    {
                      "name": "AC Agar"
                    }
                  ],
                  "kind": "caught"
                }
              ]
            },
            {
              "batter": "Shakib Al Hasan",
              "bowler": "AJ Turner",
              "non_striker": "Mohammad Naim",
              "runs": {
                "batter": 0,
                "extras": 0,
                "total": 0
              }
            },
            {
              "batter": "Shakib Al Hasan",
              "bowler": "AJ Turner",
              "non_striker": "Mohammad Naim",
              "runs": {
                "batter": 1,
                "extras": 0,
                "total": 1
              }
            },
            {
              "batter": "Mohammad Naim",
              "bowler": "AJ Turner",
              "non_striker": "Shakib Al Hasan",
              "runs": {
                "batter": 0,
                "extras": 0,
                "total": 0
              }
            }
          ]
        },
        {
          "over": 5,
          "deliveries": [
            {
              "batter": "Shakib Al Hasan",
              "bowler": "NT Ellis",
              "non_striker": "Mohammad Naim",
              "runs": {
                "batter": 0,
                "extras": 0,
                "total": 0
              }
            },
            {
              "batter": "Shakib Al Hasan",
              "bowler": "NT Ellis",
              "non_striker": "Mohammad Naim",
              "runs": {
                "batter": 1,
                "extras": 0,
                "total": 1
              }
            },
            {
              "batter": "Mohammad Naim",
              "bowler": "NT Ellis",
              "non_striker": "Shakib Al Hasan",
              "runs": {
                "batter": 0,
                "extras": 0,
                "total": 0
              }
            },
            {
              "batter": "Mohammad Naim",
              "bowler": "NT Ellis",
              "non_striker": "Shakib Al Hasan",
              "runs": {
                "batter": 1,
                "extras": 0,
                "total": 1
              }
            },
            {
              "batter": "Shakib Al Hasan",
              "bowler": "NT Ellis",
              "non_striker": "Mohammad Naim",
              "runs": {
                "batter": 0,
                "extras": 0,
                "total": 0
              }
            },
            {
              "batter": "Shakib Al Hasan",
              "bowler": "NT Ellis",
              "non_striker": "Mohammad Naim",
              "runs": {
                "batter": 1,
                "extras": 0,
                "total": 1
              }
            }
          ]
        },
        {
          "over": 6,
          "deliveries": [
            {
              "batter": "Shakib Al Hasan",
              "bowler": "DT Christian",
              "non_striker": "Mohammad Naim",
              "runs": {
                "batter": 0,
                "extras": 0,
                "total": 0
              }
            },
            {
              "batter": "Shakib Al Hasan",
              "bowler": "DT Christian",
              "extras": {
                "legbyes": 1
              },
              "non_striker": "Mohammad Naim",
              "runs": {
                "batter": 0,
                "extras": 1,
                "total": 1
              }
            },
            {
              "batter": "Mohammad Naim",
              "bowler": "DT Christian",
              "non_striker": "Shakib Al Hasan",
              "runs": {
                "batter": 0,
                "extras": 0,
                "total": 0
              }
            },
            {
              "batter": "Mohammad Naim",
              "bowler": "DT Christian",
              "non_striker": "Shakib Al Hasan",
              "runs": {
                "batter": 1,
                "extras": 0,
                "total": 1
              }
            },
            {
              "batter": "Shakib Al Hasan",
              "bowler": "DT Christian",
              "non_striker": "Mohammad Naim",
              "runs": {
                "batter": 0,
                "extras": 0,
                "total": 0
              }
            },
            {
              "batter": "Shakib Al Hasan",
              "bowler": "DT Christian",
              "non_striker": "Mohammad Naim",
              "runs": {
                "batter": 1,
                "extras": 0,
                "total": 1
              }
            }
          ]
        },
        {
          "over": 7,
          "deliveries": [
            {
              "batter": "Shakib Al Hasan",
              "bowler": "MJ Swepson",
              "non_striker": "Mohammad Naim",
              "runs": {
                "batter": 0,
                "extras": 0,
                "total": 0
              }
            },
            {
              "batter": "Shakib Al Hasan",
              "bowler": "MJ Swepson",
              "non_striker": "Mohammad Naim",
              "runs": {
                "batter": 2,
                "extras": 0,
                "total": 2
              }
            },
            {
              "batter": "Shakib Al Hasan",
              "bowler": "MJ Swepson",
              "non_striker": "Mohammad Naim",
              "runs": {
                "batter": 2,
                "extras": 0,
                "total": 2
              }
            },
            {
              "batter": "Shakib Al Hasan",
              "bowler": "MJ Swepson",
              "non_striker": "Mohammad Naim",
              "runs": {
                "batter": 1,
                "extras": 0,
                "total": 1
              }
            },
            {
              "batter": "Mohammad Naim",
              "bowler": "MJ Swepson",
              "non_striker": "Shakib Al Hasan",
              "runs": {
                "batter": 2,
                "extras": 0,
                "total": 2
              }
            },
            {
              "batter": "Mohammad Naim",
              "bowler": "MJ Swepson",
              "non_striker": "Shakib Al Hasan",
              "runs": {
                "batter": 0,
                "extras": 0,
                "total": 0
              }
            }
          ]
        },
        {
          "over": 8,
          "deliveries": [
            {
              "batter": "Shakib Al Hasan",
              "bowler": "DT Christian",
              "non_striker": "Mohammad Naim",
              "runs": {
                "batter": 1,
                "extras": 0,
                "total": 1
              }
            },
            {
              "batter": "Mohammad Naim",
              "bowler": "DT Christian",
              "non_striker": "Shakib Al Hasan",
              "runs": {
                "batter": 0,
                "extras": 0,
                "total": 0
              },
              "wickets": [
                {
                  "player_out": "Mohammad Naim",
                  "fielders": [
                    {
                      "name": "AC Agar"
                    }
                  ],
                  "kind": "caught"
                }
              ]
            },
            {
              "batter": "Soumya Sarkar",
              "bowler": "DT Christian",
              "non_striker": "Shakib Al Hasan",
              "runs": {
                "batter": 0,
                "extras": 0,
                "total": 0
              }
            },
            {
              "batter": "Soumya Sarkar",
              "bowler": "DT Christian",
              "non_striker": "Shakib Al Hasan",
              "runs": {
                "batter": 0,
                "extras": 0,
                "total": 0
              }
            },
            {
              "batter": "Soumya Sarkar",
              "bowler": "DT Christian",
              "non_striker": "Shakib Al Hasan",
              "runs": {
                "batter": 0,
                "extras": 0,
                "total": 0
              }
            },
            {
              "batter": "Soumya Sarkar",
              "bowler": "DT Christian",
              "non_striker": "Shakib Al Hasan",
              "runs": {
                "batter": 0,
                "extras": 0,
                "total": 0
              }
            }
          ]
        },
        {
          "over": 9,
          "deliveries": [
            {
              "batter": "Shakib Al Hasan",
              "bowler": "A Zampa",
              "extras": {
                "wides": 1
              },
              "non_striker": "Soumya Sarkar",
              "runs": {
                "batter": 0,
                "extras": 1,
                "total": 1
              }
            },
            {
              "batter": "Shakib Al Hasan",
              "bowler": "A Zampa",
              "non_striker": "Soumya Sarkar",
              "runs": {
                "batter": 0,
                "extras": 0,
                "total": 0
              }
            },
            {
              "batter": "Shakib Al Hasan",
              "bowler": "A Zampa",
              "non_striker": "Soumya Sarkar",
              "runs": {
                "batter": 0,
                "extras": 0,
                "total": 0
              }
            },
            {
              "batter": "Shakib Al Hasan",
              "bowler": "A Zampa",
              "non_striker": "Soumya Sarkar",
              "runs": {
                "batter": 0,
                "extras": 0,
                "total": 0
              }
            },
            {
              "batter": "Shakib Al Hasan",
              "bowler": "A Zampa",
              "non_striker": "Soumya Sarkar",
              "runs": {
                "batter": 1,
                "extras": 0,
                "total": 1
              }
            },
            {
              "batter": "Soumya Sarkar",
              "bowler": "A Zampa",
              "non_striker": "Shakib Al Hasan",
              "runs": {
                "batter": 1,
                "extras": 0,
                "total": 1
              }
            },
            {
              "batter": "Shakib Al Hasan",
              "bowler": "A Zampa",
              "non_striker": "Soumya Sarkar",
              "runs": {
                "batter": 0,
                "extras": 0,
                "total": 0
              },
              "wickets": [
                {
                  "player_out": "Shakib Al Hasan",
                  "kind": "lbw"
                }
              ]
            }
          ]
        },
        {
          "over": 10,
          "deliveries": [
            {
              "batter": "Soumya Sarkar",
              "bowler": "AC Agar",
              "non_striker": "Mahmudullah",
              "runs": {
                "batter": 1,
                "extras": 0,
                "total": 1
              }
            },
            {
              "batter": "Mahmudullah",
              "bowler": "AC Agar",
              "non_striker": "Soumya Sarkar",
              "runs": {
                "batter": 0,
                "extras": 0,
                "total": 0
              }
            },
            {
              "batter": "Mahmudullah",
              "bowler": "AC Agar",
              "non_striker": "Soumya Sarkar",
              "runs": {
                "batter": 0,
                "extras": 0,
                "total": 0
              }
            },
            {
              "batter": "Mahmudullah",
              "bowler": "AC Agar",
              "non_striker": "Soumya Sarkar",
              "runs": {
                "batter": 3,
                "extras": 0,
                "total": 3
              }
            },
            {
              "batter": "Soumya Sarkar",
              "bowler": "AC Agar",
              "non_striker": "Mahmudullah",
              "runs": {
                "batter": 0,
                "extras": 0,
                "total": 0
              }
            },
            {
              "batter": "Soumya Sarkar",
              "bowler": "AC Agar",
              "non_striker": "Mahmudullah",
              "runs": {
                "batter": 1,
                "extras": 0,
                "total": 1
              }
            }
          ]
        },
        {
          "over": 11,
          "deliveries": [
            {
              "batter": "Soumya Sarkar",
              "bowler": "A Zampa",
              "non_striker": "Mahmudullah",
              "runs": {
                "batter": 0,
                "extras": 0,
                "total": 0
              }
            },
            {
              "batter": "Soumya Sarkar",
              "bowler": "A Zampa",
              "non_striker": "Mahmudullah",
              "runs": {
                "batter": 1,
                "extras": 0,
                "total": 1
              }
            },
            {
              "batter": "Mahmudullah",
              "bowler": "A Zampa",
              "non_striker": "Soumya Sarkar",
              "runs": {
                "batter": 2,
                "extras": 0,
                "total": 2
              }
            },
            {
              "batter": "Mahmudullah",
              "bowler": "A Zampa",
              "non_striker": "Soumya Sarkar",
              "runs": {
                "batter": 6,
                "extras": 0,
                "total": 6
              }
            },
            {
              "batter": "Mahmudullah",
              "bowler": "A Zampa",
              "non_striker": "Soumya Sarkar",
              "runs": {
                "batter": 0,
                "extras": 0,
                "total": 0
              }
            },
            {
              "batter": "Mahmudullah",
              "bowler": "A Zampa",
              "non_striker": "Soumya Sarkar",
              "runs": {
                "batter": 1,
                "extras": 0,
                "total": 1
              }
            }
          ]
        },
        {
          "over": 12,
          "deliveries": [
            {
              "batter": "Mahmudullah",
              "bowler": "MJ Swepson",
              "non_striker": "Soumya Sarkar",
              "runs": {
                "batter": 0,
                "extras": 0,
                "total": 0
              }
            },
            {
              "batter": "Mahmudullah",
              "bowler": "MJ Swepson",
              "non_striker": "Soumya Sarkar",
              "runs": {
                "batter": 2,
                "extras": 0,
                "total": 2
              }
            },
            {
              "batter": "Mahmudullah",
              "bowler": "MJ Swepson",
              "non_striker": "Soumya Sarkar",
              "runs": {
                "batter": 1,
                "extras": 0,
                "total": 1
              }
            },
            {
              "batter": "Soumya Sarkar",
              "bowler": "MJ Swepson",
              "non_striker": "Mahmudullah",
              "runs": {
                "batter": 1,
                "extras": 0,
                "total": 1
              }
            },
            {
              "batter": "Mahmudullah",
              "bowler": "MJ Swepson",
              "non_striker": "Soumya Sarkar",
              "runs": {
                "batter": 2,
                "extras": 0,
                "total": 2
              }
            },
            {
              "batter": "Mahmudullah",
              "bowler": "MJ Swepson",
              "non_striker": "Soumya Sarkar",
              "runs": {
                "batter": 1,
                "extras": 0,
                "total": 1
              }
            }
          ]
        },
        {
          "over": 13,
          "deliveries": [
            {
              "batter": "Mahmudullah",
              "bowler": "AC Agar",
              "non_striker": "Soumya Sarkar",
              "runs": {
                "batter": 1,
                "extras": 0,
                "total": 1
              }
            },
            {
              "batter": "Soumya Sarkar",
              "bowler": "AC Agar",
              "non_striker": "Mahmudullah",
              "runs": {
                "batter": 1,
                "extras": 0,
                "total": 1
              }
            },
            {
              "batter": "Mahmudullah",
              "bowler": "AC Agar",
              "non_striker": "Soumya Sarkar",
              "runs": {
                "batter": 0,
                "extras": 0,
                "total": 0
              },
              "wickets": [
                {
                  "player_out": "Mahmudullah",
                  "kind": "caught and bowled"
                }
              ]
            },
            {
              "batter": "Nurul Hasan",
              "bowler": "AC Agar",
              "non_striker": "Soumya Sarkar",
              "runs": {
                "batter": 1,
                "extras": 0,
                "total": 1
              }
            },
            {
              "batter": "Soumya Sarkar",
              "bowler": "AC Agar",
              "non_striker": "Nurul Hasan",
              "runs": {
                "batter": 0,
                "extras": 0,
                "total": 0
              }
            },
            {
              "batter": "Soumya Sarkar",
              "bowler": "AC Agar",
              "non_striker": "Nurul Hasan",
              "runs": {
                "batter": 6,
                "extras": 0,
                "total": 6
              }
            }
          ]
        },
        {
          "over": 14,
          "deliveries": [
            {
              "batter": "Nurul Hasan",
              "bowler": "DT Christian",
              "non_striker": "Soumya Sarkar",
              "runs": {
                "batter": 1,
                "extras": 0,
                "total": 1
              }
            },
            {
              "batter": "Soumya Sarkar",
              "bowler": "DT Christian",
              "non_striker": "Nurul Hasan",
              "runs": {
                "batter": 0,
                "extras": 0,
                "total": 0
              }
            },
            {
              "batter": "Soumya Sarkar",
              "bowler": "DT Christian",
              "non_striker": "Nurul Hasan",
              "runs": {
                "batter": 0,
                "extras": 0,
                "total": 0
              }
            },
            {
              "batter": "Soumya Sarkar",
              "bowler": "DT Christian",
              "non_striker": "Nurul Hasan",
              "runs": {
                "batter": 4,
                "extras": 0,
                "total": 4
              }
            },
            {
              "batter": "Soumya Sarkar",
              "bowler": "DT Christian",
              "non_striker": "Nurul Hasan",
              "runs": {
                "batter": 0,
                "extras": 0,
                "total": 0
              },
              "wickets": [
                {
                  "player_out": "Soumya Sarkar",
                  "fielders": [
                    {
                      "name": "AJ Turner"
                    }
                  ],
                  "kind": "caught"
                }
              ]
            },
            {
              "batter": "Afif Hossain",
              "bowler": "DT Christian",
              "non_striker": "Nurul Hasan",
              "runs": {
                "batter": 6,
                "extras": 0,
                "total": 6
              }
            }
          ]
        },
        {
          "over": 15,
          "deliveries": [
            {
              "batter": "Nurul Hasan",
              "bowler": "AC Agar",
              "non_striker": "Afif Hossain",
              "runs": {
                "batter": 0,
                "extras": 0,
                "total": 0
              }
            },
            {
              "batter": "Nurul Hasan",
              "bowler": "AC Agar",
              "non_striker": "Afif Hossain",
              "runs": {
                "batter": 1,
                "extras": 0,
                "total": 1
              }
            },
            {
              "batter": "Afif Hossain",
              "bowler": "AC Agar",
              "non_striker": "Nurul Hasan",
              "runs": {
                "batter": 1,
                "extras": 0,
                "total": 1
              }
            },
            {
              "batter": "Nurul Hasan",
              "bowler": "AC Agar",
              "non_striker": "Afif Hossain",
              "runs": {
                "batter": 0,
                "extras": 0,
                "total": 0
              }
            },
            {
              "batter": "Nurul Hasan",
              "bowler": "AC Agar",
              "non_striker": "Afif Hossain",
              "runs": {
                "batter": 1,
                "extras": 0,
                "total": 1
              }
            },
            {
              "batter": "Afif Hossain",
              "bowler": "AC Agar",
              "non_striker": "Nurul Hasan",
              "runs": {
                "batter": 0,
                "extras": 0,
                "total": 0
              }
            }
          ]
        },
        {
          "over": 16,
          "deliveries": [
            {
              "batter": "Nurul Hasan",
              "bowler": "A Zampa",
              "non_striker": "Afif Hossain",
              "runs": {
                "batter": 0,
                "extras": 0,
                "total": 0
              }
            },
            {
              "batter": "Nurul Hasan",
              "bowler": "A Zampa",
              "non_striker": "Afif Hossain",
              "runs": {
                "batter": 0,
                "extras": 0,
                "total": 0
              }
            },
            {
              "batter": "Nurul Hasan",
              "bowler": "A Zampa",
              "non_striker": "Afif Hossain",
              "runs": {
                "batter": 0,
                "extras": 0,
                "total": 0
              }
            },
            {
              "batter": "Nurul Hasan",
              "bowler": "A Zampa",
              "non_striker": "Afif Hossain",
              "runs": {
                "batter": 1,
                "extras": 0,
                "total": 1
              }
            },
            {
              "batter": "Afif Hossain",
              "bowler": "A Zampa",
              "non_striker": "Nurul Hasan",
              "runs": {
                "batter": 0,
                "extras": 0,
                "total": 0
              }
            },
            {
              "batter": "Afif Hossain",
              "bowler": "A Zampa",
              "non_striker": "Nurul Hasan",
              "runs": {
                "batter": 0,
                "extras": 0,
                "total": 0
              }
            }
          ]
        },
        {
          "over": 17,
          "deliveries": [
            {
              "batter": "Nurul Hasan",
              "bowler": "NT Ellis",
              "non_striker": "Afif Hossain",
              "runs": {
                "batter": 2,
                "extras": 0,
                "total": 2
              }
            },
            {
              "batter": "Nurul Hasan",
              "bowler": "NT Ellis",
              "non_striker": "Afif Hossain",
              "runs": {
                "batter": 1,
                "extras": 0,
                "total": 1
              }
            },
            {
              "batter": "Afif Hossain",
              "bowler": "NT Ellis",
              "non_striker": "Nurul Hasan",
              "runs": {
                "batter": 1,
                "extras": 0,
                "total": 1
              }
            },
            {
              "batter": "Nurul Hasan",
              "bowler": "NT Ellis",
              "non_striker": "Afif Hossain",
              "runs": {
                "batter": 0,
                "extras": 0,
                "total": 0
              },
              "wickets": [
                {
                  "player_out": "Nurul Hasan",
                  "kind": "bowled"
                }
              ]
            },
            {
              "batter": "Mosaddek Hossain",
              "bowler": "NT Ellis",
              "non_striker": "Afif Hossain",
              "runs": {
                "batter": 0,
                "extras": 0,
                "total": 0
              }
            },
            {
              "batter": "Mosaddek Hossain",
              "bowler": "NT Ellis",
              "non_striker": "Afif Hossain",
              "runs": {
                "batter": 0,
                "extras": 0,
                "total": 0
              }
            }
          ]
        },
        {
          "over": 18,
          "deliveries": [
            {
              "batter": "Afif Hossain",
              "bowler": "DT Christian",
              "extras": {
                "wides": 1
              },
              "non_striker": "Mosaddek Hossain",
              "runs": {
                "batter": 0,
                "extras": 1,
                "total": 1
              }
            },
            {
              "batter": "Afif Hossain",
              "bowler": "DT Christian",
              "non_striker": "Mosaddek Hossain",
              "runs": {
                "batter": 1,
                "extras": 0,
                "total": 1
              }
            },
            {
              "batter": "Mosaddek Hossain",
              "bowler": "DT Christian",
              "non_striker": "Afif Hossain",
              "runs": {
                "batter": 0,
                "extras": 0,
                "total": 0
              }
            },
            {
              "batter": "Mosaddek Hossain",
              "bowler": "DT Christian",
              "non_striker": "Afif Hossain",
              "runs": {
                "batter": 0,
                "extras": 0,
                "total": 0
              }
            },
            {
              "batter": "Mosaddek Hossain",
              "bowler": "DT Christian",
              "non_striker": "Afif Hossain",
              "runs": {
                "batter": 0,
                "extras": 0,
                "total": 0
              }
            },
            {
              "batter": "Mosaddek Hossain",
              "bowler": "DT Christian",
              "extras": {
                "byes": 1
              },
              "non_striker": "Afif Hossain",
              "runs": {
                "batter": 0,
                "extras": 1,
                "total": 1
              }
            },
            {
              "batter": "Afif Hossain",
              "bowler": "DT Christian",
              "non_striker": "Mosaddek Hossain",
              "runs": {
                "batter": 1,
                "extras": 0,
                "total": 1
              }
            }
          ]
        },
        {
          "over": 19,
          "deliveries": [
            {
              "batter": "Afif Hossain",
              "bowler": "NT Ellis",
              "non_striker": "Mosaddek Hossain",
              "runs": {
                "batter": 0,
                "extras": 0,
                "total": 0
              }
            },
            {
              "batter": "Afif Hossain",
              "bowler": "NT Ellis",
              "non_striker": "Mosaddek Hossain",
              "runs": {
                "batter": 0,
                "extras": 0,
                "total": 0
              }
            },
            {
              "batter": "Afif Hossain",
              "bowler": "NT Ellis",
              "non_striker": "Mosaddek Hossain",
              "runs": {
                "batter": 0,
                "extras": 0,
                "total": 0
              },
              "wickets": [
                {
                  "player_out": "Afif Hossain",
                  "fielders": [
                    {
                      "name": "MR Marsh"
                    }
                  ],
                  "kind": "caught"
                }
              ]
            },
            {
              "batter": "Mosaddek Hossain",
              "bowler": "NT Ellis",
              "non_striker": "Mohammad Saifuddin",
              "runs": {
                "batter": 4,
                "extras": 0,
                "total": 4
              }
            },
            {
              "batter": "Mosaddek Hossain",
              "bowler": "NT Ellis",
              "non_striker": "Mohammad Saifuddin",
              "runs": {
                "batter": 0,
                "extras": 0,
                "total": 0
              },
              "wickets": [
                {
                  "player_out": "Mohammad Saifuddin",
                  "kind": "run out"
                }
              ]
            },
            {
              "batter": "Mustafizur Rahman",
              "bowler": "NT Ellis",
              "extras": {
                "wides": 3
              },
              "non_striker": "Mosaddek Hossain",
              "runs": {
                "batter": 0,
                "extras": 3,
                "total": 3
              }
            },
            {
              "batter": "Mustafizur Rahman",
              "bowler": "NT Ellis",
              "extras": {
                "byes": 1
              },
              "non_striker": "Mosaddek Hossain",
              "runs": {
                "batter": 0,
                "extras": 1,
                "total": 1
              }
            }
          ]
        }
      ],
      "powerplays": [
        {
          "from": 0.1,
          "to": 5.6,
          "type": "mandatory"
        }
      ]
    },
    {
      "team": "Australia",
      "overs": [
        {
          "over": 0,
          "deliveries": [
            {
              "batter": "DT Christian",
              "bowler": "Mahedi Hasan",
              "non_striker": "MS Wade",
              "runs": {
                "batter": 0,
                "extras": 0,
                "total": 0
              }
            },
            {
              "batter": "DT Christian",
              "bowler": "Mahedi Hasan",
              "non_striker": "MS Wade",
              "runs": {
                "batter": 3,
                "extras": 0,
                "total": 3
              }
            },
            {
              "batter": "MS Wade",
              "bowler": "Mahedi Hasan",
              "non_striker": "DT Christian",
              "runs": {
                "batter": 0,
                "extras": 0,
                "total": 0
              }
            },
            {
              "batter": "MS Wade",
              "bowler": "Mahedi Hasan",
              "non_striker": "DT Christian",
              "runs": {
                "batter": 0,
                "extras": 0,
                "total": 0
              }
            },
            {
              "batter": "MS Wade",
              "bowler": "Mahedi Hasan",
              "non_striker": "DT Christian",
              "runs": {
                "batter": 0,
                "extras": 0,
                "total": 0
              }
            },
            {
              "batter": "MS Wade",
              "bowler": "Mahedi Hasan",
              "non_striker": "DT Christian",
              "runs": {
                "batter": 0,
                "extras": 0,
                "total": 0
              }
            }
          ]
        },
        {
          "over": 1,
          "deliveries": [
            {
              "batter": "DT Christian",
              "bowler": "Nasum Ahmed",
              "non_striker": "MS Wade",
              "runs": {
                "batter": 0,
                "extras": 0,
                "total": 0
              },
              "wickets": [
                {
                  "player_out": "DT Christian",
                  "kind": "bowled"
                }
              ]
            },
            {
              "batter": "MR Marsh",
              "bowler": "Nasum Ahmed",
              "non_striker": "MS Wade",
              "runs": {
                "batter": 0,
                "extras": 0,
                "total": 0
              }
            },
            {
              "batter": "MR Marsh",
              "bowler": "Nasum Ahmed",
              "non_striker": "MS Wade",
              "runs": {
                "batter": 1,
                "extras": 0,
                "total": 1
              }
            },
            {
              "batter": "MS Wade",
              "bowler": "Nasum Ahmed",
              "non_striker": "MR Marsh",
              "runs": {
                "batter": 0,
                "extras": 0,
                "total": 0
              }
            },
            {
              "batter": "MS Wade",
              "bowler": "Nasum Ahmed",
              "non_striker": "MR Marsh",
              "runs": {
                "batter": 1,
                "extras": 0,
                "total": 1
              }
            },
            {
              "batter": "MR Marsh",
              "bowler": "Nasum Ahmed",
              "non_striker": "MS Wade",
              "runs": {
                "batter": 1,
                "extras": 0,
                "total": 1
              }
            }
          ]
        },
        {
          "over": 2,
          "deliveries": [
            {
              "batter": "MR Marsh",
              "bowler": "Mahedi Hasan",
              "non_striker": "MS Wade",
              "runs": {
                "batter": 1,
                "extras": 0,
                "total": 1
              }
            },
            {
              "batter": "MS Wade",
              "bowler": "Mahedi Hasan",
              "non_striker": "MR Marsh",
              "runs": {
                "batter": 6,
                "extras": 0,
                "total": 6
              }
            },
            {
              "batter": "MS Wade",
              "bowler": "Mahedi Hasan",
              "non_striker": "MR Marsh",
              "runs": {
                "batter": 0,
                "extras": 0,
                "total": 0
              }
            },
            {
              "batter": "MS Wade",
              "bowler": "Mahedi Hasan",
              "non_striker": "MR Marsh",
              "runs": {
                "batter": 1,
                "extras": 0,
                "total": 1
              }
            },
            {
              "batter": "MR Marsh",
              "bowler": "Mahedi Hasan",
              "non_striker": "MS Wade",
              "runs": {
                "batter": 0,
                "extras": 0,
                "total": 0
              }
            },
            {
              "batter": "MR Marsh",
              "bowler": "Mahedi Hasan",
              "non_striker": "MS Wade",
              "runs": {
                "batter": 0,
                "extras": 0,
                "total": 0
              }
            }
          ]
        },
        {
          "over": 3,
          "deliveries": [
            {
              "batter": "MS Wade",
              "bowler": "Nasum Ahmed",
              "non_striker": "MR Marsh",
              "runs": {
                "batter": 1,
                "extras": 0,
                "total": 1
              }
            },
            {
              "batter": "MR Marsh",
              "bowler": "Nasum Ahmed",
              "non_striker": "MS Wade",
              "runs": {
                "batter": 0,
                "extras": 0,
                "total": 0
              }
            },
            {
              "batter": "MR Marsh",
              "bowler": "Nasum Ahmed",
              "non_striker": "MS Wade",
              "runs": {
                "batter": 1,
                "extras": 0,
                "total": 1
              }
            },
            {
              "batter": "MS Wade",
              "bowler": "Nasum Ahmed",
              "non_striker": "MR Marsh",
              "runs": {
                "batter": 1,
                "extras": 0,
                "total": 1
              }
            },
            {
              "batter": "MR Marsh",
              "bowler": "Nasum Ahmed",
              "non_striker": "MS Wade",
              "review": {
                "by": "Australia",
                "umpire": "Tanvir Ahmed",
                "batter": "MR Marsh",
                "decision": "struck down"
              },
              "runs": {
                "batter": 0,
                "extras": 0,
                "total": 0
              },
              "wickets": [
                {
                  "player_out": "MR Marsh",
                  "kind": "lbw"
                }
              ]
            },
            {
              "batter": "BR McDermott",
              "bowler": "Nasum Ahmed",
              "non_striker": "MS Wade",
              "runs": {
                "batter": 2,
                "extras": 0,
                "total": 2
              }
            }
          ]
        },
        {
          "over": 4,
          "deliveries": [
            {
              "batter": "MS Wade",
              "bowler": "Mahedi Hasan",
              "non_striker": "BR McDermott",
              "runs": {
                "batter": 0,
                "extras": 0,
                "total": 0
              }
            },
            {
              "batter": "MS Wade",
              "bowler": "Mahedi Hasan",
              "non_striker": "BR McDermott",
              "runs": {
                "batter": 0,
                "extras": 0,
                "total": 0
              }
            },
            {
              "batter": "MS Wade",
              "bowler": "Mahedi Hasan",
              "non_striker": "BR McDermott",
              "runs": {
                "batter": 1,
                "extras": 0,
                "total": 1
              }
            },
            {
              "batter": "BR McDermott",
              "bowler": "Mahedi Hasan",
              "non_striker": "MS Wade",
              "runs": {
                "batter": 1,
                "extras": 0,
                "total": 1
              }
            },
            {
              "batter": "MS Wade",
              "bowler": "Mahedi Hasan",
              "non_striker": "BR McDermott",
              "runs": {
                "batter": 6,
                "extras": 0,
                "total": 6
              }
            },
            {
              "batter": "MS Wade",
              "bowler": "Mahedi Hasan",
              "non_striker": "BR McDermott",
              "runs": {
                "batter": 1,
                "extras": 0,
                "total": 1
              }
            }
          ]
        },
        {
          "over": 5,
          "deliveries": [
            {
              "batter": "MS Wade",
              "bowler": "Mustafizur Rahman",
              "non_striker": "BR McDermott",
              "runs": {
                "batter": 1,
                "extras": 0,
                "total": 1
              }
            },
            {
              "batter": "BR McDermott",
              "bowler": "Mustafizur Rahman",
              "non_striker": "MS Wade",
              "runs": {
                "batter": 0,
                "extras": 0,
                "total": 0
              }
            },
            {
              "batter": "BR McDermott",
              "bowler": "Mustafizur Rahman",
              "non_striker": "MS Wade",
              "runs": {
                "batter": 1,
                "extras": 0,
                "total": 1
              }
            },
            {
              "batter": "MS Wade",
              "bowler": "Mustafizur Rahman",
              "non_striker": "BR McDermott",
              "runs": {
                "batter": 1,
                "extras": 0,
                "total": 1
              }
            },
            {
              "batter": "BR McDermott",
              "bowler": "Mustafizur Rahman",
              "non_striker": "MS Wade",
              "runs": {
                "batter": 0,
                "extras": 0,
                "total": 0
              }
            },
            {
              "batter": "BR McDermott",
              "bowler": "Mustafizur Rahman",
              "non_striker": "MS Wade",
              "runs": {
                "batter": 0,
                "extras": 0,
                "total": 0
              }
            }
          ]
        },
        {
          "over": 6,
          "deliveries": [
            {
              "batter": "MS Wade",
              "bowler": "Mohammad Saifuddin",
              "non_striker": "BR McDermott",
              "runs": {
                "batter": 1,
                "extras": 0,
                "total": 1
              }
            },
            {
              "batter": "BR McDermott",
              "bowler": "Mohammad Saifuddin",
              "non_striker": "MS Wade",
              "runs": {
                "batter": 1,
                "extras": 0,
                "total": 1
              }
            },
            {
              "batter": "MS Wade",
              "bowler": "Mohammad Saifuddin",
              "non_striker": "BR McDermott",
              "runs": {
                "batter": 1,
                "extras": 0,
                "total": 1
              }
            },
            {
              "batter": "BR McDermott",
              "bowler": "Mohammad Saifuddin",
              "non_striker": "MS Wade",
              "runs": {
                "batter": 1,
                "extras": 0,
                "total": 1
              }
            },
            {
              "batter": "MS Wade",
              "bowler": "Mohammad Saifuddin",
              "extras": {
                "legbyes": 1
              },
              "non_striker": "BR McDermott",
              "runs": {
                "batter": 0,
                "extras": 1,
                "total": 1
              }
            },
            {
              "batter": "BR McDermott",
              "bowler": "Mohammad Saifuddin",
              "non_striker": "MS Wade",
              "runs": {
                "batter": 1,
                "extras": 0,
                "total": 1
              }
            }
          ]
        },
        {
          "over": 7,
          "deliveries": [
            {
              "batter": "BR McDermott",
              "bowler": "Shakib Al Hasan",
              "non_striker": "MS Wade",
              "runs": {
                "batter": 1,
                "extras": 0,
                "total": 1
              }
            },
            {
              "batter": "MS Wade",
              "bowler": "Shakib Al Hasan",
              "non_striker": "BR McDermott",
              "runs": {
                "batter": 0,
                "extras": 0,
                "total": 0
              },
              "wickets": [
                {
                  "player_out": "MS Wade",
                  "kind": "bowled"
                }
              ]
            },
            {
              "batter": "AT Carey",
              "bowler": "Shakib Al Hasan",
              "non_striker": "BR McDermott",
              "runs": {
                "batter": 0,
                "extras": 0,
                "total": 0
              }
            },
            {
              "batter": "AT Carey",
              "bowler": "Shakib Al Hasan",
              "non_striker": "BR McDermott",
              "runs": {
                "batter": 1,
                "extras": 0,
                "total": 1
              }
            },
            {
              "batter": "BR McDermott",
              "bowler": "Shakib Al Hasan",
              "non_striker": "AT Carey",
              "runs": {
                "batter": 1,
                "extras": 0,
                "total": 1
              }
            },
            {
              "batter": "AT Carey",
              "bowler": "Shakib Al Hasan",
              "non_striker": "BR McDermott",
              "runs": {
                "batter": 0,
                "extras": 0,
                "total": 0
              }
            }
          ]
        },
        {
          "over": 8,
          "deliveries": [
            {
              "batter": "BR McDermott",
              "bowler": "Mahmudullah",
              "non_striker": "AT Carey",
              "runs": {
                "batter": 0,
                "extras": 0,
                "total": 0
              }
            },
            {
              "batter": "BR McDermott",
              "bowler": "Mahmudullah",
              "non_striker": "AT Carey",
              "runs": {
                "batter": 2,
                "extras": 0,
                "total": 2
              }
            },
            {
              "batter": "BR McDermott",
              "bowler": "Mahmudullah",
              "non_striker": "AT Carey",
              "runs": {
                "batter": 6,
                "extras": 0,
                "total": 6
              }
            },
            {
              "batter": "BR McDermott",
              "bowler": "Mahmudullah",
              "non_striker": "AT Carey",
              "runs": {
                "batter": 0,
                "extras": 0,
                "total": 0
              }
            },
            {
              "batter": "BR McDermott",
              "bowler": "Mahmudullah",
              "non_striker": "AT Carey",
              "runs": {
                "batter": 0,
                "extras": 0,
                "total": 0
              },
              "wickets": [
                {
                  "player_out": "BR McDermott",
                  "kind": "caught and bowled"
                }
              ]
            },
            {
              "batter": "MC Henriques",
              "bowler": "Mahmudullah",
              "non_striker": "AT Carey",
              "runs": {
                "batter": 1,
                "extras": 0,
                "total": 1
              }
            }
          ]
        },
        {
          "over": 9,
          "deliveries": [
            {
              "batter": "MC Henriques",
              "bowler": "Shakib Al Hasan",
              "non_striker": "AT Carey",
              "runs": {
                "batter": 0,
                "extras": 0,
                "total": 0
              }
            },
            {
              "batter": "MC Henriques",
              "bowler": "Shakib Al Hasan",
              "non_striker": "AT Carey",
              "runs": {
                "batter": 0,
                "extras": 0,
                "total": 0
              }
            },
            {
              "batter": "MC Henriques",
              "bowler": "Shakib Al Hasan",
              "non_striker": "AT Carey",
              "runs": {
                "batter": 0,
                "extras": 0,
                "total": 0
              }
            },
            {
              "batter": "MC Henriques",
              "bowler": "Shakib Al Hasan",
              "non_striker": "AT Carey",
              "runs": {
                "batter": 1,
                "extras": 0,
                "total": 1
              }
            },
            {
              "batter": "AT Carey",
              "bowler": "Shakib Al Hasan",
              "non_striker": "MC Henriques",
              "runs": {
                "batter": 0,
                "extras": 0,
                "total": 0
              }
            },
            {
              "batter": "AT Carey",
              "bowler": "Shakib Al Hasan",
              "non_striker": "MC Henriques",
              "runs": {
                "batter": 1,
                "extras": 0,
                "total": 1
              }
            }
          ]
        },
        {
          "over": 10,
          "deliveries": [
            {
              "batter": "AT Carey",
              "bowler": "Mohammad Saifuddin",
              "non_striker": "MC Henriques",
              "runs": {
                "batter": 1,
                "extras": 0,
                "total": 1
              }
            },
            {
              "batter": "MC Henriques",
              "bowler": "Mohammad Saifuddin",
              "non_striker": "AT Carey",
              "runs": {
                "batter": 1,
                "extras": 0,
                "total": 1
              }
            },
            {
              "batter": "AT Carey",
              "bowler": "Mohammad Saifuddin",
              "non_striker": "MC Henriques",
              "runs": {
                "batter": 0,
                "extras": 0,
                "total": 0
              },
              "wickets": [
                {
                  "player_out": "AT Carey",
                  "kind": "bowled"
                }
              ]
            },
            {
              "batter": "AJ Turner",
              "bowler": "Mohammad Saifuddin",
              "non_striker": "MC Henriques",
              "runs": {
                "batter": 1,
                "extras": 0,
                "total": 1
              }
            },
            {
              "batter": "MC Henriques",
              "bowler": "Mohammad Saifuddin",
              "non_striker": "AJ Turner",
              "runs": {
                "batter": 0,
                "extras": 0,
                "total": 0
              },
              "wickets": [
                {
                  "player_out": "MC Henriques",
                  "fielders": [
                    {
                      "name": "Nurul Hasan"
                    }
                  ],
                  "kind": "caught"
                }
              ]
            },
            {
              "batter": "AC Agar",
              "bowler": "Mohammad Saifuddin",
              "non_striker": "AJ Turner",
              "runs": {
                "batter": 0,
                "extras": 0,
                "total": 0
              }
            }
          ]
        },
        {
          "over": 11,
          "deliveries": [
            {
              "batter": "AJ Turner",
              "bowler": "Shakib Al Hasan",
              "non_striker": "AC Agar",
              "runs": {
                "batter": 0,
                "extras": 0,
                "total": 0
              }
            },
            {
              "batter": "AJ Turner",
              "bowler": "Shakib Al Hasan",
              "non_striker": "AC Agar",
              "runs": {
                "batter": 0,
                "extras": 0,
                "total": 0
              },
              "wickets": [
                {
                  "player_out": "AJ Turner",
                  "fielders": [
                    {
                      "name": "Mahmudullah"
                    }
                  ],
                  "kind": "caught"
                }
              ]
            },
            {
              "batter": "NT Ellis",
              "bowler": "Shakib Al Hasan",
              "non_striker": "AC Agar",
              "runs": {
                "batter": 0,
                "extras": 0,
                "total": 0
              }
            },
            {
              "batter": "NT Ellis",
              "bowler": "Shakib Al Hasan",
              "non_striker": "AC Agar",
              "runs": {
                "batter": 0,
                "extras": 0,
                "total": 0
              }
            },
            {
              "batter": "NT Ellis",
              "bowler": "Shakib Al Hasan",
              "non_striker": "AC Agar",
              "runs": {
                "batter": 0,
                "extras": 0,
                "total": 0
              }
            },
            {
              "batter": "NT Ellis",
              "bowler": "Shakib Al Hasan",
              "non_striker": "AC Agar",
              "runs": {
                "batter": 0,
                "extras": 0,
                "total": 0
              }
            }
          ]
        },
        {
          "over": 12,
          "deliveries": [
            {
              "batter": "AC Agar",
              "bowler": "Mohammad Saifuddin",
              "non_striker": "NT Ellis",
              "runs": {
                "batter": 2,
                "extras": 0,
                "total": 2
              }
            },
            {
              "batter": "AC Agar",
              "bowler": "Mohammad Saifuddin",
              "non_striker": "NT Ellis",
              "runs": {
                "batter": 0,
                "extras": 0,
                "total": 0
              }
            },
            {
              "batter": "AC Agar",
              "bowler": "Mohammad Saifuddin",
              "non_striker": "NT Ellis",
              "runs": {
                "batter": 0,
                "extras": 0,
                "total": 0
              },
              "wickets": [
                {
                  "player_out": "AC Agar",
                  "kind": "bowled"
                }
              ]
            },
            {
              "batter": "MJ Swepson",
              "bowler": "Mohammad Saifuddin",
              "non_striker": "NT Ellis",
              "runs": {
                "batter": 1,
                "extras": 0,
                "total": 1
              }
            },
            {
              "batter": "NT Ellis",
              "bowler": "Mohammad Saifuddin",
              "non_striker": "MJ Swepson",
              "runs": {
                "batter": 0,
                "extras": 0,
                "total": 0
              }
            },
            {
              "batter": "NT Ellis",
              "bowler": "Mohammad Saifuddin",
              "non_striker": "MJ Swepson",
              "runs": {
                "batter": 1,
                "extras": 0,
                "total": 1
              }
            }
          ]
        },
        {
          "over": 13,
          "deliveries": [
            {
              "batter": "NT Ellis",
              "bowler": "Shakib Al Hasan",
              "non_striker": "MJ Swepson",
              "runs": {
                "batter": 0,
                "extras": 0,
                "total": 0
              },
              "wickets": [
                {
                  "player_out": "NT Ellis",
                  "kind": "bowled"
                }
              ]
            },
            {
              "batter": "A Zampa",
              "bowler": "Shakib Al Hasan",
              "non_striker": "MJ Swepson",
              "runs": {
                "batter": 2,
                "extras": 0,
                "total": 2
              }
            },
            {
              "batter": "A Zampa",
              "bowler": "Shakib Al Hasan",
              "non_striker": "MJ Swepson",
              "runs": {
                "batter": 2,
                "extras": 0,
                "total": 2
              }
            },
            {
              "batter": "A Zampa",
              "bowler": "Shakib Al Hasan",
              "non_striker": "MJ Swepson",
              "runs": {
                "batter": 0,
                "extras": 0,
                "total": 0
              },
              "wickets": [
                {
                  "player_out": "A Zampa",
                  "fielders": [
                    {
                      "name": "Mahmudullah"
                    }
                  ],
                  "kind": "caught"
                }
              ]
            }
          ]
        }
      ],
      "powerplays": [
        {
          "from": 0.1,
          "to": 5.6,
          "type": "mandatory"
        }
      ],
      "target": {
        "overs": 20,
        "runs": 123
      }
    }
  ]
}