{
  "meta": {
    "data_version": "1.0.0",
    "created": "2021-08-08",
    "revision": 1
  },
  "info": {
    "balls_per_over": 6,
    "city": "Krefeld",
    "dates": [
      "2021-08-07"
    ],
    "event": {
      "name": "Germany T20 Tri-Series",
      "match_number": 5
    },
    "gender": "male",
    "match_type": "T20",
    "match_type_number": 1219,
    "officials": {
      "reserve_umpires": [
        "M Jameson"
      ],
      "umpires": [
        "J Flannery",
        "Rizwan Akram"
      ]
    },
    "outcome": {
      "winner": "Norway",
      "by": {
        "runs": 3
      }
    },
    "overs": 20,
    "player_of_match": [
      "Sher Sahak"
    ],
    "players": {
      "Norway": [
        "E Ul Haq",
        "Raza Iqbal",
        "Wahidullah Sahak",
        "D Abeyrathna",
        "Bilal Safdar",
        "Sher Sahak",
        "Usman Arif",
        "Faizan Mumtaz",
        "S Waqas Ahmed",
        "Vinay Ravi",
        "P Bhart"
      ],
      "France": [
        "U Shahid",
        "Virk Ali",
        "Usman Khan",
        "A Johnmary",
        "Rahmatullah Mangal",
        "Noman Amjad",
        "Jubaid Ahamed",
        "L Canessane",
        "HA Jackson",
        "Dawood Ahmadzai",
        "Ibrahim Jabarkhel"
      ]
    },
    "registry": {
      "people": {
        "A Johnmary": "e64c35df",
        "Bilal Safdar": "1c4161b3",
        "D Abeyrathna": "ee17d329",
        "Dawood Ahmadzai": "951686f5",
        "E Ul Haq": "3559290a",
        "Faizan Mumtaz": "6d440f4b",
        "HA Jackson": "ee40679e",
        "Ibrahim Jabarkhel": "c311564c",
        "J Flannery": "22431c5a",
        "Jubaid Ahamed": "ea5e0599",
        "L Canessane": "72a4c3b2",
        "M Jameson": "bdf1ffe3",
        "Noman Amjad": "c079c66a",
        "P Bhart": "0daf3ffc",
        "Rahmatullah Mangal": "ec106638",
        "Raza Iqbal": "eee46f77",
        "Rizwan Akram": "b5346f1e",
        "S Waqas Ahmed": "fb27d38c",
        "Sher Sahak": "8299b9a2",
        "U Shahid": "2a853aa5",
        "Usman Arif": "fccc2d5a",
        "Usman Khan": "e8a552ef",
        "Vinay Ravi": "9c181b99",
        "Virk Ali": "f7f7bee0",
        "Wahidullah Sahak": "6913e38e"
      }
    },
    "season": "2021",
    "team_type": "international",
    "teams": [
      "Norway",
      "France"
    ],
    "toss": {
      "decision": "field",
      "winner": "France"
    },
    "venue": "Bayer Uerdingen Cricket Ground"
  },
  "innings": [
    {
      "team": "Norway",
      "overs": [
        {
          "over": 0,
          "deliveries": [
            {
              "batter": "E Ul Haq",
              "bowler": "U Shahid",
              "non_striker": "Raza Iqbal",
              "runs": {
                "batter": 0,
                "extras": 0,
                "total": 0
              }
            },
            {
              "batter": "E Ul Haq",
              "bowler": "U Shahid",
              "non_striker": "Raza Iqbal",
              "runs": {
                "batter": 0,
                "extras": 0,
                "total": 0
              }
            },
            {
              "batter": "E Ul Haq",
              "bowler": "U Shahid",
              "non_striker": "Raza Iqbal",
              "runs": {
                "batter": 0,
                "extras": 0,
                "total": 0
              }
            },
            {
              "batter": "E Ul Haq",
              "bowler": "U Shahid",
              "non_striker": "Raza Iqbal",
              "runs": {
                "batter": 0,
                "extras": 0,
                "total": 0
              }
            },
            {
              "batter": "E Ul Haq",
              "bowler": "U Shahid",
              "non_striker": "Raza Iqbal",
              "runs": {
                "batter": 0,
                "extras": 0,
                "total": 0
              }
            },
            {
              "batter": "E Ul Haq",
              "bowler": "U Shahid",
              "non_striker": "Raza Iqbal",
              "runs": {
                "batter": 0,
                "extras": 0,
                "total": 0
              }
            }
          ]
        },
        {
          "over": 1,
          "deliveries": [
            {
              "batter": "Raza Iqbal",
              "bowler": "Noman Amjad",
              "non_striker": "E Ul Haq",
              "runs": {
                "batter": 1,
                "extras": 0,
                "total": 1
              }
            },
            {
              "batter": "E Ul Haq",
              "bowler": "Noman Amjad",
              "non_striker": "Raza Iqbal",
              "runs": {
                "batter": 1,
                "extras": 0,
                "total": 1
              }
            },
            {
              "batter": "Raza Iqbal",
              "bowler": "Noman Amjad",
              "non_striker": "E Ul Haq",
              "runs": {
                "batter": 1,
                "extras": 0,
                "total": 1
              }
            },
            {
              "batter": "E Ul Haq",
              "bowler": "Noman Amjad",
              "non_striker": "Raza Iqbal",
              "runs": {
                "batter": 0,
                "extras": 0,
                "total": 0
              }
            },
            {
              "batter": "E Ul Haq",
              "bowler": "Noman Amjad",
              "extras": {
                "wides": 1
              },
              "non_striker": "Raza Iqbal",
              "runs": {
                "batter": 0,
                "extras": 1,
                "total": 1
              }
            },
            {
              "batter": "E Ul Haq",
              "bowler": "Noman Amjad",
              "extras": {
                "wides": 1
              },
              "non_striker": "Raza Iqbal",
              "runs": {
                "batter": 0,
                "extras": 1,
                "total": 1
              }
            },
            {
              "batter": "E Ul Haq",
              "bowler": "Noman Amjad",
              "non_striker": "Raza Iqbal",
              "runs": {
                "batter": 4,
                "extras": 0,
                "total": 4
              }
            },
            {
              "batter": "E Ul Haq",
              "bowler": "Noman Amjad",
              "extras": {
                "wides": 1
              },
              "non_striker": "Raza Iqbal",
              "runs": {
                "batter": 0,
                "extras": 1,
                "total": 1
              }
            },
            {
              "batter": "E Ul Haq",
              "bowler": "Noman Amjad",
              "non_striker": "Raza Iqbal",
              "runs": {
                "batter": 1,
                "extras": 0,
                "total": 1
              }
            }
          ]
        },
        {
          "over": 2,
          "deliveries": [
            {
              "batter": "E Ul Haq",
              "bowler": "U Shahid",
              "non_striker": "Raza Iqbal",
              "runs": {
                "batter": 0,
                "extras": 0,
                "total": 0
              }
            },
            {
              "batter": "E Ul Haq",
              "bowler": "U Shahid",
              "non_striker": "Raza Iqbal",
              "runs": {
                "batter": 1,
                "extras": 0,
                "total": 1
              }
            },
            {
              "batter": "Raza Iqbal",
              "bowler": "U Shahid",
              "non_striker": "E Ul Haq",
              "runs": {
                "batter": 4,
                "extras": 0,
                "total": 4
              }
            },
            {
              "batter": "Raza Iqbal",
              "bowler": "U Shahid",
              "non_striker": "E Ul Haq",
              "runs": {
                "batter": 1,
                "extras": 0,
                "total": 1
              }
            },
            {
              "batter": "E Ul Haq",
              "bowler": "U Shahid",
              "non_striker": "Raza Iqbal",
              "runs": {
                "batter": 0,
                "extras": 0,
                "total": 0
              },
              "wickets": [
                {
                  "player_out": "Raza Iqbal",
                  "kind": "run out"
                }
              ]
            },
            {
              "batter": "E Ul Haq",
              "bowler": "U Shahid",
              "non_striker": "Wahidullah Sahak",
              "runs": {
                "batter": 0,
                "extras": 0,
                "total": 0
              }
            }
          ]
        },
        {
          "over": 3,
          "deliveries": [
            {
              "batter": "Wahidullah Sahak",
              "bowler": "Usman Khan",
              "non_striker": "E Ul Haq",
              "runs": {
                "batter": 0,
                "extras": 0,
                "total": 0
              }
            },
            {
              "batter": "Wahidullah Sahak",
              "bowler": "Usman Khan",
              "non_striker": "E Ul Haq",
              "runs": {
                "batter": 0,
                "extras": 0,
                "total": 0
              }
            },
            {
              "batter": "Wahidullah Sahak",
              "bowler": "Usman Khan",
              "non_striker": "E Ul Haq",
              "runs": {
                "batter": 0,
                "extras": 0,
                "total": 0
              }
            },
            {
              "batter": "Wahidullah Sahak",
              "bowler": "Usman Khan",
              "non_striker": "E Ul Haq",
              "runs": {
                "batter": 3,
                "extras": 0,
                "total": 3
              }
            },
            {
              "batter": "E Ul Haq",
              "bowler": "Usman Khan",
              "non_striker": "Wahidullah Sahak",
              "runs": {
                "batter": 0,
                "extras": 0,
                "total": 0
              }
            },
            {
              "batter": "E Ul Haq",
              "bowler": "Usman Khan",
              "non_striker": "Wahidullah Sahak",
              "runs": {
                "batter": 0,
                "extras": 0,
                "total": 0
              }
            }
          ]
        },
        {
          "over": 4,
          "deliveries": [
            {
              "batter": "Wahidullah Sahak",
              "bowler": "U Shahid",
              "non_striker": "E Ul Haq",
              "runs": {
                "batter": 0,
                "extras": 0,
                "total": 0
              }
            },
            {
              "batter": "Wahidullah Sahak",
              "bowler": "U Shahid",
              "non_striker": "E Ul Haq",
              "runs": {
                "batter": 1,
                "extras": 0,
                "total": 1
              }
            },
            {
              "batter": "E Ul Haq",
              "bowler": "U Shahid",
              "non_striker": "Wahidullah Sahak",
              "runs": {
                "batter": 4,
                "extras": 0,
                "total": 4
              }
            },
            {
              "batter": "E Ul Haq",
              "bowler": "U Shahid",
              "non_striker": "Wahidullah Sahak",
              "runs": {
                "batter": 0,
                "extras": 0,
                "total": 0
              }
            },
            {
              "batter": "E Ul Haq",
              "bowler": "U Shahid",
              "non_striker": "Wahidullah Sahak",
              "runs": {
                "batter": 0,
                "extras": 0,
                "total": 0
              }
            },
            {
              "batter": "E Ul Haq",
              "bowler": "U Shahid",
              "non_striker": "Wahidullah Sahak",
              "runs": {
                "batter": 1,
                "extras": 0,
                "total": 1
              }
            }
          ]
        },
        {
          "over": 5,
          "deliveries": [
            {
              "batter": "E Ul Haq",
              "bowler": "Dawood Ahmadzai",
              "non_striker": "Wahidullah Sahak",
              "runs": {
                "batter": 0,
                "extras": 0,
                "total": 0
              }
            },
            {
              "batter": "E Ul Haq",
              "bowler": "Dawood Ahmadzai",
              "non_striker": "Wahidullah Sahak",
              "runs": {
                "batter": 1,
                "extras": 0,
                "total": 1
              }
            },
            {
              "batter": "Wahidullah Sahak",
              "bowler": "Dawood Ahmadzai",
              "non_striker": "E Ul Haq",
              "runs": {
                "batter": 2,
                "extras": 0,
                "total": 2
              }
            },
            {
              "batter": "Wahidullah Sahak",
              "bowler": "Dawood Ahmadzai",
              "non_striker": "E Ul Haq",
              "runs": {
                "batter": 0,
                "extras": 0,
                "total": 0
              }
            },
            {
              "batter": "Wahidullah Sahak",
              "bowler": "Dawood Ahmadzai",
              "non_striker": "E Ul Haq",
              "runs": {
                "batter": 1,
                "extras": 0,
                "total": 1
              }
            },
            {
              "batter": "E Ul Haq",
              "bowler": "Dawood Ahmadzai",
              "non_striker": "Wahidullah Sahak",
              "runs": {
                "batter": 0,
                "extras": 0,
                "total": 0
              }
            }
          ]
        },
        {
          "over": 6,
          "deliveries": [
            {
              "batter": "Wahidullah Sahak",
              "bowler": "U Shahid",
              "non_striker": "E Ul Haq",
              "runs": {
                "batter": 1,
                "extras": 0,
                "total": 1
              }
            },
            {
              "batter": "E Ul Haq",
              "bowler": "U Shahid",
              "non_striker": "Wahidullah Sahak",
              "runs": {
                "batter": 0,
                "extras": 0,
                "total": 0
              }
            },
            {
              "batter": "E Ul Haq",
              "bowler": "U Shahid",
              "non_striker": "Wahidullah Sahak",
              "runs": {
                "batter": 1,
                "extras": 0,
                "total": 1
              }
            },
            {
              "batter": "Wahidullah Sahak",
              "bowler": "U Shahid",
              "non_striker": "E Ul Haq",
              "runs": {
                "batter": 0,
                "extras": 0,
                "total": 0
              }
            },
            {
              "batter": "Wahidullah Sahak",
              "bowler": "U Shahid",
              "non_striker": "E Ul Haq",
              "runs": {
                "batter": 0,
                "extras": 0,
                "total": 0
              }
            },
            {
              "batter": "Wahidullah Sahak",
              "bowler": "U Shahid",
              "non_striker": "E Ul Haq",
              "runs": {
                "batter": 1,
                "extras": 0,
                "total": 1
              }
            }
          ]
        },
        {
          "over": 7,
          "deliveries": [
            {
              "batter": "Wahidullah Sahak",
              "bowler": "Dawood Ahmadzai",
              "non_striker": "E Ul Haq",
              "runs": {
                "batter": 1,
                "extras": 0,
                "total": 1
              }
            },
            {
              "batter": "E Ul Haq",
              "bowler": "Dawood Ahmadzai",
              "non_striker": "Wahidullah Sahak",
              "runs": {
                "batter": 0,
                "extras": 0,
                "total": 0
              }
            },
            {
              "batter": "E Ul Haq",
              "bowler": "Dawood Ahmadzai",
              "non_striker": "Wahidullah Sahak",
              "runs": {
                "batter": 0,
                "extras": 0,
                "total": 0
              }
            },
            {
              "batter": "E Ul Haq",
              "bowler": "Dawood Ahmadzai",
              "non_striker": "Wahidullah Sahak",
              "runs": {
                "batter": 1,
                "extras": 0,
                "total": 1
              }
            },
            {
              "batter": "Wahidullah Sahak",
              "bowler": "Dawood Ahmadzai",
              "non_striker": "E Ul Haq",
              "runs": {
                "batter": 4,
                "extras": 0,
                "total": 4
              }
            },
            {
              "batter": "Wahidullah Sahak",
              "bowler": "Dawood Ahmadzai",
              "non_striker": "E Ul Haq",
              "runs": {
                "batter": 0,
                "extras": 0,
                "total": 0
              }
            }
          ]
        },
        {
          "over": 8,
          "deliveries": [
            {
              "batter": "E Ul Haq",
              "bowler": "Rahmatullah Mangal",
              "non_striker": "Wahidullah Sahak",
              "runs": {
                "batter": 0,
                "extras": 0,
                "total": 0
              }
            },
            {
              "batter": "E Ul Haq",
              "bowler": "Rahmatullah Mangal",
              "non_striker": "Wahidullah Sahak",
              "runs": {
                "batter": 0,
                "extras": 0,
                "total": 0
              }
            },
            {
              "batter": "E Ul Haq",
              "bowler": "Rahmatullah Mangal",
              "non_striker": "Wahidullah Sahak",
              "runs": {
                "batter": 0,
                "extras": 0,
                "total": 0
              }
            },
            {
              "batter": "E Ul Haq",
              "bowler": "Rahmatullah Mangal",
              "non_striker": "Wahidullah Sahak",
              "runs": {
                "batter": 0,
                "extras": 0,
                "total": 0
              }
            },
            {
              "batter": "E Ul Haq",
              "bowler": "Rahmatullah Mangal",
              "non_striker": "Wahidullah Sahak",
              "runs": {
                "batter": 0,
                "extras": 0,
                "total": 0
              }
            },
            {
              "batter": "E Ul Haq",
              "bowler": "Rahmatullah Mangal",
              "non_striker": "Wahidullah Sahak",
              "runs": {
                "batter": 0,
                "extras": 0,
                "total": 0
              },
              "wickets": [
                {
                  "player_out": "E Ul Haq",
                  "fielders": [
                    {
                      "name": "U Shahid"
                    }
                  ],
                  "kind": "caught"
                }
              ]
            }
          ]
        },
        {
          "over": 9,
          "deliveries": [
            {
              "batter": "D Abeyrathna",
              "bowler": "Dawood Ahmadzai",
              "extras": {
                "noballs": 1
              },
              "non_striker": "Wahidullah Sahak",
              "runs": {
                "batter": 1,
                "extras": 1,
                "total": 2
              }
            },
            {
              "batter": "Wahidullah Sahak",
              "bowler": "Dawood Ahmadzai",
              "non_striker": "D Abeyrathna",
              "runs": {
                "batter": 1,
                "extras": 0,
                "total": 1
              }
            },
            {
              "batter": "D Abeyrathna",
              "bowler": "Dawood Ahmadzai",
              "non_striker": "Wahidullah Sahak",
              "runs": {
                "batter": 1,
                "extras": 0,
                "total": 1
              }
            },
            {
              "batter": "Wahidullah Sahak",
              "bowler": "Dawood Ahmadzai",
              "non_striker": "D Abeyrathna",
              "runs": {
                "batter": 4,
                "extras": 0,
                "total": 4
              }
            },
            {
              "batter": "Wahidullah Sahak",
              "bowler": "Dawood Ahmadzai",
              "non_striker": "D Abeyrathna",
              "runs": {
                "batter": 1,
                "extras": 0,
                "total": 1
              }
            },
            {
              "batter": "D Abeyrathna",
              "bowler": "Dawood Ahmadzai",
              "non_striker": "Wahidullah Sahak",
              "runs": {
                "batter": 0,
                "extras": 0,
                "total": 0
              }
            },
            {
              "batter": "D Abeyrathna",
              "bowler": "Dawood Ahmadzai",
              "non_striker": "Wahidullah Sahak",
              "runs": {
                "batter": 1,
                "extras": 0,
                "total": 1
              }
            }
          ]
        },
        {
          "over": 10,
          "deliveries": [
            {
              "batter": "D Abeyrathna",
              "bowler": "Rahmatullah Mangal",
              "non_striker": "Wahidullah Sahak",
              "runs": {
                "batter": 0,
                "extras": 0,
                "total": 0
              }
            },
            {
              "batter": "D Abeyrathna",
              "bowler": "Rahmatullah Mangal",
              "non_striker": "Wahidullah Sahak",
              "runs": {
                "batter": 4,
                "extras": 0,
                "total": 4
              }
            },
            {
              "batter": "D Abeyrathna",
              "bowler": "Rahmatullah Mangal",
              "non_striker": "Wahidullah Sahak",
              "runs": {
                "batter": 1,
                "extras": 0,
                "total": 1
              }
            },
            {
              "batter": "Wahidullah Sahak",
              "bowler": "Rahmatullah Mangal",
              "non_striker": "D Abeyrathna",
              "runs": {
                "batter": 2,
                "extras": 0,
                "total": 2
              }
            },
            {
              "batter": "Wahidullah Sahak",
              "bowler": "Rahmatullah Mangal",
              "extras": {
                "wides": 1
              },
              "non_striker": "D Abeyrathna",
              "runs": {
                "batter": 0,
                "extras": 1,
                "total": 1
              }
            },
            {
              "batter": "Wahidullah Sahak",
              "bowler": "Rahmatullah Mangal",
              "non_striker": "D Abeyrathna",
              "runs": {
                "batter": 0,
                "extras": 0,
                "total": 0
              }
            },
            {
              "batter": "Wahidullah Sahak",
              "bowler": "Rahmatullah Mangal",
              "non_striker": "D Abeyrathna",
              "runs": {
                "batter": 4,
                "extras": 0,
                "total": 4
              }
            }
          ]
        },
        {
          "over": 11,
          "deliveries": [
            {
              "batter": "D Abeyrathna",
              "bowler": "Dawood Ahmadzai",
              "non_striker": "Wahidullah Sahak",
              "runs": {
                "batter": 1,
                "extras": 0,
                "total": 1
              }
            },
            {
              "batter": "Wahidullah Sahak",
              "bowler": "Dawood Ahmadzai",
              "non_striker": "D Abeyrathna",
              "runs": {
                "batter": 0,
                "extras": 0,
                "total": 0
              }
            },
            {
              "batter": "Wahidullah Sahak",
              "bowler": "Dawood Ahmadzai",
              "non_striker": "D Abeyrathna",
              "runs": {
                "batter": 0,
                "extras": 0,
                "total": 0
              },
              "wickets": [
                {
                  "player_out": "Wahidullah Sahak",
                  "kind": "bowled"
                }
              ]
            },
            {
              "batter": "Bilal Safdar",
              "bowler": "Dawood Ahmadzai",
              "non_striker": "D Abeyrathna",
              "runs": {
                "batter": 1,
                "extras": 0,
                "total": 1
              }
            },
            {
              "batter": "D Abeyrathna",
              "bowler": "Dawood Ahmadzai",
              "non_striker": "Bilal Safdar",
              "runs": {
                "batter": 0,
                "extras": 0,
                "total": 0
              }
            },
            {
              "batter": "D Abeyrathna",
              "bowler": "Dawood Ahmadzai",
              "non_striker": "Bilal Safdar",
              "runs": {
                "batter": 2,
                "extras": 0,
                "total": 2
              }
            }
          ]
        },
        {
          "over": 12,
          "deliveries": [
            {
              "batter": "Bilal Safdar",
              "bowler": "Ibrahim Jabarkhel",
              "non_striker": "D Abeyrathna",
              "runs": {
                "batter": 1,
                "extras": 0,
                "total": 1
              }
            },
            {
              "batter": "D Abeyrathna",
              "bowler": "Ibrahim Jabarkhel",
              "non_striker": "Bilal Safdar",
              "runs": {
                "batter": 0,
                "extras": 0,
                "total": 0
              },
              "wickets": [
                {
                  "player_out": "D Abeyrathna",
                  "fielders": [
                    {
                      "name": "A Johnmary"
                    }
                  ],
                  "kind": "caught"
                }
              ]
            },
            {
              "batter": "Sher Sahak",
              "bowler": "Ibrahim Jabarkhel",
              "non_striker": "Bilal Safdar",
              "runs": {
                "batter": 0,
                "extras": 0,
                "total": 0
              }
            },
            {
              "batter": "Sher Sahak",
              "bowler": "Ibrahim Jabarkhel",
              "non_striker": "Bilal Safdar",
              "runs": {
                "batter": 1,
                "extras": 0,
                "total": 1
              }
            },
            {
              "batter": "Bilal Safdar",
              "bowler": "Ibrahim Jabarkhel",
              "non_striker": "Sher Sahak",
              "runs": {
                "batter": 1,
                "extras": 0,
                "total": 1
              }
            },
            {
              "batter": "Sher Sahak",
              "bowler": "Ibrahim Jabarkhel",
              "non_striker": "Bilal Safdar",
              "runs": {
                "batter": 2,
                "extras": 0,
                "total": 2
              }
            }
          ]
        },
        {
          "over": 13,
          "deliveries": [
            {
              "batter": "Bilal Safdar",
              "bowler": "Usman Khan",
              "non_striker": "Sher Sahak",
              "runs": {
                "batter": 1,
                "extras": 0,
                "total": 1
              }
            },
            {
              "batter": "Sher Sahak",
              "bowler": "Usman Khan",
              "non_striker": "Bilal Safdar",
              "runs": {
                "batter": 0,
                "extras": 0,
                "total": 0
              }
            },
            {
              "batter": "Sher Sahak",
              "bowler": "Usman Khan",
              "non_striker": "Bilal Safdar",
              "runs": {
                "batter": 6,
                "extras": 0,
                "total": 6
              }
            },
            {
              "batter": "Sher Sahak",
              "bowler": "Usman Khan",
              "non_striker": "Bilal Safdar",
              "runs": {
                "batter": 4,
                "extras": 0,
                "total": 4
              }
            },
            {
              "batter": "Sher Sahak",
              "bowler": "Usman Khan",
              "non_striker": "Bilal Safdar",
              "runs": {
                "batter": 1,
                "extras": 0,
                "total": 1
              }
            },
            {
              "batter": "Bilal Safdar",
              "bowler": "Usman Khan",
              "non_striker": "Sher Sahak",
              "runs": {
                "batter": 1,
                "extras": 0,
                "total": 1
              }
            }
          ]
        },
        {
          "over": 14,
          "deliveries": [
            {
              "batter": "Bilal Safdar",
              "bowler": "Ibrahim Jabarkhel",
              "non_striker": "Sher Sahak",
              "runs": {
                "batter": 1,
                "extras": 0,
                "total": 1
              }
            },
            {
              "batter": "Sher Sahak",
              "bowler": "Ibrahim Jabarkhel",
              "non_striker": "Bilal Safdar",
              "runs": {
                "batter": 6,
                "extras": 0,
                "total": 6
              }
            },
            {
              "batter": "Sher Sahak",
              "bowler": "Ibrahim Jabarkhel",
              "non_striker": "Bilal Safdar",
              "runs": {
                "batter": 2,
                "extras": 0,
                "total": 2
              }
            },
            {
              "batter": "Sher Sahak",
              "bowler": "Ibrahim Jabarkhel",
              "non_striker": "Bilal Safdar",
              "runs": {
                "batter": 1,
                "extras": 0,
                "total": 1
              }
            },
            {
              "batter": "Bilal Safdar",
              "bowler": "Ibrahim Jabarkhel",
              "non_striker": "Sher Sahak",
              "runs": {
                "batter": 0,
                "extras": 0,
                "total": 0
              }
            },
            {
              "batter": "Bilal Safdar",
              "bowler": "Ibrahim Jabarkhel",
              "non_striker": "Sher Sahak",
              "runs": {
                "batter": 2,
                "extras": 0,
                "total": 2
              }
            }
          ]
        },
        {
          "over": 15,
          "deliveries": [
            {
              "batter": "Sher Sahak",
              "bowler": "Usman Khan",
              "non_striker": "Bilal Safdar",
              "runs": {
                "batter": 1,
                "extras": 0,
                "total": 1
              }
            },
            {
              "batter": "Bilal Safdar",
              "bowler": "Usman Khan",
              "non_striker": "Sher Sahak",
              "runs": {
                "batter": 2,
                "extras": 0,
                "total": 2
              }
            },
            {
              "batter": "Bilal Safdar",
              "bowler": "Usman Khan",
              "non_striker": "Sher Sahak",
              "runs": {
                "batter": 0,
                "extras": 0,
                "total": 0
              },
              "wickets": [
                {
                  "player_out": "Bilal Safdar",
                  "fielders": [
                    {
                      "name": "Dawood Ahmadzai"
                    }
                  ],
                  "kind": "caught"
                }
              ]
            },
            {
              "batter": "Sher Sahak",
              "bowler": "Usman Khan",
              "non_striker": "Usman Arif",
              "runs": {
                "batter": 0,
                "extras": 0,
                "total": 0
              }
            },
            {
              "batter": "Sher Sahak",
              "bowler": "Usman Khan",
              "non_striker": "Usman Arif",
              "runs": {
                "batter": 4,
                "extras": 0,
                "total": 4
              }
            },
            {
              "batter": "Sher Sahak",
              "bowler": "Usman Khan",
              "extras": {
                "wides": 1
              },
              "non_striker": "Usman Arif",
              "runs": {
                "batter": 0,
                "extras": 1,
                "total": 1
              }
            },
            {
              "batter": "Sher Sahak",
              "bowler": "Usman Khan",
              "non_striker": "Usman Arif",
              "runs": {
                "batter": 1,
                "extras": 0,
                "total": 1
              }
            }
          ]
        },
        {
          "over": 16,
          "deliveries": [
            {
              "batter": "Sher Sahak",
              "bowler": "Rahmatullah Mangal",
              "non_striker": "Usman Arif",
              "runs": {
                "batter": 0,
                "extras": 0,
                "total": 0
              },
              "wickets": [
                {
                  "player_out": "Sher Sahak",
                  "fielders": [
                    {
                      "name": "Ibrahim Jabarkhel"
                    }
                  ],
                  "kind": "caught"
                }
              ]
            },
            {
              "batter": "Usman Arif",
              "bowler": "Rahmatullah Mangal",
              "extras": {
                "wides": 1
              },
              "non_striker": "Faizan Mumtaz",
              "runs": {
                "batter": 0,
                "extras": 1,
                "total": 1
              }
            },
            {
              "batter": "Usman Arif",
              "bowler": "Rahmatullah Mangal",
              "non_striker": "Faizan Mumtaz",
              "runs": {
                "batter": 1,
                "extras": 0,
                "total": 1
              }
            },
            {
              "batter": "Faizan Mumtaz",
              "bowler": "Rahmatullah Mangal",
              "non_striker": "Usman Arif",
              "runs": {
                "batter": 2,
                "extras": 0,
                "total": 2
              }
            },
            {
              "batter": "Faizan Mumtaz",
              "bowler": "Rahmatullah Mangal",
              "non_striker": "Usman Arif",
              "runs": {
                "batter": 0,
                "extras": 0,
                "total": 0
              }
            },
            {
              "batter": "Faizan Mumtaz",
              "bowler": "Rahmatullah Mangal",
              "non_striker": "Usman Arif",
              "runs": {
                "batter": 0,
                "extras": 0,
                "total": 0
              }
            },
            {
              "batter": "Faizan Mumtaz",
              "bowler": "Rahmatullah Mangal",
              "non_striker": "Usman Arif",
              "runs": {
                "batter": 2,
                "extras": 0,
                "total": 2
              }
            }
          ]
        },
        {
          "over": 17,
          "deliveries": [
            {
              "batter": "Usman Arif",
              "bowler": "Usman Khan",
              "non_striker": "Faizan Mumtaz",
              "runs": {
                "batter": 0,
                "extras": 0,
                "total": 0
              }
            },
            {
              "batter": "Usman Arif",
              "bowler": "Usman Khan",
              "non_striker": "Faizan Mumtaz",
              "runs": {
                "batter": 1,
                "extras": 0,
                "total": 1
              }
            },
            {
              "batter": "Faizan Mumtaz",
              "bowler": "Usman Khan",
              "non_striker": "Usman Arif",
              "runs": {
                "batter": 0,
                "extras": 0,
                "total": 0
              },
              "wickets": [
                {
                  "player_out": "Faizan Mumtaz",
                  "fielders": [
                    {
                      "name": "Ibrahim Jabarkhel"
                    }
                  ],
                  "kind": "caught"
                }
              ]
            },
            {
              "batter": "Usman Arif",
              "bowler": "Usman Khan",
              "non_striker": "S Waqas Ahmed",
              "runs": {
                "batter": 0,
                "extras": 0,
                "total": 0
              },
              "wickets": [
                {
                  "player_out": "Usman Arif",
                  "kind": "caught and bowled"
                }
              ]
            },
            {
              "batter": "S Waqas Ahmed",
              "bowler": "Usman Khan",
              "non_striker": "Vinay Ravi",
              "runs": {
                "batter": 1,
                "extras": 0,
                "total": 1
              }
            },
            {
              "batter": "Vinay Ravi",
              "bowler": "Usman Khan",
              "non_striker": "S Waqas Ahmed",
              "runs": {
                "batter": 1,
                "extras": 0,
                "total": 1
              }
            }
          ]
        },
        {
          "over": 18,
          "deliveries": [
            {
              "batter": "Vinay Ravi",
              "bowler": "Rahmatullah Mangal",
              "non_striker": "S Waqas Ahmed",
              "runs": {
                "batter": 1,
                "extras": 0,
                "total": 1
              }
            },
            {
              "batter": "S Waqas Ahmed",
              "bowler": "Rahmatullah Mangal",
              "non_striker": "Vinay Ravi",
              "runs": {
                "batter": 1,
                "extras": 0,
                "total": 1
              }
            },
            {
              "batter": "Vinay Ravi",
              "bowler": "Rahmatullah Mangal",
              "non_striker": "S Waqas Ahmed",
              "runs": {
                "batter": 1,
                "extras": 0,
                "total": 1
              }
            },
            {
              "batter": "S Waqas Ahmed",
              "bowler": "Rahmatullah Mangal",
              "non_striker": "Vinay Ravi",
              "runs": {
                "batter": 1,
                "extras": 0,
                "total": 1
              }
            },
            {
              "batter": "Vinay Ravi",
              "bowler": "Rahmatullah Mangal",
              "non_striker": "S Waqas Ahmed",
              "runs": {
                "batter": 0,
                "extras": 0,
                "total": 0
              }
            },
            {
              "batter": "Vinay Ravi",
              "bowler": "Rahmatullah Mangal",
              "non_striker": "S Waqas Ahmed",
              "runs": {
                "batter": 2,
                "extras": 0,
                "total": 2
              }
            }
          ]
        },
        {
          "over": 19,
          "deliveries": [
            {
              "batter": "S Waqas Ahmed",
              "bowler": "Noman Amjad",
              "non_striker": "Vinay Ravi",
              "runs": {
                "batter": 1,
                "extras": 0,
                "total": 1
              }
            },
            {
              "batter": "Vinay Ravi",
              "bowler": "Noman Amjad",
              "non_striker": "S Waqas Ahmed",
              "runs": {
                "batter": 4,
                "extras": 0,
                "total": 4
              }
            },
            {
              "batter": "Vinay Ravi",
              "bowler": "Noman Amjad",
              "non_striker": "S Waqas Ahmed",
              "runs": {
                "batter": 2,
                "extras": 0,
                "total": 2
              }
            },
            {
              "batter": "Vinay Ravi",
              "bowler": "Noman Amjad",
              "non_striker": "S Waqas Ahmed",
              "runs": {
                "batter": 2,
                "extras": 0,
                "total": 2
              }
            },
            {
              "batter": "Vinay Ravi",
              "bowler": "Noman Amjad",
              "non_striker": "S Waqas Ahmed",
              "runs": {
                "batter": 1,
                "extras": 0,
                "total": 1
              }
            },
            {
              "batter": "S Waqas Ahmed",
              "bowler": "Noman Amjad",
              "non_striker": "Vinay Ravi",
              "runs": {
                "batter": 2,
                "extras": 0,
                "total": 2
              }
            }
          ]
        }
      ],
      "powerplays": [
        {
          "from": 0.1,
          "to": 5.6,
          "type": "mandatory"
        }
      ]
    },
    {
      "team": "France",
      "overs": [
        {
          "over": 0,
          "deliveries": [
            {
              "batter": "U Shahid",
              "bowler": "Vinay Ravi",
              "non_striker": "Virk Ali",
              "runs": {
                "batter": 1,
                "extras": 0,
                "total": 1
              }
            },
            {
              "batter": "Virk Ali",
              "bowler": "Vinay Ravi",
              "non_striker": "U Shahid",
              "runs": {
                "batter": 0,
                "extras": 0,
                "total": 0
              }
            },
            {
              "batter": "Virk Ali",
              "bowler": "Vinay Ravi",
              "non_striker": "U Shahid",
              "runs": {
                "batter": 0,
                "extras": 0,
                "total": 0
              }
            },
            {
              "batter": "Virk Ali",
              "bowler": "Vinay Ravi",
              "non_striker": "U Shahid",
              "runs": {
                "batter": 0,
                "extras": 0,
                "total": 0
              },
              "wickets": [
                {
                  "player_out": "Virk Ali",
                  "fielders": [
                    {
                      "name": "Sher Sahak"
                    }
                  ],
                  "kind": "caught"
                }
              ]
            },
            {
              "batter": "Usman Khan",
              "bowler": "Vinay Ravi",
              "non_striker": "U Shahid",
              "runs": {
                "batter": 0,
                "extras": 0,
                "total": 0
              }
            },
            {
              "batter": "Usman Khan",
              "bowler": "Vinay Ravi",
              "non_striker": "U Shahid",
              "runs": {
                "batter": 0,
                "extras": 0,
                "total": 0
              }
            }
          ]
        },
        {
          "over": 1,
          "deliveries": [
            {
              "batter": "U Shahid",
              "bowler": "Sher Sahak",
              "non_striker": "Usman Khan",
              "runs": {
                "batter": 1,
                "extras": 0,
                "total": 1
              }
            },
            {
              "batter": "Usman Khan",
              "bowler": "Sher Sahak",
              "non_striker": "U Shahid",
              "runs": {
                "batter": 6,
                "extras": 0,
                "total": 6
              }
            },
            {
              "batter": "Usman Khan",
              "bowler": "Sher Sahak",
              "non_striker": "U Shahid",
              "runs": {
                "batter": 1,
                "extras": 0,
                "total": 1
              }
            },
            {
              "batter": "U Shahid",
              "bowler": "Sher Sahak",
              "non_striker": "Usman Khan",
              "runs": {
                "batter": 2,
                "extras": 0,
                "total": 2
              }
            },
            {
              "batter": "U Shahid",
              "bowler": "Sher Sahak",
              "non_striker": "Usman Khan",
              "runs": {
                "batter": 0,
                "extras": 0,
                "total": 0
              }
            },
            {
              "batter": "U Shahid",
              "bowler": "Sher Sahak",
              "non_striker": "Usman Khan",
              "runs": {
                "batter": 1,
                "extras": 0,
                "total": 1
              }
            }
          ]
        },
        {
          "over": 2,
          "deliveries": [
            {
              "batter": "U Shahid",
              "bowler": "Vinay Ravi",
              "non_striker": "Usman Khan",
              "runs": {
                "batter": 1,
                "extras": 0,
                "total": 1
              }
            },
            {
              "batter": "Usman Khan",
              "bowler": "Vinay Ravi",
              "non_striker": "U Shahid",
              "runs": {
                "batter": 1,
                "extras": 0,
                "total": 1
              }
            },
            {
              "batter": "U Shahid",
              "bowler": "Vinay Ravi",
              "non_striker": "Usman Khan",
              "runs": {
                "batter": 0,
                "extras": 0,
                "total": 0
              }
            },
            {
              "batter": "U Shahid",
              "bowler": "Vinay Ravi",
              "non_striker": "Usman Khan",
              "runs": {
                "batter": 0,
                "extras": 0,
                "total": 0
              }
            },
            {
              "batter": "U Shahid",
              "bowler": "Vinay Ravi",
              "non_striker": "Usman Khan",
              "runs": {
                "batter": 1,
                "extras": 0,
                "total": 1
              }
            },
            {
              "batter": "Usman Khan",
              "bowler": "Vinay Ravi",
              "non_striker": "U Shahid",
              "runs": {
                "batter": 4,
                "extras": 0,
                "total": 4
              }
            }
          ]
        },
        {
          "over": 3,
          "deliveries": [
            {
              "batter": "U Shahid",
              "bowler": "Usman Arif",
              "non_striker": "Usman Khan",
              "runs": {
                "batter": 2,
                "extras": 0,
                "total": 2
              }
            },
            {
              "batter": "U Shahid",
              "bowler": "Usman Arif",
              "non_striker": "Usman Khan",
              "runs": {
                "batter": 4,
                "extras": 0,
                "total": 4
              }
            },
            {
              "batter": "U Shahid",
              "bowler": "Usman Arif",
              "extras": {
                "wides": 1
              },
              "non_striker": "Usman Khan",
              "runs": {
                "batter": 0,
                "extras": 1,
                "total": 1
              }
            },
            {
              "batter": "U Shahid",
              "bowler": "Usman Arif",
              "non_striker": "Usman Khan",
              "runs": {
                "batter": 0,
                "extras": 0,
                "total": 0
              }
            },
            {
              "batter": "U Shahid",
              "bowler": "Usman Arif",
              "non_striker": "Usman Khan",
              "runs": {
                "batter": 1,
                "extras": 0,
                "total": 1
              }
            },
            {
              "batter": "Usman Khan",
              "bowler": "Usman Arif",
              "non_striker": "U Shahid",
              "runs": {
                "batter": 0,
                "extras": 0,
                "total": 0
              }
            },
            {
              "batter": "Usman Khan",
              "bowler": "Usman Arif",
              "non_striker": "U Shahid",
              "runs": {
                "batter": 0,
                "extras": 0,
                "total": 0
              },
              "wickets": [
                {
                  "player_out": "Usman Khan",
                  "kind": "bowled"
                }
              ]
            }
          ]
        },
        {
          "over": 4,
          "deliveries": [
            {
              "batter": "U Shahid",
              "bowler": "Vinay Ravi",
              "non_striker": "A Johnmary",
              "runs": {
                "batter": 1,
                "extras": 0,
                "total": 1
              }
            },
            {
              "batter": "A Johnmary",
              "bowler": "Vinay Ravi",
              "non_striker": "U Shahid",
              "runs": {
                "batter": 0,
                "extras": 0,
                "total": 0
              }
            },
            {
              "batter": "A Johnmary",
              "bowler": "Vinay Ravi",
              "non_striker": "U Shahid",
              "runs": {
                "batter": 0,
                "extras": 0,
                "total": 0
              }
            },
            {
              "batter": "A Johnmary",
              "bowler": "Vinay Ravi",
              "non_striker": "U Shahid",
              "runs": {
                "batter": 2,
                "extras": 0,
                "total": 2
              }
            },
            {
              "batter": "A Johnmary",
              "bowler": "Vinay Ravi",
              "non_striker": "U Shahid",
              "runs": {
                "batter": 1,
                "extras": 0,
                "total": 1
              }
            },
            {
              "batter": "U Shahid",
              "bowler": "Vinay Ravi",
              "non_striker": "A Johnmary",
              "runs": {
                "batter": 1,
                "extras": 0,
                "total": 1
              }
            }
          ]
        },
        {
          "over": 5,
          "deliveries": [
            {
              "batter": "U Shahid",
              "bowler": "Usman Arif",
              "non_striker": "A Johnmary",
              "runs": {
                "batter": 1,
                "extras": 0,
                "total": 1
              }
            },
            {
              "batter": "A Johnmary",
              "bowler": "Usman Arif",
              "non_striker": "U Shahid",
              "runs": {
                "batter": 0,
                "extras": 0,
                "total": 0
              }
            },
            {
              "batter": "A Johnmary",
              "bowler": "Usman Arif",
              "non_striker": "U Shahid",
              "runs": {
                "batter": 1,
                "extras": 0,
                "total": 1
              }
            },
            {
              "batter": "U Shahid",
              "bowler": "Usman Arif",
              "non_striker": "A Johnmary",
              "runs": {
                "batter": 0,
                "extras": 0,
                "total": 0
              }
            },
            {
              "batter": "U Shahid",
              "bowler": "Usman Arif",
              "non_striker": "A Johnmary",
              "runs": {
                "batter": 0,
                "extras": 0,
                "total": 0
              }
            },
            {
              "batter": "U Shahid",
              "bowler": "Usman Arif",
              "non_striker": "A Johnmary",
              "runs": {
                "batter": 0,
                "extras": 0,
                "total": 0
              }
            }
          ]
        },
        {
          "over": 6,
          "deliveries": [
            {
              "batter": "A Johnmary",
              "bowler": "Raza Iqbal",
              "non_striker": "U Shahid",
              "runs": {
                "batter": 0,
                "extras": 0,
                "total": 0
              }
            },
            {
              "batter": "A Johnmary",
              "bowler": "Raza Iqbal",
              "non_striker": "U Shahid",
              "runs": {
                "batter": 0,
                "extras": 0,
                "total": 0
              }
            },
            {
              "batter": "A Johnmary",
              "bowler": "Raza Iqbal",
              "non_striker": "U Shahid",
              "runs": {
                "batter": 2,
                "extras": 0,
                "total": 2
              }
            },
            {
              "batter": "A Johnmary",
              "bowler": "Raza Iqbal",
              "non_striker": "U Shahid",
              "runs": {
                "batter": 1,
                "extras": 0,
                "total": 1
              }
            },
            {
              "batter": "U Shahid",
              "bowler": "Raza Iqbal",
              "non_striker": "A Johnmary",
              "runs": {
                "batter": 2,
                "extras": 0,
                "total": 2
              }
            },
            {
              "batter": "U Shahid",
              "bowler": "Raza Iqbal",
              "non_striker": "A Johnmary",
              "runs": {
                "batter": 1,
                "extras": 0,
                "total": 1
              }
            }
          ]
        },
        {
          "over": 7,
          "deliveries": [
            {
              "batter": "U Shahid",
              "bowler": "P Bhart",
              "non_striker": "A Johnmary",
              "runs": {
                "batter": 1,
                "extras": 0,
                "total": 1
              }
            },
            {
              "batter": "A Johnmary",
              "bowler": "P Bhart",
              "non_striker": "U Shahid",
              "runs": {
                "batter": 0,
                "extras": 0,
                "total": 0
              }
            },
            {
              "batter": "A Johnmary",
              "bowler": "P Bhart",
              "non_striker": "U Shahid",
              "runs": {
                "batter": 0,
                "extras": 0,
                "total": 0
              }
            },
            {
              "batter": "A Johnmary",
              "bowler": "P Bhart",
              "non_striker": "U Shahid",
              "runs": {
                "batter": 1,
                "extras": 0,
                "total": 1
              }
            },
            {
              "batter": "U Shahid",
              "bowler": "P Bhart",
              "non_striker": "A Johnmary",
              "runs": {
                "batter": 1,
                "extras": 0,
                "total": 1
              }
            },
            {
              "batter": "A Johnmary",
              "bowler": "P Bhart",
              "non_striker": "U Shahid",
              "runs": {
                "batter": 0,
                "extras": 0,
                "total": 0
              },
              "wickets": [
                {
                  "player_out": "A Johnmary",
                  "fielders": [
                    {
                      "name": "Bilal Safdar"
                    }
                  ],
                  "kind": "caught"
                }
              ]
            }
          ]
        },
        {
          "over": 8,
          "deliveries": [
            {
              "batter": "Rahmatullah Mangal",
              "bowler": "Raza Iqbal",
              "non_striker": "U Shahid",
              "runs": {
                "batter": 0,
                "extras": 0,
                "total": 0
              }
            },
            {
              "batter": "Rahmatullah Mangal",
              "bowler": "Raza Iqbal",
              "non_striker": "U Shahid",
              "runs": {
                "batter": 0,
                "extras": 0,
                "total": 0
              }
            },
            {
              "batter": "Rahmatullah Mangal",
              "bowler": "Raza Iqbal",
              "non_striker": "U Shahid",
              "runs": {
                "batter": 1,
                "extras": 0,
                "total": 1
              }
            },
            {
              "batter": "U Shahid",
              "bowler": "Raza Iqbal",
              "non_striker": "Rahmatullah Mangal",
              "runs": {
                "batter": 0,
                "extras": 0,
                "total": 0
              }
            },
            {
              "batter": "U Shahid",
              "bowler": "Raza Iqbal",
              "non_striker": "Rahmatullah Mangal",
              "runs": {
                "batter": 1,
                "extras": 0,
                "total": 1
              }
            },
            {
              "batter": "Rahmatullah Mangal",
              "bowler": "Raza Iqbal",
              "non_striker": "U Shahid",
              "runs": {
                "batter": 0,
                "extras": 0,
                "total": 0
              }
            }
          ]
        },
        {
          "over": 9,
          "deliveries": [
            {
              "batter": "U Shahid",
              "bowler": "P Bhart",
              "non_striker": "Rahmatullah Mangal",
              "runs": {
                "batter": 1,
                "extras": 0,
                "total": 1
              }
            },
            {
              "batter": "Rahmatullah Mangal",
              "bowler": "P Bhart",
              "non_striker": "U Shahid",
              "runs": {
                "batter": 0,
                "extras": 0,
                "total": 0
              }
            },
            {
              "batter": "Rahmatullah Mangal",
              "bowler": "P Bhart",
              "non_striker": "U Shahid",
              "runs": {
                "batter": 2,
                "extras": 0,
                "total": 2
              }
            },
            {
              "batter": "Rahmatullah Mangal",
              "bowler": "P Bhart",
              "non_striker": "U Shahid",
              "runs": {
                "batter": 0,
                "extras": 0,
                "total": 0
              }
            },
            {
              "batter": "Rahmatullah Mangal",
              "bowler": "P Bhart",
              "non_striker": "U Shahid",
              "runs": {
                "batter": 1,
                "extras": 0,
                "total": 1
              }
            },
            {
              "batter": "U Shahid",
              "bowler": "P Bhart",
              "non_striker": "Rahmatullah Mangal",
              "runs": {
                "batter": 0,
                "extras": 0,
                "total": 0
              }
            }
          ]
        },
        {
          "over": 10,
          "deliveries": [
            {
              "batter": "Rahmatullah Mangal",
              "bowler": "Raza Iqbal",
              "non_striker": "U Shahid",
              "runs": {
                "batter": 4,
                "extras": 0,
                "total": 4
              }
            },
            {
              "batter": "Rahmatullah Mangal",
              "bowler": "Raza Iqbal",
              "non_striker": "U Shahid",
              "runs": {
                "batter": 1,
                "extras": 0,
                "total": 1
              }
            },
            {
              "batter": "U Shahid",
              "bowler": "Raza Iqbal",
              "non_striker": "Rahmatullah Mangal",
              "runs": {
                "batter": 1,
                "extras": 0,
                "total": 1
              }
            },
            {
              "batter": "Rahmatullah Mangal",
              "bowler": "Raza Iqbal",
              "non_striker": "U Shahid",
              "runs": {
                "batter": 0,
                "extras": 0,
                "total": 0
              }
            },
            {
              "batter": "Rahmatullah Mangal",
              "bowler": "Raza Iqbal",
              "non_striker": "U Shahid",
              "runs": {
                "batter": 1,
                "extras": 0,
                "total": 1
              }
            },
            {
              "batter": "U Shahid",
              "bowler": "Raza Iqbal",
              "non_striker": "Rahmatullah Mangal",
              "runs": {
                "batter": 0,
                "extras": 0,
                "total": 0
              }
            }
          ]
        },
        {
          "over": 11,
          "deliveries": [
            {
              "batter": "Rahmatullah Mangal",
              "bowler": "P Bhart",
              "non_striker": "U Shahid",
              "runs": {
                "batter": 1,
                "extras": 0,
                "total": 1
              }
            },
            {
              "batter": "U Shahid",
              "bowler": "P Bhart",
              "non_striker": "Rahmatullah Mangal",
              "runs": {
                "batter": 1,
                "extras": 0,
                "total": 1
              }
            },
            {
              "batter": "Rahmatullah Mangal",
              "bowler": "P Bhart",
              "non_striker": "U Shahid",
              "runs": {
                "batter": 6,
                "extras": 0,
                "total": 6
              }
            },
            {
              "batter": "Rahmatullah Mangal",
              "bowler": "P Bhart",
              "non_striker": "U Shahid",
              "runs": {
                "batter": 0,
                "extras": 0,
                "total": 0
              }
            },
            {
              "batter": "Rahmatullah Mangal",
              "bowler": "P Bhart",
              "non_striker": "U Shahid",
              "runs": {
                "batter": 0,
                "extras": 0,
                "total": 0
              }
            },
            {
              "batter": "Rahmatullah Mangal",
              "bowler": "P Bhart",
              "non_striker": "U Shahid",
              "runs": {
                "batter": 0,
                "extras": 0,
                "total": 0
              }
            }
          ]
        },
        {
          "over": 12,
          "deliveries": [
            {
              "batter": "U Shahid",
              "bowler": "Raza Iqbal",
              "non_striker": "Rahmatullah Mangal",
              "runs": {
                "batter": 0,
                "extras": 0,
                "total": 0
              }
            },
            {
              "batter": "U Shahid",
              "bowler": "Raza Iqbal",
              "non_striker": "Rahmatullah Mangal",
              "runs": {
                "batter": 1,
                "extras": 0,
                "total": 1
              }
            },
            {
              "batter": "Rahmatullah Mangal",
              "bowler": "Raza Iqbal",
              "non_striker": "U Shahid",
              "runs": {
                "batter": 0,
                "extras": 0,
                "total": 0
              }
            },
            {
              "batter": "Rahmatullah Mangal",
              "bowler": "Raza Iqbal",
              "non_striker": "U Shahid",
              "runs": {
                "batter": 1,
                "extras": 0,
                "total": 1
              }
            },
            {
              "batter": "U Shahid",
              "bowler": "Raza Iqbal",
              "non_striker": "Rahmatullah Mangal",
              "runs": {
                "batter": 1,
                "extras": 0,
                "total": 1
              }
            },
            {
              "batter": "Rahmatullah Mangal",
              "bowler": "Raza Iqbal",
              "non_striker": "U Shahid",
              "runs": {
                "batter": 0,
                "extras": 0,
                "total": 0
              },
              "wickets": [
                {
                  "player_out": "Rahmatullah Mangal",
                  "kind": "caught and bowled"
                }
              ]
            }
          ]
        },
        {
          "over": 13,
          "deliveries": [
            {
              "batter": "U Shahid",
              "bowler": "S Waqas Ahmed",
              "non_striker": "Noman Amjad",
              "runs": {
                "batter": 1,
                "extras": 0,
                "total": 1
              }
            },
            {
              "batter": "Noman Amjad",
              "bowler": "S Waqas Ahmed",
              "non_striker": "U Shahid",
              "runs": {
                "batter": 1,
                "extras": 0,
                "total": 1
              }
            },
            {
              "batter": "U Shahid",
              "bowler": "S Waqas Ahmed",
              "non_striker": "Noman Amjad",
              "runs": {
                "batter": 6,
                "extras": 0,
                "total": 6
              }
            },
            {
              "batter": "U Shahid",
              "bowler": "S Waqas Ahmed",
              "non_striker": "Noman Amjad",
              "runs": {
                "batter": 1,
                "extras": 0,
                "total": 1
              }
            },
            {
              "batter": "Noman Amjad",
              "bowler": "S Waqas Ahmed",
              "non_striker": "U Shahid",
              "runs": {
                "batter": 0,
                "extras": 0,
                "total": 0
              }
            },
            {
              "batter": "Noman Amjad",
              "bowler": "S Waqas Ahmed",
              "non_striker": "U Shahid",
              "runs": {
                "batter": 0,
                "extras": 0,
                "total": 0
              }
            }
          ]
        },
        {
          "over": 14,
          "deliveries": [
            {
              "batter": "U Shahid",
              "bowler": "P Bhart",
              "non_striker": "Noman Amjad",
              "runs": {
                "batter": 2,
                "extras": 0,
                "total": 2
              }
            },
            {
              "batter": "U Shahid",
              "bowler": "P Bhart",
              "non_striker": "Noman Amjad",
              "runs": {
                "batter": 1,
                "extras": 0,
                "total": 1
              }
            },
            {
              "batter": "Noman Amjad",
              "bowler": "P Bhart",
              "non_striker": "U Shahid",
              "runs": {
                "batter": 1,
                "extras": 0,
                "total": 1
              }
            },
            {
              "batter": "U Shahid",
              "bowler": "P Bhart",
              "non_striker": "Noman Amjad",
              "runs": {
                "batter": 1,
                "extras": 0,
                "total": 1
              }
            },
            {
              "batter": "Noman Amjad",
              "bowler": "P Bhart",
              "non_striker": "U Shahid",
              "runs": {
                "batter": 0,
                "extras": 0,
                "total": 0
              }
            },
            {
              "batter": "Noman Amjad",
              "bowler": "P Bhart",
              "extras": {
                "wides": 1
              },
              "non_striker": "U Shahid",
              "runs": {
                "batter": 0,
                "extras": 1,
                "total": 1
              }
            },
            {
              "batter": "Noman Amjad",
              "bowler": "P Bhart",
              "non_striker": "U Shahid",
              "runs": {
                "batter": 0,
                "extras": 0,
                "total": 0
              }
            }
          ]
        },
        {
          "over": 15,
          "deliveries": [
            {
              "batter": "U Shahid",
              "bowler": "S Waqas Ahmed",
              "non_striker": "Noman Amjad",
              "runs": {
                "batter": 0,
                "extras": 0,
                "total": 0
              }
            },
            {
              "batter": "U Shahid",
              "bowler": "S Waqas Ahmed",
              "non_striker": "Noman Amjad",
              "runs": {
                "batter": 0,
                "extras": 0,
                "total": 0
              }
            },
            {
              "batter": "U Shahid",
              "bowler": "S Waqas Ahmed",
              "non_striker": "Noman Amjad",
              "runs": {
                "batter": 2,
                "extras": 0,
                "total": 2
              }
            },
            {
              "batter": "U Shahid",
              "bowler": "S Waqas Ahmed",
              "non_striker": "Noman Amjad",
              "runs": {
                "batter": 0,
                "extras": 0,
                "total": 0
              }
            },
            {
              "batter": "U Shahid",
              "bowler": "S Waqas Ahmed",
              "non_striker": "Noman Amjad",
              "runs": {
                "batter": 1,
                "extras": 0,
                "total": 1
              }
            },
            {
              "batter": "Noman Amjad",
              "bowler": "S Waqas Ahmed",
              "non_striker": "U Shahid",
              "runs": {
                "batter": 2,
                "extras": 0,
                "total": 2
              }
            }
          ]
        },
        {
          "over": 16,
          "deliveries": [
            {
              "batter": "U Shahid",
              "bowler": "Vinay Ravi",
              "non_striker": "Noman Amjad",
              "runs": {
                "batter": 1,
                "extras": 0,
                "total": 1
              }
            },
            {
              "batter": "Noman Amjad",
              "bowler": "Vinay Ravi",
              "non_striker": "U Shahid",
              "runs": {
                "batter": 0,
                "extras": 0,
                "total": 0
              },
              "wickets": [
                {
                  "player_out": "Noman Amjad",
                  "fielders": [
                    {
                      "name": "Bilal Safdar"
                    }
                  ],
                  "kind": "caught"
                }
              ]
            },
            {
              "batter": "U Shahid",
              "bowler": "Vinay Ravi",
              "non_striker": "Jubaid Ahamed",
              "runs": {
                "batter": 1,
                "extras": 0,
                "total": 1
              }
            },
            {
              "batter": "Jubaid Ahamed",
              "bowler": "Vinay Ravi",
              "non_striker": "U Shahid",
              "runs": {
                "batter": 2,
                "extras": 0,
                "total": 2
              }
            },
            {
              "batter": "Jubaid Ahamed",
              "bowler": "Vinay Ravi",
              "non_striker": "U Shahid",
              "runs": {
                "batter": 0,
                "extras": 0,
                "total": 0
              }
            },
            {
              "batter": "Jubaid Ahamed",
              "bowler": "Vinay Ravi",
              "non_striker": "U Shahid",
              "runs": {
                "batter": 6,
                "extras": 0,
                "total": 6
              }
            }
          ]
        },
        {
          "over": 17,
          "deliveries": [
            {
              "batter": "U Shahid",
              "bowler": "Usman Arif",
              "non_striker": "Jubaid Ahamed",
              "runs": {
                "batter": 2,
                "extras": 0,
                "total": 2
              }
            },
            {
              "batter": "U Shahid",
              "bowler": "Usman Arif",
              "non_striker": "Jubaid Ahamed",
              "runs": {
                "batter": 4,
                "extras": 0,
                "total": 4
              }
            },
            {
              "batter": "U Shahid",
              "bowler": "Usman Arif",
              "non_striker": "Jubaid Ahamed",
              "runs": {
                "batter": 0,
                "extras": 0,
                "total": 0
              }
            },
            {
              "batter": "U Shahid",
              "bowler": "Usman Arif",
              "non_striker": "Jubaid Ahamed",
              "runs": {
                "batter": 4,
                "extras": 0,
                "total": 4
              }
            },
            {
              "batter": "U Shahid",
              "bowler": "Usman Arif",
              "non_striker": "Jubaid Ahamed",
              "runs": {
                "batter": 6,
                "extras": 0,
                "total": 6
              }
            },
            {
              "batter": "U Shahid",
              "bowler": "Usman Arif",
              "extras": {
                "wides": 1
              },
              "non_striker": "Jubaid Ahamed",
              "runs": {
                "batter": 0,
                "extras": 1,
                "total": 1
              }
            },
            {
              "batter": "U Shahid",
              "bowler": "Usman Arif",
              "non_striker": "Jubaid Ahamed",
              "runs": {
                "batter": 1,
                "extras": 0,
                "total": 1
              }
            }
          ]
        },
        {
          "over": 18,
          "deliveries": [
            {
              "batter": "U Shahid",
              "bowler": "Sher Sahak",
              "non_striker": "Jubaid Ahamed",
              "runs": {
                "batter": 1,
                "extras": 0,
                "total": 1
              }
            },
            {
              "batter": "Jubaid Ahamed",
              "bowler": "Sher Sahak",
              "non_striker": "U Shahid",
              "runs": {
                "batter": 0,
                "extras": 0,
                "total": 0
              }
            },
            {
              "batter": "Jubaid Ahamed",
              "bowler": "Sher Sahak",
              "non_striker": "U Shahid",
              "runs": {
                "batter": 2,
                "extras": 0,
                "total": 2
              }
            },
            {
              "batter": "Jubaid Ahamed",
              "bowler": "Sher Sahak",
              "non_striker": "U Shahid",
              "runs": {
                "batter": 1,
                "extras": 0,
                "total": 1
              }
            },
            {
              "batter": "U Shahid",
              "bowler": "Sher Sahak",
              "non_striker": "Jubaid Ahamed",
              "runs": {
                "batter": 1,
                "extras": 0,
                "total": 1
              }
            },
            {
              "batter": "Jubaid Ahamed",
              "bowler": "Sher Sahak",
              "non_striker": "U Shahid",
              "runs": {
                "batter": 0,
                "extras": 0,
                "total": 0
              },
              "wickets": [
                {
                  "player_out": "Jubaid Ahamed",
                  "fielders": [
                    {
                      "name": "Vinay Ravi"
                    }
                  ],
                  "kind": "caught"
                }
              ]
            }
          ]
        },
        {
          "over": 19,
          "deliveries": [
            {
              "batter": "U Shahid",
              "bowler": "Wahidullah Sahak",
              "non_striker": "L Canessane",
              "runs": {
                "batter": 0,
                "extras": 0,
                "total": 0
              },
              "wickets": [
                {
                  "player_out": "U Shahid",
                  "fielders": [
                    {
                      "name": "Raza Iqbal"
                    }
                  ],
                  "kind": "caught"
                }
              ]
            },
            {
              "batter": "HA Jackson",
              "bowler": "Wahidullah Sahak",
              "non_striker": "L Canessane",
              "runs": {
                "batter": 2,
                "extras": 0,
                "total": 2
              }
            },
            {
              "batter": "HA Jackson",
              "bowler": "Wahidullah Sahak",
              "non_striker": "L Canessane",
              "runs": {
                "batter": 4,
                "extras": 0,
                "total": 4
              }
            },
            {
              "batter": "HA Jackson",
              "bowler": "Wahidullah Sahak",
              "non_striker": "L Canessane",
              "runs": {
                "batter": 0,
                "extras": 0,
                "total": 0
              }
            },
            {
              "batter": "HA Jackson",
              "bowler": "Wahidullah Sahak",
              "non_striker": "L Canessane",
              "runs": {
                "batter": 0,
                "extras": 0,
                "total": 0
              },
              "wickets": [
                {
                  "player_out": "HA Jackson",
                  "kind": "run out"
                }
              ]
            },
            {
              "batter": "L Canessane",
              "bowler": "Wahidullah Sahak",
              "non_striker": "Dawood Ahmadzai",
              "runs": {
                "batter": 2,
                "extras": 0,
                "total": 2
              }
            }
          ]
        }
      ],
      "powerplays": [
        {
          "from": 0.1,
          "to": 5.6,
          "type": "mandatory"
        }
      ],
      "target": {
        "overs": 20,
        "runs": 132
      }
    }
  ]
}