{
  "meta": {
    "data_version": "1.0.0",
    "created": "2021-08-06",
    "revision": 1
  },
  "info": {
    "balls_per_over": 6,
    "city": "Krefeld",
    "dates": [
      "2021-08-05"
    ],
    "event": {
      "name": "Germany T20 Tri-Series",
      "match_number": 1
    },
    "gender": "male",
    "match_type": "T20",
    "match_type_number": 1213,
    "officials": {
      "reserve_umpires": [
        "J Flannery"
      ],
      "umpires": [
        "M Jameson",
        "Rizwan Akram"
      ]
    },
    "outcome": {
      "winner": "Germany",
      "by": {
        "wickets": 5
      }
    },
    "overs": 20,
    "player_of_match": [
      "Ghulam Ahmadi"
    ],
    "players": {
      "Norway": [
        "Raza Iqbal",
        "Faizan Mumtaz",
        "E Ul Haq",
        "D Abeyrathna",
        "Bilal Safdar",
        "S Waqas Ahmed",
        "P Bhart",
        "Usman Arif",
        "Sher Sahak",
        "Vinay Ravi",
        "Ahmadullah Shinwari"
      ],
      "Germany": [
        "VB Chikkannaiah",
        "Abdul-Shakoor Rahimzei",
        "Talha Khan",
        "DA Blignaut",
        "H Singh",
        "V Ganesan",
        "Sahir Naqash",
        "H Srinivasan",
        "SVE Bharathi",
        "Ghulam Ahmadi",
        "Sajid Liaqat"
      ]
    },
    "registry": {
      "people": {
        "Abdul-Shakoor Rahimzei": "e45810ed",
        "Ahmadullah Shinwari": "e068d48e",
        "Bilal Safdar": "1c4161b3",
        "D Abeyrathna": "ee17d329",
        "DA Blignaut": "cfcf189f",
        "E Ul Haq": "3559290a",
        "Faizan Mumtaz": "6d440f4b",
        "Ghulam Ahmadi": "2dfe0612",
        "H Singh": "8209da53",
        "H Srinivasan": "300bdcbb",
        "J Flannery": "22431c5a",
        "M Jameson": "bdf1ffe3",
        "P Bhart": "0daf3ffc",
        "Raza Iqbal": "eee46f77",
        "Rizwan Akram": "b5346f1e",
        "S Waqas Ahmed": "fb27d38c",
        "SVE Bharathi": "6a63c29c",
        "Sahir Naqash": "352e589f",
        "Sajid Liaqat": "b1b99a1a",
        "Sher Sahak": "8299b9a2",
        "Talha Khan": "8e5a1a7a",
        "Usman Arif": "fccc2d5a",
        "V Ganesan": "baa7dd37",
        "VB Chikkannaiah": "8e81b773",
        "Vinay Ravi": "9c181b99"
      }
    },
    "season": "2021",
    "team_type": "international",
    "teams": [
      "Norway",
      "Germany"
    ],
    "toss": {
      "decision": "field",
      "winner": "Germany"
    },
    "venue": "Bayer Uerdingen Cricket Ground"
  },
  "innings": [
    {
      "team": "Norway",
      "overs": [
        {
          "over": 0,
          "deliveries": [
            {
              "batter": "Raza Iqbal",
              "bowler": "Sajid Liaqat",
              "extras": {
                "wides": 1
              },
              "non_striker": "Faizan Mumtaz",
              "runs": {
                "batter": 0,
                "extras": 1,
                "total": 1
              }
            },
            {
              "batter": "Raza Iqbal",
              "bowler": "Sajid Liaqat",
              "non_striker": "Faizan Mumtaz",
              "runs": {
                "batter": 0,
                "extras": 0,
                "total": 0
              }
            },
            {
              "batter": "Raza Iqbal",
              "bowler": "Sajid Liaqat",
              "non_striker": "Faizan Mumtaz",
              "runs": {
                "batter": 0,
                "extras": 0,
                "total": 0
              }
            },
            {
              "batter": "Raza Iqbal",
              "bowler": "Sajid Liaqat",
              "non_striker": "Faizan Mumtaz",
              "runs": {
                "batter": 0,
                "extras": 0,
                "total": 0
              }
            },
            {
              "batter": "Raza Iqbal",
              "bowler": "Sajid Liaqat",
              "non_striker": "Faizan Mumtaz",
              "runs": {
                "batter": 1,
                "extras": 0,
                "total": 1
              }
            },
            {
              "batter": "Faizan Mumtaz",
              "bowler": "Sajid Liaqat",
              "non_striker": "Raza Iqbal",
              "runs": {
                "batter": 0,
                "extras": 0,
                "total": 0
              }
            },
            {
              "batter": "Faizan Mumtaz",
              "bowler": "Sajid Liaqat",
              "non_striker": "Raza Iqbal",
              "runs": {
                "batter": 0,
                "extras": 0,
                "total": 0
              },
              "wickets": [
                {
                  "player_out": "Raza Iqbal",
                  "kind": "run out"
                }
              ]
            }
          ]
        },
        {
          "over": 1,
          "deliveries": [
            {
              "batter": "Faizan Mumtaz",
              "bowler": "Ghulam Ahmadi",
              "non_striker": "E Ul Haq",
              "runs": {
                "batter": 0,
                "extras": 0,
                "total": 0
              }
            },
            {
              "batter": "Faizan Mumtaz",
              "bowler": "Ghulam Ahmadi",
              "non_striker": "E Ul Haq",
              "runs": {
                "batter": 0,
                "extras": 0,
                "total": 0
              }
            },
            {
              "batter": "Faizan Mumtaz",
              "bowler": "Ghulam Ahmadi",
              "non_striker": "E Ul Haq",
              "runs": {
                "batter": 0,
                "extras": 0,
                "total": 0
              },
              "wickets": [
                {
                  "player_out": "Faizan Mumtaz",
                  "fielders": [
                    {
                      "name": "H Srinivasan"
                    }
                  ],
                  "kind": "stumped"
                }
              ]
            },
            {
              "batter": "D Abeyrathna",
              "bowler": "Ghulam Ahmadi",
              "non_striker": "E Ul Haq",
              "runs": {
                "batter": 0,
                "extras": 0,
                "total": 0
              }
            },
            {
              "batter": "D Abeyrathna",
              "bowler": "Ghulam Ahmadi",
              "non_striker": "E Ul Haq",
              "runs": {
                "batter": 0,
                "extras": 0,
                "total": 0
              }
            },
            {
              "batter": "D Abeyrathna",
              "bowler": "Ghulam Ahmadi",
              "non_striker": "E Ul Haq",
              "runs": {
                "batter": 0,
                "extras": 0,
                "total": 0
              }
            }
          ]
        },
        {
          "over": 2,
          "deliveries": [
            {
              "batter": "E Ul Haq",
              "bowler": "Sajid Liaqat",
              "extras": {
                "wides": 1
              },
              "non_striker": "D Abeyrathna",
              "runs": {
                "batter": 0,
                "extras": 1,
                "total": 1
              }
            },
            {
              "batter": "E Ul Haq",
              "bowler": "Sajid Liaqat",
              "non_striker": "D Abeyrathna",
              "runs": {
                "batter": 0,
                "extras": 0,
                "total": 0
              }
            },
            {
              "batter": "E Ul Haq",
              "bowler": "Sajid Liaqat",
              "non_striker": "D Abeyrathna",
              "runs": {
                "batter": 0,
                "extras": 0,
                "total": 0
              },
              "wickets": [
                {
                  "player_out": "E Ul Haq",
                  "fielders": [
                    {
                      "name": "V Ganesan"
                    }
                  ],
                  "kind": "caught"
                }
              ]
            },
            {
              "batter": "Bilal Safdar",
              "bowler": "Sajid Liaqat",
              "non_striker": "D Abeyrathna",
              "runs": {
                "batter": 0,
                "extras": 0,
                "total": 0
              }
            },
            {
              "batter": "Bilal Safdar",
              "bowler": "Sajid Liaqat",
              "non_striker": "D Abeyrathna",
              "runs": {
                "batter": 1,
                "extras": 0,
                "total": 1
              }
            },
            {
              "batter": "D Abeyrathna",
              "bowler": "Sajid Liaqat",
              "non_striker": "Bilal Safdar",
              "runs": {
                "batter": 0,
                "extras": 0,
                "total": 0
              }
            },
            {
              "batter": "D Abeyrathna",
              "bowler": "Sajid Liaqat",
              "non_striker": "Bilal Safdar",
              "runs": {
                "batter": 2,
                "extras": 0,
                "total": 2
              }
            }
          ]
        },
        {
          "over": 3,
          "deliveries": [
            {
              "batter": "Bilal Safdar",
              "bowler": "Ghulam Ahmadi",
              "non_striker": "D Abeyrathna",
              "runs": {
                "batter": 0,
                "extras": 0,
                "total": 0
              },
              "wickets": [
                {
                  "player_out": "Bilal Safdar",
                  "fielders": [
                    {
                      "name": "V Ganesan"
                    }
                  ],
                  "kind": "caught"
                }
              ]
            },
            {
              "batter": "S Waqas Ahmed",
              "bowler": "Ghulam Ahmadi",
              "non_striker": "D Abeyrathna",
              "runs": {
                "batter": 0,
                "extras": 0,
                "total": 0
              }
            },
            {
              "batter": "S Waqas Ahmed",
              "bowler": "Ghulam Ahmadi",
              "non_striker": "D Abeyrathna",
              "runs": {
                "batter": 0,
                "extras": 0,
                "total": 0
              }
            },
            {
              "batter": "S Waqas Ahmed",
              "bowler": "Ghulam Ahmadi",
              "non_striker": "D Abeyrathna",
              "runs": {
                "batter": 0,
                "extras": 0,
                "total": 0
              }
            },
            {
              "batter": "S Waqas Ahmed",
              "bowler": "Ghulam Ahmadi",
              "non_striker": "D Abeyrathna",
              "runs": {
                "batter": 0,
                "extras": 0,
                "total": 0
              }
            },
            {
              "batter": "S Waqas Ahmed",
              "bowler": "Ghulam Ahmadi",
              "non_striker": "D Abeyrathna",
              "runs": {
                "batter": 3,
                "extras": 0,
                "total": 3
              }
            }
          ]
        },
        {
          "over": 4,
          "deliveries": [
            {
              "batter": "S Waqas Ahmed",
              "bowler": "SVE Bharathi",
              "non_striker": "D Abeyrathna",
              "runs": {
                "batter": 0,
                "extras": 0,
                "total": 0
              },
              "wickets": [
                {
                  "player_out": "S Waqas Ahmed",
                  "fielders": [
                    {
                      "name": "H Srinivasan"
                    }
                  ],
                  "kind": "caught"
                }
              ]
            },
            {
              "batter": "P Bhart",
              "bowler": "SVE Bharathi",
              "non_striker": "D Abeyrathna",
              "runs": {
                "batter": 0,
                "extras": 0,
                "total": 0
              }
            },
            {
              "batter": "P Bhart",
              "bowler": "SVE Bharathi",
              "non_striker": "D Abeyrathna",
              "runs": {
                "batter": 0,
                "extras": 0,
                "total": 0
              }
            },
            {
              "batter": "P Bhart",
              "bowler": "SVE Bharathi",
              "non_striker": "D Abeyrathna",
              "runs": {
                "batter": 0,
                "extras": 0,
                "total": 0
              }
            },
            {
              "batter": "P Bhart",
              "bowler": "SVE Bharathi",
              "non_striker": "D Abeyrathna",
              "runs": {
                "batter": 0,
                "extras": 0,
                "total": 0
              }
            },
            {
              "batter": "P Bhart",
              "bowler": "SVE Bharathi",
              "non_striker": "D Abeyrathna",
              "runs": {
                "batter": 1,
                "extras": 0,
                "total": 1
              }
            }
          ]
        },
        {
          "over": 5,
          "deliveries": [
            {
              "batter": "P Bhart",
              "bowler": "Ghulam Ahmadi",
              "non_striker": "D Abeyrathna",
              "runs": {
                "batter": 1,
                "extras": 0,
                "total": 1
              }
            },
            {
              "batter": "D Abeyrathna",
              "bowler": "Ghulam Ahmadi",
              "non_striker": "P Bhart",
              "runs": {
                "batter": 1,
                "extras": 0,
                "total": 1
              }
            },
            {
              "batter": "P Bhart",
              "bowler": "Ghulam Ahmadi",
              "non_striker": "D Abeyrathna",
              "runs": {
                "batter": 0,
                "extras": 0,
                "total": 0
              }
            },
            {
              "batter": "P Bhart",
              "bowler": "Ghulam Ahmadi",
              "non_striker": "D Abeyrathna",
              "runs": {
                "batter": 0,
                "extras": 0,
                "total": 0
              },
              "wickets": [
                {
                  "player_out": "P Bhart",
                  "fielders": [
                    {
                      "name": "V Ganesan"
                    }
                  ],
                  "kind": "caught"
                }
              ]
            },
            {
              "batter": "Usman Arif",
              "bowler": "Ghulam Ahmadi",
              "non_striker": "D Abeyrathna",
              "runs": {
                "batter": 0,
                "extras": 0,
                "total": 0
              }
            },
            {
              "batter": "Usman Arif",
              "bowler": "Ghulam Ahmadi",
              "non_striker": "D Abeyrathna",
              "runs": {
                "batter": 0,
                "extras": 0,
                "total": 0
              }
            }
          ]
        },
        {
          "over": 6,
          "deliveries": [
            {
              "batter": "D Abeyrathna",
              "bowler": "SVE Bharathi",
              "non_striker": "Usman Arif",
              "runs": {
                "batter": 0,
                "extras": 0,
                "total": 0
              }
            },
            {
              "batter": "D Abeyrathna",
              "bowler": "SVE Bharathi",
              "non_striker": "Usman Arif",
              "runs": {
                "batter": 0,
                "extras": 0,
                "total": 0
              }
            },
            {
              "batter": "D Abeyrathna",
              "bowler": "SVE Bharathi",
              "non_striker": "Usman Arif",
              "runs": {
                "batter": 0,
                "extras": 0,
                "total": 0
              }
            },
            {
              "batter": "D Abeyrathna",
              "bowler": "SVE Bharathi",
              "non_striker": "Usman Arif",
              "runs": {
                "batter": 0,
                "extras": 0,
                "total": 0
              }
            },
            {
              "batter": "D Abeyrathna",
              "bowler": "SVE Bharathi",
              "non_striker": "Usman Arif",
              "runs": {
                "batter": 0,
                "extras": 0,
                "total": 0
              }
            },
            {
              "batter": "D Abeyrathna",
              "bowler": "SVE Bharathi",
              "non_striker": "Usman Arif",
              "runs": {
                "batter": 0,
                "extras": 0,
                "total": 0
              }
            }
          ]
        },
        {
          "over": 7,
          "deliveries": [
            {
              "batter": "Usman Arif",
              "bowler": "Ghulam Ahmadi",
              "non_striker": "D Abeyrathna",
              "runs": {
                "batter": 0,
                "extras": 0,
                "total": 0
              },
              "wickets": [
                {
                  "player_out": "Usman Arif",
                  "fielders": [
                    {
                      "name": "DA Blignaut"
                    }
                  ],
                  "kind": "caught"
                }
              ]
            },
            {
              "batter": "D Abeyrathna",
              "bowler": "Ghulam Ahmadi",
              "non_striker": "Sher Sahak",
              "runs": {
                "batter": 0,
                "extras": 0,
                "total": 0
              }
            },
            {
              "batter": "D Abeyrathna",
              "bowler": "Ghulam Ahmadi",
              "non_striker": "Sher Sahak",
              "runs": {
                "batter": 0,
                "extras": 0,
                "total": 0
              }
            },
            {
              "batter": "D Abeyrathna",
              "bowler": "Ghulam Ahmadi",
              "non_striker": "Sher Sahak",
              "runs": {
                "batter": 0,
                "extras": 0,
                "total": 0
              }
            },
            {
              "batter": "D Abeyrathna",
              "bowler": "Ghulam Ahmadi",
              "non_striker": "Sher Sahak",
              "runs": {
                "batter": 0,
                "extras": 0,
                "total": 0
              }
            },
            {
              "batter": "D Abeyrathna",
              "bowler": "Ghulam Ahmadi",
              "non_striker": "Sher Sahak",
              "runs": {
                "batter": 0,
                "extras": 0,
                "total": 0
              }
            }
          ]
        },
        {
          "over": 8,
          "deliveries": [
            {
              "batter": "Sher Sahak",
              "bowler": "SVE Bharathi",
              "non_striker": "D Abeyrathna",
              "runs": {
                "batter": 1,
                "extras": 0,
                "total": 1
              }
            },
            {
              "batter": "D Abeyrathna",
              "bowler": "SVE Bharathi",
              "non_striker": "Sher Sahak",
              "runs": {
                "batter": 0,
                "extras": 0,
                "total": 0
              }
            },
            {
              "batter": "D Abeyrathna",
              "bowler": "SVE Bharathi",
              "non_striker": "Sher Sahak",
              "runs": {
                "batter": 6,
                "extras": 0,
                "total": 6
              }
            },
            {
              "batter": "D Abeyrathna",
              "bowler": "SVE Bharathi",
              "non_striker": "Sher Sahak",
              "runs": {
                "batter": 0,
                "extras": 0,
                "total": 0
              }
            },
            {
              "batter": "D Abeyrathna",
              "bowler": "SVE Bharathi",
              "non_striker": "Sher Sahak",
              "runs": {
                "batter": 0,
                "extras": 0,
                "total": 0
              }
            },
            {
              "batter": "D Abeyrathna",
              "bowler": "SVE Bharathi",
              "non_striker": "Sher Sahak",
              "runs": {
                "batter": 0,
                "extras": 0,
                "total": 0
              }
            }
          ]
        },
        {
          "over": 9,
          "deliveries": [
            {
              "batter": "Sher Sahak",
              "bowler": "V Ganesan",
              "extras": {
                "wides": 1
              },
              "non_striker": "D Abeyrathna",
              "runs": {
                "batter": 0,
                "extras": 1,
                "total": 1
              }
            },
            {
              "batter": "Sher Sahak",
              "bowler": "V Ganesan",
              "non_striker": "D Abeyrathna",
              "runs": {
                "batter": 1,
                "extras": 0,
                "total": 1
              }
            },
            {
              "batter": "D Abeyrathna",
              "bowler": "V Ganesan",
              "non_striker": "Sher Sahak",
              "runs": {
                "batter": 1,
                "extras": 0,
                "total": 1
              }
            },
            {
              "batter": "Sher Sahak",
              "bowler": "V Ganesan",
              "non_striker": "D Abeyrathna",
              "runs": {
                "batter": 0,
                "extras": 0,
                "total": 0
              }
            },
            {
              "batter": "Sher Sahak",
              "bowler": "V Ganesan",
              "non_striker": "D Abeyrathna",
              "runs": {
                "batter": 0,
                "extras": 0,
                "total": 0
              }
            },
            {
              "batter": "Sher Sahak",
              "bowler": "V Ganesan",
              "non_striker": "D Abeyrathna",
              "runs": {
                "batter": 0,
                "extras": 0,
                "total": 0
              }
            },
            {
              "batter": "Sher Sahak",
              "bowler": "V Ganesan",
              "non_striker": "D Abeyrathna",
              "runs": {
                "batter": 1,
                "extras": 0,
                "total": 1
              }
            }
          ]
        },
        {
          "over": 10,
          "deliveries": [
            {
              "batter": "Sher Sahak",
              "bowler": "Sahir Naqash",
              "non_striker": "D Abeyrathna",
              "runs": {
                "batter": 0,
                "extras": 0,
                "total": 0
              }
            },
            {
              "batter": "Sher Sahak",
              "bowler": "Sahir Naqash",
              "non_striker": "D Abeyrathna",
              "runs": {
                "batter": 0,
                "extras": 0,
                "total": 0
              }
            },
            {
              "batter": "Sher Sahak",
              "bowler": "Sahir Naqash",
              "non_striker": "D Abeyrathna",
              "runs": {
                "batter": 1,
                "extras": 0,
                "total": 1
              }
            },
            {
              "batter": "D Abeyrathna",
              "bowler": "Sahir Naqash",
              "non_striker": "Sher Sahak",
              "runs": {
                "batter": 1,
                "extras": 0,
                "total": 1
              }
            },
            {
              "batter": "Sher Sahak",
              "bowler": "Sahir Naqash",
              "non_striker": "D Abeyrathna",
              "runs": {
                "batter": 0,
                "extras": 0,
                "total": 0
              }
            },
            {
              "batter": "Sher Sahak",
              "bowler": "Sahir Naqash",
              "non_striker": "D Abeyrathna",
              "runs": {
                "batter": 1,
                "extras": 0,
                "total": 1
              }
            }
          ]
        },
        {
          "over": 11,
          "deliveries": [
            {
              "batter": "Sher Sahak",
              "bowler": "V Ganesan",
              "non_striker": "D Abeyrathna",
              "runs": {
                "batter": 1,
                "extras": 0,
                "total": 1
              }
            },
            {
              "batter": "D Abeyrathna",
              "bowler": "V Ganesan",
              "non_striker": "Sher Sahak",
              "runs": {
                "batter": 0,
                "extras": 0,
                "total": 0
              }
            },
            {
              "batter": "D Abeyrathna",
              "bowler": "V Ganesan",
              "non_striker": "Sher Sahak",
              "runs": {
                "batter": 1,
                "extras": 0,
                "total": 1
              }
            },
            {
              "batter": "Sher Sahak",
              "bowler": "V Ganesan",
              "non_striker": "D Abeyrathna",
              "runs": {
                "batter": 0,
                "extras": 0,
                "total": 0
              }
            },
            {
              "batter": "Sher Sahak",
              "bowler": "V Ganesan",
              "non_striker": "D Abeyrathna",
              "runs": {
                "batter": 0,
                "extras": 0,
                "total": 0
              }
            },
            {
              "batter": "Sher Sahak",
              "bowler": "V Ganesan",
              "non_striker": "D Abeyrathna",
              "runs": {
                "batter": 1,
                "extras": 0,
                "total": 1
              }
            }
          ]
        },
        {
          "over": 12,
          "deliveries": [
            {
              "batter": "Sher Sahak",
              "bowler": "Sahir Naqash",
              "non_striker": "D Abeyrathna",
              "runs": {
                "batter": 0,
                "extras": 0,
                "total": 0
              }
            },
            {
              "batter": "Sher Sahak",
              "bowler": "Sahir Naqash",
              "non_striker": "D Abeyrathna",
              "runs": {
                "batter": 6,
                "extras": 0,
                "total": 6
              }
            },
            {
              "batter": "Sher Sahak",
              "bowler": "Sahir Naqash",
              "non_striker": "D Abeyrathna",
              "runs": {
                "batter": 0,
                "extras": 0,
                "total": 0
              }
            },
            {
              "batter": "Sher Sahak",
              "bowler": "Sahir Naqash",
              "non_striker": "D Abeyrathna",
              "runs": {
                "batter": 1,
                "extras": 0,
                "total": 1
              }
            },
            {
              "batter": "D Abeyrathna",
              "bowler": "Sahir Naqash",
              "non_striker": "Sher Sahak",
              "runs": {
                "batter": 1,
                "extras": 0,
                "total": 1
              }
            },
            {
              "batter": "Sher Sahak",
              "bowler": "Sahir Naqash",
              "non_striker": "D Abeyrathna",
              "runs": {
                "batter": 0,
                "extras": 0,
                "total": 0
              }
            }
          ]
        },
        {
          "over": 13,
          "deliveries": [
            {
              "batter": "D Abeyrathna",
              "bowler": "V Ganesan",
              "non_striker": "Sher Sahak",
              "runs": {
                "batter": 2,
                "extras": 0,
                "total": 2
              }
            },
            {
              "batter": "D Abeyrathna",
              "bowler": "V Ganesan",
              "non_striker": "Sher Sahak",
              "runs": {
                "batter": 0,
                "extras": 0,
                "total": 0
              }
            },
            {
              "batter": "D Abeyrathna",
              "bowler": "V Ganesan",
              "non_striker": "Sher Sahak",
              "runs": {
                "batter": 1,
                "extras": 0,
                "total": 1
              }
            },
            {
              "batter": "Sher Sahak",
              "bowler": "V Ganesan",
              "non_striker": "D Abeyrathna",
              "runs": {
                "batter": 0,
                "extras": 0,
                "total": 0
              }
            },
            {
              "batter": "Sher Sahak",
              "bowler": "V Ganesan",
              "non_striker": "D Abeyrathna",
              "runs": {
                "batter": 0,
                "extras": 0,
                "total": 0
              }
            },
            {
              "batter": "Sher Sahak",
              "bowler": "V Ganesan",
              "non_striker": "D Abeyrathna",
              "runs": {
                "batter": 1,
                "extras": 0,
                "total": 1
              }
            }
          ]
        },
        {
          "over": 14,
          "deliveries": [
            {
              "batter": "Sher Sahak",
              "bowler": "SVE Bharathi",
              "non_striker": "D Abeyrathna",
              "runs": {
                "batter": 1,
                "extras": 0,
                "total": 1
              }
            },
            {
              "batter": "D Abeyrathna",
              "bowler": "SVE Bharathi",
              "non_striker": "Sher Sahak",
              "runs": {
                "batter": 1,
                "extras": 0,
                "total": 1
              }
            },
            {
              "batter": "Sher Sahak",
              "bowler": "SVE Bharathi",
              "non_striker": "D Abeyrathna",
              "runs": {
                "batter": 0,
                "extras": 0,
                "total": 0
              }
            },
            {
              "batter": "Sher Sahak",
              "bowler": "SVE Bharathi",
              "non_striker": "D Abeyrathna",
              "runs": {
                "batter": 1,
                "extras": 0,
                "total": 1
              }
            },
            {
              "batter": "D Abeyrathna",
              "bowler": "SVE Bharathi",
              "non_striker": "Sher Sahak",
              "runs": {
                "batter": 1,
                "extras": 0,
                "total": 1
              }
            },
            {
              "batter": "Sher Sahak",
              "bowler": "SVE Bharathi",
              "non_striker": "D Abeyrathna",
              "runs": {
                "batter": 0,
                "extras": 0,
                "total": 0
              }
            }
          ]
        },
        {
          "over": 15,
          "deliveries": [
            {
              "batter": "D Abeyrathna",
              "bowler": "V Ganesan",
              "non_striker": "Sher Sahak",
              "runs": {
                "batter": 0,
                "extras": 0,
                "total": 0
              }
            },
            {
              "batter": "D Abeyrathna",
              "bowler": "V Ganesan",
              "non_striker": "Sher Sahak",
              "runs": {
                "batter": 2,
                "extras": 0,
                "total": 2
              }
            },
            {
              "batter": "D Abeyrathna",
              "bowler": "V Ganesan",
              "non_striker": "Sher Sahak",
              "runs": {
                "batter": 0,
                "extras": 0,
                "total": 0
              }
            },
            {
              "batter": "D Abeyrathna",
              "bowler": "V Ganesan",
              "non_striker": "Sher Sahak",
              "runs": {
                "batter": 0,
                "extras": 0,
                "total": 0
              }
            },
            {
              "batter": "D Abeyrathna",
              "bowler": "V Ganesan",
              "extras": {
                "wides": 1
              },
              "non_striker": "Sher Sahak",
              "runs": {
                "batter": 0,
                "extras": 1,
                "total": 1
              }
            },
            {
              "batter": "D Abeyrathna",
              "bowler": "V Ganesan",
              "non_striker": "Sher Sahak",
              "runs": {
                "batter": 1,
                "extras": 0,
                "total": 1
              }
            },
            {
              "batter": "Sher Sahak",
              "bowler": "V Ganesan",
              "non_striker": "D Abeyrathna",
              "runs": {
                "batter": 0,
                "extras": 0,
                "total": 0
              }
            }
          ]
        },
        {
          "over": 16,
          "deliveries": [
            {
              "batter": "D Abeyrathna",
              "bowler": "Sajid Liaqat",
              "non_striker": "Sher Sahak",
              "runs": {
                "batter": 0,
                "extras": 0,
                "total": 0
              }
            },
            {
              "batter": "D Abeyrathna",
              "bowler": "Sajid Liaqat",
              "non_striker": "Sher Sahak",
              "runs": {
                "batter": 1,
                "extras": 0,
                "total": 1
              }
            },
            {
              "batter": "Sher Sahak",
              "bowler": "Sajid Liaqat",
              "non_striker": "D Abeyrathna",
              "runs": {
                "batter": 4,
                "extras": 0,
                "total": 4
              }
            },
            {
              "batter": "Sher Sahak",
              "bowler": "Sajid Liaqat",
              "non_striker": "D Abeyrathna",
              "runs": {
                "batter": 1,
                "extras": 0,
                "total": 1
              }
            },
            {
              "batter": "D Abeyrathna",
              "bowler": "Sajid Liaqat",
              "non_striker": "Sher Sahak",
              "runs": {
                "batter": 1,
                "extras": 0,
                "total": 1
              }
            },
            {
              "batter": "Sher Sahak",
              "bowler": "Sajid Liaqat",
              "non_striker": "D Abeyrathna",
              "runs": {
                "batter": 6,
                "extras": 0,
                "total": 6
              }
            }
          ]
        },
        {
          "over": 17,
          "deliveries": [
            {
              "batter": "D Abeyrathna",
              "bowler": "Sahir Naqash",
              "non_striker": "Sher Sahak",
              "runs": {
                "batter": 2,
                "extras": 0,
                "total": 2
              }
            },
            {
              "batter": "D Abeyrathna",
              "bowler": "Sahir Naqash",
              "non_striker": "Sher Sahak",
              "runs": {
                "batter": 0,
                "extras": 0,
                "total": 0
              }
            },
            {
              "batter": "D Abeyrathna",
              "bowler": "Sahir Naqash",
              "non_striker": "Sher Sahak",
              "runs": {
                "batter": 4,
                "extras": 0,
                "total": 4
              }
            },
            {
              "batter": "D Abeyrathna",
              "bowler": "Sahir Naqash",
              "non_striker": "Sher Sahak",
              "runs": {
                "batter": 1,
                "extras": 0,
                "total": 1
              }
            },
            {
              "batter": "Sher Sahak",
              "bowler": "Sahir Naqash",
              "non_striker": "D Abeyrathna",
              "runs": {
                "batter": 2,
                "extras": 0,
                "total": 2
              }
            },
            {
              "batter": "Sher Sahak",
              "bowler": "Sahir Naqash",
              "non_striker": "D Abeyrathna",
              "runs": {
                "batter": 0,
                "extras": 0,
                "total": 0
              },
              "wickets": [
                {
                  "player_out": "Sher Sahak",
                  "kind": "bowled"
                }
              ]
            }
          ]
        },
        {
          "over": 18,
          "deliveries": [
            {
              "batter": "D Abeyrathna",
              "bowler": "Sajid Liaqat",
              "non_striker": "Vinay Ravi",
              "runs": {
                "batter": 0,
                "extras": 0,
                "total": 0
              },
              "wickets": [
                {
                  "player_out": "D Abeyrathna",
                  "fielders": [
                    {
                      "name": "DA Blignaut"
                    }
                  ],
                  "kind": "caught"
                }
              ]
            },
            {
              "batter": "Vinay Ravi",
              "bowler": "Sajid Liaqat",
              "non_striker": "Ahmadullah Shinwari",
              "runs": {
                "batter": 4,
                "extras": 0,
                "total": 4
              }
            },
            {
              "batter": "Vinay Ravi",
              "bowler": "Sajid Liaqat",
              "non_striker": "Ahmadullah Shinwari",
              "runs": {
                "batter": 1,
                "extras": 0,
                "total": 1
              }
            },
            {
              "batter": "Ahmadullah Shinwari",
              "bowler": "Sajid Liaqat",
              "non_striker": "Vinay Ravi",
              "runs": {
                "batter": 0,
                "extras": 0,
                "total": 0
              },
              "wickets": [
                {
                  "player_out": "Ahmadullah Shinwari",
                  "fielders": [
                    {
                      "name": "Ghulam Ahmadi"
                    }
                  ],
                  "kind": "caught"
                }
              ]
            }
          ]
        }
      ],
      "powerplays": [
        {
          "from": 0.1,
          "to": 5.6,
          "type": "mandatory"
        }
      ]
    },
    {
      "team": "Germany",
      "overs": [
        {
          "over": 0,
          "deliveries": [
            {
              "batter": "VB Chikkannaiah",
              "bowler": "P Bhart",
              "non_striker": "Abdul-Shakoor Rahimzei",
              "runs": {
                "batter": 1,
                "extras": 0,
                "total": 1
              }
            },
            {
              "batter": "Abdul-Shakoor Rahimzei",
              "bowler": "P Bhart",
              "non_striker": "VB Chikkannaiah",
              "runs": {
                "batter": 0,
                "extras": 0,
                "total": 0
              }
            },
            {
              "batter": "Abdul-Shakoor Rahimzei",
              "bowler": "P Bhart",
              "non_striker": "VB Chikkannaiah",
              "runs": {
                "batter": 1,
                "extras": 0,
                "total": 1
              }
            },
            {
              "batter": "VB Chikkannaiah",
              "bowler": "P Bhart",
              "non_striker": "Abdul-Shakoor Rahimzei",
              "runs": {
                "batter": 0,
                "extras": 0,
                "total": 0
              }
            },
            {
              "batter": "VB Chikkannaiah",
              "bowler": "P Bhart",
              "non_striker": "Abdul-Shakoor Rahimzei",
              "runs": {
                "batter": 4,
                "extras": 0,
                "total": 4
              }
            },
            {
              "batter": "VB Chikkannaiah",
              "bowler": "P Bhart",
              "non_striker": "Abdul-Shakoor Rahimzei",
              "runs": {
                "batter": 1,
                "extras": 0,
                "total": 1
              }
            }
          ]
        },
        {
          "over": 1,
          "deliveries": [
            {
              "batter": "VB Chikkannaiah",
              "bowler": "Vinay Ravi",
              "non_striker": "Abdul-Shakoor Rahimzei",
              "runs": {
                "batter": 1,
                "extras": 0,
                "total": 1
              }
            },
            {
              "batter": "Abdul-Shakoor Rahimzei",
              "bowler": "Vinay Ravi",
              "non_striker": "VB Chikkannaiah",
              "runs": {
                "batter": 0,
                "extras": 0,
                "total": 0
              }
            },
            {
              "batter": "Abdul-Shakoor Rahimzei",
              "bowler": "Vinay Ravi",
              "non_striker": "VB Chikkannaiah",
              "runs": {
                "batter": 0,
                "extras": 0,
                "total": 0
              }
            },
            {
              "batter": "Abdul-Shakoor Rahimzei",
              "bowler": "Vinay Ravi",
              "extras": {
                "wides": 1
              },
              "non_striker": "VB Chikkannaiah",
              "runs": {
                "batter": 0,
                "extras": 1,
                "total": 1
              }
            },
            {
              "batter": "Abdul-Shakoor Rahimzei",
              "bowler": "Vinay Ravi",
              "non_striker": "VB Chikkannaiah",
              "runs": {
                "batter": 1,
                "extras": 0,
                "total": 1
              }
            },
            {
              "batter": "VB Chikkannaiah",
              "bowler": "Vinay Ravi",
              "non_striker": "Abdul-Shakoor Rahimzei",
              "runs": {
                "batter": 0,
                "extras": 0,
                "total": 0
              }
            },
            {
              "batter": "VB Chikkannaiah",
              "bowler": "Vinay Ravi",
              "non_striker": "Abdul-Shakoor Rahimzei",
              "runs": {
                "batter": 1,
                "extras": 0,
                "total": 1
              }
            }
          ]
        },
        {
          "over": 2,
          "deliveries": [
            {
              "batter": "VB Chikkannaiah",
              "bowler": "Ahmadullah Shinwari",
              "non_striker": "Abdul-Shakoor Rahimzei",
              "runs": {
                "batter": 0,
                "extras": 0,
                "total": 0
              }
            },
            {
              "batter": "VB Chikkannaiah",
              "bowler": "Ahmadullah Shinwari",
              "non_striker": "Abdul-Shakoor Rahimzei",
              "runs": {
                "batter": 0,
                "extras": 0,
                "total": 0
              }
            },
            {
              "batter": "VB Chikkannaiah",
              "bowler": "Ahmadullah Shinwari",
              "non_striker": "Abdul-Shakoor Rahimzei",
              "runs": {
                "batter": 4,
                "extras": 0,
                "total": 4
              }
            },
            {
              "batter": "VB Chikkannaiah",
              "bowler": "Ahmadullah Shinwari",
              "extras": {
                "wides": 1
              },
              "non_striker": "Abdul-Shakoor Rahimzei",
              "runs": {
                "batter": 0,
                "extras": 1,
                "total": 1
              }
            },
            {
              "batter": "VB Chikkannaiah",
              "bowler": "Ahmadullah Shinwari",
              "non_striker": "Abdul-Shakoor Rahimzei",
              "runs": {
                "batter": 4,
                "extras": 0,
                "total": 4
              }
            },
            {
              "batter": "VB Chikkannaiah",
              "bowler": "Ahmadullah Shinwari",
              "non_striker": "Abdul-Shakoor Rahimzei",
              "runs": {
                "batter": 0,
                "extras": 0,
                "total": 0
              }
            },
            {
              "batter": "VB Chikkannaiah",
              "bowler": "Ahmadullah Shinwari",
              "non_striker": "Abdul-Shakoor Rahimzei",
              "runs": {
                "batter": 0,
                "extras": 0,
                "total": 0
              }
            }
          ]
        },
        {
          "over": 3,
          "deliveries": [
            {
              "batter": "Abdul-Shakoor Rahimzei",
              "bowler": "Vinay Ravi",
              "non_striker": "VB Chikkannaiah",
              "runs": {
                "batter": 1,
                "extras": 0,
                "total": 1
              }
            },
            {
              "batter": "VB Chikkannaiah",
              "bowler": "Vinay Ravi",
              "non_striker": "Abdul-Shakoor Rahimzei",
              "runs": {
                "batter": 0,
                "extras": 0,
                "total": 0
              },
              "wickets": [
                {
                  "player_out": "VB Chikkannaiah",
                  "fielders": [
                    {
                      "name": "Usman Arif"
                    }
                  ],
                  "kind": "caught"
                }
              ]
            },
            {
              "batter": "Talha Khan",
              "bowler": "Vinay Ravi",
              "non_striker": "Abdul-Shakoor Rahimzei",
              "runs": {
                "batter": 0,
                "extras": 0,
                "total": 0
              }
            },
            {
              "batter": "Talha Khan",
              "bowler": "Vinay Ravi",
              "non_striker": "Abdul-Shakoor Rahimzei",
              "runs": {
                "batter": 4,
                "extras": 0,
                "total": 4
              }
            },
            {
              "batter": "Talha Khan",
              "bowler": "Vinay Ravi",
              "non_striker": "Abdul-Shakoor Rahimzei",
              "runs": {
                "batter": 0,
                "extras": 0,
                "total": 0
              }
            },
            {
              "batter": "Talha Khan",
              "bowler": "Vinay Ravi",
              "non_striker": "Abdul-Shakoor Rahimzei",
              "runs": {
                "batter": 1,
                "extras": 0,
                "total": 1
              }
            }
          ]
        },
        {
          "over": 4,
          "deliveries": [
            {
              "batter": "Talha Khan",
              "bowler": "Ahmadullah Shinwari",
              "non_striker": "Abdul-Shakoor Rahimzei",
              "runs": {
                "batter": 1,
                "extras": 0,
                "total": 1
              }
            },
            {
              "batter": "Abdul-Shakoor Rahimzei",
              "bowler": "Ahmadullah Shinwari",
              "non_striker": "Talha Khan",
              "runs": {
                "batter": 0,
                "extras": 0,
                "total": 0
              }
            },
            {
              "batter": "Abdul-Shakoor Rahimzei",
              "bowler": "Ahmadullah Shinwari",
              "non_striker": "Talha Khan",
              "runs": {
                "batter": 0,
                "extras": 0,
                "total": 0
              }
            },
            {
              "batter": "Abdul-Shakoor Rahimzei",
              "bowler": "Ahmadullah Shinwari",
              "non_striker": "Talha Khan",
              "runs": {
                "batter": 0,
                "extras": 0,
                "total": 0
              }
            },
            {
              "batter": "Abdul-Shakoor Rahimzei",
              "bowler": "Ahmadullah Shinwari",
              "non_striker": "Talha Khan",
              "runs": {
                "batter": 1,
                "extras": 0,
                "total": 1
              }
            },
            {
              "batter": "Talha Khan",
              "bowler": "Ahmadullah Shinwari",
              "non_striker": "Abdul-Shakoor Rahimzei",
              "runs": {
                "batter": 4,
                "extras": 0,
                "total": 4
              }
            }
          ]
        },
        {
          "over": 5,
          "deliveries": [
            {
              "batter": "Abdul-Shakoor Rahimzei",
              "bowler": "Vinay Ravi",
              "non_striker": "Talha Khan",
              "runs": {
                "batter": 0,
                "extras": 0,
                "total": 0
              }
            },
            {
              "batter": "Abdul-Shakoor Rahimzei",
              "bowler": "Vinay Ravi",
              "non_striker": "Talha Khan",
              "runs": {
                "batter": 0,
                "extras": 0,
                "total": 0
              }
            },
            {
              "batter": "Abdul-Shakoor Rahimzei",
              "bowler": "Vinay Ravi",
              "non_striker": "Talha Khan",
              "runs": {
                "batter": 0,
                "extras": 0,
                "total": 0
              }
            },
            {
              "batter": "Abdul-Shakoor Rahimzei",
              "bowler": "Vinay Ravi",
              "non_striker": "Talha Khan",
              "runs": {
                "batter": 2,
                "extras": 0,
                "total": 2
              }
            },
            {
              "batter": "Abdul-Shakoor Rahimzei",
              "bowler": "Vinay Ravi",
              "non_striker": "Talha Khan",
              "runs": {
                "batter": 0,
                "extras": 0,
                "total": 0
              }
            },
            {
              "batter": "Abdul-Shakoor Rahimzei",
              "bowler": "Vinay Ravi",
              "non_striker": "Talha Khan",
              "runs": {
                "batter": 0,
                "extras": 0,
                "total": 0
              }
            }
          ]
        },
        {
          "over": 6,
          "deliveries": [
            {
              "batter": "Talha Khan",
              "bowler": "S Waqas Ahmed",
              "non_striker": "Abdul-Shakoor Rahimzei",
              "runs": {
                "batter": 0,
                "extras": 0,
                "total": 0
              }
            },
            {
              "batter": "Talha Khan",
              "bowler": "S Waqas Ahmed",
              "non_striker": "Abdul-Shakoor Rahimzei",
              "runs": {
                "batter": 1,
                "extras": 0,
                "total": 1
              }
            },
            {
              "batter": "Abdul-Shakoor Rahimzei",
              "bowler": "S Waqas Ahmed",
              "non_striker": "Talha Khan",
              "runs": {
                "batter": 1,
                "extras": 0,
                "total": 1
              }
            },
            {
              "batter": "Talha Khan",
              "bowler": "S Waqas Ahmed",
              "non_striker": "Abdul-Shakoor Rahimzei",
              "runs": {
                "batter": 1,
                "extras": 0,
                "total": 1
              }
            },
            {
              "batter": "Abdul-Shakoor Rahimzei",
              "bowler": "S Waqas Ahmed",
              "non_striker": "Talha Khan",
              "runs": {
                "batter": 2,
                "extras": 0,
                "total": 2
              }
            },
            {
              "batter": "Abdul-Shakoor Rahimzei",
              "bowler": "S Waqas Ahmed",
              "non_striker": "Talha Khan",
              "runs": {
                "batter": 0,
                "extras": 0,
                "total": 0
              }
            }
          ]
        },
        {
          "over": 7,
          "deliveries": [
            {
              "batter": "Talha Khan",
              "bowler": "Vinay Ravi",
              "non_striker": "Abdul-Shakoor Rahimzei",
              "runs": {
                "batter": 4,
                "extras": 0,
                "total": 4
              }
            },
            {
              "batter": "Talha Khan",
              "bowler": "Vinay Ravi",
              "non_striker": "Abdul-Shakoor Rahimzei",
              "runs": {
                "batter": 0,
                "extras": 0,
                "total": 0
              }
            },
            {
              "batter": "Talha Khan",
              "bowler": "Vinay Ravi",
              "non_striker": "Abdul-Shakoor Rahimzei",
              "runs": {
                "batter": 0,
                "extras": 0,
                "total": 0
              },
              "wickets": [
                {
                  "player_out": "Talha Khan",
                  "fielders": [
                    {
                      "name": "D Abeyrathna"
                    }
                  ],
                  "kind": "caught"
                }
              ]
            },
            {
              "batter": "DA Blignaut",
              "bowler": "Vinay Ravi",
              "non_striker": "Abdul-Shakoor Rahimzei",
              "runs": {
                "batter": 0,
                "extras": 0,
                "total": 0
              }
            },
            {
              "batter": "DA Blignaut",
              "bowler": "Vinay Ravi",
              "non_striker": "Abdul-Shakoor Rahimzei",
              "runs": {
                "batter": 0,
                "extras": 0,
                "total": 0
              }
            },
            {
              "batter": "DA Blignaut",
              "bowler": "Vinay Ravi",
              "non_striker": "Abdul-Shakoor Rahimzei",
              "runs": {
                "batter": 0,
                "extras": 0,
                "total": 0
              }
            }
          ]
        },
        {
          "over": 8,
          "deliveries": [
            {
              "batter": "Abdul-Shakoor Rahimzei",
              "bowler": "S Waqas Ahmed",
              "non_striker": "DA Blignaut",
              "runs": {
                "batter": 0,
                "extras": 0,
                "total": 0
              }
            },
            {
              "batter": "Abdul-Shakoor Rahimzei",
              "bowler": "S Waqas Ahmed",
              "non_striker": "DA Blignaut",
              "runs": {
                "batter": 0,
                "extras": 0,
                "total": 0
              }
            },
            {
              "batter": "Abdul-Shakoor Rahimzei",
              "bowler": "S Waqas Ahmed",
              "non_striker": "DA Blignaut",
              "runs": {
                "batter": 0,
                "extras": 0,
                "total": 0
              }
            },
            {
              "batter": "Abdul-Shakoor Rahimzei",
              "bowler": "S Waqas Ahmed",
              "non_striker": "DA Blignaut",
              "runs": {
                "batter": 0,
                "extras": 0,
                "total": 0
              },
              "wickets": [
                {
                  "player_out": "Abdul-Shakoor Rahimzei",
                  "fielders": [
                    {
                      "name": "Usman Arif"
                    }
                  ],
                  "kind": "caught"
                }
              ]
            },
            {
              "batter": "H Singh",
              "bowler": "S Waqas Ahmed",
              "non_striker": "DA Blignaut",
              "runs": {
                "batter": 0,
                "extras": 0,
                "total": 0
              }
            },
            {
              "batter": "H Singh",
              "bowler": "S Waqas Ahmed",
              "non_striker": "DA Blignaut",
              "runs": {
                "batter": 0,
                "extras": 0,
                "total": 0
              }
            }
          ]
        },
        {
          "over": 9,
          "deliveries": [
            {
              "batter": "DA Blignaut",
              "bowler": "Raza Iqbal",
              "non_striker": "H Singh",
              "runs": {
                "batter": 1,
                "extras": 0,
                "total": 1
              }
            },
            {
              "batter": "H Singh",
              "bowler": "Raza Iqbal",
              "non_striker": "DA Blignaut",
              "runs": {
                "batter": 1,
                "extras": 0,
                "total": 1
              }
            },
            {
              "batter": "DA Blignaut",
              "bowler": "Raza Iqbal",
              "non_striker": "H Singh",
              "runs": {
                "batter": 0,
                "extras": 0,
                "total": 0
              }
            },
            {
              "batter": "DA Blignaut",
              "bowler": "Raza Iqbal",
              "non_striker": "H Singh",
              "runs": {
                "batter": 0,
                "extras": 0,
                "total": 0
              }
            },
            {
              "batter": "DA Blignaut",
              "bowler": "Raza Iqbal",
              "non_striker": "H Singh",
              "runs": {
                "batter": 0,
                "extras": 0,
                "total": 0
              },
              "wickets": [
                {
                  "player_out": "DA Blignaut",
                  "fielders": [
                    {
                      "name": "Bilal Safdar"
                    }
                  ],
                  "kind": "caught"
                }
              ]
            },
            {
              "batter": "V Ganesan",
              "bowler": "Raza Iqbal",
              "non_striker": "H Singh",
              "runs": {
                "batter": 0,
                "extras": 0,
                "total": 0
              }
            }
          ]
        },
        {
          "over": 10,
          "deliveries": [
            {
              "batter": "H Singh",
              "bowler": "S Waqas Ahmed",
              "non_striker": "V Ganesan",
              "runs": {
                "batter": 0,
                "extras": 0,
                "total": 0
              }
            },
            {
              "batter": "H Singh",
              "bowler": "S Waqas Ahmed",
              "non_striker": "V Ganesan",
              "runs": {
                "batter": 0,
                "extras": 0,
                "total": 0
              }
            },
            {
              "batter": "H Singh",
              "bowler": "S Waqas Ahmed",
              "non_striker": "V Ganesan",
              "runs": {
                "batter": 1,
                "extras": 0,
                "total": 1
              }
            },
            {
              "batter": "V Ganesan",
              "bowler": "S Waqas Ahmed",
              "non_striker": "H Singh",
              "runs": {
                "batter": 0,
                "extras": 0,
                "total": 0
              }
            },
            {
              "batter": "V Ganesan",
              "bowler": "S Waqas Ahmed",
              "non_striker": "H Singh",
              "runs": {
                "batter": 0,
                "extras": 0,
                "total": 0
              }
            },
            {
              "batter": "V Ganesan",
              "bowler": "S Waqas Ahmed",
              "non_striker": "H Singh",
              "runs": {
                "batter": 0,
                "extras": 0,
                "total": 0
              }
            }
          ]
        },
        {
          "over": 11,
          "deliveries": [
            {
              "batter": "H Singh",
              "bowler": "Raza Iqbal",
              "non_striker": "V Ganesan",
              "runs": {
                "batter": 0,
                "extras": 0,
                "total": 0
              }
            },
            {
              "batter": "H Singh",
              "bowler": "Raza Iqbal",
              "non_striker": "V Ganesan",
              "runs": {
                "batter": 0,
                "extras": 0,
                "total": 0
              }
            },
            {
              "batter": "H Singh",
              "bowler": "Raza Iqbal",
              "non_striker": "V Ganesan",
              "runs": {
                "batter": 0,
                "extras": 0,
                "total": 0
              }
            },
            {
              "batter": "H Singh",
              "bowler": "Raza Iqbal",
              "non_striker": "V Ganesan",
              "runs": {
                "batter": 1,
                "extras": 0,
                "total": 1
              }
            },
            {
              "batter": "V Ganesan",
              "bowler": "Raza Iqbal",
              "non_striker": "H Singh",
              "runs": {
                "batter": 1,
                "extras": 0,
                "total": 1
              }
            },
            {
              "batter": "H Singh",
              "bowler": "Raza Iqbal",
              "non_striker": "V Ganesan",
              "runs": {
                "batter": 0,
                "extras": 0,
                "total": 0
              }
            }
          ]
        },
        {
          "over": 12,
          "deliveries": [
            {
              "batter": "V Ganesan",
              "bowler": "S Waqas Ahmed",
              "non_striker": "H Singh",
              "runs": {
                "batter": 1,
                "extras": 0,
                "total": 1
              }
            },
            {
              "batter": "H Singh",
              "bowler": "S Waqas Ahmed",
              "non_striker": "V Ganesan",
              "runs": {
                "batter": 1,
                "extras": 0,
                "total": 1
              }
            },
            {
              "batter": "V Ganesan",
              "bowler": "S Waqas Ahmed",
              "non_striker": "H Singh",
              "runs": {
                "batter": 1,
                "extras": 0,
                "total": 1
              }
            },
            {
              "batter": "H Singh",
              "bowler": "S Waqas Ahmed",
              "non_striker": "V Ganesan",
              "runs": {
                "batter": 4,
                "extras": 0,
                "total": 4
              }
            },
            {
              "batter": "H Singh",
              "bowler": "S Waqas Ahmed",
              "non_striker": "V Ganesan",
              "runs": {
                "batter": 1,
                "extras": 0,
                "total": 1
              }
            },
            {
              "batter": "V Ganesan",
              "bowler": "S Waqas Ahmed",
              "non_striker": "H Singh",
              "runs": {
                "batter": 0,
                "extras": 0,
                "total": 0
              }
            }
          ]
        },
        {
          "over": 13,
          "deliveries": [
            {
              "batter": "H Singh",
              "bowler": "Raza Iqbal",
              "non_striker": "V Ganesan",
              "runs": {
                "batter": 0,
                "extras": 0,
                "total": 0
              }
            },
            {
              "batter": "H Singh",
              "bowler": "Raza Iqbal",
              "non_striker": "V Ganesan",
              "runs": {
                "batter": 1,
                "extras": 0,
                "total": 1
              }
            },
            {
              "batter": "V Ganesan",
              "bowler": "Raza Iqbal",
              "extras": {
                "wides": 1
              },
              "non_striker": "H Singh",
              "runs": {
                "batter": 0,
                "extras": 1,
                "total": 1
              }
            },
            {
              "batter": "V Ganesan",
              "bowler": "Raza Iqbal",
              "non_striker": "H Singh",
              "runs": {
                "batter": 0,
                "extras": 0,
                "total": 0
              }
            },
            {
              "batter": "V Ganesan",
              "bowler": "Raza Iqbal",
              "non_striker": "H Singh",
              "runs": {
                "batter": 1,
                "extras": 0,
                "total": 1
              }
            },
            {
              "batter": "H Singh",
              "bowler": "Raza Iqbal",
              "non_striker": "V Ganesan",
              "runs": {
                "batter": 0,
                "extras": 0,
                "total": 0
              },
              "wickets": [
                {
                  "player_out": "H Singh",
                  "fielders": [
                    {
                      "name": "Bilal Safdar"
                    }
                  ],
                  "kind": "caught"
                }
              ]
            },
            {
              "batter": "Sahir Naqash",
              "bowler": "Raza Iqbal",
              "non_striker": "V Ganesan",
              "runs": {
                "batter": 0,
                "extras": 0,
                "total": 0
              }
            }
          ]
        },
        {
          "over": 14,
          "deliveries": [
            {
              "batter": "V Ganesan",
              "bowler": "P Bhart",
              "non_striker": "Sahir Naqash",
              "runs": {
                "batter": 0,
                "extras": 0,
                "total": 0
              }
            },
            {
              "batter": "V Ganesan",
              "bowler": "P Bhart",
              "non_striker": "Sahir Naqash",
              "runs": {
                "batter": 1,
                "extras": 0,
                "total": 1
              }
            },
            {
              "batter": "Sahir Naqash",
              "bowler": "P Bhart",
              "non_striker": "V Ganesan",
              "runs": {
                "batter": 0,
                "extras": 0,
                "total": 0
              }
            },
            {
              "batter": "Sahir Naqash",
              "bowler": "P Bhart",
              "non_striker": "V Ganesan",
              "runs": {
                "batter": 1,
                "extras": 0,
                "total": 1
              }
            },
            {
              "batter": "V Ganesan",
              "bowler": "P Bhart",
              "non_striker": "Sahir Naqash",
              "runs": {
                "batter": 1,
                "extras": 0,
                "total": 1
              }
            },
            {
              "batter": "Sahir Naqash",
              "bowler": "P Bhart",
              "non_striker": "V Ganesan",
              "runs": {
                "batter": 1,
                "extras": 0,
                "total": 1
              }
            }
          ]
        },
        {
          "over": 15,
          "deliveries": [
            {
              "batter": "Sahir Naqash",
              "bowler": "Raza Iqbal",
              "non_striker": "V Ganesan",
              "runs": {
                "batter": 1,
                "extras": 0,
                "total": 1
              }
            },
            {
              "batter": "V Ganesan",
              "bowler": "Raza Iqbal",
              "non_striker": "Sahir Naqash",
              "runs": {
                "batter": 1,
                "extras": 0,
                "total": 1
              }
            },
            {
              "batter": "Sahir Naqash",
              "bowler": "Raza Iqbal",
              "non_striker": "V Ganesan",
              "runs": {
                "batter": 2,
                "extras": 0,
                "total": 2
              }
            },
            {
              "batter": "Sahir Naqash",
              "bowler": "Raza Iqbal",
              "non_striker": "V Ganesan",
              "runs": {
                "batter": 1,
                "extras": 0,
                "total": 1
              }
            },
            {
              "batter": "V Ganesan",
              "bowler": "Raza Iqbal",
              "non_striker": "Sahir Naqash",
              "runs": {
                "batter": 1,
                "extras": 0,
                "total": 1
              }
            },
            {
              "batter": "Sahir Naqash",
              "bowler": "Raza Iqbal",
              "non_striker": "V Ganesan",
              "runs": {
                "batter": 1,
                "extras": 0,
                "total": 1
              }
            }
          ]
        },
        {
          "over": 16,
          "deliveries": [
            {
              "batter": "Sahir Naqash",
              "bowler": "P Bhart",
              "non_striker": "V Ganesan",
              "runs": {
                "batter": 0,
                "extras": 0,
                "total": 0
              }
            },
            {
              "batter": "Sahir Naqash",
              "bowler": "P Bhart",
              "non_striker": "V Ganesan",
              "runs": {
                "batter": 0,
                "extras": 0,
                "total": 0
              }
            },
            {
              "batter": "Sahir Naqash",
              "bowler": "P Bhart",
              "non_striker": "V Ganesan",
              "runs": {
                "batter": 1,
                "extras": 0,
                "total": 1
              }
            },
            {
              "batter": "V Ganesan",
              "bowler": "P Bhart",
              "non_striker": "Sahir Naqash",
              "runs": {
                "batter": 2,
                "extras": 0,
                "total": 2
              }
            },
            {
              "batter": "V Ganesan",
              "bowler": "P Bhart",
              "non_striker": "Sahir Naqash",
              "runs": {
                "batter": 1,
                "extras": 0,
                "total": 1
              }
            },
            {
              "batter": "Sahir Naqash",
              "bowler": "P Bhart",
              "non_striker": "V Ganesan",
              "runs": {
                "batter": 2,
                "extras": 0,
                "total": 2
              }
            }
          ]
        },
        {
          "over": 17,
          "deliveries": [
            {
              "batter": "V Ganesan",
              "bowler": "Sher Sahak",
              "non_striker": "Sahir Naqash",
              "runs": {
                "batter": 4,
                "extras": 0,
                "total": 4
              }
            }
          ]
        }
      ],
      "powerplays": [
        {
          "from": 0.1,
          "to": 5.6,
          "type": "mandatory"
        }
      ],
      "target": {
        "overs": 20,
        "runs": 77
      }
    }
  ]
}