{
  "meta": {
    "data_version": "1.0.0",
    "created": "2021-08-30",
    "revision": 1
  },
  "info": {
    "balls_per_over": 6,
    "city": "Harare",
    "dates": [
      "2021-08-30"
    ],
    "event": {
      "name": "Thailand Women tour of Zimbabwe",
      "match_number": 3
    },
    "gender": "female",
    "match_type": "T20",
    "match_type_number": 942,
    "missing": [
      "player_of_match"
    ],
    "officials": {
      "match_referees": [
        "ET Dube"
      ],
      "reserve_umpires": [
        "F Mutizwa"
      ],
      "umpires": [
        "C Phiri",
        "I Chabi"
      ]
    },
    "outcome": {
      "winner": "Thailand",
      "by": {
        "runs": 27
      }
    },
    "overs": 20,
    "players": {
      "Thailand": [
        "N Boochatham",
        "N Chantam",
        "N Koncharoenkai",
        "O Kamchomphu",
        "N Chaiwai",
        "W Liengprasert",
        "C Sutthiruang",
        "R Padunglerd",
        "S Laomi",
        "S Tippoch",
        "T Putthawong"
      ],
      "Zimbabwe": [
        "P Marange",
        "M Mupachikwa",
        "CS Mugeri",
        "M Musonda",
        "CT Dhururu",
        "N Gwanzura",
        "N Mutasa",
        "L Tshuma",
        "L Phiri",
        "A Mazvishaya",
        "N Sibanda"
      ]
    },
    "registry": {
      "people": {
        "A Mazvishaya": "09a58e2d",
        "C Phiri": "ade73404",
        "C Sutthiruang": "f6ddfe08",
        "CS Mugeri": "99c86133",
        "CT Dhururu": "8d7fba79",
        "ET Dube": "4c0891bc",
        "F Mutizwa": "d3e83eef",
        "I Chabi": "5e39110e",
        "L Phiri": "cca8bdca",
        "L Tshuma": "f281dd00",
        "M Mupachikwa": "6657b319",
        "M Musonda": "94b52754",
        "N Boochatham": "58acb320",
        "N Chaiwai": "0825e4b3",
        "N Chantam": "b5626ff7",
        "N Gwanzura": "9c2e3040",
        "N Koncharoenkai": "82c78412",
        "N Mutasa": "b5341b28",
        "N Sibanda": "edf62a25",
        "O Kamchomphu": "519b872a",
        "P Marange": "a4f1fdd4",
        "R Padunglerd": "8b6c33d0",
        "S Laomi": "4b15618c",
        "S Tippoch": "9c4b58db",
        "T Putthawong": "23e3f2d6",
        "W Liengprasert": "4dabe716"
      }
    },
    "season": "2021",
    "team_type": "international",
    "teams": [
      "Thailand",
      "Zimbabwe"
    ],
    "toss": {
      "decision": "bat",
      "winner": "Thailand"
    },
    "venue": "Takashinga Sports Club, Highfield, Harare"
  },
  "innings": [
    {
      "team": "Thailand",
      "overs": [
        {
          "over": 0,
          "deliveries": [
            {
              "batter": "N Boochatham",
              "bowler": "N Sibanda",
              "non_striker": "N Chantam",
              "runs": {
                "batter": 0,
                "extras": 0,
                "total": 0
              }
            },
            {
              "batter": "N Boochatham",
              "bowler": "N Sibanda",
              "non_striker": "N Chantam",
              "runs": {
                "batter": 0,
                "extras": 0,
                "total": 0
              }
            },
            {
              "batter": "N Boochatham",
              "bowler": "N Sibanda",
              "non_striker": "N Chantam",
              "runs": {
                "batter": 4,
                "extras": 0,
                "total": 4
              }
            },
            {
              "batter": "N Boochatham",
              "bowler": "N Sibanda",
              "non_striker": "N Chantam",
              "runs": {
                "batter": 0,
                "extras": 0,
                "total": 0
              }
            },
            {
              "batter": "N Boochatham",
              "bowler": "N Sibanda",
              "non_striker": "N Chantam",
              "runs": {
                "batter": 0,
                "extras": 0,
                "total": 0
              }
            },
            {
              "batter": "N Boochatham",
              "bowler": "N Sibanda",
              "non_striker": "N Chantam",
              "runs": {
                "batter": 1,
                "extras": 0,
                "total": 1
              }
            }
          ]
        },
        {
          "over": 1,
          "deliveries": [
            {
              "batter": "N Boochatham",
              "bowler": "A Mazvishaya",
              "non_striker": "N Chantam",
              "runs": {
                "batter": 1,
                "extras": 0,
                "total": 1
              }
            },
            {
              "batter": "N Chantam",
              "bowler": "A Mazvishaya",
              "non_striker": "N Boochatham",
              "runs": {
                "batter": 0,
                "extras": 0,
                "total": 0
              }
            },
            {
              "batter": "N Chantam",
              "bowler": "A Mazvishaya",
              "non_striker": "N Boochatham",
              "runs": {
                "batter": 0,
                "extras": 0,
                "total": 0
              }
            },
            {
              "batter": "N Chantam",
              "bowler": "A Mazvishaya",
              "non_striker": "N Boochatham",
              "runs": {
                "batter": 1,
                "extras": 0,
                "total": 1
              }
            },
            {
              "batter": "N Boochatham",
              "bowler": "A Mazvishaya",
              "non_striker": "N Chantam",
              "runs": {
                "batter": 4,
                "extras": 0,
                "total": 4
              }
            },
            {
              "batter": "N Boochatham",
              "bowler": "A Mazvishaya",
              "non_striker": "N Chantam",
              "runs": {
                "batter": 0,
                "extras": 0,
                "total": 0
              }
            }
          ]
        },
        {
          "over": 2,
          "deliveries": [
            {
              "batter": "N Chantam",
              "bowler": "N Sibanda",
              "non_striker": "N Boochatham",
              "runs": {
                "batter": 0,
                "extras": 0,
                "total": 0
              }
            },
            {
              "batter": "N Chantam",
              "bowler": "N Sibanda",
              "non_striker": "N Boochatham",
              "runs": {
                "batter": 0,
                "extras": 0,
                "total": 0
              }
            },
            {
              "batter": "N Chantam",
              "bowler": "N Sibanda",
              "non_striker": "N Boochatham",
              "runs": {
                "batter": 4,
                "extras": 0,
                "total": 4
              }
            },
            {
              "batter": "N Chantam",
              "bowler": "N Sibanda",
              "non_striker": "N Boochatham",
              "runs": {
                "batter": 0,
                "extras": 0,
                "total": 0
              }
            },
            {
              "batter": "N Chantam",
              "bowler": "N Sibanda",
              "non_striker": "N Boochatham",
              "runs": {
                "batter": 0,
                "extras": 0,
                "total": 0
              }
            },
            {
              "batter": "N Chantam",
              "bowler": "N Sibanda",
              "non_striker": "N Boochatham",
              "runs": {
                "batter": 0,
                "extras": 0,
                "total": 0
              }
            }
          ]
        },
        {
          "over": 3,
          "deliveries": [
            {
              "batter": "N Boochatham",
              "bowler": "A Mazvishaya",
              "non_striker": "N Chantam",
              "runs": {
                "batter": 2,
                "extras": 0,
                "total": 2
              }
            },
            {
              "batter": "N Boochatham",
              "bowler": "A Mazvishaya",
              "extras": {
                "wides": 1
              },
              "non_striker": "N Chantam",
              "runs": {
                "batter": 0,
                "extras": 1,
                "total": 1
              }
            },
            {
              "batter": "N Boochatham",
              "bowler": "A Mazvishaya",
              "extras": {
                "wides": 1
              },
              "non_striker": "N Chantam",
              "runs": {
                "batter": 0,
                "extras": 1,
                "total": 1
              }
            },
            {
              "batter": "N Boochatham",
              "bowler": "A Mazvishaya",
              "non_striker": "N Chantam",
              "runs": {
                "batter": 0,
                "extras": 0,
                "total": 0
              }
            },
            {
              "batter": "N Boochatham",
              "bowler": "A Mazvishaya",
              "non_striker": "N Chantam",
              "runs": {
                "batter": 2,
                "extras": 0,
                "total": 2
              }
            },
            {
              "batter": "N Boochatham",
              "bowler": "A Mazvishaya",
              "non_striker": "N Chantam",
              "runs": {
                "batter": 0,
                "extras": 0,
                "total": 0
              }
            },
            {
              "batter": "N Boochatham",
              "bowler": "A Mazvishaya",
              "non_striker": "N Chantam",
              "runs": {
                "batter": 4,
                "extras": 0,
                "total": 4
              }
            },
            {
              "batter": "N Boochatham",
              "bowler": "A Mazvishaya",
              "extras": {
                "wides": 1
              },
              "non_striker": "N Chantam",
              "runs": {
                "batter": 0,
                "extras": 1,
                "total": 1
              }
            },
            {
              "batter": "N Boochatham",
              "bowler": "A Mazvishaya",
              "non_striker": "N Chantam",
              "runs": {
                "batter": 1,
                "extras": 0,
                "total": 1
              }
            }
          ]
        },
        {
          "over": 4,
          "deliveries": [
            {
              "batter": "N Boochatham",
              "bowler": "P Marange",
              "non_striker": "N Chantam",
              "runs": {
                "batter": 0,
                "extras": 0,
                "total": 0
              }
            },
            {
              "batter": "N Boochatham",
              "bowler": "P Marange",
              "non_striker": "N Chantam",
              "runs": {
                "batter": 0,
                "extras": 0,
                "total": 0
              },
              "wickets": [
                {
                  "player_out": "N Boochatham",
                  "fielders": [
                    {
                      "name": "L Tshuma"
                    }
                  ],
                  "kind": "caught"
                }
              ]
            },
            {
              "batter": "N Koncharoenkai",
              "bowler": "P Marange",
              "non_striker": "N Chantam",
              "runs": {
                "batter": 0,
                "extras": 0,
                "total": 0
              }
            },
            {
              "batter": "N Koncharoenkai",
              "bowler": "P Marange",
              "non_striker": "N Chantam",
              "runs": {
                "batter": 1,
                "extras": 0,
                "total": 1
              }
            },
            {
              "batter": "N Chantam",
              "bowler": "P Marange",
              "non_striker": "N Koncharoenkai",
              "runs": {
                "batter": 0,
                "extras": 0,
                "total": 0
              }
            },
            {
              "batter": "N Chantam",
              "bowler": "P Marange",
              "non_striker": "N Koncharoenkai",
              "runs": {
                "batter": 0,
                "extras": 0,
                "total": 0
              }
            }
          ]
        },
        {
          "over": 5,
          "deliveries": [
            {
              "batter": "N Koncharoenkai",
              "bowler": "N Mutasa",
              "non_striker": "N Chantam",
              "runs": {
                "batter": 1,
                "extras": 0,
                "total": 1
              }
            },
            {
              "batter": "N Chantam",
              "bowler": "N Mutasa",
              "non_striker": "N Koncharoenkai",
              "runs": {
                "batter": 0,
                "extras": 0,
                "total": 0
              }
            },
            {
              "batter": "N Chantam",
              "bowler": "N Mutasa",
              "non_striker": "N Koncharoenkai",
              "runs": {
                "batter": 2,
                "extras": 0,
                "total": 2
              }
            },
            {
              "batter": "N Chantam",
              "bowler": "N Mutasa",
              "non_striker": "N Koncharoenkai",
              "runs": {
                "batter": 0,
                "extras": 0,
                "total": 0
              }
            },
            {
              "batter": "N Chantam",
              "bowler": "N Mutasa",
              "non_striker": "N Koncharoenkai",
              "runs": {
                "batter": 1,
                "extras": 0,
                "total": 1
              }
            },
            {
              "batter": "N Koncharoenkai",
              "bowler": "N Mutasa",
              "non_striker": "N Chantam",
              "runs": {
                "batter": 0,
                "extras": 0,
                "total": 0
              }
            }
          ]
        },
        {
          "over": 6,
          "deliveries": [
            {
              "batter": "N Chantam",
              "bowler": "P Marange",
              "non_striker": "N Koncharoenkai",
              "runs": {
                "batter": 4,
                "extras": 0,
                "total": 4
              }
            },
            {
              "batter": "N Chantam",
              "bowler": "P Marange",
              "non_striker": "N Koncharoenkai",
              "runs": {
                "batter": 0,
                "extras": 0,
                "total": 0
              }
            },
            {
              "batter": "N Chantam",
              "bowler": "P Marange",
              "non_striker": "N Koncharoenkai",
              "runs": {
                "batter": 1,
                "extras": 0,
                "total": 1
              }
            },
            {
              "batter": "N Koncharoenkai",
              "bowler": "P Marange",
              "non_striker": "N Chantam",
              "runs": {
                "batter": 0,
                "extras": 0,
                "total": 0
              }
            },
            {
              "batter": "N Koncharoenkai",
              "bowler": "P Marange",
              "non_striker": "N Chantam",
              "runs": {
                "batter": 1,
                "extras": 0,
                "total": 1
              }
            },
            {
              "batter": "N Chantam",
              "bowler": "P Marange",
              "non_striker": "N Koncharoenkai",
              "runs": {
                "batter": 0,
                "extras": 0,
                "total": 0
              }
            }
          ]
        },
        {
          "over": 7,
          "deliveries": [
            {
              "batter": "N Koncharoenkai",
              "bowler": "N Mutasa",
              "non_striker": "N Chantam",
              "runs": {
                "batter": 4,
                "extras": 0,
                "total": 4
              }
            },
            {
              "batter": "N Koncharoenkai",
              "bowler": "N Mutasa",
              "non_striker": "N Chantam",
              "runs": {
                "batter": 0,
                "extras": 0,
                "total": 0
              }
            },
            {
              "batter": "N Koncharoenkai",
              "bowler": "N Mutasa",
              "non_striker": "N Chantam",
              "runs": {
                "batter": 0,
                "extras": 0,
                "total": 0
              },
              "wickets": [
                {
                  "player_out": "N Koncharoenkai",
                  "fielders": [
                    {
                      "name": "N Sibanda"
                    }
                  ],
                  "kind": "caught"
                }
              ]
            },
            {
              "batter": "O Kamchomphu",
              "bowler": "N Mutasa",
              "non_striker": "N Chantam",
              "runs": {
                "batter": 0,
                "extras": 0,
                "total": 0
              }
            },
            {
              "batter": "O Kamchomphu",
              "bowler": "N Mutasa",
              "non_striker": "N Chantam",
              "runs": {
                "batter": 1,
                "extras": 0,
                "total": 1
              }
            },
            {
              "batter": "N Chantam",
              "bowler": "N Mutasa",
              "non_striker": "O Kamchomphu",
              "runs": {
                "batter": 1,
                "extras": 0,
                "total": 1
              }
            }
          ]
        },
        {
          "over": 8,
          "deliveries": [
            {
              "batter": "N Chantam",
              "bowler": "L Tshuma",
              "non_striker": "O Kamchomphu",
              "runs": {
                "batter": 1,
                "extras": 0,
                "total": 1
              }
            },
            {
              "batter": "O Kamchomphu",
              "bowler": "L Tshuma",
              "non_striker": "N Chantam",
              "runs": {
                "batter": 1,
                "extras": 0,
                "total": 1
              }
            },
            {
              "batter": "N Chantam",
              "bowler": "L Tshuma",
              "non_striker": "O Kamchomphu",
              "runs": {
                "batter": 1,
                "extras": 0,
                "total": 1
              }
            },
            {
              "batter": "O Kamchomphu",
              "bowler": "L Tshuma",
              "non_striker": "N Chantam",
              "runs": {
                "batter": 0,
                "extras": 0,
                "total": 0
              }
            },
            {
              "batter": "O Kamchomphu",
              "bowler": "L Tshuma",
              "non_striker": "N Chantam",
              "runs": {
                "batter": 1,
                "extras": 0,
                "total": 1
              }
            },
            {
              "batter": "N Chantam",
              "bowler": "L Tshuma",
              "non_striker": "O Kamchomphu",
              "runs": {
                "batter": 0,
                "extras": 0,
                "total": 0
              },
              "wickets": [
                {
                  "player_out": "N Chantam",
                  "kind": "bowled"
                }
              ]
            }
          ]
        },
        {
          "over": 9,
          "deliveries": [
            {
              "batter": "O Kamchomphu",
              "bowler": "N Mutasa",
              "non_striker": "N Chaiwai",
              "runs": {
                "batter": 0,
                "extras": 0,
                "total": 0
              }
            },
            {
              "batter": "O Kamchomphu",
              "bowler": "N Mutasa",
              "non_striker": "N Chaiwai",
              "runs": {
                "batter": 6,
                "extras": 0,
                "total": 6
              }
            },
            {
              "batter": "O Kamchomphu",
              "bowler": "N Mutasa",
              "non_striker": "N Chaiwai",
              "runs": {
                "batter": 4,
                "extras": 0,
                "total": 4
              }
            },
            {
              "batter": "O Kamchomphu",
              "bowler": "N Mutasa",
              "non_striker": "N Chaiwai",
              "runs": {
                "batter": 1,
                "extras": 0,
                "total": 1
              }
            },
            {
              "batter": "N Chaiwai",
              "bowler": "N Mutasa",
              "non_striker": "O Kamchomphu",
              "runs": {
                "batter": 0,
                "extras": 0,
                "total": 0
              }
            },
            {
              "batter": "N Chaiwai",
              "bowler": "N Mutasa",
              "non_striker": "O Kamchomphu",
              "runs": {
                "batter": 0,
                "extras": 0,
                "total": 0
              }
            }
          ]
        },
        {
          "over": 10,
          "deliveries": [
            {
              "batter": "O Kamchomphu",
              "bowler": "L Tshuma",
              "non_striker": "N Chaiwai",
              "runs": {
                "batter": 0,
                "extras": 0,
                "total": 0
              }
            },
            {
              "batter": "O Kamchomphu",
              "bowler": "L Tshuma",
              "non_striker": "N Chaiwai",
              "runs": {
                "batter": 0,
                "extras": 0,
                "total": 0
              }
            },
            {
              "batter": "O Kamchomphu",
              "bowler": "L Tshuma",
              "non_striker": "N Chaiwai",
              "runs": {
                "batter": 0,
                "extras": 0,
                "total": 0
              },
              "wickets": [
                {
                  "player_out": "O Kamchomphu",
                  "fielders": [
                    {
                      "name": "CT Dhururu"
                    }
                  ],
                  "kind": "caught"
                }
              ]
            },
            {
              "batter": "N Chaiwai",
              "bowler": "L Tshuma",
              "non_striker": "W Liengprasert",
              "runs": {
                "batter": 1,
                "extras": 0,
                "total": 1
              }
            },
            {
              "batter": "W Liengprasert",
              "bowler": "L Tshuma",
              "non_striker": "N Chaiwai",
              "runs": {
                "batter": 0,
                "extras": 0,
                "total": 0
              }
            },
            {
              "batter": "W Liengprasert",
              "bowler": "L Tshuma",
              "non_striker": "N Chaiwai",
              "runs": {
                "batter": 0,
                "extras": 0,
                "total": 0
              }
            }
          ]
        },
        {
          "over": 11,
          "deliveries": [
            {
              "batter": "N Chaiwai",
              "bowler": "L Phiri",
              "non_striker": "W Liengprasert",
              "runs": {
                "batter": 0,
                "extras": 0,
                "total": 0
              }
            },
            {
              "batter": "N Chaiwai",
              "bowler": "L Phiri",
              "non_striker": "W Liengprasert",
              "runs": {
                "batter": 1,
                "extras": 0,
                "total": 1
              }
            },
            {
              "batter": "W Liengprasert",
              "bowler": "L Phiri",
              "non_striker": "N Chaiwai",
              "runs": {
                "batter": 0,
                "extras": 0,
                "total": 0
              }
            },
            {
              "batter": "W Liengprasert",
              "bowler": "L Phiri",
              "non_striker": "N Chaiwai",
              "runs": {
                "batter": 4,
                "extras": 0,
                "total": 4
              }
            },
            {
              "batter": "W Liengprasert",
              "bowler": "L Phiri",
              "non_striker": "N Chaiwai",
              "runs": {
                "batter": 1,
                "extras": 0,
                "total": 1
              }
            },
            {
              "batter": "N Chaiwai",
              "bowler": "L Phiri",
              "non_striker": "W Liengprasert",
              "runs": {
                "batter": 1,
                "extras": 0,
                "total": 1
              }
            }
          ]
        },
        {
          "over": 12,
          "deliveries": [
            {
              "batter": "N Chaiwai",
              "bowler": "L Tshuma",
              "non_striker": "W Liengprasert",
              "runs": {
                "batter": 0,
                "extras": 0,
                "total": 0
              }
            },
            {
              "batter": "N Chaiwai",
              "bowler": "L Tshuma",
              "non_striker": "W Liengprasert",
              "runs": {
                "batter": 1,
                "extras": 0,
                "total": 1
              }
            },
            {
              "batter": "W Liengprasert",
              "bowler": "L Tshuma",
              "non_striker": "N Chaiwai",
              "runs": {
                "batter": 2,
                "extras": 0,
                "total": 2
              }
            },
            {
              "batter": "W Liengprasert",
              "bowler": "L Tshuma",
              "non_striker": "N Chaiwai",
              "runs": {
                "batter": 0,
                "extras": 0,
                "total": 0
              },
              "wickets": [
                {
                  "player_out": "W Liengprasert",
                  "kind": "bowled"
                }
              ]
            },
            {
              "batter": "C Sutthiruang",
              "bowler": "L Tshuma",
              "non_striker": "N Chaiwai",
              "runs": {
                "batter": 0,
                "extras": 0,
                "total": 0
              }
            },
            {
              "batter": "C Sutthiruang",
              "bowler": "L Tshuma",
              "non_striker": "N Chaiwai",
              "runs": {
                "batter": 0,
                "extras": 0,
                "total": 0
              }
            }
          ]
        },
        {
          "over": 13,
          "deliveries": [
            {
              "batter": "N Chaiwai",
              "bowler": "L Phiri",
              "non_striker": "C Sutthiruang",
              "runs": {
                "batter": 0,
                "extras": 0,
                "total": 0
              }
            },
            {
              "batter": "N Chaiwai",
              "bowler": "L Phiri",
              "non_striker": "C Sutthiruang",
              "runs": {
                "batter": 0,
                "extras": 0,
                "total": 0
              }
            },
            {
              "batter": "N Chaiwai",
              "bowler": "L Phiri",
              "non_striker": "C Sutthiruang",
              "runs": {
                "batter": 1,
                "extras": 0,
                "total": 1
              }
            },
            {
              "batter": "C Sutthiruang",
              "bowler": "L Phiri",
              "non_striker": "N Chaiwai",
              "runs": {
                "batter": 4,
                "extras": 0,
                "total": 4
              }
            },
            {
              "batter": "C Sutthiruang",
              "bowler": "L Phiri",
              "non_striker": "N Chaiwai",
              "runs": {
                "batter": 1,
                "extras": 0,
                "total": 1
              }
            },
            {
              "batter": "N Chaiwai",
              "bowler": "L Phiri",
              "non_striker": "C Sutthiruang",
              "runs": {
                "batter": 0,
                "extras": 0,
                "total": 0
              }
            }
          ]
        },
        {
          "over": 14,
          "deliveries": [
            {
              "batter": "C Sutthiruang",
              "bowler": "L Tshuma",
              "non_striker": "N Chaiwai",
              "runs": {
                "batter": 1,
                "extras": 0,
                "total": 1
              }
            },
            {
              "batter": "N Chaiwai",
              "bowler": "L Tshuma",
              "non_striker": "C Sutthiruang",
              "runs": {
                "batter": 2,
                "extras": 0,
                "total": 2
              }
            },
            {
              "batter": "N Chaiwai",
              "bowler": "L Tshuma",
              "non_striker": "C Sutthiruang",
              "runs": {
                "batter": 1,
                "extras": 0,
                "total": 1
              }
            },
            {
              "batter": "C Sutthiruang",
              "bowler": "L Tshuma",
              "non_striker": "N Chaiwai",
              "runs": {
                "batter": 0,
                "extras": 0,
                "total": 0
              }
            },
            {
              "batter": "C Sutthiruang",
              "bowler": "L Tshuma",
              "non_striker": "N Chaiwai",
              "runs": {
                "batter": 1,
                "extras": 0,
                "total": 1
              }
            },
            {
              "batter": "N Chaiwai",
              "bowler": "L Tshuma",
              "non_striker": "C Sutthiruang",
              "runs": {
                "batter": 1,
                "extras": 0,
                "total": 1
              }
            }
          ]
        },
        {
          "over": 15,
          "deliveries": [
            {
              "batter": "N Chaiwai",
              "bowler": "L Phiri",
              "non_striker": "C Sutthiruang",
              "runs": {
                "batter": 1,
                "extras": 0,
                "total": 1
              }
            },
            {
              "batter": "C Sutthiruang",
              "bowler": "L Phiri",
              "non_striker": "N Chaiwai",
              "runs": {
                "batter": 0,
                "extras": 0,
                "total": 0
              }
            },
            {
              "batter": "C Sutthiruang",
              "bowler": "L Phiri",
              "non_striker": "N Chaiwai",
              "runs": {
                "batter": 2,
                "extras": 0,
                "total": 2
              }
            },
            {
              "batter": "C Sutthiruang",
              "bowler": "L Phiri",
              "non_striker": "N Chaiwai",
              "runs": {
                "batter": 4,
                "extras": 0,
                "total": 4
              }
            },
            {
              "batter": "C Sutthiruang",
              "bowler": "L Phiri",
              "non_striker": "N Chaiwai",
              "runs": {
                "batter": 4,
                "extras": 0,
                "total": 4
              }
            },
            {
              "batter": "C Sutthiruang",
              "bowler": "L Phiri",
              "non_striker": "N Chaiwai",
              "runs": {
                "batter": 1,
                "extras": 0,
                "total": 1
              }
            }
          ]
        },
        {
          "over": 16,
          "deliveries": [
            {
              "batter": "C Sutthiruang",
              "bowler": "P Marange",
              "non_striker": "N Chaiwai",
              "runs": {
                "batter": 1,
                "extras": 0,
                "total": 1
              }
            },
            {
              "batter": "N Chaiwai",
              "bowler": "P Marange",
              "non_striker": "C Sutthiruang",
              "runs": {
                "batter": 4,
                "extras": 0,
                "total": 4
              }
            },
            {
              "batter": "N Chaiwai",
              "bowler": "P Marange",
              "non_striker": "C Sutthiruang",
              "runs": {
                "batter": 1,
                "extras": 0,
                "total": 1
              }
            },
            {
              "batter": "C Sutthiruang",
              "bowler": "P Marange",
              "non_striker": "N Chaiwai",
              "runs": {
                "batter": 2,
                "extras": 0,
                "total": 2
              }
            },
            {
              "batter": "C Sutthiruang",
              "bowler": "P Marange",
              "non_striker": "N Chaiwai",
              "runs": {
                "batter": 0,
                "extras": 0,
                "total": 0
              }
            },
            {
              "batter": "C Sutthiruang",
              "bowler": "P Marange",
              "non_striker": "N Chaiwai",
              "runs": {
                "batter": 4,
                "extras": 0,
                "total": 4
              }
            }
          ]
        },
        {
          "over": 17,
          "deliveries": [
            {
              "batter": "N Chaiwai",
              "bowler": "L Phiri",
              "non_striker": "C Sutthiruang",
              "runs": {
                "batter": 1,
                "extras": 0,
                "total": 1
              }
            },
            {
              "batter": "C Sutthiruang",
              "bowler": "L Phiri",
              "non_striker": "N Chaiwai",
              "runs": {
                "batter": 4,
                "extras": 0,
                "total": 4
              }
            },
            {
              "batter": "C Sutthiruang",
              "bowler": "L Phiri",
              "non_striker": "N Chaiwai",
              "runs": {
                "batter": 4,
                "extras": 0,
                "total": 4
              }
            },
            {
              "batter": "C Sutthiruang",
              "bowler": "L Phiri",
              "non_striker": "N Chaiwai",
              "runs": {
                "batter": 2,
                "extras": 0,
                "total": 2
              }
            },
            {
              "batter": "C Sutthiruang",
              "bowler": "L Phiri",
              "non_striker": "N Chaiwai",
              "runs": {
                "batter": 1,
                "extras": 0,
                "total": 1
              }
            },
            {
              "batter": "N Chaiwai",
              "bowler": "L Phiri",
              "non_striker": "C Sutthiruang",
              "runs": {
                "batter": 1,
                "extras": 0,
                "total": 1
              }
            }
          ]
        },
        {
          "over": 18,
          "deliveries": [
            {
              "batter": "N Chaiwai",
              "bowler": "P Marange",
              "non_striker": "C Sutthiruang",
              "runs": {
                "batter": 1,
                "extras": 0,
                "total": 1
              }
            },
            {
              "batter": "C Sutthiruang",
              "bowler": "P Marange",
              "non_striker": "N Chaiwai",
              "runs": {
                "batter": 0,
                "extras": 0,
                "total": 0
              }
            },
            {
              "batter": "C Sutthiruang",
              "bowler": "P Marange",
              "non_striker": "N Chaiwai",
              "runs": {
                "batter": 2,
                "extras": 0,
                "total": 2
              }
            },
            {
              "batter": "C Sutthiruang",
              "bowler": "P Marange",
              "non_striker": "N Chaiwai",
              "runs": {
                "batter": 0,
                "extras": 0,
                "total": 0
              }
            },
            {
              "batter": "C Sutthiruang",
              "bowler": "P Marange",
              "non_striker": "N Chaiwai",
              "runs": {
                "batter": 4,
                "extras": 0,
                "total": 4
              }
            },
            {
              "batter": "C Sutthiruang",
              "bowler": "P Marange",
              "non_striker": "N Chaiwai",
              "runs": {
                "batter": 0,
                "extras": 0,
                "total": 0
              }
            }
          ]
        },
        {
          "over": 19,
          "deliveries": [
            {
              "batter": "N Chaiwai",
              "bowler": "N Sibanda",
              "non_striker": "C Sutthiruang",
              "runs": {
                "batter": 1,
                "extras": 0,
                "total": 1
              }
            },
            {
              "batter": "C Sutthiruang",
              "bowler": "N Sibanda",
              "non_striker": "N Chaiwai",
              "runs": {
                "batter": 1,
                "extras": 0,
                "total": 1
              }
            },
            {
              "batter": "N Chaiwai",
              "bowler": "N Sibanda",
              "non_striker": "C Sutthiruang",
              "runs": {
                "batter": 1,
                "extras": 0,
                "total": 1
              }
            },
            {
              "batter": "C Sutthiruang",
              "bowler": "N Sibanda",
              "non_striker": "N Chaiwai",
              "runs": {
                "batter": 2,
                "extras": 0,
                "total": 2
              }
            },
            {
              "batter": "C Sutthiruang",
              "bowler": "N Sibanda",
              "non_striker": "N Chaiwai",
              "runs": {
                "batter": 1,
                "extras": 0,
                "total": 1
              }
            },
            {
              "batter": "N Chaiwai",
              "bowler": "N Sibanda",
              "non_striker": "C Sutthiruang",
              "runs": {
                "batter": 2,
                "extras": 0,
                "total": 2
              }
            }
          ]
        }
      ],
      "powerplays": [
        {
          "from": 0.1,
          "to": 5.6,
          "type": "mandatory"
        }
      ]
    },
    {
      "team": "Zimbabwe",
      "overs": [
        {
          "over": 0,
          "deliveries": [
            {
              "batter": "P Marange",
              "bowler": "N Boochatham",
              "non_striker": "M Mupachikwa",
              "runs": {
                "batter": 0,
                "extras": 0,
                "total": 0
              }
            },
            {
              "batter": "P Marange",
              "bowler": "N Boochatham",
              "non_striker": "M Mupachikwa",
              "runs": {
                "batter": 4,
                "extras": 0,
                "total": 4
              }
            },
            {
              "batter": "P Marange",
              "bowler": "N Boochatham",
              "extras": {
                "legbyes": 1
              },
              "non_striker": "M Mupachikwa",
              "runs": {
                "batter": 0,
                "extras": 1,
                "total": 1
              }
            },
            {
              "batter": "M Mupachikwa",
              "bowler": "N Boochatham",
              "non_striker": "P Marange",
              "runs": {
                "batter": 0,
                "extras": 0,
                "total": 0
              },
              "wickets": [
                {
                  "player_out": "P Marange",
                  "kind": "run out"
                }
              ]
            },
            {
              "batter": "CS Mugeri",
              "bowler": "N Boochatham",
              "non_striker": "M Mupachikwa",
              "runs": {
                "batter": 0,
                "extras": 0,
                "total": 0
              }
            },
            {
              "batter": "CS Mugeri",
              "bowler": "N Boochatham",
              "non_striker": "M Mupachikwa",
              "runs": {
                "batter": 3,
                "extras": 0,
                "total": 3
              }
            }
          ]
        },
        {
          "over": 1,
          "deliveries": [
            {
              "batter": "CS Mugeri",
              "bowler": "R Padunglerd",
              "non_striker": "M Mupachikwa",
              "runs": {
                "batter": 0,
                "extras": 0,
                "total": 0
              }
            },
            {
              "batter": "CS Mugeri",
              "bowler": "R Padunglerd",
              "non_striker": "M Mupachikwa",
              "runs": {
                "batter": 0,
                "extras": 0,
                "total": 0
              }
            },
            {
              "batter": "CS Mugeri",
              "bowler": "R Padunglerd",
              "non_striker": "M Mupachikwa",
              "runs": {
                "batter": 0,
                "extras": 0,
                "total": 0
              }
            },
            {
              "batter": "CS Mugeri",
              "bowler": "R Padunglerd",
              "non_striker": "M Mupachikwa",
              "runs": {
                "batter": 4,
                "extras": 0,
                "total": 4
              }
            },
            {
              "batter": "CS Mugeri",
              "bowler": "R Padunglerd",
              "non_striker": "M Mupachikwa",
              "runs": {
                "batter": 0,
                "extras": 0,
                "total": 0
              }
            },
            {
              "batter": "CS Mugeri",
              "bowler": "R Padunglerd",
              "non_striker": "M Mupachikwa",
              "runs": {
                "batter": 4,
                "extras": 0,
                "total": 4
              }
            }
          ]
        },
        {
          "over": 2,
          "deliveries": [
            {
              "batter": "M Mupachikwa",
              "bowler": "N Boochatham",
              "non_striker": "CS Mugeri",
              "runs": {
                "batter": 0,
                "extras": 0,
                "total": 0
              }
            },
            {
              "batter": "M Mupachikwa",
              "bowler": "N Boochatham",
              "non_striker": "CS Mugeri",
              "runs": {
                "batter": 0,
                "extras": 0,
                "total": 0
              }
            },
            {
              "batter": "M Mupachikwa",
              "bowler": "N Boochatham",
              "non_striker": "CS Mugeri",
              "runs": {
                "batter": 2,
                "extras": 0,
                "total": 2
              }
            },
            {
              "batter": "M Mupachikwa",
              "bowler": "N Boochatham",
              "non_striker": "CS Mugeri",
              "runs": {
                "batter": 1,
                "extras": 0,
                "total": 1
              }
            },
            {
              "batter": "CS Mugeri",
              "bowler": "N Boochatham",
              "non_striker": "M Mupachikwa",
              "runs": {
                "batter": 4,
                "extras": 0,
                "total": 4
              }
            },
            {
              "batter": "CS Mugeri",
              "bowler": "N Boochatham",
              "non_striker": "M Mupachikwa",
              "runs": {
                "batter": 0,
                "extras": 0,
                "total": 0
              }
            }
          ]
        },
        {
          "over": 3,
          "deliveries": [
            {
              "batter": "M Mupachikwa",
              "bowler": "T Putthawong",
              "non_striker": "CS Mugeri",
              "runs": {
                "batter": 0,
                "extras": 0,
                "total": 0
              }
            },
            {
              "batter": "M Mupachikwa",
              "bowler": "T Putthawong",
              "non_striker": "CS Mugeri",
              "runs": {
                "batter": 0,
                "extras": 0,
                "total": 0
              }
            },
            {
              "batter": "M Mupachikwa",
              "bowler": "T Putthawong",
              "non_striker": "CS Mugeri",
              "runs": {
                "batter": 0,
                "extras": 0,
                "total": 0
              }
            },
            {
              "batter": "M Mupachikwa",
              "bowler": "T Putthawong",
              "non_striker": "CS Mugeri",
              "runs": {
                "batter": 0,
                "extras": 0,
                "total": 0
              }
            },
            {
              "batter": "M Mupachikwa",
              "bowler": "T Putthawong",
              "non_striker": "CS Mugeri",
              "runs": {
                "batter": 1,
                "extras": 0,
                "total": 1
              }
            },
            {
              "batter": "CS Mugeri",
              "bowler": "T Putthawong",
              "non_striker": "M Mupachikwa",
              "runs": {
                "batter": 0,
                "extras": 0,
                "total": 0
              }
            }
          ]
        },
        {
          "over": 4,
          "deliveries": [
            {
              "batter": "M Mupachikwa",
              "bowler": "O Kamchomphu",
              "non_striker": "CS Mugeri",
              "runs": {
                "batter": 0,
                "extras": 0,
                "total": 0
              }
            },
            {
              "batter": "M Mupachikwa",
              "bowler": "O Kamchomphu",
              "non_striker": "CS Mugeri",
              "runs": {
                "batter": 1,
                "extras": 0,
                "total": 1
              }
            },
            {
              "batter": "CS Mugeri",
              "bowler": "O Kamchomphu",
              "non_striker": "M Mupachikwa",
              "runs": {
                "batter": 4,
                "extras": 0,
                "total": 4
              }
            },
            {
              "batter": "CS Mugeri",
              "bowler": "O Kamchomphu",
              "non_striker": "M Mupachikwa",
              "runs": {
                "batter": 1,
                "extras": 0,
                "total": 1
              }
            },
            {
              "batter": "M Mupachikwa",
              "bowler": "O Kamchomphu",
              "non_striker": "CS Mugeri",
              "runs": {
                "batter": 1,
                "extras": 0,
                "total": 1
              }
            },
            {
              "batter": "CS Mugeri",
              "bowler": "O Kamchomphu",
              "non_striker": "M Mupachikwa",
              "runs": {
                "batter": 4,
                "extras": 0,
                "total": 4
              }
            }
          ]
        },
        {
          "over": 5,
          "deliveries": [
            {
              "batter": "M Mupachikwa",
              "bowler": "T Putthawong",
              "non_striker": "CS Mugeri",
              "runs": {
                "batter": 1,
                "extras": 0,
                "total": 1
              }
            },
            {
              "batter": "CS Mugeri",
              "bowler": "T Putthawong",
              "non_striker": "M Mupachikwa",
              "runs": {
                "batter": 4,
                "extras": 0,
                "total": 4
              }
            },
            {
              "batter": "CS Mugeri",
              "bowler": "T Putthawong",
              "non_striker": "M Mupachikwa",
              "runs": {
                "batter": 0,
                "extras": 0,
                "total": 0
              }
            },
            {
              "batter": "CS Mugeri",
              "bowler": "T Putthawong",
              "non_striker": "M Mupachikwa",
              "runs": {
                "batter": 0,
                "extras": 0,
                "total": 0
              },
              "wickets": [
                {
                  "player_out": "CS Mugeri",
                  "fielders": [
                    {
                      "name": "C Sutthiruang"
                    }
                  ],
                  "kind": "caught"
                }
              ]
            },
            {
              "batter": "M Musonda",
              "bowler": "T Putthawong",
              "non_striker": "M Mupachikwa",
              "runs": {
                "batter": 0,
                "extras": 0,
                "total": 0
              }
            },
            {
              "batter": "M Musonda",
              "bowler": "T Putthawong",
              "non_striker": "M Mupachikwa",
              "runs": {
                "batter": 0,
                "extras": 0,
                "total": 0
              }
            }
          ]
        },
        {
          "over": 6,
          "deliveries": [
            {
              "batter": "M Mupachikwa",
              "bowler": "O Kamchomphu",
              "non_striker": "M Musonda",
              "runs": {
                "batter": 1,
                "extras": 0,
                "total": 1
              }
            },
            {
              "batter": "M Musonda",
              "bowler": "O Kamchomphu",
              "non_striker": "M Mupachikwa",
              "runs": {
                "batter": 4,
                "extras": 0,
                "total": 4
              }
            },
            {
              "batter": "M Musonda",
              "bowler": "O Kamchomphu",
              "non_striker": "M Mupachikwa",
              "runs": {
                "batter": 0,
                "extras": 0,
                "total": 0
              }
            },
            {
              "batter": "M Musonda",
              "bowler": "O Kamchomphu",
              "non_striker": "M Mupachikwa",
              "runs": {
                "batter": 0,
                "extras": 0,
                "total": 0
              }
            },
            {
              "batter": "M Musonda",
              "bowler": "O Kamchomphu",
              "non_striker": "M Mupachikwa",
              "runs": {
                "batter": 0,
                "extras": 0,
                "total": 0
              }
            },
            {
              "batter": "M Musonda",
              "bowler": "O Kamchomphu",
              "non_striker": "M Mupachikwa",
              "runs": {
                "batter": 1,
                "extras": 0,
                "total": 1
              }
            }
          ]
        },
        {
          "over": 7,
          "deliveries": [
            {
              "batter": "M Musonda",
              "bowler": "S Laomi",
              "non_striker": "M Mupachikwa",
              "runs": {
                "batter": 4,
                "extras": 0,
                "total": 4
              }
            },
            {
              "batter": "M Musonda",
              "bowler": "S Laomi",
              "non_striker": "M Mupachikwa",
              "runs": {
                "batter": 0,
                "extras": 0,
                "total": 0
              }
            },
            {
              "batter": "M Musonda",
              "bowler": "S Laomi",
              "non_striker": "M Mupachikwa",
              "runs": {
                "batter": 0,
                "extras": 0,
                "total": 0
              }
            },
            {
              "batter": "M Musonda",
              "bowler": "S Laomi",
              "non_striker": "M Mupachikwa",
              "runs": {
                "batter": 1,
                "extras": 0,
                "total": 1
              }
            },
            {
              "batter": "M Mupachikwa",
              "bowler": "S Laomi",
              "non_striker": "M Musonda",
              "runs": {
                "batter": 0,
                "extras": 0,
                "total": 0
              }
            },
            {
              "batter": "M Mupachikwa",
              "bowler": "S Laomi",
              "extras": {
                "legbyes": 1
              },
              "non_striker": "M Musonda",
              "runs": {
                "batter": 0,
                "extras": 1,
                "total": 1
              }
            }
          ]
        },
        {
          "over": 8,
          "deliveries": [
            {
              "batter": "M Mupachikwa",
              "bowler": "R Padunglerd",
              "non_striker": "M Musonda",
              "runs": {
                "batter": 2,
                "extras": 0,
                "total": 2
              }
            },
            {
              "batter": "M Mupachikwa",
              "bowler": "R Padunglerd",
              "non_striker": "M Musonda",
              "runs": {
                "batter": 1,
                "extras": 0,
                "total": 1
              }
            },
            {
              "batter": "M Musonda",
              "bowler": "R Padunglerd",
              "non_striker": "M Mupachikwa",
              "runs": {
                "batter": 0,
                "extras": 0,
                "total": 0
              }
            },
            {
              "batter": "M Musonda",
              "bowler": "R Padunglerd",
              "non_striker": "M Mupachikwa",
              "runs": {
                "batter": 0,
                "extras": 0,
                "total": 0
              }
            },
            {
              "batter": "M Musonda",
              "bowler": "R Padunglerd",
              "non_striker": "M Mupachikwa",
              "runs": {
                "batter": 0,
                "extras": 0,
                "total": 0
              }
            },
            {
              "batter": "M Musonda",
              "bowler": "R Padunglerd",
              "non_striker": "M Mupachikwa",
              "runs": {
                "batter": 0,
                "extras": 0,
                "total": 0
              }
            }
          ]
        },
        {
          "over": 9,
          "deliveries": [
            {
              "batter": "M Mupachikwa",
              "bowler": "S Laomi",
              "non_striker": "M Musonda",
              "runs": {
                "batter": 1,
                "extras": 0,
                "total": 1
              }
            },
            {
              "batter": "M Musonda",
              "bowler": "S Laomi",
              "non_striker": "M Mupachikwa",
              "runs": {
                "batter": 2,
                "extras": 0,
                "total": 2
              }
            },
            {
              "batter": "M Musonda",
              "bowler": "S Laomi",
              "non_striker": "M Mupachikwa",
              "runs": {
                "batter": 0,
                "extras": 0,
                "total": 0
              }
            },
            {
              "batter": "M Musonda",
              "bowler": "S Laomi",
              "non_striker": "M Mupachikwa",
              "runs": {
                "batter": 1,
                "extras": 0,
                "total": 1
              }
            },
            {
              "batter": "M Mupachikwa",
              "bowler": "S Laomi",
              "non_striker": "M Musonda",
              "runs": {
                "batter": 1,
                "extras": 0,
                "total": 1
              },
              "wickets": [
                {
                  "player_out": "M Mupachikwa",
                  "kind": "run out"
                }
              ]
            },
            {
              "batter": "CT Dhururu",
              "bowler": "S Laomi",
              "non_striker": "M Musonda",
              "runs": {
                "batter": 0,
                "extras": 0,
                "total": 0
              }
            }
          ]
        },
        {
          "over": 10,
          "deliveries": [
            {
              "batter": "M Musonda",
              "bowler": "R Padunglerd",
              "non_striker": "CT Dhururu",
              "runs": {
                "batter": 1,
                "extras": 0,
                "total": 1
              }
            },
            {
              "batter": "CT Dhururu",
              "bowler": "R Padunglerd",
              "non_striker": "M Musonda",
              "runs": {
                "batter": 0,
                "extras": 0,
                "total": 0
              }
            },
            {
              "batter": "CT Dhururu",
              "bowler": "R Padunglerd",
              "non_striker": "M Musonda",
              "runs": {
                "batter": 1,
                "extras": 0,
                "total": 1
              }
            },
            {
              "batter": "M Musonda",
              "bowler": "R Padunglerd",
              "non_striker": "CT Dhururu",
              "runs": {
                "batter": 1,
                "extras": 0,
                "total": 1
              }
            },
            {
              "batter": "CT Dhururu",
              "bowler": "R Padunglerd",
              "non_striker": "M Musonda",
              "runs": {
                "batter": 1,
                "extras": 0,
                "total": 1
              }
            },
            {
              "batter": "M Musonda",
              "bowler": "R Padunglerd",
              "non_striker": "CT Dhururu",
              "runs": {
                "batter": 0,
                "extras": 0,
                "total": 0
              }
            }
          ]
        },
        {
          "over": 11,
          "deliveries": [
            {
              "batter": "CT Dhururu",
              "bowler": "S Laomi",
              "non_striker": "M Musonda",
              "runs": {
                "batter": 0,
                "extras": 0,
                "total": 0
              }
            },
            {
              "batter": "CT Dhururu",
              "bowler": "S Laomi",
              "non_striker": "M Musonda",
              "runs": {
                "batter": 1,
                "extras": 0,
                "total": 1
              }
            },
            {
              "batter": "M Musonda",
              "bowler": "S Laomi",
              "non_striker": "CT Dhururu",
              "runs": {
                "batter": 0,
                "extras": 0,
                "total": 0
              }
            },
            {
              "batter": "M Musonda",
              "bowler": "S Laomi",
              "non_striker": "CT Dhururu",
              "runs": {
                "batter": 0,
                "extras": 0,
                "total": 0
              }
            },
            {
              "batter": "M Musonda",
              "bowler": "S Laomi",
              "non_striker": "CT Dhururu",
              "runs": {
                "batter": 1,
                "extras": 0,
                "total": 1
              }
            },
            {
              "batter": "CT Dhururu",
              "bowler": "S Laomi",
              "non_striker": "M Musonda",
              "runs": {
                "batter": 1,
                "extras": 0,
                "total": 1
              }
            }
          ]
        },
        {
          "over": 12,
          "deliveries": [
            {
              "batter": "CT Dhururu",
              "bowler": "O Kamchomphu",
              "non_striker": "M Musonda",
              "runs": {
                "batter": 0,
                "extras": 0,
                "total": 0
              }
            },
            {
              "batter": "CT Dhururu",
              "bowler": "O Kamchomphu",
              "non_striker": "M Musonda",
              "runs": {
                "batter": 0,
                "extras": 0,
                "total": 0
              }
            },
            {
              "batter": "CT Dhururu",
              "bowler": "O Kamchomphu",
              "non_striker": "M Musonda",
              "runs": {
                "batter": 0,
                "extras": 0,
                "total": 0
              }
            },
            {
              "batter": "CT Dhururu",
              "bowler": "O Kamchomphu",
              "non_striker": "M Musonda",
              "runs": {
                "batter": 4,
                "extras": 0,
                "total": 4
              }
            },
            {
              "batter": "CT Dhururu",
              "bowler": "O Kamchomphu",
              "non_striker": "M Musonda",
              "runs": {
                "batter": 1,
                "extras": 0,
                "total": 1
              }
            },
            {
              "batter": "M Musonda",
              "bowler": "O Kamchomphu",
              "non_striker": "CT Dhururu",
              "runs": {
                "batter": 1,
                "extras": 0,
                "total": 1
              }
            }
          ]
        },
        {
          "over": 13,
          "deliveries": [
            {
              "batter": "M Musonda",
              "bowler": "T Putthawong",
              "non_striker": "CT Dhururu",
              "runs": {
                "batter": 1,
                "extras": 0,
                "total": 1
              }
            },
            {
              "batter": "CT Dhururu",
              "bowler": "T Putthawong",
              "non_striker": "M Musonda",
              "runs": {
                "batter": 1,
                "extras": 0,
                "total": 1
              }
            },
            {
              "batter": "M Musonda",
              "bowler": "T Putthawong",
              "non_striker": "CT Dhururu",
              "runs": {
                "batter": 0,
                "extras": 0,
                "total": 0
              }
            },
            {
              "batter": "M Musonda",
              "bowler": "T Putthawong",
              "non_striker": "CT Dhururu",
              "runs": {
                "batter": 0,
                "extras": 0,
                "total": 0
              }
            },
            {
              "batter": "M Musonda",
              "bowler": "T Putthawong",
              "non_striker": "CT Dhururu",
              "runs": {
                "batter": 1,
                "extras": 0,
                "total": 1
              }
            },
            {
              "batter": "CT Dhururu",
              "bowler": "T Putthawong",
              "non_striker": "M Musonda",
              "runs": {
                "batter": 1,
                "extras": 0,
                "total": 1
              }
            }
          ]
        },
        {
          "over": 14,
          "deliveries": [
            {
              "batter": "CT Dhururu",
              "bowler": "W Liengprasert",
              "non_striker": "M Musonda",
              "runs": {
                "batter": 1,
                "extras": 0,
                "total": 1
              }
            },
            {
              "batter": "M Musonda",
              "bowler": "W Liengprasert",
              "non_striker": "CT Dhururu",
              "runs": {
                "batter": 3,
                "extras": 0,
                "total": 3
              }
            },
            {
              "batter": "CT Dhururu",
              "bowler": "W Liengprasert",
              "non_striker": "M Musonda",
              "runs": {
                "batter": 0,
                "extras": 0,
                "total": 0
              }
            },
            {
              "batter": "CT Dhururu",
              "bowler": "W Liengprasert",
              "non_striker": "M Musonda",
              "runs": {
                "batter": 0,
                "extras": 0,
                "total": 0
              }
            },
            {
              "batter": "CT Dhururu",
              "bowler": "W Liengprasert",
              "non_striker": "M Musonda",
              "runs": {
                "batter": 0,
                "extras": 0,
                "total": 0
              }
            },
            {
              "batter": "CT Dhururu",
              "bowler": "W Liengprasert",
              "non_striker": "M Musonda",
              "runs": {
                "batter": 0,
                "extras": 0,
                "total": 0
              }
            }
          ]
        },
        {
          "over": 15,
          "deliveries": [
            {
              "batter": "M Musonda",
              "bowler": "N Boochatham",
              "non_striker": "CT Dhururu",
              "runs": {
                "batter": 1,
                "extras": 0,
                "total": 1
              }
            },
            {
              "batter": "CT Dhururu",
              "bowler": "N Boochatham",
              "extras": {
                "wides": 1
              },
              "non_striker": "M Musonda",
              "runs": {
                "batter": 0,
                "extras": 1,
                "total": 1
              }
            },
            {
              "batter": "CT Dhururu",
              "bowler": "N Boochatham",
              "non_striker": "M Musonda",
              "runs": {
                "batter": 0,
                "extras": 0,
                "total": 0
              }
            },
            {
              "batter": "CT Dhururu",
              "bowler": "N Boochatham",
              "non_striker": "M Musonda",
              "runs": {
                "batter": 0,
                "extras": 0,
                "total": 0
              }
            },
            {
              "batter": "CT Dhururu",
              "bowler": "N Boochatham",
              "non_striker": "M Musonda",
              "runs": {
                "batter": 1,
                "extras": 0,
                "total": 1
              }
            },
            {
              "batter": "M Musonda",
              "bowler": "N Boochatham",
              "non_striker": "CT Dhururu",
              "runs": {
                "batter": 0,
                "extras": 0,
                "total": 0
              },
              "wickets": [
                {
                  "player_out": "M Musonda",
                  "fielders": [
                    {
                      "name": "O Kamchomphu"
                    }
                  ],
                  "kind": "caught"
                }
              ]
            },
            {
              "batter": "CT Dhururu",
              "bowler": "N Boochatham",
              "non_striker": "N Gwanzura",
              "runs": {
                "batter": 0,
                "extras": 0,
                "total": 0
              }
            }
          ]
        },
        {
          "over": 16,
          "deliveries": [
            {
              "batter": "N Gwanzura",
              "bowler": "O Kamchomphu",
              "non_striker": "CT Dhururu",
              "runs": {
                "batter": 1,
                "extras": 0,
                "total": 1
              }
            },
            {
              "batter": "CT Dhururu",
              "bowler": "O Kamchomphu",
              "non_striker": "N Gwanzura",
              "runs": {
                "batter": 1,
                "extras": 0,
                "total": 1
              }
            },
            {
              "batter": "N Gwanzura",
              "bowler": "O Kamchomphu",
              "non_striker": "CT Dhururu",
              "runs": {
                "batter": 1,
                "extras": 0,
                "total": 1
              }
            },
            {
              "batter": "CT Dhururu",
              "bowler": "O Kamchomphu",
              "non_striker": "N Gwanzura",
              "runs": {
                "batter": 0,
                "extras": 0,
                "total": 0
              }
            },
            {
              "batter": "CT Dhururu",
              "bowler": "O Kamchomphu",
              "non_striker": "N Gwanzura",
              "runs": {
                "batter": 1,
                "extras": 0,
                "total": 1
              }
            },
            {
              "batter": "N Gwanzura",
              "bowler": "O Kamchomphu",
              "non_striker": "CT Dhururu",
              "runs": {
                "batter": 0,
                "extras": 0,
                "total": 0
              }
            }
          ]
        },
        {
          "over": 17,
          "deliveries": [
            {
              "batter": "CT Dhururu",
              "bowler": "T Putthawong",
              "non_striker": "N Gwanzura",
              "runs": {
                "batter": 1,
                "extras": 0,
                "total": 1
              }
            },
            {
              "batter": "N Gwanzura",
              "bowler": "T Putthawong",
              "non_striker": "CT Dhururu",
              "runs": {
                "batter": 4,
                "extras": 0,
                "total": 4
              }
            },
            {
              "batter": "N Gwanzura",
              "bowler": "T Putthawong",
              "non_striker": "CT Dhururu",
              "runs": {
                "batter": 4,
                "extras": 0,
                "total": 4
              }
            },
            {
              "batter": "N Gwanzura",
              "bowler": "T Putthawong",
              "non_striker": "CT Dhururu",
              "runs": {
                "batter": 1,
                "extras": 0,
                "total": 1
              }
            },
            {
              "batter": "CT Dhururu",
              "bowler": "T Putthawong",
              "non_striker": "N Gwanzura",
              "runs": {
                "batter": 1,
                "extras": 0,
                "total": 1
              }
            },
            {
              "batter": "N Gwanzura",
              "bowler": "T Putthawong",
              "non_striker": "CT Dhururu",
              "runs": {
                "batter": 0,
                "extras": 0,
                "total": 0
              }
            }
          ]
        },
        {
          "over": 18,
          "deliveries": [
            {
              "batter": "CT Dhururu",
              "bowler": "S Laomi",
              "non_striker": "N Gwanzura",
              "runs": {
                "batter": 0,
                "extras": 0,
                "total": 0
              }
            },
            {
              "batter": "CT Dhururu",
              "bowler": "S Laomi",
              "non_striker": "N Gwanzura",
              "runs": {
                "batter": 0,
                "extras": 0,
                "total": 0
              },
              "wickets": [
                {
                  "player_out": "N Gwanzura",
                  "kind": "run out"
                }
              ]
            },
            {
              "batter": "N Mutasa",
              "bowler": "S Laomi",
              "extras": {
                "legbyes": 1
              },
              "non_striker": "CT Dhururu",
              "runs": {
                "batter": 0,
                "extras": 1,
                "total": 1
              }
            },
            {
              "batter": "CT Dhururu",
              "bowler": "S Laomi",
              "non_striker": "N Mutasa",
              "runs": {
                "batter": 2,
                "extras": 0,
                "total": 2
              }
            },
            {
              "batter": "CT Dhururu",
              "bowler": "S Laomi",
              "non_striker": "N Mutasa",
              "runs": {
                "batter": 0,
                "extras": 0,
                "total": 0
              }
            },
            {
              "batter": "CT Dhururu",
              "bowler": "S Laomi",
              "non_striker": "N Mutasa",
              "runs": {
                "batter": 0,
                "extras": 0,
                "total": 0
              }
            }
          ]
        },
        {
          "over": 19,
          "deliveries": [
            {
              "batter": "N Mutasa",
              "bowler": "N Boochatham",
              "non_striker": "CT Dhururu",
              "runs": {
                "batter": 1,
                "extras": 0,
                "total": 1
              }
            },
            {
              "batter": "CT Dhururu",
              "bowler": "N Boochatham",
              "non_striker": "N Mutasa",
              "runs": {
                "batter": 0,
                "extras": 0,
                "total": 0
              },
              "wickets": [
                {
                  "player_out": "CT Dhururu",
                  "kind": "bowled"
                }
              ]
            },
            {
              "batter": "L Tshuma",
              "bowler": "N Boochatham",
              "non_striker": "N Mutasa",
              "runs": {
                "batter": 0,
                "extras": 0,
                "total": 0
              }
            },
            {
              "batter": "L Tshuma",
              "bowler": "N Boochatham",
              "non_striker": "N Mutasa",
              "runs": {
                "batter": 3,
                "extras": 0,
                "total": 3
              }
            },
            {
              "batter": "N Mutasa",
              "bowler": "N Boochatham",
              "non_striker": "L Tshuma",
              "runs": {
                "batter": 1,
                "extras": 0,
                "total": 1
              }
            },
            {
              "batter": "L Tshuma",
              "bowler": "N Boochatham",
              "non_striker": "N Mutasa",
              "runs": {
                "batter": 0,
                "extras": 0,
                "total": 0
              },
              "wickets": [
                {
                  "player_out": "L Tshuma",
                  "kind": "bowled"
                }
              ]
            }
          ]
        }
      ],
      "powerplays": [
        {
          "from": 0.1,
          "to": 5.6,
          "type": "mandatory"
        }
      ],
      "target": {
        "overs": 20,
        "runs": 135
      }
    }
  ]
}