{
  "meta": {
    "data_version": "1.0.0",
    "created": "2021-08-27",
    "revision": 1
  },
  "info": {
    "balls_per_over": 6,
    "city": "Harare",
    "dates": [
      "2021-08-27"
    ],
    "event": {
      "name": "Thailand Women tour of Zimbabwe",
      "match_number": 1
    },
    "gender": "female",
    "match_type": "T20",
    "match_type_number": 934,
    "missing": [
      "player_of_match"
    ],
    "officials": {
      "match_referees": [
        "ET Dube"
      ],
      "reserve_umpires": [
        "C Phiri"
      ],
      "umpires": [
        "F Mutizwa",
        "I Chabi"
      ]
    },
    "outcome": {
      "winner": "Zimbabwe",
      "by": {
        "wickets": 1
      }
    },
    "overs": 20,
    "players": {
      "Thailand": [
        "N Boochatham",
        "N Chantam",
        "N Koncharoenkai",
        "O Kamchomphu",
        "N Chaiwai",
        "C Sutthiruang",
        "S Tippoch",
        "W Liengprasert",
        "S Laomi",
        "R Padunglerd",
        "T Putthawong"
      ],
      "Zimbabwe": [
        "A Ndiraya",
        "M Mupachikwa",
        "CS Mugeri",
        "M Musonda",
        "P Marange",
        "J Nkomo",
        "CT Dhururu",
        "L Phiri",
        "C Chatonzwa",
        "N Sibanda",
        "A Mazvishaya"
      ]
    },
    "registry": {
      "people": {
        "A Mazvishaya": "09a58e2d",
        "A Ndiraya": "c8e6bddd",
        "C Chatonzwa": "da61a9af",
        "C Phiri": "ade73404",
        "C Sutthiruang": "f6ddfe08",
        "CS Mugeri": "99c86133",
        "CT Dhururu": "8d7fba79",
        "ET Dube": "4c0891bc",
        "F Mutizwa": "d3e83eef",
        "I Chabi": "5e39110e",
        "J Nkomo": "36dfa62e",
        "L Phiri": "cca8bdca",
        "M Mupachikwa": "6657b319",
        "M Musonda": "94b52754",
        "N Boochatham": "58acb320",
        "N Chaiwai": "0825e4b3",
        "N Chantam": "b5626ff7",
        "N Koncharoenkai": "82c78412",
        "N Sibanda": "edf62a25",
        "O Kamchomphu": "519b872a",
        "P Marange": "a4f1fdd4",
        "R Padunglerd": "8b6c33d0",
        "S Laomi": "4b15618c",
        "S Tippoch": "9c4b58db",
        "T Putthawong": "23e3f2d6",
        "W Liengprasert": "4dabe716"
      }
    },
    "season": "2021",
    "team_type": "international",
    "teams": [
      "Thailand",
      "Zimbabwe"
    ],
    "toss": {
      "decision": "field",
      "winner": "Zimbabwe"
    },
    "venue": "Takashinga Sports Club, Highfield, Harare"
  },
  "innings": [
    {
      "team": "Thailand",
      "overs": [
        {
          "over": 0,
          "deliveries": [
            {
              "batter": "N Boochatham",
              "bowler": "N Sibanda",
              "non_striker": "N Chantam",
              "runs": {
                "batter": 0,
                "extras": 0,
                "total": 0
              }
            },
            {
              "batter": "N Boochatham",
              "bowler": "N Sibanda",
              "non_striker": "N Chantam",
              "runs": {
                "batter": 0,
                "extras": 0,
                "total": 0
              }
            },
            {
              "batter": "N Boochatham",
              "bowler": "N Sibanda",
              "non_striker": "N Chantam",
              "runs": {
                "batter": 1,
                "extras": 0,
                "total": 1
              }
            },
            {
              "batter": "N Chantam",
              "bowler": "N Sibanda",
              "non_striker": "N Boochatham",
              "runs": {
                "batter": 0,
                "extras": 0,
                "total": 0
              }
            },
            {
              "batter": "N Chantam",
              "bowler": "N Sibanda",
              "non_striker": "N Boochatham",
              "runs": {
                "batter": 0,
                "extras": 0,
                "total": 0
              }
            },
            {
              "batter": "N Chantam",
              "bowler": "N Sibanda",
              "non_striker": "N Boochatham",
              "runs": {
                "batter": 0,
                "extras": 0,
                "total": 0
              }
            }
          ]
        },
        {
          "over": 1,
          "deliveries": [
            {
              "batter": "N Boochatham",
              "bowler": "J Nkomo",
              "non_striker": "N Chantam",
              "runs": {
                "batter": 0,
                "extras": 0,
                "total": 0
              }
            },
            {
              "batter": "N Boochatham",
              "bowler": "J Nkomo",
              "extras": {
                "wides": 1
              },
              "non_striker": "N Chantam",
              "runs": {
                "batter": 0,
                "extras": 1,
                "total": 1
              }
            },
            {
              "batter": "N Boochatham",
              "bowler": "J Nkomo",
              "non_striker": "N Chantam",
              "runs": {
                "batter": 0,
                "extras": 0,
                "total": 0
              }
            },
            {
              "batter": "N Boochatham",
              "bowler": "J Nkomo",
              "non_striker": "N Chantam",
              "runs": {
                "batter": 0,
                "extras": 0,
                "total": 0
              },
              "wickets": [
                {
                  "player_out": "N Boochatham",
                  "fielders": [
                    {
                      "name": "N Sibanda"
                    }
                  ],
                  "kind": "caught"
                }
              ]
            },
            {
              "batter": "N Chantam",
              "bowler": "J Nkomo",
              "non_striker": "N Koncharoenkai",
              "runs": {
                "batter": 0,
                "extras": 0,
                "total": 0
              }
            },
            {
              "batter": "N Chantam",
              "bowler": "J Nkomo",
              "non_striker": "N Koncharoenkai",
              "runs": {
                "batter": 0,
                "extras": 0,
                "total": 0
              }
            },
            {
              "batter": "N Chantam",
              "bowler": "J Nkomo",
              "non_striker": "N Koncharoenkai",
              "runs": {
                "batter": 0,
                "extras": 0,
                "total": 0
              }
            }
          ]
        },
        {
          "over": 2,
          "deliveries": [
            {
              "batter": "N Koncharoenkai",
              "bowler": "N Sibanda",
              "non_striker": "N Chantam",
              "runs": {
                "batter": 0,
                "extras": 0,
                "total": 0
              }
            },
            {
              "batter": "N Koncharoenkai",
              "bowler": "N Sibanda",
              "non_striker": "N Chantam",
              "runs": {
                "batter": 0,
                "extras": 0,
                "total": 0
              }
            },
            {
              "batter": "N Koncharoenkai",
              "bowler": "N Sibanda",
              "non_striker": "N Chantam",
              "runs": {
                "batter": 1,
                "extras": 0,
                "total": 1
              }
            },
            {
              "batter": "N Chantam",
              "bowler": "N Sibanda",
              "non_striker": "N Koncharoenkai",
              "runs": {
                "batter": 0,
                "extras": 0,
                "total": 0
              }
            },
            {
              "batter": "N Chantam",
              "bowler": "N Sibanda",
              "non_striker": "N Koncharoenkai",
              "runs": {
                "batter": 4,
                "extras": 0,
                "total": 4
              }
            },
            {
              "batter": "N Chantam",
              "bowler": "N Sibanda",
              "non_striker": "N Koncharoenkai",
              "runs": {
                "batter": 0,
                "extras": 0,
                "total": 0
              }
            }
          ]
        },
        {
          "over": 3,
          "deliveries": [
            {
              "batter": "N Koncharoenkai",
              "bowler": "J Nkomo",
              "non_striker": "N Chantam",
              "runs": {
                "batter": 4,
                "extras": 0,
                "total": 4
              }
            },
            {
              "batter": "N Koncharoenkai",
              "bowler": "J Nkomo",
              "non_striker": "N Chantam",
              "runs": {
                "batter": 0,
                "extras": 0,
                "total": 0
              }
            },
            {
              "batter": "N Koncharoenkai",
              "bowler": "J Nkomo",
              "non_striker": "N Chantam",
              "runs": {
                "batter": 0,
                "extras": 0,
                "total": 0
              }
            },
            {
              "batter": "N Koncharoenkai",
              "bowler": "J Nkomo",
              "non_striker": "N Chantam",
              "runs": {
                "batter": 0,
                "extras": 0,
                "total": 0
              }
            },
            {
              "batter": "N Koncharoenkai",
              "bowler": "J Nkomo",
              "non_striker": "N Chantam",
              "runs": {
                "batter": 4,
                "extras": 0,
                "total": 4
              }
            },
            {
              "batter": "N Koncharoenkai",
              "bowler": "J Nkomo",
              "non_striker": "N Chantam",
              "runs": {
                "batter": 0,
                "extras": 0,
                "total": 0
              }
            }
          ]
        },
        {
          "over": 4,
          "deliveries": [
            {
              "batter": "N Chantam",
              "bowler": "A Mazvishaya",
              "non_striker": "N Koncharoenkai",
              "runs": {
                "batter": 0,
                "extras": 0,
                "total": 0
              }
            },
            {
              "batter": "N Chantam",
              "bowler": "A Mazvishaya",
              "non_striker": "N Koncharoenkai",
              "runs": {
                "batter": 0,
                "extras": 0,
                "total": 0
              }
            },
            {
              "batter": "N Chantam",
              "bowler": "A Mazvishaya",
              "non_striker": "N Koncharoenkai",
              "runs": {
                "batter": 0,
                "extras": 0,
                "total": 0
              }
            },
            {
              "batter": "N Chantam",
              "bowler": "A Mazvishaya",
              "non_striker": "N Koncharoenkai",
              "runs": {
                "batter": 1,
                "extras": 0,
                "total": 1
              }
            },
            {
              "batter": "N Koncharoenkai",
              "bowler": "A Mazvishaya",
              "non_striker": "N Chantam",
              "runs": {
                "batter": 0,
                "extras": 0,
                "total": 0
              }
            },
            {
              "batter": "N Koncharoenkai",
              "bowler": "A Mazvishaya",
              "non_striker": "N Chantam",
              "runs": {
                "batter": 0,
                "extras": 0,
                "total": 0
              }
            }
          ]
        },
        {
          "over": 5,
          "deliveries": [
            {
              "batter": "N Chantam",
              "bowler": "P Marange",
              "non_striker": "N Koncharoenkai",
              "runs": {
                "batter": 1,
                "extras": 0,
                "total": 1
              }
            },
            {
              "batter": "N Koncharoenkai",
              "bowler": "P Marange",
              "non_striker": "N Chantam",
              "runs": {
                "batter": 2,
                "extras": 0,
                "total": 2
              }
            },
            {
              "batter": "N Koncharoenkai",
              "bowler": "P Marange",
              "non_striker": "N Chantam",
              "runs": {
                "batter": 0,
                "extras": 0,
                "total": 0
              }
            },
            {
              "batter": "N Koncharoenkai",
              "bowler": "P Marange",
              "non_striker": "N Chantam",
              "runs": {
                "batter": 1,
                "extras": 0,
                "total": 1
              }
            },
            {
              "batter": "N Chantam",
              "bowler": "P Marange",
              "non_striker": "N Koncharoenkai",
              "runs": {
                "batter": 0,
                "extras": 0,
                "total": 0
              }
            },
            {
              "batter": "N Chantam",
              "bowler": "P Marange",
              "non_striker": "N Koncharoenkai",
              "runs": {
                "batter": 0,
                "extras": 0,
                "total": 0
              }
            }
          ]
        },
        {
          "over": 6,
          "deliveries": [
            {
              "batter": "N Koncharoenkai",
              "bowler": "A Mazvishaya",
              "non_striker": "N Chantam",
              "runs": {
                "batter": 4,
                "extras": 0,
                "total": 4
              }
            },
            {
              "batter": "N Koncharoenkai",
              "bowler": "A Mazvishaya",
              "non_striker": "N Chantam",
              "runs": {
                "batter": 1,
                "extras": 0,
                "total": 1
              }
            },
            {
              "batter": "N Chantam",
              "bowler": "A Mazvishaya",
              "non_striker": "N Koncharoenkai",
              "runs": {
                "batter": 0,
                "extras": 0,
                "total": 0
              }
            },
            {
              "batter": "N Chantam",
              "bowler": "A Mazvishaya",
              "non_striker": "N Koncharoenkai",
              "runs": {
                "batter": 0,
                "extras": 0,
                "total": 0
              }
            },
            {
              "batter": "N Chantam",
              "bowler": "A Mazvishaya",
              "non_striker": "N Koncharoenkai",
              "runs": {
                "batter": 0,
                "extras": 0,
                "total": 0
              },
              "wickets": [
                {
                  "player_out": "N Chantam",
                  "kind": "bowled"
                }
              ]
            },
            {
              "batter": "O Kamchomphu",
              "bowler": "A Mazvishaya",
              "non_striker": "N Koncharoenkai",
              "runs": {
                "batter": 0,
                "extras": 0,
                "total": 0
              }
            }
          ]
        },
        {
          "over": 7,
          "deliveries": [
            {
              "batter": "N Koncharoenkai",
              "bowler": "P Marange",
              "non_striker": "O Kamchomphu",
              "runs": {
                "batter": 0,
                "extras": 0,
                "total": 0
              }
            },
            {
              "batter": "N Koncharoenkai",
              "bowler": "P Marange",
              "non_striker": "O Kamchomphu",
              "runs": {
                "batter": 0,
                "extras": 0,
                "total": 0
              }
            },
            {
              "batter": "N Koncharoenkai",
              "bowler": "P Marange",
              "non_striker": "O Kamchomphu",
              "runs": {
                "batter": 1,
                "extras": 0,
                "total": 1
              }
            },
            {
              "batter": "O Kamchomphu",
              "bowler": "P Marange",
              "non_striker": "N Koncharoenkai",
              "runs": {
                "batter": 0,
                "extras": 0,
                "total": 0
              }
            },
            {
              "batter": "O Kamchomphu",
              "bowler": "P Marange",
              "non_striker": "N Koncharoenkai",
              "runs": {
                "batter": 1,
                "extras": 0,
                "total": 1
              }
            },
            {
              "batter": "N Koncharoenkai",
              "bowler": "P Marange",
              "non_striker": "O Kamchomphu",
              "runs": {
                "batter": 1,
                "extras": 0,
                "total": 1
              }
            }
          ]
        },
        {
          "over": 8,
          "deliveries": [
            {
              "batter": "N Koncharoenkai",
              "bowler": "C Chatonzwa",
              "non_striker": "O Kamchomphu",
              "runs": {
                "batter": 1,
                "extras": 0,
                "total": 1
              }
            },
            {
              "batter": "O Kamchomphu",
              "bowler": "C Chatonzwa",
              "non_striker": "N Koncharoenkai",
              "runs": {
                "batter": 0,
                "extras": 0,
                "total": 0
              },
              "wickets": [
                {
                  "player_out": "O Kamchomphu",
                  "fielders": [
                    {
                      "name": "CT Dhururu"
                    }
                  ],
                  "kind": "stumped"
                }
              ]
            },
            {
              "batter": "N Chaiwai",
              "bowler": "C Chatonzwa",
              "non_striker": "N Koncharoenkai",
              "runs": {
                "batter": 0,
                "extras": 0,
                "total": 0
              },
              "wickets": [
                {
                  "player_out": "N Chaiwai",
                  "kind": "bowled"
                }
              ]
            },
            {
              "batter": "C Sutthiruang",
              "bowler": "C Chatonzwa",
              "non_striker": "N Koncharoenkai",
              "runs": {
                "batter": 1,
                "extras": 0,
                "total": 1
              }
            },
            {
              "batter": "N Koncharoenkai",
              "bowler": "C Chatonzwa",
              "non_striker": "C Sutthiruang",
              "runs": {
                "batter": 4,
                "extras": 0,
                "total": 4
              }
            },
            {
              "batter": "N Koncharoenkai",
              "bowler": "C Chatonzwa",
              "non_striker": "C Sutthiruang",
              "runs": {
                "batter": 0,
                "extras": 0,
                "total": 0
              }
            }
          ]
        },
        {
          "over": 9,
          "deliveries": [
            {
              "batter": "C Sutthiruang",
              "bowler": "A Mazvishaya",
              "non_striker": "N Koncharoenkai",
              "runs": {
                "batter": 0,
                "extras": 0,
                "total": 0
              }
            },
            {
              "batter": "C Sutthiruang",
              "bowler": "A Mazvishaya",
              "non_striker": "N Koncharoenkai",
              "runs": {
                "batter": 0,
                "extras": 0,
                "total": 0
              }
            },
            {
              "batter": "C Sutthiruang",
              "bowler": "A Mazvishaya",
              "non_striker": "N Koncharoenkai",
              "runs": {
                "batter": 1,
                "extras": 0,
                "total": 1
              }
            },
            {
              "batter": "N Koncharoenkai",
              "bowler": "A Mazvishaya",
              "non_striker": "C Sutthiruang",
              "runs": {
                "batter": 1,
                "extras": 0,
                "total": 1
              }
            },
            {
              "batter": "C Sutthiruang",
              "bowler": "A Mazvishaya",
              "non_striker": "N Koncharoenkai",
              "runs": {
                "batter": 1,
                "extras": 0,
                "total": 1
              }
            },
            {
              "batter": "N Koncharoenkai",
              "bowler": "A Mazvishaya",
              "non_striker": "C Sutthiruang",
              "runs": {
                "batter": 4,
                "extras": 0,
                "total": 4
              }
            }
          ]
        },
        {
          "over": 10,
          "deliveries": [
            {
              "batter": "C Sutthiruang",
              "bowler": "C Chatonzwa",
              "non_striker": "N Koncharoenkai",
              "runs": {
                "batter": 1,
                "extras": 0,
                "total": 1
              }
            },
            {
              "batter": "N Koncharoenkai",
              "bowler": "C Chatonzwa",
              "non_striker": "C Sutthiruang",
              "runs": {
                "batter": 1,
                "extras": 0,
                "total": 1
              }
            },
            {
              "batter": "C Sutthiruang",
              "bowler": "C Chatonzwa",
              "non_striker": "N Koncharoenkai",
              "runs": {
                "batter": 0,
                "extras": 0,
                "total": 0
              }
            },
            {
              "batter": "C Sutthiruang",
              "bowler": "C Chatonzwa",
              "non_striker": "N Koncharoenkai",
              "runs": {
                "batter": 2,
                "extras": 0,
                "total": 2
              }
            },
            {
              "batter": "C Sutthiruang",
              "bowler": "C Chatonzwa",
              "non_striker": "N Koncharoenkai",
              "runs": {
                "batter": 1,
                "extras": 0,
                "total": 1
              }
            },
            {
              "batter": "N Koncharoenkai",
              "bowler": "C Chatonzwa",
              "non_striker": "C Sutthiruang",
              "runs": {
                "batter": 1,
                "extras": 0,
                "total": 1
              }
            }
          ]
        },
        {
          "over": 11,
          "deliveries": [
            {
              "batter": "N Koncharoenkai",
              "bowler": "L Phiri",
              "non_striker": "C Sutthiruang",
              "runs": {
                "batter": 0,
                "extras": 0,
                "total": 0
              }
            },
            {
              "batter": "N Koncharoenkai",
              "bowler": "L Phiri",
              "non_striker": "C Sutthiruang",
              "runs": {
                "batter": 1,
                "extras": 0,
                "total": 1
              }
            },
            {
              "batter": "C Sutthiruang",
              "bowler": "L Phiri",
              "non_striker": "N Koncharoenkai",
              "runs": {
                "batter": 2,
                "extras": 0,
                "total": 2
              }
            },
            {
              "batter": "C Sutthiruang",
              "bowler": "L Phiri",
              "non_striker": "N Koncharoenkai",
              "runs": {
                "batter": 1,
                "extras": 0,
                "total": 1
              }
            },
            {
              "batter": "N Koncharoenkai",
              "bowler": "L Phiri",
              "non_striker": "C Sutthiruang",
              "runs": {
                "batter": 4,
                "extras": 0,
                "total": 4
              }
            },
            {
              "batter": "N Koncharoenkai",
              "bowler": "L Phiri",
              "non_striker": "C Sutthiruang",
              "runs": {
                "batter": 0,
                "extras": 0,
                "total": 0
              }
            }
          ]
        },
        {
          "over": 12,
          "deliveries": [
            {
              "batter": "C Sutthiruang",
              "bowler": "C Chatonzwa",
              "non_striker": "N Koncharoenkai",
              "runs": {
                "batter": 4,
                "extras": 0,
                "total": 4
              }
            },
            {
              "batter": "C Sutthiruang",
              "bowler": "C Chatonzwa",
              "non_striker": "N Koncharoenkai",
              "runs": {
                "batter": 0,
                "extras": 0,
                "total": 0
              }
            },
            {
              "batter": "C Sutthiruang",
              "bowler": "C Chatonzwa",
              "non_striker": "N Koncharoenkai",
              "runs": {
                "batter": 0,
                "extras": 0,
                "total": 0
              }
            },
            {
              "batter": "C Sutthiruang",
              "bowler": "C Chatonzwa",
              "non_striker": "N Koncharoenkai",
              "runs": {
                "batter": 1,
                "extras": 0,
                "total": 1
              }
            },
            {
              "batter": "N Koncharoenkai",
              "bowler": "C Chatonzwa",
              "non_striker": "C Sutthiruang",
              "runs": {
                "batter": 1,
                "extras": 0,
                "total": 1
              }
            },
            {
              "batter": "C Sutthiruang",
              "bowler": "C Chatonzwa",
              "non_striker": "N Koncharoenkai",
              "runs": {
                "batter": 0,
                "extras": 0,
                "total": 0
              }
            }
          ]
        },
        {
          "over": 13,
          "deliveries": [
            {
              "batter": "N Koncharoenkai",
              "bowler": "P Marange",
              "non_striker": "C Sutthiruang",
              "runs": {
                "batter": 0,
                "extras": 0,
                "total": 0
              }
            },
            {
              "batter": "N Koncharoenkai",
              "bowler": "P Marange",
              "non_striker": "C Sutthiruang",
              "runs": {
                "batter": 1,
                "extras": 0,
                "total": 1
              }
            },
            {
              "batter": "C Sutthiruang",
              "bowler": "P Marange",
              "non_striker": "N Koncharoenkai",
              "runs": {
                "batter": 1,
                "extras": 0,
                "total": 1
              }
            },
            {
              "batter": "N Koncharoenkai",
              "bowler": "P Marange",
              "non_striker": "C Sutthiruang",
              "runs": {
                "batter": 2,
                "extras": 0,
                "total": 2
              }
            },
            {
              "batter": "N Koncharoenkai",
              "bowler": "P Marange",
              "non_striker": "C Sutthiruang",
              "runs": {
                "batter": 0,
                "extras": 0,
                "total": 0
              }
            },
            {
              "batter": "N Koncharoenkai",
              "bowler": "P Marange",
              "non_striker": "C Sutthiruang",
              "runs": {
                "batter": 0,
                "extras": 0,
                "total": 0
              }
            }
          ]
        },
        {
          "over": 14,
          "deliveries": [
            {
              "batter": "C Sutthiruang",
              "bowler": "N Sibanda",
              "non_striker": "N Koncharoenkai",
              "runs": {
                "batter": 0,
                "extras": 0,
                "total": 0
              }
            },
            {
              "batter": "C Sutthiruang",
              "bowler": "N Sibanda",
              "non_striker": "N Koncharoenkai",
              "runs": {
                "batter": 2,
                "extras": 0,
                "total": 2
              }
            },
            {
              "batter": "C Sutthiruang",
              "bowler": "N Sibanda",
              "non_striker": "N Koncharoenkai",
              "runs": {
                "batter": 1,
                "extras": 0,
                "total": 1
              }
            },
            {
              "batter": "N Koncharoenkai",
              "bowler": "N Sibanda",
              "non_striker": "C Sutthiruang",
              "runs": {
                "batter": 1,
                "extras": 0,
                "total": 1
              }
            },
            {
              "batter": "C Sutthiruang",
              "bowler": "N Sibanda",
              "non_striker": "N Koncharoenkai",
              "runs": {
                "batter": 0,
                "extras": 0,
                "total": 0
              }
            },
            {
              "batter": "C Sutthiruang",
              "bowler": "N Sibanda",
              "non_striker": "N Koncharoenkai",
              "runs": {
                "batter": 2,
                "extras": 0,
                "total": 2
              }
            }
          ]
        },
        {
          "over": 15,
          "deliveries": [
            {
              "batter": "N Koncharoenkai",
              "bowler": "J Nkomo",
              "non_striker": "C Sutthiruang",
              "runs": {
                "batter": 1,
                "extras": 0,
                "total": 1
              }
            },
            {
              "batter": "C Sutthiruang",
              "bowler": "J Nkomo",
              "non_striker": "N Koncharoenkai",
              "runs": {
                "batter": 1,
                "extras": 0,
                "total": 1
              }
            },
            {
              "batter": "N Koncharoenkai",
              "bowler": "J Nkomo",
              "non_striker": "C Sutthiruang",
              "runs": {
                "batter": 0,
                "extras": 0,
                "total": 0
              }
            },
            {
              "batter": "N Koncharoenkai",
              "bowler": "J Nkomo",
              "non_striker": "C Sutthiruang",
              "runs": {
                "batter": 1,
                "extras": 0,
                "total": 1
              }
            },
            {
              "batter": "C Sutthiruang",
              "bowler": "J Nkomo",
              "non_striker": "N Koncharoenkai",
              "runs": {
                "batter": 0,
                "extras": 0,
                "total": 0
              }
            },
            {
              "batter": "C Sutthiruang",
              "bowler": "J Nkomo",
              "non_striker": "N Koncharoenkai",
              "runs": {
                "batter": 1,
                "extras": 0,
                "total": 1
              }
            }
          ]
        },
        {
          "over": 16,
          "deliveries": [
            {
              "batter": "C Sutthiruang",
              "bowler": "P Marange",
              "non_striker": "N Koncharoenkai",
              "runs": {
                "batter": 0,
                "extras": 0,
                "total": 0
              }
            },
            {
              "batter": "C Sutthiruang",
              "bowler": "P Marange",
              "non_striker": "N Koncharoenkai",
              "runs": {
                "batter": 0,
                "extras": 0,
                "total": 0
              }
            },
            {
              "batter": "C Sutthiruang",
              "bowler": "P Marange",
              "non_striker": "N Koncharoenkai",
              "runs": {
                "batter": 0,
                "extras": 0,
                "total": 0
              }
            },
            {
              "batter": "C Sutthiruang",
              "bowler": "P Marange",
              "non_striker": "N Koncharoenkai",
              "runs": {
                "batter": 0,
                "extras": 0,
                "total": 0
              }
            },
            {
              "batter": "C Sutthiruang",
              "bowler": "P Marange",
              "non_striker": "N Koncharoenkai",
              "runs": {
                "batter": 1,
                "extras": 0,
                "total": 1
              }
            },
            {
              "batter": "N Koncharoenkai",
              "bowler": "P Marange",
              "non_striker": "C Sutthiruang",
              "runs": {
                "batter": 1,
                "extras": 0,
                "total": 1
              }
            }
          ]
        },
        {
          "over": 17,
          "deliveries": [
            {
              "batter": "N Koncharoenkai",
              "bowler": "A Mazvishaya",
              "non_striker": "C Sutthiruang",
              "runs": {
                "batter": 0,
                "extras": 0,
                "total": 0
              }
            },
            {
              "batter": "N Koncharoenkai",
              "bowler": "A Mazvishaya",
              "non_striker": "C Sutthiruang",
              "runs": {
                "batter": 1,
                "extras": 0,
                "total": 1
              }
            },
            {
              "batter": "C Sutthiruang",
              "bowler": "A Mazvishaya",
              "non_striker": "N Koncharoenkai",
              "runs": {
                "batter": 4,
                "extras": 0,
                "total": 4
              }
            },
            {
              "batter": "C Sutthiruang",
              "bowler": "A Mazvishaya",
              "non_striker": "N Koncharoenkai",
              "runs": {
                "batter": 1,
                "extras": 0,
                "total": 1
              }
            },
            {
              "batter": "N Koncharoenkai",
              "bowler": "A Mazvishaya",
              "non_striker": "C Sutthiruang",
              "runs": {
                "batter": 4,
                "extras": 0,
                "total": 4
              }
            },
            {
              "batter": "N Koncharoenkai",
              "bowler": "A Mazvishaya",
              "non_striker": "C Sutthiruang",
              "runs": {
                "batter": 1,
                "extras": 0,
                "total": 1
              }
            }
          ]
        },
        {
          "over": 18,
          "deliveries": [
            {
              "batter": "N Koncharoenkai",
              "bowler": "N Sibanda",
              "non_striker": "C Sutthiruang",
              "runs": {
                "batter": 4,
                "extras": 0,
                "total": 4
              }
            },
            {
              "batter": "N Koncharoenkai",
              "bowler": "N Sibanda",
              "non_striker": "C Sutthiruang",
              "runs": {
                "batter": 0,
                "extras": 0,
                "total": 0
              }
            },
            {
              "batter": "N Koncharoenkai",
              "bowler": "N Sibanda",
              "non_striker": "C Sutthiruang",
              "runs": {
                "batter": 2,
                "extras": 0,
                "total": 2
              }
            },
            {
              "batter": "N Koncharoenkai",
              "bowler": "N Sibanda",
              "non_striker": "C Sutthiruang",
              "runs": {
                "batter": 4,
                "extras": 0,
                "total": 4
              }
            },
            {
              "batter": "N Koncharoenkai",
              "bowler": "N Sibanda",
              "non_striker": "C Sutthiruang",
              "runs": {
                "batter": 1,
                "extras": 0,
                "total": 1
              }
            },
            {
              "batter": "C Sutthiruang",
              "bowler": "N Sibanda",
              "non_striker": "N Koncharoenkai",
              "runs": {
                "batter": 1,
                "extras": 0,
                "total": 1
              }
            }
          ]
        },
        {
          "over": 19,
          "deliveries": [
            {
              "batter": "C Sutthiruang",
              "bowler": "J Nkomo",
              "non_striker": "N Koncharoenkai",
              "runs": {
                "batter": 0,
                "extras": 0,
                "total": 0
              }
            },
            {
              "batter": "C Sutthiruang",
              "bowler": "J Nkomo",
              "non_striker": "N Koncharoenkai",
              "runs": {
                "batter": 0,
                "extras": 0,
                "total": 0
              }
            },
            {
              "batter": "C Sutthiruang",
              "bowler": "J Nkomo",
              "non_striker": "N Koncharoenkai",
              "runs": {
                "batter": 2,
                "extras": 0,
                "total": 2
              }
            },
            {
              "batter": "C Sutthiruang",
              "bowler": "J Nkomo",
              "non_striker": "N Koncharoenkai",
              "runs": {
                "batter": 1,
                "extras": 0,
                "total": 1
              }
            },
            {
              "batter": "N Koncharoenkai",
              "bowler": "J Nkomo",
              "non_striker": "C Sutthiruang",
              "runs": {
                "batter": 0,
                "extras": 0,
                "total": 0
              }
            },
            {
              "batter": "N Koncharoenkai",
              "bowler": "J Nkomo",
              "non_striker": "C Sutthiruang",
              "runs": {
                "batter": 1,
                "extras": 0,
                "total": 1
              }
            }
          ]
        }
      ],
      "powerplays": [
        {
          "from": 0.1,
          "to": 5.6,
          "type": "mandatory"
        }
      ]
    },
    {
      "team": "Zimbabwe",
      "overs": [
        {
          "over": 0,
          "deliveries": [
            {
              "batter": "A Ndiraya",
              "bowler": "N Boochatham",
              "non_striker": "M Mupachikwa",
              "runs": {
                "batter": 0,
                "extras": 0,
                "total": 0
              }
            },
            {
              "batter": "A Ndiraya",
              "bowler": "N Boochatham",
              "non_striker": "M Mupachikwa",
              "runs": {
                "batter": 0,
                "extras": 0,
                "total": 0
              },
              "wickets": [
                {
                  "player_out": "A Ndiraya",
                  "kind": "lbw"
                }
              ]
            },
            {
              "batter": "CS Mugeri",
              "bowler": "N Boochatham",
              "extras": {
                "wides": 1
              },
              "non_striker": "M Mupachikwa",
              "runs": {
                "batter": 0,
                "extras": 1,
                "total": 1
              }
            },
            {
              "batter": "CS Mugeri",
              "bowler": "N Boochatham",
              "non_striker": "M Mupachikwa",
              "runs": {
                "batter": 0,
                "extras": 0,
                "total": 0
              }
            },
            {
              "batter": "CS Mugeri",
              "bowler": "N Boochatham",
              "extras": {
                "wides": 2
              },
              "non_striker": "M Mupachikwa",
              "runs": {
                "batter": 0,
                "extras": 2,
                "total": 2
              }
            },
            {
              "batter": "M Mupachikwa",
              "bowler": "N Boochatham",
              "non_striker": "CS Mugeri",
              "runs": {
                "batter": 0,
                "extras": 0,
                "total": 0
              }
            },
            {
              "batter": "M Mupachikwa",
              "bowler": "N Boochatham",
              "non_striker": "CS Mugeri",
              "runs": {
                "batter": 0,
                "extras": 0,
                "total": 0
              }
            },
            {
              "batter": "M Mupachikwa",
              "bowler": "N Boochatham",
              "non_striker": "CS Mugeri",
              "runs": {
                "batter": 0,
                "extras": 0,
                "total": 0
              }
            }
          ]
        },
        {
          "over": 1,
          "deliveries": [
            {
              "batter": "CS Mugeri",
              "bowler": "S Tippoch",
              "non_striker": "M Mupachikwa",
              "runs": {
                "batter": 0,
                "extras": 0,
                "total": 0
              }
            },
            {
              "batter": "CS Mugeri",
              "bowler": "S Tippoch",
              "non_striker": "M Mupachikwa",
              "runs": {
                "batter": 3,
                "extras": 0,
                "total": 3
              }
            },
            {
              "batter": "M Mupachikwa",
              "bowler": "S Tippoch",
              "non_striker": "CS Mugeri",
              "runs": {
                "batter": 0,
                "extras": 0,
                "total": 0
              }
            },
            {
              "batter": "M Mupachikwa",
              "bowler": "S Tippoch",
              "non_striker": "CS Mugeri",
              "runs": {
                "batter": 0,
                "extras": 0,
                "total": 0
              }
            },
            {
              "batter": "M Mupachikwa",
              "bowler": "S Tippoch",
              "non_striker": "CS Mugeri",
              "runs": {
                "batter": 1,
                "extras": 0,
                "total": 1
              }
            },
            {
              "batter": "CS Mugeri",
              "bowler": "S Tippoch",
              "non_striker": "M Mupachikwa",
              "runs": {
                "batter": 0,
                "extras": 0,
                "total": 0
              }
            }
          ]
        },
        {
          "over": 2,
          "deliveries": [
            {
              "batter": "M Mupachikwa",
              "bowler": "N Boochatham",
              "non_striker": "CS Mugeri",
              "runs": {
                "batter": 0,
                "extras": 0,
                "total": 0
              }
            },
            {
              "batter": "M Mupachikwa",
              "bowler": "N Boochatham",
              "non_striker": "CS Mugeri",
              "runs": {
                "batter": 4,
                "extras": 0,
                "total": 4
              }
            },
            {
              "batter": "M Mupachikwa",
              "bowler": "N Boochatham",
              "non_striker": "CS Mugeri",
              "runs": {
                "batter": 0,
                "extras": 0,
                "total": 0
              }
            },
            {
              "batter": "M Mupachikwa",
              "bowler": "N Boochatham",
              "non_striker": "CS Mugeri",
              "runs": {
                "batter": 0,
                "extras": 0,
                "total": 0
              }
            },
            {
              "batter": "M Mupachikwa",
              "bowler": "N Boochatham",
              "non_striker": "CS Mugeri",
              "runs": {
                "batter": 0,
                "extras": 0,
                "total": 0
              }
            },
            {
              "batter": "M Mupachikwa",
              "bowler": "N Boochatham",
              "non_striker": "CS Mugeri",
              "runs": {
                "batter": 0,
                "extras": 0,
                "total": 0
              }
            }
          ]
        },
        {
          "over": 3,
          "deliveries": [
            {
              "batter": "CS Mugeri",
              "bowler": "S Tippoch",
              "non_striker": "M Mupachikwa",
              "runs": {
                "batter": 4,
                "extras": 0,
                "total": 4
              }
            },
            {
              "batter": "CS Mugeri",
              "bowler": "S Tippoch",
              "non_striker": "M Mupachikwa",
              "runs": {
                "batter": 0,
                "extras": 0,
                "total": 0
              }
            },
            {
              "batter": "CS Mugeri",
              "bowler": "S Tippoch",
              "non_striker": "M Mupachikwa",
              "runs": {
                "batter": 0,
                "extras": 0,
                "total": 0
              }
            },
            {
              "batter": "CS Mugeri",
              "bowler": "S Tippoch",
              "non_striker": "M Mupachikwa",
              "runs": {
                "batter": 0,
                "extras": 0,
                "total": 0
              }
            },
            {
              "batter": "CS Mugeri",
              "bowler": "S Tippoch",
              "extras": {
                "wides": 1
              },
              "non_striker": "M Mupachikwa",
              "runs": {
                "batter": 0,
                "extras": 1,
                "total": 1
              }
            },
            {
              "batter": "CS Mugeri",
              "bowler": "S Tippoch",
              "non_striker": "M Mupachikwa",
              "runs": {
                "batter": 0,
                "extras": 0,
                "total": 0
              }
            },
            {
              "batter": "CS Mugeri",
              "bowler": "S Tippoch",
              "non_striker": "M Mupachikwa",
              "runs": {
                "batter": 1,
                "extras": 0,
                "total": 1
              }
            }
          ]
        },
        {
          "over": 4,
          "deliveries": [
            {
              "batter": "CS Mugeri",
              "bowler": "R Padunglerd",
              "non_striker": "M Mupachikwa",
              "runs": {
                "batter": 0,
                "extras": 0,
                "total": 0
              }
            },
            {
              "batter": "CS Mugeri",
              "bowler": "R Padunglerd",
              "non_striker": "M Mupachikwa",
              "runs": {
                "batter": 1,
                "extras": 0,
                "total": 1
              }
            },
            {
              "batter": "M Mupachikwa",
              "bowler": "R Padunglerd",
              "non_striker": "CS Mugeri",
              "runs": {
                "batter": 0,
                "extras": 0,
                "total": 0
              }
            },
            {
              "batter": "M Mupachikwa",
              "bowler": "R Padunglerd",
              "non_striker": "CS Mugeri",
              "runs": {
                "batter": 0,
                "extras": 0,
                "total": 0
              }
            },
            {
              "batter": "M Mupachikwa",
              "bowler": "R Padunglerd",
              "non_striker": "CS Mugeri",
              "runs": {
                "batter": 0,
                "extras": 0,
                "total": 0
              }
            },
            {
              "batter": "M Mupachikwa",
              "bowler": "R Padunglerd",
              "non_striker": "CS Mugeri",
              "runs": {
                "batter": 0,
                "extras": 0,
                "total": 0
              }
            }
          ]
        },
        {
          "over": 5,
          "deliveries": [
            {
              "batter": "CS Mugeri",
              "bowler": "S Tippoch",
              "non_striker": "M Mupachikwa",
              "runs": {
                "batter": 0,
                "extras": 0,
                "total": 0
              }
            },
            {
              "batter": "CS Mugeri",
              "bowler": "S Tippoch",
              "non_striker": "M Mupachikwa",
              "runs": {
                "batter": 1,
                "extras": 0,
                "total": 1
              }
            },
            {
              "batter": "M Mupachikwa",
              "bowler": "S Tippoch",
              "non_striker": "CS Mugeri",
              "runs": {
                "batter": 1,
                "extras": 0,
                "total": 1
              }
            },
            {
              "batter": "CS Mugeri",
              "bowler": "S Tippoch",
              "non_striker": "M Mupachikwa",
              "runs": {
                "batter": 0,
                "extras": 0,
                "total": 0
              }
            },
            {
              "batter": "CS Mugeri",
              "bowler": "S Tippoch",
              "non_striker": "M Mupachikwa",
              "runs": {
                "batter": 4,
                "extras": 0,
                "total": 4
              }
            },
            {
              "batter": "CS Mugeri",
              "bowler": "S Tippoch",
              "non_striker": "M Mupachikwa",
              "runs": {
                "batter": 1,
                "extras": 0,
                "total": 1
              }
            }
          ]
        },
        {
          "over": 6,
          "deliveries": [
            {
              "batter": "CS Mugeri",
              "bowler": "R Padunglerd",
              "non_striker": "M Mupachikwa",
              "runs": {
                "batter": 0,
                "extras": 0,
                "total": 0
              }
            },
            {
              "batter": "CS Mugeri",
              "bowler": "R Padunglerd",
              "non_striker": "M Mupachikwa",
              "runs": {
                "batter": 0,
                "extras": 0,
                "total": 0
              }
            },
            {
              "batter": "CS Mugeri",
              "bowler": "R Padunglerd",
              "non_striker": "M Mupachikwa",
              "runs": {
                "batter": 4,
                "extras": 0,
                "total": 4
              }
            },
            {
              "batter": "CS Mugeri",
              "bowler": "R Padunglerd",
              "non_striker": "M Mupachikwa",
              "runs": {
                "batter": 0,
                "extras": 0,
                "total": 0
              }
            },
            {
              "batter": "CS Mugeri",
              "bowler": "R Padunglerd",
              "non_striker": "M Mupachikwa",
              "runs": {
                "batter": 1,
                "extras": 0,
                "total": 1
              }
            },
            {
              "batter": "M Mupachikwa",
              "bowler": "R Padunglerd",
              "non_striker": "CS Mugeri",
              "runs": {
                "batter": 0,
                "extras": 0,
                "total": 0
              }
            }
          ]
        },
        {
          "over": 7,
          "deliveries": [
            {
              "batter": "CS Mugeri",
              "bowler": "S Laomi",
              "non_striker": "M Mupachikwa",
              "runs": {
                "batter": 0,
                "extras": 0,
                "total": 0
              }
            },
            {
              "batter": "CS Mugeri",
              "bowler": "S Laomi",
              "non_striker": "M Mupachikwa",
              "runs": {
                "batter": 1,
                "extras": 0,
                "total": 1
              }
            },
            {
              "batter": "M Mupachikwa",
              "bowler": "S Laomi",
              "non_striker": "CS Mugeri",
              "runs": {
                "batter": 0,
                "extras": 0,
                "total": 0
              }
            },
            {
              "batter": "M Mupachikwa",
              "bowler": "S Laomi",
              "non_striker": "CS Mugeri",
              "runs": {
                "batter": 2,
                "extras": 0,
                "total": 2
              }
            },
            {
              "batter": "M Mupachikwa",
              "bowler": "S Laomi",
              "non_striker": "CS Mugeri",
              "runs": {
                "batter": 0,
                "extras": 0,
                "total": 0
              }
            },
            {
              "batter": "M Mupachikwa",
              "bowler": "S Laomi",
              "non_striker": "CS Mugeri",
              "runs": {
                "batter": 1,
                "extras": 0,
                "total": 1
              }
            }
          ]
        },
        {
          "over": 8,
          "deliveries": [
            {
              "batter": "M Mupachikwa",
              "bowler": "R Padunglerd",
              "non_striker": "CS Mugeri",
              "runs": {
                "batter": 1,
                "extras": 0,
                "total": 1
              }
            },
            {
              "batter": "CS Mugeri",
              "bowler": "R Padunglerd",
              "non_striker": "M Mupachikwa",
              "runs": {
                "batter": 1,
                "extras": 0,
                "total": 1
              }
            },
            {
              "batter": "M Mupachikwa",
              "bowler": "R Padunglerd",
              "non_striker": "CS Mugeri",
              "runs": {
                "batter": 1,
                "extras": 0,
                "total": 1
              }
            },
            {
              "batter": "CS Mugeri",
              "bowler": "R Padunglerd",
              "non_striker": "M Mupachikwa",
              "runs": {
                "batter": 4,
                "extras": 0,
                "total": 4
              }
            },
            {
              "batter": "CS Mugeri",
              "bowler": "R Padunglerd",
              "non_striker": "M Mupachikwa",
              "runs": {
                "batter": 1,
                "extras": 0,
                "total": 1
              }
            },
            {
              "batter": "M Mupachikwa",
              "bowler": "R Padunglerd",
              "non_striker": "CS Mugeri",
              "runs": {
                "batter": 1,
                "extras": 0,
                "total": 1
              }
            }
          ]
        },
        {
          "over": 9,
          "deliveries": [
            {
              "batter": "M Mupachikwa",
              "bowler": "O Kamchomphu",
              "non_striker": "CS Mugeri",
              "runs": {
                "batter": 1,
                "extras": 0,
                "total": 1
              }
            },
            {
              "batter": "CS Mugeri",
              "bowler": "O Kamchomphu",
              "extras": {
                "noballs": 1
              },
              "non_striker": "M Mupachikwa",
              "runs": {
                "batter": 2,
                "extras": 1,
                "total": 3
              }
            },
            {
              "batter": "CS Mugeri",
              "bowler": "O Kamchomphu",
              "non_striker": "M Mupachikwa",
              "runs": {
                "batter": 1,
                "extras": 0,
                "total": 1
              }
            },
            {
              "batter": "M Mupachikwa",
              "bowler": "O Kamchomphu",
              "non_striker": "CS Mugeri",
              "runs": {
                "batter": 1,
                "extras": 0,
                "total": 1
              }
            },
            {
              "batter": "CS Mugeri",
              "bowler": "O Kamchomphu",
              "non_striker": "M Mupachikwa",
              "runs": {
                "batter": 0,
                "extras": 0,
                "total": 0
              },
              "wickets": [
                {
                  "player_out": "CS Mugeri",
                  "fielders": [
                    {
                      "name": "N Koncharoenkai"
                    }
                  ],
                  "kind": "stumped"
                }
              ]
            },
            {
              "batter": "M Musonda",
              "bowler": "O Kamchomphu",
              "non_striker": "M Mupachikwa",
              "runs": {
                "batter": 0,
                "extras": 0,
                "total": 0
              }
            },
            {
              "batter": "M Musonda",
              "bowler": "O Kamchomphu",
              "non_striker": "M Mupachikwa",
              "runs": {
                "batter": 0,
                "extras": 0,
                "total": 0
              }
            }
          ]
        },
        {
          "over": 10,
          "deliveries": [
            {
              "batter": "M Mupachikwa",
              "bowler": "S Laomi",
              "non_striker": "M Musonda",
              "runs": {
                "batter": 0,
                "extras": 0,
                "total": 0
              }
            },
            {
              "batter": "M Mupachikwa",
              "bowler": "S Laomi",
              "non_striker": "M Musonda",
              "runs": {
                "batter": 1,
                "extras": 0,
                "total": 1
              }
            },
            {
              "batter": "M Musonda",
              "bowler": "S Laomi",
              "non_striker": "M Mupachikwa",
              "runs": {
                "batter": 1,
                "extras": 0,
                "total": 1
              }
            },
            {
              "batter": "M Mupachikwa",
              "bowler": "S Laomi",
              "non_striker": "M Musonda",
              "runs": {
                "batter": 4,
                "extras": 0,
                "total": 4
              }
            },
            {
              "batter": "M Mupachikwa",
              "bowler": "S Laomi",
              "non_striker": "M Musonda",
              "runs": {
                "batter": 0,
                "extras": 0,
                "total": 0
              }
            },
            {
              "batter": "M Mupachikwa",
              "bowler": "S Laomi",
              "non_striker": "M Musonda",
              "runs": {
                "batter": 2,
                "extras": 0,
                "total": 2
              }
            }
          ]
        },
        {
          "over": 11,
          "deliveries": [
            {
              "batter": "M Musonda",
              "bowler": "O Kamchomphu",
              "non_striker": "M Mupachikwa",
              "runs": {
                "batter": 2,
                "extras": 0,
                "total": 2
              }
            },
            {
              "batter": "M Musonda",
              "bowler": "O Kamchomphu",
              "non_striker": "M Mupachikwa",
              "runs": {
                "batter": 0,
                "extras": 0,
                "total": 0
              }
            },
            {
              "batter": "M Musonda",
              "bowler": "O Kamchomphu",
              "non_striker": "M Mupachikwa",
              "runs": {
                "batter": 1,
                "extras": 0,
                "total": 1
              }
            },
            {
              "batter": "M Mupachikwa",
              "bowler": "O Kamchomphu",
              "non_striker": "M Musonda",
              "runs": {
                "batter": 2,
                "extras": 0,
                "total": 2
              }
            },
            {
              "batter": "M Mupachikwa",
              "bowler": "O Kamchomphu",
              "non_striker": "M Musonda",
              "runs": {
                "batter": 1,
                "extras": 0,
                "total": 1
              }
            },
            {
              "batter": "M Musonda",
              "bowler": "O Kamchomphu",
              "non_striker": "M Mupachikwa",
              "runs": {
                "batter": 0,
                "extras": 0,
                "total": 0
              }
            }
          ]
        },
        {
          "over": 12,
          "deliveries": [
            {
              "batter": "M Mupachikwa",
              "bowler": "S Laomi",
              "non_striker": "M Musonda",
              "runs": {
                "batter": 1,
                "extras": 0,
                "total": 1
              }
            },
            {
              "batter": "M Musonda",
              "bowler": "S Laomi",
              "extras": {
                "wides": 1
              },
              "non_striker": "M Mupachikwa",
              "runs": {
                "batter": 0,
                "extras": 1,
                "total": 1
              }
            },
            {
              "batter": "M Musonda",
              "bowler": "S Laomi",
              "non_striker": "M Mupachikwa",
              "runs": {
                "batter": 2,
                "extras": 0,
                "total": 2
              }
            },
            {
              "batter": "M Musonda",
              "bowler": "S Laomi",
              "non_striker": "M Mupachikwa",
              "runs": {
                "batter": 1,
                "extras": 0,
                "total": 1
              }
            },
            {
              "batter": "M Mupachikwa",
              "bowler": "S Laomi",
              "non_striker": "M Musonda",
              "runs": {
                "batter": 4,
                "extras": 0,
                "total": 4
              }
            },
            {
              "batter": "M Mupachikwa",
              "bowler": "S Laomi",
              "non_striker": "M Musonda",
              "runs": {
                "batter": 0,
                "extras": 0,
                "total": 0
              },
              "wickets": [
                {
                  "player_out": "M Mupachikwa",
                  "kind": "bowled"
                }
              ]
            },
            {
              "batter": "P Marange",
              "bowler": "S Laomi",
              "non_striker": "M Musonda",
              "runs": {
                "batter": 0,
                "extras": 0,
                "total": 0
              }
            }
          ]
        },
        {
          "over": 13,
          "deliveries": [
            {
              "batter": "M Musonda",
              "bowler": "O Kamchomphu",
              "non_striker": "P Marange",
              "runs": {
                "batter": 1,
                "extras": 0,
                "total": 1
              }
            },
            {
              "batter": "P Marange",
              "bowler": "O Kamchomphu",
              "non_striker": "M Musonda",
              "runs": {
                "batter": 1,
                "extras": 0,
                "total": 1
              }
            },
            {
              "batter": "M Musonda",
              "bowler": "O Kamchomphu",
              "non_striker": "P Marange",
              "runs": {
                "batter": 0,
                "extras": 0,
                "total": 0
              },
              "wickets": [
                {
                  "player_out": "M Musonda",
                  "kind": "bowled"
                }
              ]
            },
            {
              "batter": "J Nkomo",
              "bowler": "O Kamchomphu",
              "non_striker": "P Marange",
              "runs": {
                "batter": 0,
                "extras": 0,
                "total": 0
              }
            },
            {
              "batter": "J Nkomo",
              "bowler": "O Kamchomphu",
              "non_striker": "P Marange",
              "runs": {
                "batter": 1,
                "extras": 0,
                "total": 1
              }
            },
            {
              "batter": "P Marange",
              "bowler": "O Kamchomphu",
              "non_striker": "J Nkomo",
              "runs": {
                "batter": 0,
                "extras": 0,
                "total": 0
              }
            }
          ]
        },
        {
          "over": 14,
          "deliveries": [
            {
              "batter": "J Nkomo",
              "bowler": "S Laomi",
              "non_striker": "P Marange",
              "runs": {
                "batter": 0,
                "extras": 0,
                "total": 0
              }
            },
            {
              "batter": "J Nkomo",
              "bowler": "S Laomi",
              "non_striker": "P Marange",
              "runs": {
                "batter": 1,
                "extras": 0,
                "total": 1
              }
            },
            {
              "batter": "P Marange",
              "bowler": "S Laomi",
              "non_striker": "J Nkomo",
              "runs": {
                "batter": 0,
                "extras": 0,
                "total": 0
              },
              "wickets": [
                {
                  "player_out": "P Marange",
                  "kind": "caught and bowled"
                }
              ]
            },
            {
              "batter": "CT Dhururu",
              "bowler": "S Laomi",
              "non_striker": "J Nkomo",
              "runs": {
                "batter": 0,
                "extras": 0,
                "total": 0
              }
            },
            {
              "batter": "CT Dhururu",
              "bowler": "S Laomi",
              "non_striker": "J Nkomo",
              "runs": {
                "batter": 0,
                "extras": 0,
                "total": 0
              }
            },
            {
              "batter": "CT Dhururu",
              "bowler": "S Laomi",
              "non_striker": "J Nkomo",
              "runs": {
                "batter": 0,
                "extras": 0,
                "total": 0
              }
            }
          ]
        },
        {
          "over": 15,
          "deliveries": [
            {
              "batter": "J Nkomo",
              "bowler": "O Kamchomphu",
              "non_striker": "CT Dhururu",
              "runs": {
                "batter": 1,
                "extras": 0,
                "total": 1
              },
              "wickets": [
                {
                  "player_out": "J Nkomo",
                  "kind": "run out"
                }
              ]
            },
            {
              "batter": "L Phiri",
              "bowler": "O Kamchomphu",
              "non_striker": "CT Dhururu",
              "runs": {
                "batter": 0,
                "extras": 0,
                "total": 0
              },
              "wickets": [
                {
                  "player_out": "L Phiri",
                  "kind": "bowled"
                }
              ]
            },
            {
              "batter": "C Chatonzwa",
              "bowler": "O Kamchomphu",
              "extras": {
                "legbyes": 1
              },
              "non_striker": "CT Dhururu",
              "runs": {
                "batter": 0,
                "extras": 1,
                "total": 1
              }
            },
            {
              "batter": "CT Dhururu",
              "bowler": "O Kamchomphu",
              "non_striker": "C Chatonzwa",
              "runs": {
                "batter": 0,
                "extras": 0,
                "total": 0
              }
            },
            {
              "batter": "CT Dhururu",
              "bowler": "O Kamchomphu",
              "non_striker": "C Chatonzwa",
              "runs": {
                "batter": 1,
                "extras": 0,
                "total": 1
              }
            },
            {
              "batter": "C Chatonzwa",
              "bowler": "O Kamchomphu",
              "non_striker": "CT Dhururu",
              "runs": {
                "batter": 1,
                "extras": 0,
                "total": 1
              }
            }
          ]
        },
        {
          "over": 16,
          "deliveries": [
            {
              "batter": "C Chatonzwa",
              "bowler": "N Boochatham",
              "non_striker": "CT Dhururu",
              "runs": {
                "batter": 0,
                "extras": 0,
                "total": 0
              },
              "wickets": [
                {
                  "player_out": "C Chatonzwa",
                  "kind": "bowled"
                }
              ]
            },
            {
              "batter": "N Sibanda",
              "bowler": "N Boochatham",
              "non_striker": "CT Dhururu",
              "runs": {
                "batter": 1,
                "extras": 0,
                "total": 1
              }
            },
            {
              "batter": "CT Dhururu",
              "bowler": "N Boochatham",
              "non_striker": "N Sibanda",
              "runs": {
                "batter": 1,
                "extras": 0,
                "total": 1
              }
            },
            {
              "batter": "N Sibanda",
              "bowler": "N Boochatham",
              "non_striker": "CT Dhururu",
              "runs": {
                "batter": 1,
                "extras": 0,
                "total": 1
              }
            },
            {
              "batter": "CT Dhururu",
              "bowler": "N Boochatham",
              "non_striker": "N Sibanda",
              "runs": {
                "batter": 0,
                "extras": 0,
                "total": 0
              }
            },
            {
              "batter": "CT Dhururu",
              "bowler": "N Boochatham",
              "non_striker": "N Sibanda",
              "runs": {
                "batter": 0,
                "extras": 0,
                "total": 0
              }
            }
          ]
        },
        {
          "over": 17,
          "deliveries": [
            {
              "batter": "N Sibanda",
              "bowler": "R Padunglerd",
              "non_striker": "CT Dhururu",
              "runs": {
                "batter": 1,
                "extras": 0,
                "total": 1
              }
            },
            {
              "batter": "CT Dhururu",
              "bowler": "R Padunglerd",
              "non_striker": "N Sibanda",
              "runs": {
                "batter": 0,
                "extras": 0,
                "total": 0
              }
            },
            {
              "batter": "CT Dhururu",
              "bowler": "R Padunglerd",
              "non_striker": "N Sibanda",
              "runs": {
                "batter": 1,
                "extras": 0,
                "total": 1
              }
            },
            {
              "batter": "N Sibanda",
              "bowler": "R Padunglerd",
              "non_striker": "CT Dhururu",
              "runs": {
                "batter": 1,
                "extras": 0,
                "total": 1
              }
            },
            {
              "batter": "CT Dhururu",
              "bowler": "R Padunglerd",
              "non_striker": "N Sibanda",
              "runs": {
                "batter": 4,
                "extras": 0,
                "total": 4
              }
            },
            {
              "batter": "CT Dhururu",
              "bowler": "R Padunglerd",
              "extras": {
                "noballs": 1
              },
              "non_striker": "N Sibanda",
              "runs": {
                "batter": 4,
                "extras": 1,
                "total": 5
              }
            },
            {
              "batter": "CT Dhururu",
              "bowler": "R Padunglerd",
              "non_striker": "N Sibanda",
              "runs": {
                "batter": 0,
                "extras": 0,
                "total": 0
              }
            }
          ]
        },
        {
          "over": 18,
          "deliveries": [
            {
              "batter": "N Sibanda",
              "bowler": "N Boochatham",
              "non_striker": "CT Dhururu",
              "runs": {
                "batter": 2,
                "extras": 0,
                "total": 2
              }
            },
            {
              "batter": "N Sibanda",
              "bowler": "N Boochatham",
              "non_striker": "CT Dhururu",
              "runs": {
                "batter": 1,
                "extras": 0,
                "total": 1
              }
            },
            {
              "batter": "CT Dhururu",
              "bowler": "N Boochatham",
              "non_striker": "N Sibanda",
              "runs": {
                "batter": 2,
                "extras": 0,
                "total": 2
              }
            },
            {
              "batter": "CT Dhururu",
              "bowler": "N Boochatham",
              "non_striker": "N Sibanda",
              "runs": {
                "batter": 2,
                "extras": 0,
                "total": 2
              }
            },
            {
              "batter": "CT Dhururu",
              "bowler": "N Boochatham",
              "extras": {
                "wides": 1
              },
              "non_striker": "N Sibanda",
              "runs": {
                "batter": 0,
                "extras": 1,
                "total": 1
              }
            },
            {
              "batter": "CT Dhururu",
              "bowler": "N Boochatham",
              "non_striker": "N Sibanda",
              "runs": {
                "batter": 0,
                "extras": 0,
                "total": 0
              },
              "wickets": [
                {
                  "player_out": "CT Dhururu",
                  "kind": "bowled"
                }
              ]
            },
            {
              "batter": "A Mazvishaya",
              "bowler": "N Boochatham",
              "non_striker": "N Sibanda",
              "runs": {
                "batter": 0,
                "extras": 0,
                "total": 0
              }
            }
          ]
        },
        {
          "over": 19,
          "deliveries": [
            {
              "batter": "N Sibanda",
              "bowler": "S Tippoch",
              "non_striker": "A Mazvishaya",
              "runs": {
                "batter": 0,
                "extras": 0,
                "total": 0
              }
            },
            {
              "batter": "N Sibanda",
              "bowler": "S Tippoch",
              "non_striker": "A Mazvishaya",
              "runs": {
                "batter": 0,
                "extras": 0,
                "total": 0
              }
            },
            {
              "batter": "N Sibanda",
              "bowler": "S Tippoch",
              "non_striker": "A Mazvishaya",
              "runs": {
                "batter": 4,
                "extras": 0,
                "total": 4
              }
            }
          ]
        }
      ],
      "powerplays": [
        {
          "from": 0.1,
          "to": 5.6,
          "type": "mandatory"
        }
      ],
      "target": {
        "overs": 20,
        "runs": 105
      }
    }
  ]
}