{
  "meta": {
    "data_version": "1.0.0",
    "created": "2021-08-26",
    "revision": 1
  },
  "info": {
    "balls_per_over": 6,
    "city": "Murcia",
    "dates": [
      "2021-08-26"
    ],
    "event": {
      "name": "ICC Women's T20 World Cup Europe Region Qualifier",
      "match_number": 2
    },
    "gender": "female",
    "match_type": "T20",
    "match_type_number": 930,
    "officials": {
      "match_referees": [
        "DT Jukes"
      ],
      "reserve_umpires": [
        "Adriaan van den Dries"
      ],
      "umpires": [
        "Adnan Khan",
        "AJT Dowdalls"
      ]
    },
    "outcome": {
      "winner": "Ireland",
      "by": {
        "runs": 164
      }
    },
    "overs": 20,
    "player_of_match": [
      "GH Lewis"
    ],
    "players": {
      "Ireland": [
        "R Stokell",
        "GH Lewis",
        "L Delany",
        "EAJ Richardson",
        "L Maritz",
        "O Prendergast",
        "L Paul",
        "MV Waldron",
        "C Murray",
        "A Canning",
        "S MacMahon"
      ],
      "Germany": [
        "AM Healey",
        "CM Gough",
        "A Doddaballapur",
        "JE Ronalds",
        "B Maes Loch",
        "EC Bargna",
        "A Bierwisch",
        "K Vijayaraghavan",
        "PA Wadenpohl",
        "S Sadarangani",
        "ST Frohnmayer"
      ]
    },
    "registry": {
      "people": {
        "A Bierwisch": "b51d654f",
        "A Canning": "ffd5fcd8",
        "A Doddaballapur": "fe4f5d2b",
        "AJT Dowdalls": "f06852e3",
        "AM Healey": "f3249df1",
        "Adnan Khan": "45ec7a99",
        "Adriaan van den Dries": "94b5ec3b",
        "B Maes Loch": "d19bec3f",
        "C Murray": "5a50471c",
        "CM Gough": "f1328a90",
        "DT Jukes": "7c215d14",
        "EAJ Richardson": "50ee0500",
        "EC Bargna": "9908d470",
        "GH Lewis": "1b9d1579",
        "JE Ronalds": "d4f98302",
        "K Vijayaraghavan": "048da365",
        "L Delany": "b4f73b44",
        "L Maritz": "ac8bca8d",
        "L Paul": "07248d8e",
        "MV Waldron": "2e4f11e9",
        "O Prendergast": "d8f20ba5",
        "PA Wadenpohl": "11898ffe",
        "R Stokell": "def7b1bb",
        "S MacMahon": "ef2bcebf",
        "S Sadarangani": "acd030a0",
        "ST Frohnmayer": "7e8bcfc1"
      }
    },
    "season": "2021",
    "team_type": "international",
    "teams": [
      "Ireland",
      "Germany"
    ],
    "toss": {
      "decision": "field",
      "winner": "Germany"
    },
    "venue": "La Manga Club Bottom Ground"
  },
  "innings": [
    {
      "team": "Ireland",
      "overs": [
        {
          "over": 0,
          "deliveries": [
            {
              "batter": "R Stokell",
              "bowler": "EC Bargna",
              "non_striker": "GH Lewis",
              "runs": {
                "batter": 0,
                "extras": 0,
                "total": 0
              }
            },
            {
              "batter": "R Stokell",
              "bowler": "EC Bargna",
              "non_striker": "GH Lewis",
              "runs": {
                "batter": 0,
                "extras": 0,
                "total": 0
              }
            },
            {
              "batter": "R Stokell",
              "bowler": "EC Bargna",
              "non_striker": "GH Lewis",
              "runs": {
                "batter": 1,
                "extras": 0,
                "total": 1
              }
            },
            {
              "batter": "GH Lewis",
              "bowler": "EC Bargna",
              "non_striker": "R Stokell",
              "runs": {
                "batter": 1,
                "extras": 0,
                "total": 1
              }
            },
            {
              "batter": "R Stokell",
              "bowler": "EC Bargna",
              "non_striker": "GH Lewis",
              "runs": {
                "batter": 4,
                "extras": 0,
                "total": 4
              }
            },
            {
              "batter": "R Stokell",
              "bowler": "EC Bargna",
              "non_striker": "GH Lewis",
              "runs": {
                "batter": 0,
                "extras": 0,
                "total": 0
              }
            }
          ]
        },
        {
          "over": 1,
          "deliveries": [
            {
              "batter": "GH Lewis",
              "bowler": "CM Gough",
              "non_striker": "R Stokell",
              "runs": {
                "batter": 1,
                "extras": 0,
                "total": 1
              }
            },
            {
              "batter": "R Stokell",
              "bowler": "CM Gough",
              "non_striker": "GH Lewis",
              "runs": {
                "batter": 1,
                "extras": 0,
                "total": 1
              }
            },
            {
              "batter": "GH Lewis",
              "bowler": "CM Gough",
              "non_striker": "R Stokell",
              "runs": {
                "batter": 0,
                "extras": 0,
                "total": 0
              }
            },
            {
              "batter": "GH Lewis",
              "bowler": "CM Gough",
              "extras": {
                "noballs": 1
              },
              "non_striker": "R Stokell",
              "runs": {
                "batter": 4,
                "extras": 1,
                "total": 5
              }
            },
            {
              "batter": "GH Lewis",
              "bowler": "CM Gough",
              "non_striker": "R Stokell",
              "runs": {
                "batter": 4,
                "extras": 0,
                "total": 4
              }
            },
            {
              "batter": "GH Lewis",
              "bowler": "CM Gough",
              "non_striker": "R Stokell",
              "runs": {
                "batter": 1,
                "extras": 0,
                "total": 1
              }
            },
            {
              "batter": "R Stokell",
              "bowler": "CM Gough",
              "non_striker": "GH Lewis",
              "runs": {
                "batter": 0,
                "extras": 0,
                "total": 0
              }
            }
          ]
        },
        {
          "over": 2,
          "deliveries": [
            {
              "batter": "GH Lewis",
              "bowler": "EC Bargna",
              "non_striker": "R Stokell",
              "runs": {
                "batter": 0,
                "extras": 0,
                "total": 0
              }
            },
            {
              "batter": "GH Lewis",
              "bowler": "EC Bargna",
              "non_striker": "R Stokell",
              "runs": {
                "batter": 1,
                "extras": 0,
                "total": 1
              }
            },
            {
              "batter": "R Stokell",
              "bowler": "EC Bargna",
              "non_striker": "GH Lewis",
              "runs": {
                "batter": 2,
                "extras": 0,
                "total": 2
              }
            },
            {
              "batter": "R Stokell",
              "bowler": "EC Bargna",
              "non_striker": "GH Lewis",
              "runs": {
                "batter": 4,
                "extras": 0,
                "total": 4
              }
            },
            {
              "batter": "R Stokell",
              "bowler": "EC Bargna",
              "non_striker": "GH Lewis",
              "runs": {
                "batter": 2,
                "extras": 0,
                "total": 2
              }
            },
            {
              "batter": "R Stokell",
              "bowler": "EC Bargna",
              "non_striker": "GH Lewis",
              "runs": {
                "batter": 1,
                "extras": 0,
                "total": 1
              }
            }
          ]
        },
        {
          "over": 3,
          "deliveries": [
            {
              "batter": "R Stokell",
              "bowler": "CM Gough",
              "extras": {
                "wides": 1
              },
              "non_striker": "GH Lewis",
              "runs": {
                "batter": 0,
                "extras": 1,
                "total": 1
              }
            },
            {
              "batter": "R Stokell",
              "bowler": "CM Gough",
              "non_striker": "GH Lewis",
              "runs": {
                "batter": 2,
                "extras": 0,
                "total": 2
              }
            },
            {
              "batter": "R Stokell",
              "bowler": "CM Gough",
              "non_striker": "GH Lewis",
              "runs": {
                "batter": 0,
                "extras": 0,
                "total": 0
              }
            },
            {
              "batter": "R Stokell",
              "bowler": "CM Gough",
              "non_striker": "GH Lewis",
              "runs": {
                "batter": 1,
                "extras": 0,
                "total": 1
              }
            },
            {
              "batter": "GH Lewis",
              "bowler": "CM Gough",
              "non_striker": "R Stokell",
              "runs": {
                "batter": 0,
                "extras": 0,
                "total": 0
              }
            },
            {
              "batter": "GH Lewis",
              "bowler": "CM Gough",
              "extras": {
                "wides": 1
              },
              "non_striker": "R Stokell",
              "runs": {
                "batter": 0,
                "extras": 1,
                "total": 1
              }
            },
            {
              "batter": "GH Lewis",
              "bowler": "CM Gough",
              "non_striker": "R Stokell",
              "runs": {
                "batter": 4,
                "extras": 0,
                "total": 4
              }
            },
            {
              "batter": "GH Lewis",
              "bowler": "CM Gough",
              "non_striker": "R Stokell",
              "runs": {
                "batter": 4,
                "extras": 0,
                "total": 4
              }
            }
          ]
        },
        {
          "over": 4,
          "deliveries": [
            {
              "batter": "R Stokell",
              "bowler": "EC Bargna",
              "non_striker": "GH Lewis",
              "runs": {
                "batter": 0,
                "extras": 0,
                "total": 0
              }
            },
            {
              "batter": "R Stokell",
              "bowler": "EC Bargna",
              "extras": {
                "wides": 1
              },
              "non_striker": "GH Lewis",
              "runs": {
                "batter": 0,
                "extras": 1,
                "total": 1
              }
            },
            {
              "batter": "R Stokell",
              "bowler": "EC Bargna",
              "non_striker": "GH Lewis",
              "runs": {
                "batter": 4,
                "extras": 0,
                "total": 4
              }
            },
            {
              "batter": "R Stokell",
              "bowler": "EC Bargna",
              "non_striker": "GH Lewis",
              "runs": {
                "batter": 6,
                "extras": 0,
                "total": 6
              }
            },
            {
              "batter": "R Stokell",
              "bowler": "EC Bargna",
              "extras": {
                "noballs": 1
              },
              "non_striker": "GH Lewis",
              "runs": {
                "batter": 4,
                "extras": 1,
                "total": 5
              }
            },
            {
              "batter": "R Stokell",
              "bowler": "EC Bargna",
              "non_striker": "GH Lewis",
              "runs": {
                "batter": 1,
                "extras": 0,
                "total": 1
              }
            },
            {
              "batter": "GH Lewis",
              "bowler": "EC Bargna",
              "non_striker": "R Stokell",
              "runs": {
                "batter": 2,
                "extras": 0,
                "total": 2
              }
            },
            {
              "batter": "GH Lewis",
              "bowler": "EC Bargna",
              "non_striker": "R Stokell",
              "runs": {
                "batter": 4,
                "extras": 0,
                "total": 4
              }
            }
          ]
        },
        {
          "over": 5,
          "deliveries": [
            {
              "batter": "R Stokell",
              "bowler": "AM Healey",
              "non_striker": "GH Lewis",
              "runs": {
                "batter": 2,
                "extras": 0,
                "total": 2
              }
            },
            {
              "batter": "R Stokell",
              "bowler": "AM Healey",
              "non_striker": "GH Lewis",
              "runs": {
                "batter": 4,
                "extras": 0,
                "total": 4
              }
            },
            {
              "batter": "R Stokell",
              "bowler": "AM Healey",
              "non_striker": "GH Lewis",
              "runs": {
                "batter": 0,
                "extras": 0,
                "total": 0
              }
            },
            {
              "batter": "R Stokell",
              "bowler": "AM Healey",
              "non_striker": "GH Lewis",
              "runs": {
                "batter": 1,
                "extras": 0,
                "total": 1
              }
            },
            {
              "batter": "GH Lewis",
              "bowler": "AM Healey",
              "non_striker": "R Stokell",
              "runs": {
                "batter": 4,
                "extras": 0,
                "total": 4
              }
            },
            {
              "batter": "GH Lewis",
              "bowler": "AM Healey",
              "non_striker": "R Stokell",
              "runs": {
                "batter": 4,
                "extras": 0,
                "total": 4
              }
            }
          ]
        },
        {
          "over": 6,
          "deliveries": [
            {
              "batter": "R Stokell",
              "bowler": "B Maes Loch",
              "extras": {
                "wides": 1
              },
              "non_striker": "GH Lewis",
              "runs": {
                "batter": 0,
                "extras": 1,
                "total": 1
              }
            },
            {
              "batter": "R Stokell",
              "bowler": "B Maes Loch",
              "non_striker": "GH Lewis",
              "runs": {
                "batter": 0,
                "extras": 0,
                "total": 0
              }
            },
            {
              "batter": "R Stokell",
              "bowler": "B Maes Loch",
              "non_striker": "GH Lewis",
              "runs": {
                "batter": 1,
                "extras": 0,
                "total": 1
              }
            },
            {
              "batter": "GH Lewis",
              "bowler": "B Maes Loch",
              "non_striker": "R Stokell",
              "runs": {
                "batter": 2,
                "extras": 0,
                "total": 2
              }
            },
            {
              "batter": "GH Lewis",
              "bowler": "B Maes Loch",
              "non_striker": "R Stokell",
              "runs": {
                "batter": 0,
                "extras": 0,
                "total": 0
              }
            },
            {
              "batter": "GH Lewis",
              "bowler": "B Maes Loch",
              "non_striker": "R Stokell",
              "runs": {
                "batter": 0,
                "extras": 0,
                "total": 0
              }
            },
            {
              "batter": "GH Lewis",
              "bowler": "B Maes Loch",
              "non_striker": "R Stokell",
              "runs": {
                "batter": 0,
                "extras": 0,
                "total": 0
              }
            }
          ]
        },
        {
          "over": 7,
          "deliveries": [
            {
              "batter": "R Stokell",
              "bowler": "AM Healey",
              "non_striker": "GH Lewis",
              "runs": {
                "batter": 1,
                "extras": 0,
                "total": 1
              }
            },
            {
              "batter": "GH Lewis",
              "bowler": "AM Healey",
              "non_striker": "R Stokell",
              "runs": {
                "batter": 1,
                "extras": 0,
                "total": 1
              }
            },
            {
              "batter": "R Stokell",
              "bowler": "AM Healey",
              "non_striker": "GH Lewis",
              "runs": {
                "batter": 0,
                "extras": 0,
                "total": 0
              }
            },
            {
              "batter": "R Stokell",
              "bowler": "AM Healey",
              "non_striker": "GH Lewis",
              "runs": {
                "batter": 1,
                "extras": 0,
                "total": 1
              }
            },
            {
              "batter": "GH Lewis",
              "bowler": "AM Healey",
              "non_striker": "R Stokell",
              "runs": {
                "batter": 4,
                "extras": 0,
                "total": 4
              }
            },
            {
              "batter": "GH Lewis",
              "bowler": "AM Healey",
              "non_striker": "R Stokell",
              "runs": {
                "batter": 2,
                "extras": 0,
                "total": 2
              }
            }
          ]
        },
        {
          "over": 8,
          "deliveries": [
            {
              "batter": "R Stokell",
              "bowler": "B Maes Loch",
              "non_striker": "GH Lewis",
              "runs": {
                "batter": 1,
                "extras": 0,
                "total": 1
              }
            },
            {
              "batter": "GH Lewis",
              "bowler": "B Maes Loch",
              "non_striker": "R Stokell",
              "runs": {
                "batter": 0,
                "extras": 0,
                "total": 0
              }
            },
            {
              "batter": "GH Lewis",
              "bowler": "B Maes Loch",
              "non_striker": "R Stokell",
              "runs": {
                "batter": 2,
                "extras": 0,
                "total": 2
              }
            },
            {
              "batter": "GH Lewis",
              "bowler": "B Maes Loch",
              "non_striker": "R Stokell",
              "runs": {
                "batter": 2,
                "extras": 0,
                "total": 2
              }
            },
            {
              "batter": "GH Lewis",
              "bowler": "B Maes Loch",
              "non_striker": "R Stokell",
              "runs": {
                "batter": 1,
                "extras": 0,
                "total": 1
              }
            },
            {
              "batter": "R Stokell",
              "bowler": "B Maes Loch",
              "non_striker": "GH Lewis",
              "runs": {
                "batter": 0,
                "extras": 0,
                "total": 0
              },
              "wickets": [
                {
                  "player_out": "R Stokell",
                  "fielders": [
                    {
                      "name": "CM Gough"
                    }
                  ],
                  "kind": "caught"
                }
              ]
            }
          ]
        },
        {
          "over": 9,
          "deliveries": [
            {
              "batter": "GH Lewis",
              "bowler": "A Bierwisch",
              "non_striker": "L Delany",
              "runs": {
                "batter": 0,
                "extras": 0,
                "total": 0
              }
            },
            {
              "batter": "GH Lewis",
              "bowler": "A Bierwisch",
              "non_striker": "L Delany",
              "runs": {
                "batter": 6,
                "extras": 0,
                "total": 6
              }
            },
            {
              "batter": "GH Lewis",
              "bowler": "A Bierwisch",
              "non_striker": "L Delany",
              "runs": {
                "batter": 0,
                "extras": 0,
                "total": 0
              }
            },
            {
              "batter": "GH Lewis",
              "bowler": "A Bierwisch",
              "extras": {
                "noballs": 1
              },
              "non_striker": "L Delany",
              "runs": {
                "batter": 4,
                "extras": 1,
                "total": 5
              }
            },
            {
              "batter": "GH Lewis",
              "bowler": "A Bierwisch",
              "non_striker": "L Delany",
              "runs": {
                "batter": 3,
                "extras": 0,
                "total": 3
              }
            },
            {
              "batter": "L Delany",
              "bowler": "A Bierwisch",
              "non_striker": "GH Lewis",
              "runs": {
                "batter": 0,
                "extras": 0,
                "total": 0
              }
            },
            {
              "batter": "L Delany",
              "bowler": "A Bierwisch",
              "non_striker": "GH Lewis",
              "runs": {
                "batter": 0,
                "extras": 0,
                "total": 0
              }
            }
          ]
        },
        {
          "over": 10,
          "deliveries": [
            {
              "batter": "GH Lewis",
              "bowler": "B Maes Loch",
              "non_striker": "L Delany",
              "runs": {
                "batter": 4,
                "extras": 0,
                "total": 4
              }
            },
            {
              "batter": "GH Lewis",
              "bowler": "B Maes Loch",
              "non_striker": "L Delany",
              "runs": {
                "batter": 1,
                "extras": 0,
                "total": 1
              }
            },
            {
              "batter": "L Delany",
              "bowler": "B Maes Loch",
              "extras": {
                "wides": 1
              },
              "non_striker": "GH Lewis",
              "runs": {
                "batter": 0,
                "extras": 1,
                "total": 1
              }
            },
            {
              "batter": "L Delany",
              "bowler": "B Maes Loch",
              "non_striker": "GH Lewis",
              "runs": {
                "batter": 1,
                "extras": 0,
                "total": 1
              }
            },
            {
              "batter": "GH Lewis",
              "bowler": "B Maes Loch",
              "non_striker": "L Delany",
              "runs": {
                "batter": 1,
                "extras": 0,
                "total": 1
              }
            },
            {
              "batter": "L Delany",
              "bowler": "B Maes Loch",
              "non_striker": "GH Lewis",
              "runs": {
                "batter": 2,
                "extras": 0,
                "total": 2
              }
            },
            {
              "batter": "L Delany",
              "bowler": "B Maes Loch",
              "non_striker": "GH Lewis",
              "runs": {
                "batter": 1,
                "extras": 0,
                "total": 1
              }
            }
          ]
        },
        {
          "over": 11,
          "deliveries": [
            {
              "batter": "L Delany",
              "bowler": "A Bierwisch",
              "non_striker": "GH Lewis",
              "runs": {
                "batter": 1,
                "extras": 0,
                "total": 1
              }
            },
            {
              "batter": "GH Lewis",
              "bowler": "A Bierwisch",
              "non_striker": "L Delany",
              "runs": {
                "batter": 1,
                "extras": 0,
                "total": 1
              }
            },
            {
              "batter": "L Delany",
              "bowler": "A Bierwisch",
              "non_striker": "GH Lewis",
              "runs": {
                "batter": 0,
                "extras": 0,
                "total": 0
              }
            },
            {
              "batter": "L Delany",
              "bowler": "A Bierwisch",
              "extras": {
                "wides": 1
              },
              "non_striker": "GH Lewis",
              "runs": {
                "batter": 0,
                "extras": 1,
                "total": 1
              }
            },
            {
              "batter": "L Delany",
              "bowler": "A Bierwisch",
              "non_striker": "GH Lewis",
              "runs": {
                "batter": 0,
                "extras": 0,
                "total": 0
              }
            },
            {
              "batter": "L Delany",
              "bowler": "A Bierwisch",
              "non_striker": "GH Lewis",
              "runs": {
                "batter": 0,
                "extras": 0,
                "total": 0
              }
            },
            {
              "batter": "L Delany",
              "bowler": "A Bierwisch",
              "extras": {
                "noballs": 1
              },
              "non_striker": "GH Lewis",
              "runs": {
                "batter": 0,
                "extras": 1,
                "total": 1
              }
            },
            {
              "batter": "L Delany",
              "bowler": "A Bierwisch",
              "non_striker": "GH Lewis",
              "runs": {
                "batter": 1,
                "extras": 0,
                "total": 1
              }
            }
          ]
        },
        {
          "over": 12,
          "deliveries": [
            {
              "batter": "L Delany",
              "bowler": "A Doddaballapur",
              "non_striker": "GH Lewis",
              "runs": {
                "batter": 0,
                "extras": 0,
                "total": 0
              }
            },
            {
              "batter": "L Delany",
              "bowler": "A Doddaballapur",
              "extras": {
                "wides": 1
              },
              "non_striker": "GH Lewis",
              "runs": {
                "batter": 0,
                "extras": 1,
                "total": 1
              }
            },
            {
              "batter": "L Delany",
              "bowler": "A Doddaballapur",
              "non_striker": "GH Lewis",
              "runs": {
                "batter": 0,
                "extras": 0,
                "total": 0
              }
            },
            {
              "batter": "L Delany",
              "bowler": "A Doddaballapur",
              "extras": {
                "wides": 1
              },
              "non_striker": "GH Lewis",
              "runs": {
                "batter": 0,
                "extras": 1,
                "total": 1
              }
            },
            {
              "batter": "L Delany",
              "bowler": "A Doddaballapur",
              "extras": {
                "wides": 1
              },
              "non_striker": "GH Lewis",
              "runs": {
                "batter": 0,
                "extras": 1,
                "total": 1
              }
            },
            {
              "batter": "L Delany",
              "bowler": "A Doddaballapur",
              "non_striker": "GH Lewis",
              "runs": {
                "batter": 1,
                "extras": 0,
                "total": 1
              }
            },
            {
              "batter": "GH Lewis",
              "bowler": "A Doddaballapur",
              "non_striker": "L Delany",
              "runs": {
                "batter": 4,
                "extras": 0,
                "total": 4
              }
            },
            {
              "batter": "GH Lewis",
              "bowler": "A Doddaballapur",
              "non_striker": "L Delany",
              "runs": {
                "batter": 0,
                "extras": 0,
                "total": 0
              }
            },
            {
              "batter": "GH Lewis",
              "bowler": "A Doddaballapur",
              "non_striker": "L Delany",
              "runs": {
                "batter": 1,
                "extras": 0,
                "total": 1
              }
            }
          ]
        },
        {
          "over": 13,
          "deliveries": [
            {
              "batter": "GH Lewis",
              "bowler": "A Bierwisch",
              "non_striker": "L Delany",
              "runs": {
                "batter": 2,
                "extras": 0,
                "total": 2
              }
            },
            {
              "batter": "GH Lewis",
              "bowler": "A Bierwisch",
              "non_striker": "L Delany",
              "runs": {
                "batter": 1,
                "extras": 0,
                "total": 1
              }
            },
            {
              "batter": "L Delany",
              "bowler": "A Bierwisch",
              "non_striker": "GH Lewis",
              "runs": {
                "batter": 2,
                "extras": 0,
                "total": 2
              }
            },
            {
              "batter": "L Delany",
              "bowler": "A Bierwisch",
              "extras": {
                "noballs": 1
              },
              "non_striker": "GH Lewis",
              "runs": {
                "batter": 0,
                "extras": 1,
                "total": 1
              }
            },
            {
              "batter": "L Delany",
              "bowler": "A Bierwisch",
              "non_striker": "GH Lewis",
              "runs": {
                "batter": 1,
                "extras": 0,
                "total": 1
              }
            },
            {
              "batter": "GH Lewis",
              "bowler": "A Bierwisch",
              "non_striker": "L Delany",
              "runs": {
                "batter": 2,
                "extras": 0,
                "total": 2
              }
            },
            {
              "batter": "GH Lewis",
              "bowler": "A Bierwisch",
              "non_striker": "L Delany",
              "runs": {
                "batter": 1,
                "extras": 0,
                "total": 1
              }
            }
          ]
        },
        {
          "over": 14,
          "deliveries": [
            {
              "batter": "GH Lewis",
              "bowler": "ST Frohnmayer",
              "non_striker": "L Delany",
              "runs": {
                "batter": 1,
                "extras": 0,
                "total": 1
              }
            },
            {
              "batter": "L Delany",
              "bowler": "ST Frohnmayer",
              "non_striker": "GH Lewis",
              "runs": {
                "batter": 1,
                "extras": 0,
                "total": 1
              }
            },
            {
              "batter": "GH Lewis",
              "bowler": "ST Frohnmayer",
              "non_striker": "L Delany",
              "runs": {
                "batter": 0,
                "extras": 0,
                "total": 0
              }
            },
            {
              "batter": "GH Lewis",
              "bowler": "ST Frohnmayer",
              "non_striker": "L Delany",
              "runs": {
                "batter": 1,
                "extras": 0,
                "total": 1
              }
            },
            {
              "batter": "L Delany",
              "bowler": "ST Frohnmayer",
              "non_striker": "GH Lewis",
              "runs": {
                "batter": 0,
                "extras": 0,
                "total": 0
              }
            },
            {
              "batter": "L Delany",
              "bowler": "ST Frohnmayer",
              "non_striker": "GH Lewis",
              "runs": {
                "batter": 1,
                "extras": 0,
                "total": 1
              }
            }
          ]
        },
        {
          "over": 15,
          "deliveries": [
            {
              "batter": "L Delany",
              "bowler": "S Sadarangani",
              "non_striker": "GH Lewis",
              "runs": {
                "batter": 1,
                "extras": 0,
                "total": 1
              }
            },
            {
              "batter": "GH Lewis",
              "bowler": "S Sadarangani",
              "non_striker": "L Delany",
              "runs": {
                "batter": 1,
                "extras": 0,
                "total": 1
              }
            },
            {
              "batter": "L Delany",
              "bowler": "S Sadarangani",
              "non_striker": "GH Lewis",
              "runs": {
                "batter": 0,
                "extras": 0,
                "total": 0
              }
            },
            {
              "batter": "L Delany",
              "bowler": "S Sadarangani",
              "non_striker": "GH Lewis",
              "runs": {
                "batter": 2,
                "extras": 0,
                "total": 2
              }
            },
            {
              "batter": "L Delany",
              "bowler": "S Sadarangani",
              "non_striker": "GH Lewis",
              "runs": {
                "batter": 1,
                "extras": 0,
                "total": 1
              }
            },
            {
              "batter": "GH Lewis",
              "bowler": "S Sadarangani",
              "non_striker": "L Delany",
              "runs": {
                "batter": 0,
                "extras": 0,
                "total": 0
              }
            }
          ]
        },
        {
          "over": 16,
          "deliveries": [
            {
              "batter": "L Delany",
              "bowler": "ST Frohnmayer",
              "extras": {
                "wides": 1
              },
              "non_striker": "GH Lewis",
              "runs": {
                "batter": 0,
                "extras": 1,
                "total": 1
              }
            },
            {
              "batter": "L Delany",
              "bowler": "ST Frohnmayer",
              "non_striker": "GH Lewis",
              "runs": {
                "batter": 1,
                "extras": 0,
                "total": 1
              }
            },
            {
              "batter": "GH Lewis",
              "bowler": "ST Frohnmayer",
              "non_striker": "L Delany",
              "runs": {
                "batter": 1,
                "extras": 0,
                "total": 1
              }
            },
            {
              "batter": "L Delany",
              "bowler": "ST Frohnmayer",
              "non_striker": "GH Lewis",
              "runs": {
                "batter": 2,
                "extras": 0,
                "total": 2
              }
            },
            {
              "batter": "L Delany",
              "bowler": "ST Frohnmayer",
              "non_striker": "GH Lewis",
              "runs": {
                "batter": 1,
                "extras": 0,
                "total": 1
              }
            },
            {
              "batter": "GH Lewis",
              "bowler": "ST Frohnmayer",
              "non_striker": "L Delany",
              "runs": {
                "batter": 1,
                "extras": 0,
                "total": 1
              }
            },
            {
              "batter": "L Delany",
              "bowler": "ST Frohnmayer",
              "extras": {
                "wides": 1
              },
              "non_striker": "GH Lewis",
              "runs": {
                "batter": 0,
                "extras": 1,
                "total": 1
              }
            },
            {
              "batter": "L Delany",
              "bowler": "ST Frohnmayer",
              "non_striker": "GH Lewis",
              "runs": {
                "batter": 1,
                "extras": 0,
                "total": 1
              }
            }
          ]
        },
        {
          "over": 17,
          "deliveries": [
            {
              "batter": "L Delany",
              "bowler": "S Sadarangani",
              "non_striker": "GH Lewis",
              "runs": {
                "batter": 1,
                "extras": 0,
                "total": 1
              }
            },
            {
              "batter": "GH Lewis",
              "bowler": "S Sadarangani",
              "non_striker": "L Delany",
              "runs": {
                "batter": 1,
                "extras": 0,
                "total": 1
              }
            },
            {
              "batter": "L Delany",
              "bowler": "S Sadarangani",
              "extras": {
                "wides": 2
              },
              "non_striker": "GH Lewis",
              "runs": {
                "batter": 0,
                "extras": 2,
                "total": 2
              }
            },
            {
              "batter": "GH Lewis",
              "bowler": "S Sadarangani",
              "non_striker": "L Delany",
              "runs": {
                "batter": 6,
                "extras": 0,
                "total": 6
              }
            },
            {
              "batter": "GH Lewis",
              "bowler": "S Sadarangani",
              "non_striker": "L Delany",
              "runs": {
                "batter": 6,
                "extras": 0,
                "total": 6
              }
            },
            {
              "batter": "GH Lewis",
              "bowler": "S Sadarangani",
              "non_striker": "L Delany",
              "runs": {
                "batter": 1,
                "extras": 0,
                "total": 1
              }
            },
            {
              "batter": "L Delany",
              "bowler": "S Sadarangani",
              "non_striker": "GH Lewis",
              "runs": {
                "batter": 0,
                "extras": 0,
                "total": 0
              },
              "wickets": [
                {
                  "player_out": "L Delany",
                  "kind": "bowled"
                }
              ]
            }
          ]
        },
        {
          "over": 18,
          "deliveries": [
            {
              "batter": "GH Lewis",
              "bowler": "ST Frohnmayer",
              "non_striker": "EAJ Richardson",
              "runs": {
                "batter": 1,
                "extras": 0,
                "total": 1
              }
            },
            {
              "batter": "EAJ Richardson",
              "bowler": "ST Frohnmayer",
              "non_striker": "GH Lewis",
              "runs": {
                "batter": 1,
                "extras": 0,
                "total": 1
              }
            },
            {
              "batter": "GH Lewis",
              "bowler": "ST Frohnmayer",
              "non_striker": "EAJ Richardson",
              "runs": {
                "batter": 1,
                "extras": 0,
                "total": 1
              }
            },
            {
              "batter": "EAJ Richardson",
              "bowler": "ST Frohnmayer",
              "non_striker": "GH Lewis",
              "runs": {
                "batter": 1,
                "extras": 0,
                "total": 1
              }
            },
            {
              "batter": "GH Lewis",
              "bowler": "ST Frohnmayer",
              "non_striker": "EAJ Richardson",
              "runs": {
                "batter": 0,
                "extras": 0,
                "total": 0
              }
            },
            {
              "batter": "GH Lewis",
              "bowler": "ST Frohnmayer",
              "non_striker": "EAJ Richardson",
              "runs": {
                "batter": 0,
                "extras": 0,
                "total": 0
              }
            }
          ]
        },
        {
          "over": 19,
          "deliveries": [
            {
              "batter": "EAJ Richardson",
              "bowler": "S Sadarangani",
              "non_striker": "GH Lewis",
              "runs": {
                "batter": 2,
                "extras": 0,
                "total": 2
              }
            },
            {
              "batter": "EAJ Richardson",
              "bowler": "S Sadarangani",
              "non_striker": "GH Lewis",
              "runs": {
                "batter": 0,
                "extras": 0,
                "total": 0
              }
            },
            {
              "batter": "EAJ Richardson",
              "bowler": "S Sadarangani",
              "non_striker": "GH Lewis",
              "runs": {
                "batter": 1,
                "extras": 0,
                "total": 1
              }
            },
            {
              "batter": "GH Lewis",
              "bowler": "S Sadarangani",
              "non_striker": "EAJ Richardson",
              "runs": {
                "batter": 1,
                "extras": 0,
                "total": 1
              }
            },
            {
              "batter": "EAJ Richardson",
              "bowler": "S Sadarangani",
              "extras": {
                "noballs": 1
              },
              "non_striker": "GH Lewis",
              "runs": {
                "batter": 1,
                "extras": 1,
                "total": 2
              }
            },
            {
              "batter": "GH Lewis",
              "bowler": "S Sadarangani",
              "non_striker": "EAJ Richardson",
              "runs": {
                "batter": 2,
                "extras": 0,
                "total": 2
              }
            },
            {
              "batter": "GH Lewis",
              "bowler": "S Sadarangani",
              "non_striker": "EAJ Richardson",
              "runs": {
                "batter": 2,
                "extras": 0,
                "total": 2
              }
            }
          ]
        }
      ],
      "powerplays": [
        {
          "from": 0.1,
          "to": 5.6,
          "type": "mandatory"
        }
      ]
    },
    {
      "team": "Germany",
      "overs": [
        {
          "over": 0,
          "deliveries": [
            {
              "batter": "AM Healey",
              "bowler": "A Canning",
              "non_striker": "CM Gough",
              "runs": {
                "batter": 0,
                "extras": 0,
                "total": 0
              }
            },
            {
              "batter": "AM Healey",
              "bowler": "A Canning",
              "extras": {
                "wides": 1
              },
              "non_striker": "CM Gough",
              "runs": {
                "batter": 0,
                "extras": 1,
                "total": 1
              }
            },
            {
              "batter": "AM Healey",
              "bowler": "A Canning",
              "non_striker": "CM Gough",
              "runs": {
                "batter": 0,
                "extras": 0,
                "total": 0
              }
            },
            {
              "batter": "AM Healey",
              "bowler": "A Canning",
              "non_striker": "CM Gough",
              "runs": {
                "batter": 0,
                "extras": 0,
                "total": 0
              }
            },
            {
              "batter": "AM Healey",
              "bowler": "A Canning",
              "non_striker": "CM Gough",
              "runs": {
                "batter": 0,
                "extras": 0,
                "total": 0
              }
            },
            {
              "batter": "AM Healey",
              "bowler": "A Canning",
              "extras": {
                "wides": 1
              },
              "non_striker": "CM Gough",
              "runs": {
                "batter": 0,
                "extras": 1,
                "total": 1
              }
            },
            {
              "batter": "AM Healey",
              "bowler": "A Canning",
              "non_striker": "CM Gough",
              "runs": {
                "batter": 0,
                "extras": 0,
                "total": 0
              }
            },
            {
              "batter": "AM Healey",
              "bowler": "A Canning",
              "non_striker": "CM Gough",
              "runs": {
                "batter": 0,
                "extras": 0,
                "total": 0
              }
            }
          ]
        },
        {
          "over": 1,
          "deliveries": [
            {
              "batter": "CM Gough",
              "bowler": "L Paul",
              "non_striker": "AM Healey",
              "runs": {
                "batter": 0,
                "extras": 0,
                "total": 0
              }
            },
            {
              "batter": "CM Gough",
              "bowler": "L Paul",
              "non_striker": "AM Healey",
              "runs": {
                "batter": 0,
                "extras": 0,
                "total": 0
              }
            },
            {
              "batter": "CM Gough",
              "bowler": "L Paul",
              "non_striker": "AM Healey",
              "runs": {
                "batter": 0,
                "extras": 0,
                "total": 0
              }
            },
            {
              "batter": "CM Gough",
              "bowler": "L Paul",
              "non_striker": "AM Healey",
              "runs": {
                "batter": 0,
                "extras": 0,
                "total": 0
              }
            },
            {
              "batter": "CM Gough",
              "bowler": "L Paul",
              "non_striker": "AM Healey",
              "runs": {
                "batter": 1,
                "extras": 0,
                "total": 1
              }
            },
            {
              "batter": "AM Healey",
              "bowler": "L Paul",
              "non_striker": "CM Gough",
              "runs": {
                "batter": 0,
                "extras": 0,
                "total": 0
              }
            }
          ]
        },
        {
          "over": 2,
          "deliveries": [
            {
              "batter": "CM Gough",
              "bowler": "A Canning",
              "non_striker": "AM Healey",
              "runs": {
                "batter": 0,
                "extras": 0,
                "total": 0
              }
            },
            {
              "batter": "CM Gough",
              "bowler": "A Canning",
              "non_striker": "AM Healey",
              "runs": {
                "batter": 0,
                "extras": 0,
                "total": 0
              }
            },
            {
              "batter": "CM Gough",
              "bowler": "A Canning",
              "non_striker": "AM Healey",
              "runs": {
                "batter": 0,
                "extras": 0,
                "total": 0
              }
            },
            {
              "batter": "CM Gough",
              "bowler": "A Canning",
              "extras": {
                "byes": 1
              },
              "non_striker": "AM Healey",
              "runs": {
                "batter": 0,
                "extras": 1,
                "total": 1
              }
            },
            {
              "batter": "AM Healey",
              "bowler": "A Canning",
              "non_striker": "CM Gough",
              "runs": {
                "batter": 0,
                "extras": 0,
                "total": 0
              }
            },
            {
              "batter": "AM Healey",
              "bowler": "A Canning",
              "non_striker": "CM Gough",
              "runs": {
                "batter": 0,
                "extras": 0,
                "total": 0
              }
            }
          ]
        },
        {
          "over": 3,
          "deliveries": [
            {
              "batter": "CM Gough",
              "bowler": "L Paul",
              "extras": {
                "wides": 1
              },
              "non_striker": "AM Healey",
              "runs": {
                "batter": 0,
                "extras": 1,
                "total": 1
              }
            },
            {
              "batter": "CM Gough",
              "bowler": "L Paul",
              "non_striker": "AM Healey",
              "runs": {
                "batter": 0,
                "extras": 0,
                "total": 0
              }
            },
            {
              "batter": "CM Gough",
              "bowler": "L Paul",
              "non_striker": "AM Healey",
              "runs": {
                "batter": 1,
                "extras": 0,
                "total": 1
              }
            },
            {
              "batter": "AM Healey",
              "bowler": "L Paul",
              "non_striker": "CM Gough",
              "runs": {
                "batter": 1,
                "extras": 0,
                "total": 1
              }
            },
            {
              "batter": "CM Gough",
              "bowler": "L Paul",
              "non_striker": "AM Healey",
              "runs": {
                "batter": 0,
                "extras": 0,
                "total": 0
              }
            },
            {
              "batter": "CM Gough",
              "bowler": "L Paul",
              "non_striker": "AM Healey",
              "runs": {
                "batter": 0,
                "extras": 0,
                "total": 0
              }
            },
            {
              "batter": "CM Gough",
              "bowler": "L Paul",
              "non_striker": "AM Healey",
              "runs": {
                "batter": 0,
                "extras": 0,
                "total": 0
              }
            }
          ]
        },
        {
          "over": 4,
          "deliveries": [
            {
              "batter": "AM Healey",
              "bowler": "A Canning",
              "non_striker": "CM Gough",
              "runs": {
                "batter": 0,
                "extras": 0,
                "total": 0
              }
            },
            {
              "batter": "AM Healey",
              "bowler": "A Canning",
              "non_striker": "CM Gough",
              "runs": {
                "batter": 0,
                "extras": 0,
                "total": 0
              }
            },
            {
              "batter": "AM Healey",
              "bowler": "A Canning",
              "non_striker": "CM Gough",
              "runs": {
                "batter": 0,
                "extras": 0,
                "total": 0
              }
            },
            {
              "batter": "AM Healey",
              "bowler": "A Canning",
              "non_striker": "CM Gough",
              "runs": {
                "batter": 0,
                "extras": 0,
                "total": 0
              }
            },
            {
              "batter": "AM Healey",
              "bowler": "A Canning",
              "non_striker": "CM Gough",
              "runs": {
                "batter": 0,
                "extras": 0,
                "total": 0
              }
            },
            {
              "batter": "AM Healey",
              "bowler": "A Canning",
              "non_striker": "CM Gough",
              "runs": {
                "batter": 0,
                "extras": 0,
                "total": 0
              }
            }
          ]
        },
        {
          "over": 5,
          "deliveries": [
            {
              "batter": "CM Gough",
              "bowler": "L Paul",
              "non_striker": "AM Healey",
              "runs": {
                "batter": 0,
                "extras": 0,
                "total": 0
              }
            },
            {
              "batter": "CM Gough",
              "bowler": "L Paul",
              "non_striker": "AM Healey",
              "runs": {
                "batter": 0,
                "extras": 0,
                "total": 0
              }
            },
            {
              "batter": "CM Gough",
              "bowler": "L Paul",
              "non_striker": "AM Healey",
              "runs": {
                "batter": 0,
                "extras": 0,
                "total": 0
              }
            },
            {
              "batter": "CM Gough",
              "bowler": "L Paul",
              "non_striker": "AM Healey",
              "runs": {
                "batter": 0,
                "extras": 0,
                "total": 0
              }
            },
            {
              "batter": "CM Gough",
              "bowler": "L Paul",
              "non_striker": "AM Healey",
              "runs": {
                "batter": 1,
                "extras": 0,
                "total": 1
              }
            },
            {
              "batter": "AM Healey",
              "bowler": "L Paul",
              "extras": {
                "wides": 1
              },
              "non_striker": "CM Gough",
              "runs": {
                "batter": 0,
                "extras": 1,
                "total": 1
              }
            },
            {
              "batter": "AM Healey",
              "bowler": "L Paul",
              "non_striker": "CM Gough",
              "runs": {
                "batter": 1,
                "extras": 0,
                "total": 1
              }
            }
          ]
        },
        {
          "over": 6,
          "deliveries": [
            {
              "batter": "AM Healey",
              "bowler": "EAJ Richardson",
              "non_striker": "CM Gough",
              "runs": {
                "batter": 1,
                "extras": 0,
                "total": 1
              }
            },
            {
              "batter": "CM Gough",
              "bowler": "EAJ Richardson",
              "non_striker": "AM Healey",
              "runs": {
                "batter": 0,
                "extras": 0,
                "total": 0
              }
            },
            {
              "batter": "CM Gough",
              "bowler": "EAJ Richardson",
              "extras": {
                "wides": 2
              },
              "non_striker": "AM Healey",
              "runs": {
                "batter": 0,
                "extras": 2,
                "total": 2
              }
            },
            {
              "batter": "AM Healey",
              "bowler": "EAJ Richardson",
              "non_striker": "CM Gough",
              "runs": {
                "batter": 0,
                "extras": 0,
                "total": 0
              }
            },
            {
              "batter": "AM Healey",
              "bowler": "EAJ Richardson",
              "non_striker": "CM Gough",
              "runs": {
                "batter": 0,
                "extras": 0,
                "total": 0
              },
              "wickets": [
                {
                  "player_out": "AM Healey",
                  "kind": "bowled"
                }
              ]
            },
            {
              "batter": "A Doddaballapur",
              "bowler": "EAJ Richardson",
              "non_striker": "CM Gough",
              "runs": {
                "batter": 0,
                "extras": 0,
                "total": 0
              }
            },
            {
              "batter": "A Doddaballapur",
              "bowler": "EAJ Richardson",
              "non_striker": "CM Gough",
              "runs": {
                "batter": 0,
                "extras": 0,
                "total": 0
              }
            }
          ]
        },
        {
          "over": 7,
          "deliveries": [
            {
              "batter": "CM Gough",
              "bowler": "C Murray",
              "non_striker": "A Doddaballapur",
              "runs": {
                "batter": 0,
                "extras": 0,
                "total": 0
              }
            },
            {
              "batter": "CM Gough",
              "bowler": "C Murray",
              "non_striker": "A Doddaballapur",
              "runs": {
                "batter": 0,
                "extras": 0,
                "total": 0
              }
            },
            {
              "batter": "CM Gough",
              "bowler": "C Murray",
              "non_striker": "A Doddaballapur",
              "runs": {
                "batter": 0,
                "extras": 0,
                "total": 0
              }
            },
            {
              "batter": "CM Gough",
              "bowler": "C Murray",
              "non_striker": "A Doddaballapur",
              "runs": {
                "batter": 0,
                "extras": 0,
                "total": 0
              }
            },
            {
              "batter": "CM Gough",
              "bowler": "C Murray",
              "non_striker": "A Doddaballapur",
              "runs": {
                "batter": 0,
                "extras": 0,
                "total": 0
              }
            },
            {
              "batter": "CM Gough",
              "bowler": "C Murray",
              "non_striker": "A Doddaballapur",
              "runs": {
                "batter": 1,
                "extras": 0,
                "total": 1
              }
            }
          ]
        },
        {
          "over": 8,
          "deliveries": [
            {
              "batter": "CM Gough",
              "bowler": "EAJ Richardson",
              "non_striker": "A Doddaballapur",
              "runs": {
                "batter": 0,
                "extras": 0,
                "total": 0
              }
            },
            {
              "batter": "CM Gough",
              "bowler": "EAJ Richardson",
              "non_striker": "A Doddaballapur",
              "runs": {
                "batter": 0,
                "extras": 0,
                "total": 0
              }
            },
            {
              "batter": "CM Gough",
              "bowler": "EAJ Richardson",
              "non_striker": "A Doddaballapur",
              "runs": {
                "batter": 1,
                "extras": 0,
                "total": 1
              }
            },
            {
              "batter": "A Doddaballapur",
              "bowler": "EAJ Richardson",
              "non_striker": "CM Gough",
              "runs": {
                "batter": 0,
                "extras": 0,
                "total": 0
              }
            },
            {
              "batter": "A Doddaballapur",
              "bowler": "EAJ Richardson",
              "non_striker": "CM Gough",
              "runs": {
                "batter": 0,
                "extras": 0,
                "total": 0
              }
            },
            {
              "batter": "A Doddaballapur",
              "bowler": "EAJ Richardson",
              "non_striker": "CM Gough",
              "runs": {
                "batter": 0,
                "extras": 0,
                "total": 0
              }
            }
          ]
        },
        {
          "over": 9,
          "deliveries": [
            {
              "batter": "CM Gough",
              "bowler": "C Murray",
              "non_striker": "A Doddaballapur",
              "runs": {
                "batter": 0,
                "extras": 0,
                "total": 0
              }
            },
            {
              "batter": "CM Gough",
              "bowler": "C Murray",
              "non_striker": "A Doddaballapur",
              "runs": {
                "batter": 0,
                "extras": 0,
                "total": 0
              }
            },
            {
              "batter": "CM Gough",
              "bowler": "C Murray",
              "non_striker": "A Doddaballapur",
              "runs": {
                "batter": 0,
                "extras": 0,
                "total": 0
              }
            },
            {
              "batter": "CM Gough",
              "bowler": "C Murray",
              "non_striker": "A Doddaballapur",
              "runs": {
                "batter": 0,
                "extras": 0,
                "total": 0
              }
            },
            {
              "batter": "CM Gough",
              "bowler": "C Murray",
              "non_striker": "A Doddaballapur",
              "runs": {
                "batter": 1,
                "extras": 0,
                "total": 1
              }
            },
            {
              "batter": "A Doddaballapur",
              "bowler": "C Murray",
              "non_striker": "CM Gough",
              "runs": {
                "batter": 0,
                "extras": 0,
                "total": 0
              }
            }
          ]
        },
        {
          "over": 10,
          "deliveries": [
            {
              "batter": "CM Gough",
              "bowler": "S MacMahon",
              "non_striker": "A Doddaballapur",
              "runs": {
                "batter": 1,
                "extras": 0,
                "total": 1
              }
            },
            {
              "batter": "A Doddaballapur",
              "bowler": "S MacMahon",
              "non_striker": "CM Gough",
              "runs": {
                "batter": 0,
                "extras": 0,
                "total": 0
              }
            },
            {
              "batter": "A Doddaballapur",
              "bowler": "S MacMahon",
              "non_striker": "CM Gough",
              "runs": {
                "batter": 0,
                "extras": 0,
                "total": 0
              }
            },
            {
              "batter": "A Doddaballapur",
              "bowler": "S MacMahon",
              "non_striker": "CM Gough",
              "runs": {
                "batter": 0,
                "extras": 0,
                "total": 0
              }
            },
            {
              "batter": "A Doddaballapur",
              "bowler": "S MacMahon",
              "non_striker": "CM Gough",
              "runs": {
                "batter": 0,
                "extras": 0,
                "total": 0
              }
            },
            {
              "batter": "A Doddaballapur",
              "bowler": "S MacMahon",
              "non_striker": "CM Gough",
              "runs": {
                "batter": 0,
                "extras": 0,
                "total": 0
              }
            }
          ]
        },
        {
          "over": 11,
          "deliveries": [
            {
              "batter": "CM Gough",
              "bowler": "L Delany",
              "non_striker": "A Doddaballapur",
              "runs": {
                "batter": 0,
                "extras": 0,
                "total": 0
              }
            },
            {
              "batter": "CM Gough",
              "bowler": "L Delany",
              "non_striker": "A Doddaballapur",
              "runs": {
                "batter": 0,
                "extras": 0,
                "total": 0
              }
            },
            {
              "batter": "CM Gough",
              "bowler": "L Delany",
              "non_striker": "A Doddaballapur",
              "runs": {
                "batter": 0,
                "extras": 0,
                "total": 0
              }
            },
            {
              "batter": "CM Gough",
              "bowler": "L Delany",
              "non_striker": "A Doddaballapur",
              "runs": {
                "batter": 0,
                "extras": 0,
                "total": 0
              }
            },
            {
              "batter": "CM Gough",
              "bowler": "L Delany",
              "non_striker": "A Doddaballapur",
              "runs": {
                "batter": 0,
                "extras": 0,
                "total": 0
              }
            },
            {
              "batter": "CM Gough",
              "bowler": "L Delany",
              "non_striker": "A Doddaballapur",
              "runs": {
                "batter": 0,
                "extras": 0,
                "total": 0
              }
            }
          ]
        },
        {
          "over": 12,
          "deliveries": [
            {
              "batter": "A Doddaballapur",
              "bowler": "S MacMahon",
              "non_striker": "CM Gough",
              "runs": {
                "batter": 1,
                "extras": 0,
                "total": 1
              }
            },
            {
              "batter": "CM Gough",
              "bowler": "S MacMahon",
              "non_striker": "A Doddaballapur",
              "runs": {
                "batter": 1,
                "extras": 0,
                "total": 1
              }
            },
            {
              "batter": "A Doddaballapur",
              "bowler": "S MacMahon",
              "non_striker": "CM Gough",
              "runs": {
                "batter": 0,
                "extras": 0,
                "total": 0
              }
            },
            {
              "batter": "A Doddaballapur",
              "bowler": "S MacMahon",
              "non_striker": "CM Gough",
              "runs": {
                "batter": 0,
                "extras": 0,
                "total": 0
              }
            },
            {
              "batter": "A Doddaballapur",
              "bowler": "S MacMahon",
              "non_striker": "CM Gough",
              "runs": {
                "batter": 0,
                "extras": 0,
                "total": 0
              }
            },
            {
              "batter": "A Doddaballapur",
              "bowler": "S MacMahon",
              "non_striker": "CM Gough",
              "runs": {
                "batter": 0,
                "extras": 0,
                "total": 0
              }
            }
          ]
        },
        {
          "over": 13,
          "deliveries": [
            {
              "batter": "CM Gough",
              "bowler": "L Delany",
              "non_striker": "A Doddaballapur",
              "runs": {
                "batter": 0,
                "extras": 0,
                "total": 0
              }
            },
            {
              "batter": "CM Gough",
              "bowler": "L Delany",
              "non_striker": "A Doddaballapur",
              "runs": {
                "batter": 0,
                "extras": 0,
                "total": 0
              }
            },
            {
              "batter": "CM Gough",
              "bowler": "L Delany",
              "non_striker": "A Doddaballapur",
              "runs": {
                "batter": 0,
                "extras": 0,
                "total": 0
              }
            },
            {
              "batter": "CM Gough",
              "bowler": "L Delany",
              "non_striker": "A Doddaballapur",
              "runs": {
                "batter": 0,
                "extras": 0,
                "total": 0
              }
            },
            {
              "batter": "CM Gough",
              "bowler": "L Delany",
              "non_striker": "A Doddaballapur",
              "runs": {
                "batter": 4,
                "extras": 0,
                "total": 4
              }
            },
            {
              "batter": "CM Gough",
              "bowler": "L Delany",
              "non_striker": "A Doddaballapur",
              "runs": {
                "batter": 0,
                "extras": 0,
                "total": 0
              }
            }
          ]
        },
        {
          "over": 14,
          "deliveries": [
            {
              "batter": "A Doddaballapur",
              "bowler": "S MacMahon",
              "non_striker": "CM Gough",
              "runs": {
                "batter": 0,
                "extras": 0,
                "total": 0
              }
            },
            {
              "batter": "A Doddaballapur",
              "bowler": "S MacMahon",
              "non_striker": "CM Gough",
              "runs": {
                "batter": 0,
                "extras": 0,
                "total": 0
              }
            },
            {
              "batter": "A Doddaballapur",
              "bowler": "S MacMahon",
              "non_striker": "CM Gough",
              "runs": {
                "batter": 1,
                "extras": 0,
                "total": 1
              }
            },
            {
              "batter": "CM Gough",
              "bowler": "S MacMahon",
              "non_striker": "A Doddaballapur",
              "runs": {
                "batter": 0,
                "extras": 0,
                "total": 0
              }
            },
            {
              "batter": "CM Gough",
              "bowler": "S MacMahon",
              "non_striker": "A Doddaballapur",
              "runs": {
                "batter": 0,
                "extras": 0,
                "total": 0
              }
            },
            {
              "batter": "CM Gough",
              "bowler": "S MacMahon",
              "non_striker": "A Doddaballapur",
              "runs": {
                "batter": 1,
                "extras": 0,
                "total": 1
              }
            }
          ]
        },
        {
          "over": 15,
          "deliveries": [
            {
              "batter": "CM Gough",
              "bowler": "L Delany",
              "non_striker": "A Doddaballapur",
              "runs": {
                "batter": 0,
                "extras": 0,
                "total": 0
              }
            },
            {
              "batter": "CM Gough",
              "bowler": "L Delany",
              "non_striker": "A Doddaballapur",
              "runs": {
                "batter": 0,
                "extras": 0,
                "total": 0
              }
            },
            {
              "batter": "CM Gough",
              "bowler": "L Delany",
              "non_striker": "A Doddaballapur",
              "runs": {
                "batter": 0,
                "extras": 0,
                "total": 0
              }
            },
            {
              "batter": "CM Gough",
              "bowler": "L Delany",
              "non_striker": "A Doddaballapur",
              "runs": {
                "batter": 0,
                "extras": 0,
                "total": 0
              }
            },
            {
              "batter": "CM Gough",
              "bowler": "L Delany",
              "non_striker": "A Doddaballapur",
              "runs": {
                "batter": 1,
                "extras": 0,
                "total": 1
              }
            },
            {
              "batter": "A Doddaballapur",
              "bowler": "L Delany",
              "non_striker": "CM Gough",
              "runs": {
                "batter": 0,
                "extras": 0,
                "total": 0
              }
            }
          ]
        },
        {
          "over": 16,
          "deliveries": [
            {
              "batter": "CM Gough",
              "bowler": "L Maritz",
              "non_striker": "A Doddaballapur",
              "runs": {
                "batter": 0,
                "extras": 0,
                "total": 0
              }
            },
            {
              "batter": "CM Gough",
              "bowler": "L Maritz",
              "non_striker": "A Doddaballapur",
              "runs": {
                "batter": 0,
                "extras": 0,
                "total": 0
              },
              "wickets": [
                {
                  "player_out": "CM Gough",
                  "kind": "bowled"
                }
              ]
            },
            {
              "batter": "JE Ronalds",
              "bowler": "L Maritz",
              "non_striker": "A Doddaballapur",
              "runs": {
                "batter": 0,
                "extras": 0,
                "total": 0
              }
            },
            {
              "batter": "JE Ronalds",
              "bowler": "L Maritz",
              "non_striker": "A Doddaballapur",
              "runs": {
                "batter": 0,
                "extras": 0,
                "total": 0
              }
            },
            {
              "batter": "JE Ronalds",
              "bowler": "L Maritz",
              "non_striker": "A Doddaballapur",
              "runs": {
                "batter": 0,
                "extras": 0,
                "total": 0
              }
            },
            {
              "batter": "JE Ronalds",
              "bowler": "L Maritz",
              "non_striker": "A Doddaballapur",
              "runs": {
                "batter": 0,
                "extras": 0,
                "total": 0
              }
            }
          ]
        },
        {
          "over": 17,
          "deliveries": [
            {
              "batter": "A Doddaballapur",
              "bowler": "C Murray",
              "non_striker": "JE Ronalds",
              "runs": {
                "batter": 0,
                "extras": 0,
                "total": 0
              }
            },
            {
              "batter": "A Doddaballapur",
              "bowler": "C Murray",
              "non_striker": "JE Ronalds",
              "runs": {
                "batter": 2,
                "extras": 0,
                "total": 2
              }
            },
            {
              "batter": "A Doddaballapur",
              "bowler": "C Murray",
              "non_striker": "JE Ronalds",
              "runs": {
                "batter": 0,
                "extras": 0,
                "total": 0
              }
            },
            {
              "batter": "A Doddaballapur",
              "bowler": "C Murray",
              "non_striker": "JE Ronalds",
              "runs": {
                "batter": 1,
                "extras": 0,
                "total": 1
              }
            },
            {
              "batter": "JE Ronalds",
              "bowler": "C Murray",
              "non_striker": "A Doddaballapur",
              "runs": {
                "batter": 0,
                "extras": 0,
                "total": 0
              }
            },
            {
              "batter": "JE Ronalds",
              "bowler": "C Murray",
              "non_striker": "A Doddaballapur",
              "runs": {
                "batter": 1,
                "extras": 0,
                "total": 1
              }
            }
          ]
        },
        {
          "over": 18,
          "deliveries": [
            {
              "batter": "JE Ronalds",
              "bowler": "L Maritz",
              "non_striker": "A Doddaballapur",
              "runs": {
                "batter": 0,
                "extras": 0,
                "total": 0
              }
            },
            {
              "batter": "JE Ronalds",
              "bowler": "L Maritz",
              "non_striker": "A Doddaballapur",
              "runs": {
                "batter": 0,
                "extras": 0,
                "total": 0
              }
            },
            {
              "batter": "JE Ronalds",
              "bowler": "L Maritz",
              "non_striker": "A Doddaballapur",
              "runs": {
                "batter": 0,
                "extras": 0,
                "total": 0
              }
            },
            {
              "batter": "JE Ronalds",
              "bowler": "L Maritz",
              "non_striker": "A Doddaballapur",
              "runs": {
                "batter": 0,
                "extras": 0,
                "total": 0
              }
            },
            {
              "batter": "JE Ronalds",
              "bowler": "L Maritz",
              "non_striker": "A Doddaballapur",
              "runs": {
                "batter": 1,
                "extras": 0,
                "total": 1
              }
            },
            {
              "batter": "A Doddaballapur",
              "bowler": "L Maritz",
              "non_striker": "JE Ronalds",
              "runs": {
                "batter": 0,
                "extras": 0,
                "total": 0
              }
            }
          ]
        },
        {
          "over": 19,
          "deliveries": [
            {
              "batter": "JE Ronalds",
              "bowler": "EAJ Richardson",
              "non_striker": "A Doddaballapur",
              "runs": {
                "batter": 0,
                "extras": 0,
                "total": 0
              }
            },
            {
              "batter": "JE Ronalds",
              "bowler": "EAJ Richardson",
              "non_striker": "A Doddaballapur",
              "runs": {
                "batter": 1,
                "extras": 0,
                "total": 1
              }
            },
            {
              "batter": "A Doddaballapur",
              "bowler": "EAJ Richardson",
              "non_striker": "JE Ronalds",
              "runs": {
                "batter": 0,
                "extras": 0,
                "total": 0
              }
            },
            {
              "batter": "A Doddaballapur",
              "bowler": "EAJ Richardson",
              "non_striker": "JE Ronalds",
              "runs": {
                "batter": 0,
                "extras": 0,
                "total": 0
              }
            },
            {
              "batter": "A Doddaballapur",
              "bowler": "EAJ Richardson",
              "non_striker": "JE Ronalds",
              "runs": {
                "batter": 0,
                "extras": 0,
                "total": 0
              }
            },
            {
              "batter": "A Doddaballapur",
              "bowler": "EAJ Richardson",
              "non_striker": "JE Ronalds",
              "runs": {
                "batter": 0,
                "extras": 0,
                "total": 0
              },
              "wickets": [
                {
                  "player_out": "A Doddaballapur",
                  "fielders": [
                    {
                      "name": "L Maritz"
                    }
                  ],
                  "kind": "caught"
                }
              ]
            }
          ]
        }
      ],
      "powerplays": [
        {
          "from": 0.1,
          "to": 5.7,
          "type": "mandatory"
        }
      ],
      "target": {
        "overs": 20,
        "runs": 197
      }
    }
  ]
}