{
  "meta": {
    "data_version": "1.0.0",
    "created": "2021-08-28",
    "revision": 1
  },
  "info": {
    "balls_per_over": 6,
    "city": "Murcia",
    "dates": [
      "2021-08-27"
    ],
    "event": {
      "name": "ICC Women's T20 World Cup Europe Region Qualifier",
      "match_number": 4
    },
    "gender": "female",
    "match_type": "T20",
    "match_type_number": 933,
    "officials": {
      "match_referees": [
        "DT Jukes"
      ],
      "reserve_umpires": [
        "AJT Dowdalls"
      ],
      "umpires": [
        "Adriaan van den Dries",
        "Rizwan Akram"
      ]
    },
    "outcome": {
      "winner": "Scotland",
      "by": {
        "wickets": 5
      }
    },
    "overs": 20,
    "player_of_match": [
      "KE Bryce"
    ],
    "players": {
      "Ireland": [
        "R Stokell",
        "GH Lewis",
        "L Delany",
        "EAJ Richardson",
        "L Paul",
        "MV Waldron",
        "O Prendergast",
        "L Maritz",
        "S MacMahon",
        "C Murray",
        "A Canning"
      ],
      "Scotland": [
        "SJ Bryce",
        "L Jack",
        "KE Bryce",
        "K McGill",
        "M McColl",
        "A Aitken",
        "RS Glen",
        "K Fraser",
        "PA Chatterji",
        "AH Maqsood",
        "HRA Rainey"
      ]
    },
    "registry": {
      "people": {
        "A Aitken": "25c73eb6",
        "A Canning": "ffd5fcd8",
        "AH Maqsood": "f61e2829",
        "AJT Dowdalls": "f06852e3",
        "Adriaan van den Dries": "94b5ec3b",
        "C Murray": "5a50471c",
        "DT Jukes": "7c215d14",
        "EAJ Richardson": "50ee0500",
        "GH Lewis": "1b9d1579",
        "HRA Rainey": "7027d12f",
        "K Fraser": "a0a65375",
        "K McGill": "bba7558e",
        "KE Bryce": "f13d3eba",
        "L Delany": "b4f73b44",
        "L Jack": "e565ceb7",
        "L Maritz": "ac8bca8d",
        "L Paul": "07248d8e",
        "M McColl": "d5fa2ab3",
        "MV Waldron": "2e4f11e9",
        "O Prendergast": "d8f20ba5",
        "PA Chatterji": "8e7be59c",
        "R Stokell": "def7b1bb",
        "RS Glen": "45c2db15",
        "Rizwan Akram": "b5346f1e",
        "S MacMahon": "ef2bcebf",
        "SJ Bryce": "2ca65aee"
      }
    },
    "season": "2021",
    "team_type": "international",
    "teams": [
      "Ireland",
      "Scotland"
    ],
    "toss": {
      "decision": "bat",
      "winner": "Ireland"
    },
    "venue": "La Manga Club Top Ground"
  },
  "innings": [
    {
      "team": "Ireland",
      "overs": [
        {
          "over": 0,
          "deliveries": [
            {
              "batter": "R Stokell",
              "bowler": "KE Bryce",
              "non_striker": "GH Lewis",
              "runs": {
                "batter": 0,
                "extras": 0,
                "total": 0
              }
            },
            {
              "batter": "R Stokell",
              "bowler": "KE Bryce",
              "non_striker": "GH Lewis",
              "runs": {
                "batter": 0,
                "extras": 0,
                "total": 0
              }
            },
            {
              "batter": "R Stokell",
              "bowler": "KE Bryce",
              "non_striker": "GH Lewis",
              "runs": {
                "batter": 0,
                "extras": 0,
                "total": 0
              }
            },
            {
              "batter": "R Stokell",
              "bowler": "KE Bryce",
              "non_striker": "GH Lewis",
              "runs": {
                "batter": 1,
                "extras": 0,
                "total": 1
              }
            },
            {
              "batter": "GH Lewis",
              "bowler": "KE Bryce",
              "non_striker": "R Stokell",
              "runs": {
                "batter": 0,
                "extras": 0,
                "total": 0
              }
            },
            {
              "batter": "GH Lewis",
              "bowler": "KE Bryce",
              "non_striker": "R Stokell",
              "runs": {
                "batter": 0,
                "extras": 0,
                "total": 0
              }
            }
          ]
        },
        {
          "over": 1,
          "deliveries": [
            {
              "batter": "R Stokell",
              "bowler": "K Fraser",
              "non_striker": "GH Lewis",
              "runs": {
                "batter": 0,
                "extras": 0,
                "total": 0
              }
            },
            {
              "batter": "R Stokell",
              "bowler": "K Fraser",
              "non_striker": "GH Lewis",
              "runs": {
                "batter": 4,
                "extras": 0,
                "total": 4
              }
            },
            {
              "batter": "R Stokell",
              "bowler": "K Fraser",
              "non_striker": "GH Lewis",
              "runs": {
                "batter": 0,
                "extras": 0,
                "total": 0
              }
            },
            {
              "batter": "R Stokell",
              "bowler": "K Fraser",
              "non_striker": "GH Lewis",
              "runs": {
                "batter": 1,
                "extras": 0,
                "total": 1
              }
            },
            {
              "batter": "GH Lewis",
              "bowler": "K Fraser",
              "non_striker": "R Stokell",
              "runs": {
                "batter": 0,
                "extras": 0,
                "total": 0
              }
            },
            {
              "batter": "GH Lewis",
              "bowler": "K Fraser",
              "non_striker": "R Stokell",
              "runs": {
                "batter": 2,
                "extras": 0,
                "total": 2
              }
            }
          ]
        },
        {
          "over": 2,
          "deliveries": [
            {
              "batter": "R Stokell",
              "bowler": "KE Bryce",
              "non_striker": "GH Lewis",
              "runs": {
                "batter": 0,
                "extras": 0,
                "total": 0
              }
            },
            {
              "batter": "R Stokell",
              "bowler": "KE Bryce",
              "non_striker": "GH Lewis",
              "runs": {
                "batter": 0,
                "extras": 0,
                "total": 0
              }
            },
            {
              "batter": "R Stokell",
              "bowler": "KE Bryce",
              "non_striker": "GH Lewis",
              "runs": {
                "batter": 1,
                "extras": 0,
                "total": 1
              }
            },
            {
              "batter": "GH Lewis",
              "bowler": "KE Bryce",
              "non_striker": "R Stokell",
              "runs": {
                "batter": 0,
                "extras": 0,
                "total": 0
              }
            },
            {
              "batter": "GH Lewis",
              "bowler": "KE Bryce",
              "non_striker": "R Stokell",
              "runs": {
                "batter": 1,
                "extras": 0,
                "total": 1
              }
            },
            {
              "batter": "R Stokell",
              "bowler": "KE Bryce",
              "non_striker": "GH Lewis",
              "runs": {
                "batter": 0,
                "extras": 0,
                "total": 0
              }
            }
          ]
        },
        {
          "over": 3,
          "deliveries": [
            {
              "batter": "GH Lewis",
              "bowler": "PA Chatterji",
              "non_striker": "R Stokell",
              "runs": {
                "batter": 0,
                "extras": 0,
                "total": 0
              }
            },
            {
              "batter": "GH Lewis",
              "bowler": "PA Chatterji",
              "non_striker": "R Stokell",
              "runs": {
                "batter": 0,
                "extras": 0,
                "total": 0
              }
            },
            {
              "batter": "GH Lewis",
              "bowler": "PA Chatterji",
              "non_striker": "R Stokell",
              "runs": {
                "batter": 0,
                "extras": 0,
                "total": 0
              }
            },
            {
              "batter": "GH Lewis",
              "bowler": "PA Chatterji",
              "non_striker": "R Stokell",
              "runs": {
                "batter": 3,
                "extras": 0,
                "total": 3
              }
            },
            {
              "batter": "R Stokell",
              "bowler": "PA Chatterji",
              "non_striker": "GH Lewis",
              "runs": {
                "batter": 0,
                "extras": 0,
                "total": 0
              }
            },
            {
              "batter": "R Stokell",
              "bowler": "PA Chatterji",
              "non_striker": "GH Lewis",
              "runs": {
                "batter": 1,
                "extras": 0,
                "total": 1
              }
            }
          ]
        },
        {
          "over": 4,
          "deliveries": [
            {
              "batter": "R Stokell",
              "bowler": "K McGill",
              "non_striker": "GH Lewis",
              "runs": {
                "batter": 0,
                "extras": 0,
                "total": 0
              }
            },
            {
              "batter": "R Stokell",
              "bowler": "K McGill",
              "non_striker": "GH Lewis",
              "runs": {
                "batter": 0,
                "extras": 0,
                "total": 0
              }
            },
            {
              "batter": "R Stokell",
              "bowler": "K McGill",
              "non_striker": "GH Lewis",
              "runs": {
                "batter": 1,
                "extras": 0,
                "total": 1
              }
            },
            {
              "batter": "GH Lewis",
              "bowler": "K McGill",
              "non_striker": "R Stokell",
              "runs": {
                "batter": 0,
                "extras": 0,
                "total": 0
              }
            },
            {
              "batter": "GH Lewis",
              "bowler": "K McGill",
              "non_striker": "R Stokell",
              "runs": {
                "batter": 1,
                "extras": 0,
                "total": 1
              }
            },
            {
              "batter": "R Stokell",
              "bowler": "K McGill",
              "non_striker": "GH Lewis",
              "runs": {
                "batter": 1,
                "extras": 0,
                "total": 1
              }
            }
          ]
        },
        {
          "over": 5,
          "deliveries": [
            {
              "batter": "R Stokell",
              "bowler": "PA Chatterji",
              "non_striker": "GH Lewis",
              "runs": {
                "batter": 1,
                "extras": 0,
                "total": 1
              }
            },
            {
              "batter": "GH Lewis",
              "bowler": "PA Chatterji",
              "non_striker": "R Stokell",
              "runs": {
                "batter": 1,
                "extras": 0,
                "total": 1
              }
            },
            {
              "batter": "R Stokell",
              "bowler": "PA Chatterji",
              "non_striker": "GH Lewis",
              "runs": {
                "batter": 0,
                "extras": 0,
                "total": 0
              }
            },
            {
              "batter": "R Stokell",
              "bowler": "PA Chatterji",
              "non_striker": "GH Lewis",
              "runs": {
                "batter": 1,
                "extras": 0,
                "total": 1
              }
            },
            {
              "batter": "GH Lewis",
              "bowler": "PA Chatterji",
              "non_striker": "R Stokell",
              "runs": {
                "batter": 0,
                "extras": 0,
                "total": 0
              }
            },
            {
              "batter": "GH Lewis",
              "bowler": "PA Chatterji",
              "non_striker": "R Stokell",
              "runs": {
                "batter": 0,
                "extras": 0,
                "total": 0
              }
            }
          ]
        },
        {
          "over": 6,
          "deliveries": [
            {
              "batter": "R Stokell",
              "bowler": "AH Maqsood",
              "non_striker": "GH Lewis",
              "runs": {
                "batter": 0,
                "extras": 0,
                "total": 0
              }
            },
            {
              "batter": "R Stokell",
              "bowler": "AH Maqsood",
              "non_striker": "GH Lewis",
              "runs": {
                "batter": 1,
                "extras": 0,
                "total": 1
              }
            },
            {
              "batter": "GH Lewis",
              "bowler": "AH Maqsood",
              "non_striker": "R Stokell",
              "runs": {
                "batter": 0,
                "extras": 0,
                "total": 0
              },
              "wickets": [
                {
                  "player_out": "GH Lewis",
                  "fielders": [
                    {
                      "name": "K McGill"
                    }
                  ],
                  "kind": "caught"
                }
              ]
            },
            {
              "batter": "R Stokell",
              "bowler": "AH Maqsood",
              "non_striker": "L Delany",
              "runs": {
                "batter": 1,
                "extras": 0,
                "total": 1
              }
            },
            {
              "batter": "L Delany",
              "bowler": "AH Maqsood",
              "non_striker": "R Stokell",
              "runs": {
                "batter": 1,
                "extras": 0,
                "total": 1
              }
            },
            {
              "batter": "R Stokell",
              "bowler": "AH Maqsood",
              "non_striker": "L Delany",
              "runs": {
                "batter": 1,
                "extras": 0,
                "total": 1
              }
            }
          ]
        },
        {
          "over": 7,
          "deliveries": [
            {
              "batter": "R Stokell",
              "bowler": "PA Chatterji",
              "non_striker": "L Delany",
              "runs": {
                "batter": 0,
                "extras": 0,
                "total": 0
              }
            },
            {
              "batter": "R Stokell",
              "bowler": "PA Chatterji",
              "extras": {
                "wides": 1
              },
              "non_striker": "L Delany",
              "runs": {
                "batter": 0,
                "extras": 1,
                "total": 1
              }
            },
            {
              "batter": "R Stokell",
              "bowler": "PA Chatterji",
              "extras": {
                "wides": 1
              },
              "non_striker": "L Delany",
              "runs": {
                "batter": 0,
                "extras": 1,
                "total": 1
              }
            },
            {
              "batter": "R Stokell",
              "bowler": "PA Chatterji",
              "non_striker": "L Delany",
              "runs": {
                "batter": 1,
                "extras": 0,
                "total": 1
              }
            },
            {
              "batter": "L Delany",
              "bowler": "PA Chatterji",
              "non_striker": "R Stokell",
              "runs": {
                "batter": 0,
                "extras": 0,
                "total": 0
              }
            },
            {
              "batter": "L Delany",
              "bowler": "PA Chatterji",
              "extras": {
                "wides": 1
              },
              "non_striker": "R Stokell",
              "runs": {
                "batter": 0,
                "extras": 1,
                "total": 1
              }
            },
            {
              "batter": "L Delany",
              "bowler": "PA Chatterji",
              "non_striker": "R Stokell",
              "runs": {
                "batter": 0,
                "extras": 0,
                "total": 0
              },
              "wickets": [
                {
                  "player_out": "L Delany",
                  "kind": "bowled"
                }
              ]
            },
            {
              "batter": "EAJ Richardson",
              "bowler": "PA Chatterji",
              "non_striker": "R Stokell",
              "runs": {
                "batter": 2,
                "extras": 0,
                "total": 2
              }
            },
            {
              "batter": "EAJ Richardson",
              "bowler": "PA Chatterji",
              "non_striker": "R Stokell",
              "runs": {
                "batter": 1,
                "extras": 0,
                "total": 1
              }
            }
          ]
        },
        {
          "over": 8,
          "deliveries": [
            {
              "batter": "EAJ Richardson",
              "bowler": "AH Maqsood",
              "non_striker": "R Stokell",
              "runs": {
                "batter": 2,
                "extras": 0,
                "total": 2
              }
            },
            {
              "batter": "EAJ Richardson",
              "bowler": "AH Maqsood",
              "non_striker": "R Stokell",
              "runs": {
                "batter": 0,
                "extras": 0,
                "total": 0
              }
            },
            {
              "batter": "EAJ Richardson",
              "bowler": "AH Maqsood",
              "non_striker": "R Stokell",
              "runs": {
                "batter": 2,
                "extras": 0,
                "total": 2
              }
            },
            {
              "batter": "EAJ Richardson",
              "bowler": "AH Maqsood",
              "non_striker": "R Stokell",
              "runs": {
                "batter": 0,
                "extras": 0,
                "total": 0
              }
            },
            {
              "batter": "EAJ Richardson",
              "bowler": "AH Maqsood",
              "non_striker": "R Stokell",
              "runs": {
                "batter": 1,
                "extras": 0,
                "total": 1
              }
            },
            {
              "batter": "R Stokell",
              "bowler": "AH Maqsood",
              "non_striker": "EAJ Richardson",
              "runs": {
                "batter": 0,
                "extras": 0,
                "total": 0
              }
            }
          ]
        },
        {
          "over": 9,
          "deliveries": [
            {
              "batter": "EAJ Richardson",
              "bowler": "HRA Rainey",
              "extras": {
                "wides": 1
              },
              "non_striker": "R Stokell",
              "runs": {
                "batter": 0,
                "extras": 1,
                "total": 1
              }
            },
            {
              "batter": "EAJ Richardson",
              "bowler": "HRA Rainey",
              "non_striker": "R Stokell",
              "runs": {
                "batter": 1,
                "extras": 0,
                "total": 1
              }
            },
            {
              "batter": "R Stokell",
              "bowler": "HRA Rainey",
              "non_striker": "EAJ Richardson",
              "runs": {
                "batter": 1,
                "extras": 0,
                "total": 1
              }
            },
            {
              "batter": "EAJ Richardson",
              "bowler": "HRA Rainey",
              "non_striker": "R Stokell",
              "runs": {
                "batter": 0,
                "extras": 0,
                "total": 0
              }
            },
            {
              "batter": "EAJ Richardson",
              "bowler": "HRA Rainey",
              "non_striker": "R Stokell",
              "runs": {
                "batter": 4,
                "extras": 0,
                "total": 4
              }
            },
            {
              "batter": "EAJ Richardson",
              "bowler": "HRA Rainey",
              "non_striker": "R Stokell",
              "runs": {
                "batter": 0,
                "extras": 0,
                "total": 0
              }
            },
            {
              "batter": "EAJ Richardson",
              "bowler": "HRA Rainey",
              "non_striker": "R Stokell",
              "runs": {
                "batter": 0,
                "extras": 0,
                "total": 0
              }
            }
          ]
        },
        {
          "over": 10,
          "deliveries": [
            {
              "batter": "R Stokell",
              "bowler": "K McGill",
              "non_striker": "EAJ Richardson",
              "runs": {
                "batter": 1,
                "extras": 0,
                "total": 1
              }
            },
            {
              "batter": "EAJ Richardson",
              "bowler": "K McGill",
              "non_striker": "R Stokell",
              "runs": {
                "batter": 1,
                "extras": 0,
                "total": 1
              }
            },
            {
              "batter": "R Stokell",
              "bowler": "K McGill",
              "non_striker": "EAJ Richardson",
              "runs": {
                "batter": 0,
                "extras": 0,
                "total": 0
              }
            },
            {
              "batter": "R Stokell",
              "bowler": "K McGill",
              "non_striker": "EAJ Richardson",
              "runs": {
                "batter": 2,
                "extras": 0,
                "total": 2
              }
            },
            {
              "batter": "R Stokell",
              "bowler": "K McGill",
              "non_striker": "EAJ Richardson",
              "runs": {
                "batter": 1,
                "extras": 0,
                "total": 1
              }
            },
            {
              "batter": "EAJ Richardson",
              "bowler": "K McGill",
              "non_striker": "R Stokell",
              "runs": {
                "batter": 0,
                "extras": 0,
                "total": 0
              }
            }
          ]
        },
        {
          "over": 11,
          "deliveries": [
            {
              "batter": "R Stokell",
              "bowler": "K Fraser",
              "non_striker": "EAJ Richardson",
              "runs": {
                "batter": 0,
                "extras": 0,
                "total": 0
              },
              "wickets": [
                {
                  "player_out": "R Stokell",
                  "kind": "bowled"
                }
              ]
            },
            {
              "batter": "L Paul",
              "bowler": "K Fraser",
              "non_striker": "EAJ Richardson",
              "runs": {
                "batter": 0,
                "extras": 0,
                "total": 0
              },
              "wickets": [
                {
                  "player_out": "L Paul",
                  "kind": "lbw"
                }
              ]
            },
            {
              "batter": "MV Waldron",
              "bowler": "K Fraser",
              "non_striker": "EAJ Richardson",
              "runs": {
                "batter": 0,
                "extras": 0,
                "total": 0
              }
            },
            {
              "batter": "MV Waldron",
              "bowler": "K Fraser",
              "non_striker": "EAJ Richardson",
              "runs": {
                "batter": 1,
                "extras": 0,
                "total": 1
              }
            },
            {
              "batter": "EAJ Richardson",
              "bowler": "K Fraser",
              "non_striker": "MV Waldron",
              "runs": {
                "batter": 0,
                "extras": 0,
                "total": 0
              }
            },
            {
              "batter": "EAJ Richardson",
              "bowler": "K Fraser",
              "non_striker": "MV Waldron",
              "runs": {
                "batter": 0,
                "extras": 0,
                "total": 0
              }
            }
          ]
        },
        {
          "over": 12,
          "deliveries": [
            {
              "batter": "MV Waldron",
              "bowler": "M McColl",
              "extras": {
                "byes": 1
              },
              "non_striker": "EAJ Richardson",
              "runs": {
                "batter": 0,
                "extras": 1,
                "total": 1
              }
            },
            {
              "batter": "EAJ Richardson",
              "bowler": "M McColl",
              "non_striker": "MV Waldron",
              "runs": {
                "batter": 0,
                "extras": 0,
                "total": 0
              }
            },
            {
              "batter": "EAJ Richardson",
              "bowler": "M McColl",
              "non_striker": "MV Waldron",
              "runs": {
                "batter": 0,
                "extras": 0,
                "total": 0
              }
            },
            {
              "batter": "EAJ Richardson",
              "bowler": "M McColl",
              "non_striker": "MV Waldron",
              "runs": {
                "batter": 0,
                "extras": 0,
                "total": 0
              }
            },
            {
              "batter": "EAJ Richardson",
              "bowler": "M McColl",
              "extras": {
                "legbyes": 1
              },
              "non_striker": "MV Waldron",
              "runs": {
                "batter": 0,
                "extras": 1,
                "total": 1
              }
            },
            {
              "batter": "MV Waldron",
              "bowler": "M McColl",
              "non_striker": "EAJ Richardson",
              "runs": {
                "batter": 1,
                "extras": 0,
                "total": 1
              }
            }
          ]
        },
        {
          "over": 13,
          "deliveries": [
            {
              "batter": "MV Waldron",
              "bowler": "K Fraser",
              "non_striker": "EAJ Richardson",
              "runs": {
                "batter": 1,
                "extras": 0,
                "total": 1
              }
            },
            {
              "batter": "EAJ Richardson",
              "bowler": "K Fraser",
              "non_striker": "MV Waldron",
              "runs": {
                "batter": 1,
                "extras": 0,
                "total": 1
              }
            },
            {
              "batter": "MV Waldron",
              "bowler": "K Fraser",
              "non_striker": "EAJ Richardson",
              "runs": {
                "batter": 1,
                "extras": 0,
                "total": 1
              }
            },
            {
              "batter": "EAJ Richardson",
              "bowler": "K Fraser",
              "non_striker": "MV Waldron",
              "runs": {
                "batter": 0,
                "extras": 0,
                "total": 0
              }
            },
            {
              "batter": "EAJ Richardson",
              "bowler": "K Fraser",
              "non_striker": "MV Waldron",
              "runs": {
                "batter": 1,
                "extras": 0,
                "total": 1
              }
            },
            {
              "batter": "MV Waldron",
              "bowler": "K Fraser",
              "non_striker": "EAJ Richardson",
              "runs": {
                "batter": 0,
                "extras": 0,
                "total": 0
              }
            }
          ]
        },
        {
          "over": 14,
          "deliveries": [
            {
              "batter": "EAJ Richardson",
              "bowler": "AH Maqsood",
              "non_striker": "MV Waldron",
              "runs": {
                "batter": 1,
                "extras": 0,
                "total": 1
              }
            },
            {
              "batter": "MV Waldron",
              "bowler": "AH Maqsood",
              "non_striker": "EAJ Richardson",
              "runs": {
                "batter": 2,
                "extras": 0,
                "total": 2
              }
            },
            {
              "batter": "MV Waldron",
              "bowler": "AH Maqsood",
              "non_striker": "EAJ Richardson",
              "runs": {
                "batter": 1,
                "extras": 0,
                "total": 1
              }
            },
            {
              "batter": "EAJ Richardson",
              "bowler": "AH Maqsood",
              "non_striker": "MV Waldron",
              "runs": {
                "batter": 0,
                "extras": 0,
                "total": 0
              }
            },
            {
              "batter": "EAJ Richardson",
              "bowler": "AH Maqsood",
              "extras": {
                "legbyes": 1
              },
              "non_striker": "MV Waldron",
              "runs": {
                "batter": 0,
                "extras": 1,
                "total": 1
              }
            },
            {
              "batter": "MV Waldron",
              "bowler": "AH Maqsood",
              "non_striker": "EAJ Richardson",
              "runs": {
                "batter": 1,
                "extras": 0,
                "total": 1
              }
            }
          ]
        },
        {
          "over": 15,
          "deliveries": [
            {
              "batter": "MV Waldron",
              "bowler": "K Fraser",
              "non_striker": "EAJ Richardson",
              "runs": {
                "batter": 0,
                "extras": 0,
                "total": 0
              }
            },
            {
              "batter": "MV Waldron",
              "bowler": "K Fraser",
              "non_striker": "EAJ Richardson",
              "runs": {
                "batter": 1,
                "extras": 0,
                "total": 1
              }
            },
            {
              "batter": "EAJ Richardson",
              "bowler": "K Fraser",
              "non_striker": "MV Waldron",
              "runs": {
                "batter": 0,
                "extras": 0,
                "total": 0
              },
              "wickets": [
                {
                  "player_out": "EAJ Richardson",
                  "fielders": [
                    {
                      "name": "RS Glen"
                    }
                  ],
                  "kind": "caught"
                }
              ]
            },
            {
              "batter": "MV Waldron",
              "bowler": "K Fraser",
              "non_striker": "O Prendergast",
              "runs": {
                "batter": 0,
                "extras": 0,
                "total": 0
              }
            },
            {
              "batter": "MV Waldron",
              "bowler": "K Fraser",
              "non_striker": "O Prendergast",
              "runs": {
                "batter": 1,
                "extras": 0,
                "total": 1
              }
            },
            {
              "batter": "O Prendergast",
              "bowler": "K Fraser",
              "non_striker": "MV Waldron",
              "runs": {
                "batter": 0,
                "extras": 0,
                "total": 0
              }
            }
          ]
        },
        {
          "over": 16,
          "deliveries": [
            {
              "batter": "MV Waldron",
              "bowler": "K McGill",
              "non_striker": "O Prendergast",
              "runs": {
                "batter": 2,
                "extras": 0,
                "total": 2
              }
            },
            {
              "batter": "MV Waldron",
              "bowler": "K McGill",
              "non_striker": "O Prendergast",
              "runs": {
                "batter": 0,
                "extras": 0,
                "total": 0
              },
              "wickets": [
                {
                  "player_out": "MV Waldron",
                  "kind": "caught and bowled"
                }
              ]
            },
            {
              "batter": "L Maritz",
              "bowler": "K McGill",
              "non_striker": "O Prendergast",
              "runs": {
                "batter": 1,
                "extras": 0,
                "total": 1
              }
            },
            {
              "batter": "O Prendergast",
              "bowler": "K McGill",
              "non_striker": "L Maritz",
              "runs": {
                "batter": 0,
                "extras": 0,
                "total": 0
              }
            },
            {
              "batter": "O Prendergast",
              "bowler": "K McGill",
              "non_striker": "L Maritz",
              "runs": {
                "batter": 1,
                "extras": 0,
                "total": 1
              }
            },
            {
              "batter": "L Maritz",
              "bowler": "K McGill",
              "non_striker": "O Prendergast",
              "runs": {
                "batter": 2,
                "extras": 0,
                "total": 2
              }
            }
          ]
        },
        {
          "over": 17,
          "deliveries": [
            {
              "batter": "O Prendergast",
              "bowler": "KE Bryce",
              "non_striker": "L Maritz",
              "runs": {
                "batter": 1,
                "extras": 0,
                "total": 1
              }
            },
            {
              "batter": "L Maritz",
              "bowler": "KE Bryce",
              "non_striker": "O Prendergast",
              "runs": {
                "batter": 1,
                "extras": 0,
                "total": 1
              }
            },
            {
              "batter": "O Prendergast",
              "bowler": "KE Bryce",
              "non_striker": "L Maritz",
              "runs": {
                "batter": 3,
                "extras": 0,
                "total": 3
              }
            },
            {
              "batter": "L Maritz",
              "bowler": "KE Bryce",
              "non_striker": "O Prendergast",
              "runs": {
                "batter": 0,
                "extras": 0,
                "total": 0
              }
            },
            {
              "batter": "L Maritz",
              "bowler": "KE Bryce",
              "non_striker": "O Prendergast",
              "runs": {
                "batter": 0,
                "extras": 0,
                "total": 0
              }
            },
            {
              "batter": "L Maritz",
              "bowler": "KE Bryce",
              "non_striker": "O Prendergast",
              "runs": {
                "batter": 2,
                "extras": 0,
                "total": 2
              }
            }
          ]
        },
        {
          "over": 18,
          "deliveries": [
            {
              "batter": "O Prendergast",
              "bowler": "K McGill",
              "non_striker": "L Maritz",
              "runs": {
                "batter": 1,
                "extras": 0,
                "total": 1
              }
            },
            {
              "batter": "L Maritz",
              "bowler": "K McGill",
              "non_striker": "O Prendergast",
              "runs": {
                "batter": 0,
                "extras": 0,
                "total": 0
              }
            },
            {
              "batter": "L Maritz",
              "bowler": "K McGill",
              "non_striker": "O Prendergast",
              "runs": {
                "batter": 1,
                "extras": 0,
                "total": 1
              }
            },
            {
              "batter": "O Prendergast",
              "bowler": "K McGill",
              "non_striker": "L Maritz",
              "runs": {
                "batter": 1,
                "extras": 0,
                "total": 1
              }
            },
            {
              "batter": "L Maritz",
              "bowler": "K McGill",
              "non_striker": "O Prendergast",
              "runs": {
                "batter": 0,
                "extras": 0,
                "total": 0
              },
              "wickets": [
                {
                  "player_out": "L Maritz",
                  "kind": "bowled"
                }
              ]
            },
            {
              "batter": "S MacMahon",
              "bowler": "K McGill",
              "non_striker": "O Prendergast",
              "runs": {
                "batter": 1,
                "extras": 0,
                "total": 1
              }
            }
          ]
        },
        {
          "over": 19,
          "deliveries": [
            {
              "batter": "S MacMahon",
              "bowler": "KE Bryce",
              "non_striker": "O Prendergast",
              "runs": {
                "batter": 4,
                "extras": 0,
                "total": 4
              }
            },
            {
              "batter": "S MacMahon",
              "bowler": "KE Bryce",
              "non_striker": "O Prendergast",
              "runs": {
                "batter": 0,
                "extras": 0,
                "total": 0
              }
            },
            {
              "batter": "S MacMahon",
              "bowler": "KE Bryce",
              "non_striker": "O Prendergast",
              "runs": {
                "batter": 1,
                "extras": 0,
                "total": 1
              }
            },
            {
              "batter": "O Prendergast",
              "bowler": "KE Bryce",
              "non_striker": "S MacMahon",
              "runs": {
                "batter": 0,
                "extras": 0,
                "total": 0
              },
              "wickets": [
                {
                  "player_out": "O Prendergast",
                  "fielders": [
                    {
                      "name": "PA Chatterji"
                    }
                  ],
                  "kind": "caught"
                }
              ]
            },
            {
              "batter": "S MacMahon",
              "bowler": "KE Bryce",
              "non_striker": "C Murray",
              "runs": {
                "batter": 2,
                "extras": 0,
                "total": 2
              }
            },
            {
              "batter": "S MacMahon",
              "bowler": "KE Bryce",
              "non_striker": "C Murray",
              "runs": {
                "batter": 1,
                "extras": 0,
                "total": 1
              },
              "wickets": [
                {
                  "player_out": "C Murray",
                  "kind": "run out"
                }
              ]
            }
          ]
        }
      ],
      "powerplays": [
        {
          "from": 0.1,
          "to": 5.6,
          "type": "mandatory"
        }
      ]
    },
    {
      "team": "Scotland",
      "overs": [
        {
          "over": 0,
          "deliveries": [
            {
              "batter": "SJ Bryce",
              "bowler": "A Canning",
              "non_striker": "L Jack",
              "runs": {
                "batter": 0,
                "extras": 0,
                "total": 0
              }
            },
            {
              "batter": "SJ Bryce",
              "bowler": "A Canning",
              "non_striker": "L Jack",
              "runs": {
                "batter": 0,
                "extras": 0,
                "total": 0
              }
            },
            {
              "batter": "SJ Bryce",
              "bowler": "A Canning",
              "non_striker": "L Jack",
              "runs": {
                "batter": 1,
                "extras": 0,
                "total": 1
              }
            },
            {
              "batter": "L Jack",
              "bowler": "A Canning",
              "non_striker": "SJ Bryce",
              "runs": {
                "batter": 0,
                "extras": 0,
                "total": 0
              },
              "wickets": [
                {
                  "player_out": "L Jack",
                  "kind": "lbw"
                }
              ]
            },
            {
              "batter": "KE Bryce",
              "bowler": "A Canning",
              "non_striker": "SJ Bryce",
              "runs": {
                "batter": 0,
                "extras": 0,
                "total": 0
              }
            },
            {
              "batter": "KE Bryce",
              "bowler": "A Canning",
              "non_striker": "SJ Bryce",
              "runs": {
                "batter": 0,
                "extras": 0,
                "total": 0
              }
            }
          ]
        },
        {
          "over": 1,
          "deliveries": [
            {
              "batter": "SJ Bryce",
              "bowler": "O Prendergast",
              "non_striker": "KE Bryce",
              "runs": {
                "batter": 2,
                "extras": 0,
                "total": 2
              }
            },
            {
              "batter": "SJ Bryce",
              "bowler": "O Prendergast",
              "non_striker": "KE Bryce",
              "runs": {
                "batter": 0,
                "extras": 0,
                "total": 0
              }
            },
            {
              "batter": "SJ Bryce",
              "bowler": "O Prendergast",
              "non_striker": "KE Bryce",
              "runs": {
                "batter": 1,
                "extras": 0,
                "total": 1
              }
            },
            {
              "batter": "KE Bryce",
              "bowler": "O Prendergast",
              "non_striker": "SJ Bryce",
              "runs": {
                "batter": 0,
                "extras": 0,
                "total": 0
              }
            },
            {
              "batter": "KE Bryce",
              "bowler": "O Prendergast",
              "non_striker": "SJ Bryce",
              "runs": {
                "batter": 0,
                "extras": 0,
                "total": 0
              }
            },
            {
              "batter": "KE Bryce",
              "bowler": "O Prendergast",
              "non_striker": "SJ Bryce",
              "runs": {
                "batter": 1,
                "extras": 0,
                "total": 1
              }
            }
          ]
        },
        {
          "over": 2,
          "deliveries": [
            {
              "batter": "KE Bryce",
              "bowler": "A Canning",
              "non_striker": "SJ Bryce",
              "runs": {
                "batter": 0,
                "extras": 0,
                "total": 0
              }
            },
            {
              "batter": "KE Bryce",
              "bowler": "A Canning",
              "non_striker": "SJ Bryce",
              "runs": {
                "batter": 0,
                "extras": 0,
                "total": 0
              }
            },
            {
              "batter": "KE Bryce",
              "bowler": "A Canning",
              "non_striker": "SJ Bryce",
              "runs": {
                "batter": 0,
                "extras": 0,
                "total": 0
              }
            },
            {
              "batter": "KE Bryce",
              "bowler": "A Canning",
              "extras": {
                "byes": 1
              },
              "non_striker": "SJ Bryce",
              "runs": {
                "batter": 0,
                "extras": 1,
                "total": 1
              }
            },
            {
              "batter": "SJ Bryce",
              "bowler": "A Canning",
              "non_striker": "KE Bryce",
              "runs": {
                "batter": 0,
                "extras": 0,
                "total": 0
              }
            },
            {
              "batter": "SJ Bryce",
              "bowler": "A Canning",
              "non_striker": "KE Bryce",
              "runs": {
                "batter": 0,
                "extras": 0,
                "total": 0
              }
            }
          ]
        },
        {
          "over": 3,
          "deliveries": [
            {
              "batter": "KE Bryce",
              "bowler": "O Prendergast",
              "non_striker": "SJ Bryce",
              "runs": {
                "batter": 0,
                "extras": 0,
                "total": 0
              }
            },
            {
              "batter": "KE Bryce",
              "bowler": "O Prendergast",
              "non_striker": "SJ Bryce",
              "runs": {
                "batter": 1,
                "extras": 0,
                "total": 1
              }
            },
            {
              "batter": "SJ Bryce",
              "bowler": "O Prendergast",
              "non_striker": "KE Bryce",
              "runs": {
                "batter": 0,
                "extras": 0,
                "total": 0
              }
            },
            {
              "batter": "SJ Bryce",
              "bowler": "O Prendergast",
              "non_striker": "KE Bryce",
              "runs": {
                "batter": 1,
                "extras": 0,
                "total": 1
              }
            },
            {
              "batter": "KE Bryce",
              "bowler": "O Prendergast",
              "non_striker": "SJ Bryce",
              "runs": {
                "batter": 0,
                "extras": 0,
                "total": 0
              }
            },
            {
              "batter": "KE Bryce",
              "bowler": "O Prendergast",
              "non_striker": "SJ Bryce",
              "runs": {
                "batter": 0,
                "extras": 0,
                "total": 0
              }
            }
          ]
        },
        {
          "over": 4,
          "deliveries": [
            {
              "batter": "SJ Bryce",
              "bowler": "A Canning",
              "non_striker": "KE Bryce",
              "runs": {
                "batter": 0,
                "extras": 0,
                "total": 0
              },
              "wickets": [
                {
                  "player_out": "SJ Bryce",
                  "kind": "bowled"
                }
              ]
            },
            {
              "batter": "K McGill",
              "bowler": "A Canning",
              "non_striker": "KE Bryce",
              "runs": {
                "batter": 0,
                "extras": 0,
                "total": 0
              }
            },
            {
              "batter": "K McGill",
              "bowler": "A Canning",
              "non_striker": "KE Bryce",
              "runs": {
                "batter": 2,
                "extras": 0,
                "total": 2
              }
            },
            {
              "batter": "K McGill",
              "bowler": "A Canning",
              "non_striker": "KE Bryce",
              "runs": {
                "batter": 0,
                "extras": 0,
                "total": 0
              }
            },
            {
              "batter": "K McGill",
              "bowler": "A Canning",
              "non_striker": "KE Bryce",
              "runs": {
                "batter": 1,
                "extras": 0,
                "total": 1
              }
            },
            {
              "batter": "KE Bryce",
              "bowler": "A Canning",
              "non_striker": "K McGill",
              "runs": {
                "batter": 0,
                "extras": 0,
                "total": 0
              }
            }
          ]
        },
        {
          "over": 5,
          "deliveries": [
            {
              "batter": "K McGill",
              "bowler": "L Paul",
              "non_striker": "KE Bryce",
              "runs": {
                "batter": 0,
                "extras": 0,
                "total": 0
              }
            },
            {
              "batter": "K McGill",
              "bowler": "L Paul",
              "non_striker": "KE Bryce",
              "runs": {
                "batter": 0,
                "extras": 0,
                "total": 0
              }
            },
            {
              "batter": "K McGill",
              "bowler": "L Paul",
              "non_striker": "KE Bryce",
              "runs": {
                "batter": 0,
                "extras": 0,
                "total": 0
              }
            },
            {
              "batter": "K McGill",
              "bowler": "L Paul",
              "non_striker": "KE Bryce",
              "runs": {
                "batter": 0,
                "extras": 0,
                "total": 0
              }
            },
            {
              "batter": "K McGill",
              "bowler": "L Paul",
              "non_striker": "KE Bryce",
              "runs": {
                "batter": 1,
                "extras": 0,
                "total": 1
              }
            },
            {
              "batter": "KE Bryce",
              "bowler": "L Paul",
              "non_striker": "K McGill",
              "runs": {
                "batter": 1,
                "extras": 0,
                "total": 1
              }
            }
          ]
        },
        {
          "over": 6,
          "deliveries": [
            {
              "batter": "KE Bryce",
              "bowler": "A Canning",
              "non_striker": "K McGill",
              "runs": {
                "batter": 0,
                "extras": 0,
                "total": 0
              }
            },
            {
              "batter": "KE Bryce",
              "bowler": "A Canning",
              "non_striker": "K McGill",
              "runs": {
                "batter": 0,
                "extras": 0,
                "total": 0
              }
            },
            {
              "batter": "KE Bryce",
              "bowler": "A Canning",
              "non_striker": "K McGill",
              "runs": {
                "batter": 0,
                "extras": 0,
                "total": 0
              }
            },
            {
              "batter": "KE Bryce",
              "bowler": "A Canning",
              "non_striker": "K McGill",
              "runs": {
                "batter": 0,
                "extras": 0,
                "total": 0
              }
            },
            {
              "batter": "KE Bryce",
              "bowler": "A Canning",
              "extras": {
                "wides": 1
              },
              "non_striker": "K McGill",
              "runs": {
                "batter": 0,
                "extras": 1,
                "total": 1
              }
            },
            {
              "batter": "KE Bryce",
              "bowler": "A Canning",
              "non_striker": "K McGill",
              "runs": {
                "batter": 0,
                "extras": 0,
                "total": 0
              }
            },
            {
              "batter": "KE Bryce",
              "bowler": "A Canning",
              "non_striker": "K McGill",
              "runs": {
                "batter": 0,
                "extras": 0,
                "total": 0
              }
            }
          ]
        },
        {
          "over": 7,
          "deliveries": [
            {
              "batter": "K McGill",
              "bowler": "L Delany",
              "non_striker": "KE Bryce",
              "runs": {
                "batter": 0,
                "extras": 0,
                "total": 0
              }
            },
            {
              "batter": "K McGill",
              "bowler": "L Delany",
              "non_striker": "KE Bryce",
              "runs": {
                "batter": 0,
                "extras": 0,
                "total": 0
              }
            },
            {
              "batter": "K McGill",
              "bowler": "L Delany",
              "non_striker": "KE Bryce",
              "runs": {
                "batter": 1,
                "extras": 0,
                "total": 1
              }
            },
            {
              "batter": "KE Bryce",
              "bowler": "L Delany",
              "non_striker": "K McGill",
              "runs": {
                "batter": 1,
                "extras": 0,
                "total": 1
              }
            },
            {
              "batter": "K McGill",
              "bowler": "L Delany",
              "non_striker": "KE Bryce",
              "runs": {
                "batter": 1,
                "extras": 0,
                "total": 1
              }
            },
            {
              "batter": "KE Bryce",
              "bowler": "L Delany",
              "non_striker": "K McGill",
              "runs": {
                "batter": 0,
                "extras": 0,
                "total": 0
              }
            }
          ]
        },
        {
          "over": 8,
          "deliveries": [
            {
              "batter": "K McGill",
              "bowler": "EAJ Richardson",
              "non_striker": "KE Bryce",
              "runs": {
                "batter": 0,
                "extras": 0,
                "total": 0
              }
            },
            {
              "batter": "K McGill",
              "bowler": "EAJ Richardson",
              "non_striker": "KE Bryce",
              "runs": {
                "batter": 1,
                "extras": 0,
                "total": 1
              }
            },
            {
              "batter": "KE Bryce",
              "bowler": "EAJ Richardson",
              "non_striker": "K McGill",
              "runs": {
                "batter": 1,
                "extras": 0,
                "total": 1
              }
            },
            {
              "batter": "K McGill",
              "bowler": "EAJ Richardson",
              "non_striker": "KE Bryce",
              "runs": {
                "batter": 0,
                "extras": 0,
                "total": 0
              },
              "wickets": [
                {
                  "player_out": "K McGill",
                  "fielders": [
                    {
                      "name": "C Murray"
                    }
                  ],
                  "kind": "caught"
                }
              ]
            },
            {
              "batter": "M McColl",
              "bowler": "EAJ Richardson",
              "extras": {
                "wides": 1
              },
              "non_striker": "KE Bryce",
              "runs": {
                "batter": 0,
                "extras": 1,
                "total": 1
              }
            },
            {
              "batter": "M McColl",
              "bowler": "EAJ Richardson",
              "non_striker": "KE Bryce",
              "runs": {
                "batter": 0,
                "extras": 0,
                "total": 0
              },
              "wickets": [
                {
                  "player_out": "M McColl",
                  "kind": "bowled"
                }
              ]
            },
            {
              "batter": "A Aitken",
              "bowler": "EAJ Richardson",
              "non_striker": "KE Bryce",
              "runs": {
                "batter": 0,
                "extras": 0,
                "total": 0
              }
            }
          ]
        },
        {
          "over": 9,
          "deliveries": [
            {
              "batter": "KE Bryce",
              "bowler": "L Delany",
              "non_striker": "A Aitken",
              "runs": {
                "batter": 0,
                "extras": 0,
                "total": 0
              }
            },
            {
              "batter": "KE Bryce",
              "bowler": "L Delany",
              "non_striker": "A Aitken",
              "runs": {
                "batter": 1,
                "extras": 0,
                "total": 1
              }
            },
            {
              "batter": "A Aitken",
              "bowler": "L Delany",
              "non_striker": "KE Bryce",
              "runs": {
                "batter": 0,
                "extras": 0,
                "total": 0
              }
            },
            {
              "batter": "A Aitken",
              "bowler": "L Delany",
              "non_striker": "KE Bryce",
              "runs": {
                "batter": 1,
                "extras": 0,
                "total": 1
              }
            },
            {
              "batter": "KE Bryce",
              "bowler": "L Delany",
              "non_striker": "A Aitken",
              "runs": {
                "batter": 1,
                "extras": 0,
                "total": 1
              }
            },
            {
              "batter": "A Aitken",
              "bowler": "L Delany",
              "non_striker": "KE Bryce",
              "runs": {
                "batter": 0,
                "extras": 0,
                "total": 0
              }
            }
          ]
        },
        {
          "over": 10,
          "deliveries": [
            {
              "batter": "KE Bryce",
              "bowler": "EAJ Richardson",
              "non_striker": "A Aitken",
              "runs": {
                "batter": 4,
                "extras": 0,
                "total": 4
              }
            },
            {
              "batter": "KE Bryce",
              "bowler": "EAJ Richardson",
              "non_striker": "A Aitken",
              "runs": {
                "batter": 1,
                "extras": 0,
                "total": 1
              }
            },
            {
              "batter": "A Aitken",
              "bowler": "EAJ Richardson",
              "non_striker": "KE Bryce",
              "runs": {
                "batter": 1,
                "extras": 0,
                "total": 1
              }
            },
            {
              "batter": "KE Bryce",
              "bowler": "EAJ Richardson",
              "extras": {
                "noballs": 1
              },
              "non_striker": "A Aitken",
              "runs": {
                "batter": 2,
                "extras": 1,
                "total": 3
              }
            },
            {
              "batter": "KE Bryce",
              "bowler": "EAJ Richardson",
              "non_striker": "A Aitken",
              "runs": {
                "batter": 1,
                "extras": 0,
                "total": 1
              }
            },
            {
              "batter": "A Aitken",
              "bowler": "EAJ Richardson",
              "non_striker": "KE Bryce",
              "runs": {
                "batter": 0,
                "extras": 0,
                "total": 0
              }
            },
            {
              "batter": "A Aitken",
              "bowler": "EAJ Richardson",
              "non_striker": "KE Bryce",
              "runs": {
                "batter": 1,
                "extras": 0,
                "total": 1
              }
            }
          ]
        },
        {
          "over": 11,
          "deliveries": [
            {
              "batter": "A Aitken",
              "bowler": "L Delany",
              "non_striker": "KE Bryce",
              "runs": {
                "batter": 0,
                "extras": 0,
                "total": 0
              }
            },
            {
              "batter": "A Aitken",
              "bowler": "L Delany",
              "non_striker": "KE Bryce",
              "runs": {
                "batter": 0,
                "extras": 0,
                "total": 0
              }
            },
            {
              "batter": "A Aitken",
              "bowler": "L Delany",
              "non_striker": "KE Bryce",
              "runs": {
                "batter": 1,
                "extras": 0,
                "total": 1
              }
            },
            {
              "batter": "KE Bryce",
              "bowler": "L Delany",
              "non_striker": "A Aitken",
              "runs": {
                "batter": 0,
                "extras": 0,
                "total": 0
              }
            },
            {
              "batter": "KE Bryce",
              "bowler": "L Delany",
              "non_striker": "A Aitken",
              "runs": {
                "batter": 0,
                "extras": 0,
                "total": 0
              }
            },
            {
              "batter": "KE Bryce",
              "bowler": "L Delany",
              "non_striker": "A Aitken",
              "runs": {
                "batter": 1,
                "extras": 0,
                "total": 1
              }
            }
          ]
        },
        {
          "over": 12,
          "deliveries": [
            {
              "batter": "KE Bryce",
              "bowler": "L Paul",
              "non_striker": "A Aitken",
              "runs": {
                "batter": 0,
                "extras": 0,
                "total": 0
              }
            },
            {
              "batter": "KE Bryce",
              "bowler": "L Paul",
              "non_striker": "A Aitken",
              "runs": {
                "batter": 0,
                "extras": 0,
                "total": 0
              }
            },
            {
              "batter": "KE Bryce",
              "bowler": "L Paul",
              "non_striker": "A Aitken",
              "runs": {
                "batter": 0,
                "extras": 0,
                "total": 0
              }
            },
            {
              "batter": "KE Bryce",
              "bowler": "L Paul",
              "non_striker": "A Aitken",
              "runs": {
                "batter": 0,
                "extras": 0,
                "total": 0
              }
            },
            {
              "batter": "KE Bryce",
              "bowler": "L Paul",
              "non_striker": "A Aitken",
              "runs": {
                "batter": 6,
                "extras": 0,
                "total": 6
              }
            },
            {
              "batter": "KE Bryce",
              "bowler": "L Paul",
              "non_striker": "A Aitken",
              "runs": {
                "batter": 0,
                "extras": 0,
                "total": 0
              }
            }
          ]
        },
        {
          "over": 13,
          "deliveries": [
            {
              "batter": "A Aitken",
              "bowler": "C Murray",
              "non_striker": "KE Bryce",
              "runs": {
                "batter": 0,
                "extras": 0,
                "total": 0
              },
              "wickets": [
                {
                  "player_out": "A Aitken",
                  "fielders": [
                    {
                      "name": "S MacMahon"
                    }
                  ],
                  "kind": "caught"
                }
              ]
            },
            {
              "batter": "KE Bryce",
              "bowler": "C Murray",
              "non_striker": "RS Glen",
              "runs": {
                "batter": 0,
                "extras": 0,
                "total": 0
              }
            },
            {
              "batter": "KE Bryce",
              "bowler": "C Murray",
              "extras": {
                "noballs": 1
              },
              "non_striker": "RS Glen",
              "runs": {
                "batter": 2,
                "extras": 1,
                "total": 3
              }
            },
            {
              "batter": "KE Bryce",
              "bowler": "C Murray",
              "non_striker": "RS Glen",
              "runs": {
                "batter": 0,
                "extras": 0,
                "total": 0
              }
            },
            {
              "batter": "KE Bryce",
              "bowler": "C Murray",
              "non_striker": "RS Glen",
              "runs": {
                "batter": 0,
                "extras": 0,
                "total": 0
              }
            },
            {
              "batter": "KE Bryce",
              "bowler": "C Murray",
              "non_striker": "RS Glen",
              "runs": {
                "batter": 0,
                "extras": 0,
                "total": 0
              }
            },
            {
              "batter": "KE Bryce",
              "bowler": "C Murray",
              "non_striker": "RS Glen",
              "runs": {
                "batter": 0,
                "extras": 0,
                "total": 0
              }
            }
          ]
        },
        {
          "over": 14,
          "deliveries": [
            {
              "batter": "RS Glen",
              "bowler": "L Maritz",
              "non_striker": "KE Bryce",
              "runs": {
                "batter": 0,
                "extras": 0,
                "total": 0
              }
            },
            {
              "batter": "RS Glen",
              "bowler": "L Maritz",
              "non_striker": "KE Bryce",
              "runs": {
                "batter": 0,
                "extras": 0,
                "total": 0
              }
            },
            {
              "batter": "RS Glen",
              "bowler": "L Maritz",
              "non_striker": "KE Bryce",
              "runs": {
                "batter": 0,
                "extras": 0,
                "total": 0
              }
            },
            {
              "batter": "RS Glen",
              "bowler": "L Maritz",
              "extras": {
                "noballs": 1
              },
              "non_striker": "KE Bryce",
              "runs": {
                "batter": 4,
                "extras": 1,
                "total": 5
              }
            },
            {
              "batter": "RS Glen",
              "bowler": "L Maritz",
              "non_striker": "KE Bryce",
              "runs": {
                "batter": 0,
                "extras": 0,
                "total": 0
              }
            },
            {
              "batter": "RS Glen",
              "bowler": "L Maritz",
              "non_striker": "KE Bryce",
              "runs": {
                "batter": 0,
                "extras": 0,
                "total": 0
              }
            },
            {
              "batter": "RS Glen",
              "bowler": "L Maritz",
              "non_striker": "KE Bryce",
              "runs": {
                "batter": 1,
                "extras": 0,
                "total": 1
              }
            }
          ]
        },
        {
          "over": 15,
          "deliveries": [
            {
              "batter": "RS Glen",
              "bowler": "C Murray",
              "non_striker": "KE Bryce",
              "runs": {
                "batter": 1,
                "extras": 0,
                "total": 1
              }
            },
            {
              "batter": "KE Bryce",
              "bowler": "C Murray",
              "non_striker": "RS Glen",
              "runs": {
                "batter": 0,
                "extras": 0,
                "total": 0
              }
            },
            {
              "batter": "KE Bryce",
              "bowler": "C Murray",
              "non_striker": "RS Glen",
              "runs": {
                "batter": 1,
                "extras": 0,
                "total": 1
              }
            },
            {
              "batter": "RS Glen",
              "bowler": "C Murray",
              "non_striker": "KE Bryce",
              "runs": {
                "batter": 2,
                "extras": 0,
                "total": 2
              }
            },
            {
              "batter": "RS Glen",
              "bowler": "C Murray",
              "non_striker": "KE Bryce",
              "runs": {
                "batter": 4,
                "extras": 0,
                "total": 4
              }
            },
            {
              "batter": "RS Glen",
              "bowler": "C Murray",
              "non_striker": "KE Bryce",
              "runs": {
                "batter": 2,
                "extras": 0,
                "total": 2
              }
            }
          ]
        },
        {
          "over": 16,
          "deliveries": [
            {
              "batter": "KE Bryce",
              "bowler": "S MacMahon",
              "non_striker": "RS Glen",
              "runs": {
                "batter": 4,
                "extras": 0,
                "total": 4
              }
            },
            {
              "batter": "KE Bryce",
              "bowler": "S MacMahon",
              "non_striker": "RS Glen",
              "runs": {
                "batter": 1,
                "extras": 0,
                "total": 1
              }
            },
            {
              "batter": "RS Glen",
              "bowler": "S MacMahon",
              "extras": {
                "wides": 1
              },
              "non_striker": "KE Bryce",
              "runs": {
                "batter": 0,
                "extras": 1,
                "total": 1
              }
            },
            {
              "batter": "RS Glen",
              "bowler": "S MacMahon",
              "non_striker": "KE Bryce",
              "runs": {
                "batter": 1,
                "extras": 0,
                "total": 1
              }
            },
            {
              "batter": "KE Bryce",
              "bowler": "S MacMahon",
              "non_striker": "RS Glen",
              "runs": {
                "batter": 1,
                "extras": 0,
                "total": 1
              }
            },
            {
              "batter": "RS Glen",
              "bowler": "S MacMahon",
              "non_striker": "KE Bryce",
              "runs": {
                "batter": 0,
                "extras": 0,
                "total": 0
              }
            },
            {
              "batter": "RS Glen",
              "bowler": "S MacMahon",
              "extras": {
                "byes": 1
              },
              "non_striker": "KE Bryce",
              "runs": {
                "batter": 0,
                "extras": 1,
                "total": 1
              }
            }
          ]
        },
        {
          "over": 17,
          "deliveries": [
            {
              "batter": "RS Glen",
              "bowler": "EAJ Richardson",
              "non_striker": "KE Bryce",
              "runs": {
                "batter": 2,
                "extras": 0,
                "total": 2
              }
            },
            {
              "batter": "RS Glen",
              "bowler": "EAJ Richardson",
              "non_striker": "KE Bryce",
              "runs": {
                "batter": 1,
                "extras": 0,
                "total": 1
              }
            },
            {
              "batter": "KE Bryce",
              "bowler": "EAJ Richardson",
              "non_striker": "RS Glen",
              "runs": {
                "batter": 0,
                "extras": 0,
                "total": 0
              }
            },
            {
              "batter": "KE Bryce",
              "bowler": "EAJ Richardson",
              "non_striker": "RS Glen",
              "runs": {
                "batter": 0,
                "extras": 0,
                "total": 0
              }
            },
            {
              "batter": "KE Bryce",
              "bowler": "EAJ Richardson",
              "non_striker": "RS Glen",
              "runs": {
                "batter": 6,
                "extras": 0,
                "total": 6
              }
            },
            {
              "batter": "KE Bryce",
              "bowler": "EAJ Richardson",
              "non_striker": "RS Glen",
              "runs": {
                "batter": 1,
                "extras": 0,
                "total": 1
              }
            }
          ]
        },
        {
          "over": 18,
          "deliveries": [
            {
              "batter": "KE Bryce",
              "bowler": "L Paul",
              "non_striker": "RS Glen",
              "runs": {
                "batter": 1,
                "extras": 0,
                "total": 1
              }
            },
            {
              "batter": "RS Glen",
              "bowler": "L Paul",
              "non_striker": "KE Bryce",
              "runs": {
                "batter": 1,
                "extras": 0,
                "total": 1
              }
            },
            {
              "batter": "KE Bryce",
              "bowler": "L Paul",
              "non_striker": "RS Glen",
              "runs": {
                "batter": 1,
                "extras": 0,
                "total": 1
              }
            },
            {
              "batter": "RS Glen",
              "bowler": "L Paul",
              "non_striker": "KE Bryce",
              "runs": {
                "batter": 2,
                "extras": 0,
                "total": 2
              }
            },
            {
              "batter": "RS Glen",
              "bowler": "L Paul",
              "non_striker": "KE Bryce",
              "runs": {
                "batter": 1,
                "extras": 0,
                "total": 1
              }
            },
            {
              "batter": "KE Bryce",
              "bowler": "L Paul",
              "non_striker": "RS Glen",
              "runs": {
                "batter": 6,
                "extras": 0,
                "total": 6
              }
            }
          ]
        }
      ],
      "powerplays": [
        {
          "from": 0.1,
          "to": 5.6,
          "type": "mandatory"
        }
      ],
      "target": {
        "overs": 20,
        "runs": 90
      }
    }
  ]
}