{
  "meta": {
    "data_version": "1.0.0",
    "created": "2021-08-30",
    "revision": 1
  },
  "info": {
    "balls_per_over": 6,
    "city": "Murcia",
    "dates": [
      "2021-08-29"
    ],
    "event": {
      "name": "ICC Women's T20 World Cup Europe Region Qualifier",
      "match_number": 7
    },
    "gender": "female",
    "match_type": "T20",
    "match_type_number": 937,
    "officials": {
      "match_referees": [
        "DT Jukes"
      ],
      "reserve_umpires": [
        "M Jameson"
      ],
      "umpires": [
        "Adnan Khan",
        "Rizwan Akram"
      ]
    },
    "outcome": {
      "winner": "Ireland",
      "by": {
        "wickets": 10
      }
    },
    "overs": 20,
    "player_of_match": [
      "EAJ Richardson"
    ],
    "players": {
      "France": [
        "TE Britton",
        "AC Brodin",
        "J King",
        "PC McGeown",
        "DL Graham",
        "ME Violleau",
        "E Brelivet",
        "T Rodriguez",
        "M Marchello",
        "E Chance",
        "I Vrignaud"
      ],
      "Ireland": [
        "R Stokell",
        "L Little",
        "EAJ Richardson",
        "G Dempsey",
        "L Maritz",
        "L Delany",
        "L Paul",
        "C Murray",
        "MV Waldron",
        "A Hunter",
        "S MacMahon"
      ]
    },
    "registry": {
      "people": {
        "A Hunter": "e8fa03ed",
        "AC Brodin": "95569cde",
        "Adnan Khan": "45ec7a99",
        "C Murray": "5a50471c",
        "DL Graham": "907e30d9",
        "DT Jukes": "7c215d14",
        "E Brelivet": "f2eb0e99",
        "E Chance": "865ff0b2",
        "EAJ Richardson": "50ee0500",
        "G Dempsey": "940feccc",
        "I Vrignaud": "bb472ec7",
        "J King": "f7ad6448",
        "L Delany": "b4f73b44",
        "L Little": "4f86926b",
        "L Maritz": "ac8bca8d",
        "L Paul": "07248d8e",
        "M Jameson": "bdf1ffe3",
        "M Marchello": "362e44f9",
        "ME Violleau": "69f47625",
        "MV Waldron": "2e4f11e9",
        "PC McGeown": "1aabd6fc",
        "R Stokell": "def7b1bb",
        "Rizwan Akram": "b5346f1e",
        "S MacMahon": "ef2bcebf",
        "T Rodriguez": "185e37e0",
        "TE Britton": "5eceeb7f"
      }
    },
    "season": "2021",
    "team_type": "international",
    "teams": [
      "France",
      "Ireland"
    ],
    "toss": {
      "decision": "field",
      "winner": "Ireland"
    },
    "venue": "La Manga Club Bottom Ground"
  },
  "innings": [
    {
      "team": "France",
      "overs": [
        {
          "over": 0,
          "deliveries": [
            {
              "batter": "TE Britton",
              "bowler": "S MacMahon",
              "extras": {
                "wides": 1
              },
              "non_striker": "AC Brodin",
              "runs": {
                "batter": 0,
                "extras": 1,
                "total": 1
              }
            },
            {
              "batter": "TE Britton",
              "bowler": "S MacMahon",
              "non_striker": "AC Brodin",
              "runs": {
                "batter": 0,
                "extras": 0,
                "total": 0
              }
            },
            {
              "batter": "TE Britton",
              "bowler": "S MacMahon",
              "non_striker": "AC Brodin",
              "runs": {
                "batter": 0,
                "extras": 0,
                "total": 0
              }
            },
            {
              "batter": "TE Britton",
              "bowler": "S MacMahon",
              "non_striker": "AC Brodin",
              "runs": {
                "batter": 0,
                "extras": 0,
                "total": 0
              },
              "wickets": [
                {
                  "player_out": "TE Britton",
                  "kind": "caught and bowled"
                }
              ]
            },
            {
              "batter": "J King",
              "bowler": "S MacMahon",
              "non_striker": "AC Brodin",
              "runs": {
                "batter": 0,
                "extras": 0,
                "total": 0
              }
            },
            {
              "batter": "J King",
              "bowler": "S MacMahon",
              "non_striker": "AC Brodin",
              "runs": {
                "batter": 0,
                "extras": 0,
                "total": 0
              }
            },
            {
              "batter": "J King",
              "bowler": "S MacMahon",
              "non_striker": "AC Brodin",
              "runs": {
                "batter": 0,
                "extras": 0,
                "total": 0
              }
            }
          ]
        },
        {
          "over": 1,
          "deliveries": [
            {
              "batter": "AC Brodin",
              "bowler": "L Paul",
              "non_striker": "J King",
              "runs": {
                "batter": 0,
                "extras": 0,
                "total": 0
              }
            },
            {
              "batter": "AC Brodin",
              "bowler": "L Paul",
              "non_striker": "J King",
              "runs": {
                "batter": 1,
                "extras": 0,
                "total": 1
              }
            },
            {
              "batter": "J King",
              "bowler": "L Paul",
              "non_striker": "AC Brodin",
              "runs": {
                "batter": 0,
                "extras": 0,
                "total": 0
              }
            },
            {
              "batter": "J King",
              "bowler": "L Paul",
              "non_striker": "AC Brodin",
              "runs": {
                "batter": 0,
                "extras": 0,
                "total": 0
              }
            },
            {
              "batter": "J King",
              "bowler": "L Paul",
              "non_striker": "AC Brodin",
              "runs": {
                "batter": 1,
                "extras": 0,
                "total": 1
              }
            },
            {
              "batter": "AC Brodin",
              "bowler": "L Paul",
              "non_striker": "J King",
              "runs": {
                "batter": 0,
                "extras": 0,
                "total": 0
              }
            }
          ]
        },
        {
          "over": 2,
          "deliveries": [
            {
              "batter": "J King",
              "bowler": "S MacMahon",
              "non_striker": "AC Brodin",
              "runs": {
                "batter": 0,
                "extras": 0,
                "total": 0
              }
            },
            {
              "batter": "J King",
              "bowler": "S MacMahon",
              "non_striker": "AC Brodin",
              "runs": {
                "batter": 0,
                "extras": 0,
                "total": 0
              }
            },
            {
              "batter": "J King",
              "bowler": "S MacMahon",
              "extras": {
                "wides": 1
              },
              "non_striker": "AC Brodin",
              "runs": {
                "batter": 0,
                "extras": 1,
                "total": 1
              }
            },
            {
              "batter": "J King",
              "bowler": "S MacMahon",
              "non_striker": "AC Brodin",
              "runs": {
                "batter": 0,
                "extras": 0,
                "total": 0
              }
            },
            {
              "batter": "J King",
              "bowler": "S MacMahon",
              "non_striker": "AC Brodin",
              "runs": {
                "batter": 0,
                "extras": 0,
                "total": 0
              }
            },
            {
              "batter": "J King",
              "bowler": "S MacMahon",
              "non_striker": "AC Brodin",
              "runs": {
                "batter": 0,
                "extras": 0,
                "total": 0
              }
            },
            {
              "batter": "J King",
              "bowler": "S MacMahon",
              "non_striker": "AC Brodin",
              "runs": {
                "batter": 0,
                "extras": 0,
                "total": 0
              }
            }
          ]
        },
        {
          "over": 3,
          "deliveries": [
            {
              "batter": "AC Brodin",
              "bowler": "L Maritz",
              "non_striker": "J King",
              "runs": {
                "batter": 0,
                "extras": 0,
                "total": 0
              }
            },
            {
              "batter": "AC Brodin",
              "bowler": "L Maritz",
              "non_striker": "J King",
              "runs": {
                "batter": 0,
                "extras": 0,
                "total": 0
              }
            },
            {
              "batter": "AC Brodin",
              "bowler": "L Maritz",
              "non_striker": "J King",
              "runs": {
                "batter": 0,
                "extras": 0,
                "total": 0
              }
            },
            {
              "batter": "AC Brodin",
              "bowler": "L Maritz",
              "non_striker": "J King",
              "runs": {
                "batter": 0,
                "extras": 0,
                "total": 0
              }
            },
            {
              "batter": "AC Brodin",
              "bowler": "L Maritz",
              "extras": {
                "wides": 1
              },
              "non_striker": "J King",
              "runs": {
                "batter": 0,
                "extras": 1,
                "total": 1
              }
            },
            {
              "batter": "AC Brodin",
              "bowler": "L Maritz",
              "non_striker": "J King",
              "runs": {
                "batter": 0,
                "extras": 0,
                "total": 0
              }
            },
            {
              "batter": "AC Brodin",
              "bowler": "L Maritz",
              "non_striker": "J King",
              "runs": {
                "batter": 0,
                "extras": 0,
                "total": 0
              },
              "wickets": [
                {
                  "player_out": "AC Brodin",
                  "kind": "bowled"
                }
              ]
            }
          ]
        },
        {
          "over": 4,
          "deliveries": [
            {
              "batter": "J King",
              "bowler": "L Paul",
              "non_striker": "PC McGeown",
              "runs": {
                "batter": 0,
                "extras": 0,
                "total": 0
              }
            },
            {
              "batter": "J King",
              "bowler": "L Paul",
              "non_striker": "PC McGeown",
              "runs": {
                "batter": 0,
                "extras": 0,
                "total": 0
              }
            },
            {
              "batter": "J King",
              "bowler": "L Paul",
              "non_striker": "PC McGeown",
              "runs": {
                "batter": 0,
                "extras": 0,
                "total": 0
              }
            },
            {
              "batter": "J King",
              "bowler": "L Paul",
              "non_striker": "PC McGeown",
              "runs": {
                "batter": 0,
                "extras": 0,
                "total": 0
              }
            },
            {
              "batter": "J King",
              "bowler": "L Paul",
              "non_striker": "PC McGeown",
              "runs": {
                "batter": 0,
                "extras": 0,
                "total": 0
              }
            },
            {
              "batter": "J King",
              "bowler": "L Paul",
              "non_striker": "PC McGeown",
              "runs": {
                "batter": 0,
                "extras": 0,
                "total": 0
              }
            }
          ]
        },
        {
          "over": 5,
          "deliveries": [
            {
              "batter": "PC McGeown",
              "bowler": "L Maritz",
              "non_striker": "J King",
              "runs": {
                "batter": 0,
                "extras": 0,
                "total": 0
              }
            },
            {
              "batter": "PC McGeown",
              "bowler": "L Maritz",
              "non_striker": "J King",
              "runs": {
                "batter": 0,
                "extras": 0,
                "total": 0
              }
            },
            {
              "batter": "PC McGeown",
              "bowler": "L Maritz",
              "non_striker": "J King",
              "runs": {
                "batter": 0,
                "extras": 0,
                "total": 0
              }
            },
            {
              "batter": "PC McGeown",
              "bowler": "L Maritz",
              "extras": {
                "wides": 1
              },
              "non_striker": "J King",
              "runs": {
                "batter": 0,
                "extras": 1,
                "total": 1
              }
            },
            {
              "batter": "PC McGeown",
              "bowler": "L Maritz",
              "non_striker": "J King",
              "runs": {
                "batter": 0,
                "extras": 0,
                "total": 0
              }
            },
            {
              "batter": "PC McGeown",
              "bowler": "L Maritz",
              "non_striker": "J King",
              "runs": {
                "batter": 0,
                "extras": 0,
                "total": 0
              }
            },
            {
              "batter": "PC McGeown",
              "bowler": "L Maritz",
              "extras": {
                "wides": 1
              },
              "non_striker": "J King",
              "runs": {
                "batter": 0,
                "extras": 1,
                "total": 1
              }
            },
            {
              "batter": "PC McGeown",
              "bowler": "L Maritz",
              "non_striker": "J King",
              "runs": {
                "batter": 0,
                "extras": 0,
                "total": 0
              }
            }
          ]
        },
        {
          "over": 6,
          "deliveries": [
            {
              "batter": "J King",
              "bowler": "L Paul",
              "non_striker": "PC McGeown",
              "runs": {
                "batter": 0,
                "extras": 0,
                "total": 0
              }
            },
            {
              "batter": "J King",
              "bowler": "L Paul",
              "non_striker": "PC McGeown",
              "runs": {
                "batter": 0,
                "extras": 0,
                "total": 0
              }
            },
            {
              "batter": "J King",
              "bowler": "L Paul",
              "non_striker": "PC McGeown",
              "runs": {
                "batter": 0,
                "extras": 0,
                "total": 0
              }
            },
            {
              "batter": "J King",
              "bowler": "L Paul",
              "non_striker": "PC McGeown",
              "runs": {
                "batter": 0,
                "extras": 0,
                "total": 0
              }
            },
            {
              "batter": "J King",
              "bowler": "L Paul",
              "non_striker": "PC McGeown",
              "runs": {
                "batter": 0,
                "extras": 0,
                "total": 0
              }
            },
            {
              "batter": "J King",
              "bowler": "L Paul",
              "non_striker": "PC McGeown",
              "runs": {
                "batter": 1,
                "extras": 0,
                "total": 1
              }
            }
          ]
        },
        {
          "over": 7,
          "deliveries": [
            {
              "batter": "J King",
              "bowler": "C Murray",
              "non_striker": "PC McGeown",
              "runs": {
                "batter": 0,
                "extras": 0,
                "total": 0
              }
            },
            {
              "batter": "J King",
              "bowler": "C Murray",
              "non_striker": "PC McGeown",
              "runs": {
                "batter": 0,
                "extras": 0,
                "total": 0
              }
            },
            {
              "batter": "J King",
              "bowler": "C Murray",
              "non_striker": "PC McGeown",
              "runs": {
                "batter": 0,
                "extras": 0,
                "total": 0
              }
            },
            {
              "batter": "J King",
              "bowler": "C Murray",
              "non_striker": "PC McGeown",
              "runs": {
                "batter": 0,
                "extras": 0,
                "total": 0
              }
            },
            {
              "batter": "J King",
              "bowler": "C Murray",
              "non_striker": "PC McGeown",
              "runs": {
                "batter": 0,
                "extras": 0,
                "total": 0
              }
            },
            {
              "batter": "J King",
              "bowler": "C Murray",
              "non_striker": "PC McGeown",
              "runs": {
                "batter": 0,
                "extras": 0,
                "total": 0
              }
            }
          ]
        },
        {
          "over": 8,
          "deliveries": [
            {
              "batter": "PC McGeown",
              "bowler": "EAJ Richardson",
              "non_striker": "J King",
              "runs": {
                "batter": 0,
                "extras": 0,
                "total": 0
              }
            },
            {
              "batter": "PC McGeown",
              "bowler": "EAJ Richardson",
              "non_striker": "J King",
              "runs": {
                "batter": 0,
                "extras": 0,
                "total": 0
              }
            },
            {
              "batter": "PC McGeown",
              "bowler": "EAJ Richardson",
              "non_striker": "J King",
              "runs": {
                "batter": 0,
                "extras": 0,
                "total": 0
              }
            },
            {
              "batter": "PC McGeown",
              "bowler": "EAJ Richardson",
              "non_striker": "J King",
              "runs": {
                "batter": 0,
                "extras": 0,
                "total": 0
              }
            },
            {
              "batter": "PC McGeown",
              "bowler": "EAJ Richardson",
              "non_striker": "J King",
              "runs": {
                "batter": 0,
                "extras": 0,
                "total": 0
              }
            },
            {
              "batter": "PC McGeown",
              "bowler": "EAJ Richardson",
              "non_striker": "J King",
              "runs": {
                "batter": 0,
                "extras": 0,
                "total": 0
              },
              "wickets": [
                {
                  "player_out": "PC McGeown",
                  "kind": "lbw"
                }
              ]
            }
          ]
        },
        {
          "over": 9,
          "deliveries": [
            {
              "batter": "J King",
              "bowler": "C Murray",
              "non_striker": "DL Graham",
              "runs": {
                "batter": 1,
                "extras": 0,
                "total": 1
              }
            },
            {
              "batter": "DL Graham",
              "bowler": "C Murray",
              "non_striker": "J King",
              "runs": {
                "batter": 0,
                "extras": 0,
                "total": 0
              }
            },
            {
              "batter": "DL Graham",
              "bowler": "C Murray",
              "non_striker": "J King",
              "runs": {
                "batter": 0,
                "extras": 0,
                "total": 0
              }
            },
            {
              "batter": "DL Graham",
              "bowler": "C Murray",
              "non_striker": "J King",
              "runs": {
                "batter": 0,
                "extras": 0,
                "total": 0
              }
            },
            {
              "batter": "DL Graham",
              "bowler": "C Murray",
              "non_striker": "J King",
              "runs": {
                "batter": 0,
                "extras": 0,
                "total": 0
              },
              "wickets": [
                {
                  "player_out": "DL Graham",
                  "fielders": [
                    {
                      "name": "L Little"
                    }
                  ],
                  "kind": "caught"
                }
              ]
            },
            {
              "batter": "ME Violleau",
              "bowler": "C Murray",
              "non_striker": "J King",
              "runs": {
                "batter": 0,
                "extras": 0,
                "total": 0
              }
            }
          ]
        },
        {
          "over": 10,
          "deliveries": [
            {
              "batter": "J King",
              "bowler": "EAJ Richardson",
              "non_striker": "ME Violleau",
              "runs": {
                "batter": 0,
                "extras": 0,
                "total": 0
              }
            },
            {
              "batter": "J King",
              "bowler": "EAJ Richardson",
              "non_striker": "ME Violleau",
              "runs": {
                "batter": 0,
                "extras": 0,
                "total": 0
              }
            },
            {
              "batter": "J King",
              "bowler": "EAJ Richardson",
              "non_striker": "ME Violleau",
              "runs": {
                "batter": 0,
                "extras": 0,
                "total": 0
              },
              "wickets": [
                {
                  "player_out": "J King",
                  "kind": "bowled"
                }
              ]
            },
            {
              "batter": "E Brelivet",
              "bowler": "EAJ Richardson",
              "non_striker": "ME Violleau",
              "runs": {
                "batter": 0,
                "extras": 0,
                "total": 0
              }
            },
            {
              "batter": "E Brelivet",
              "bowler": "EAJ Richardson",
              "non_striker": "ME Violleau",
              "runs": {
                "batter": 0,
                "extras": 0,
                "total": 0
              }
            },
            {
              "batter": "E Brelivet",
              "bowler": "EAJ Richardson",
              "non_striker": "ME Violleau",
              "runs": {
                "batter": 0,
                "extras": 0,
                "total": 0
              }
            }
          ]
        },
        {
          "over": 11,
          "deliveries": [
            {
              "batter": "ME Violleau",
              "bowler": "C Murray",
              "non_striker": "E Brelivet",
              "runs": {
                "batter": 1,
                "extras": 0,
                "total": 1
              }
            },
            {
              "batter": "E Brelivet",
              "bowler": "C Murray",
              "extras": {
                "wides": 1
              },
              "non_striker": "ME Violleau",
              "runs": {
                "batter": 0,
                "extras": 1,
                "total": 1
              }
            },
            {
              "batter": "E Brelivet",
              "bowler": "C Murray",
              "non_striker": "ME Violleau",
              "runs": {
                "batter": 0,
                "extras": 0,
                "total": 0
              }
            },
            {
              "batter": "E Brelivet",
              "bowler": "C Murray",
              "non_striker": "ME Violleau",
              "runs": {
                "batter": 0,
                "extras": 0,
                "total": 0
              }
            },
            {
              "batter": "E Brelivet",
              "bowler": "C Murray",
              "non_striker": "ME Violleau",
              "runs": {
                "batter": 0,
                "extras": 0,
                "total": 0
              }
            },
            {
              "batter": "E Brelivet",
              "bowler": "C Murray",
              "extras": {
                "wides": 1
              },
              "non_striker": "ME Violleau",
              "runs": {
                "batter": 0,
                "extras": 1,
                "total": 1
              }
            },
            {
              "batter": "E Brelivet",
              "bowler": "C Murray",
              "extras": {
                "wides": 1
              },
              "non_striker": "ME Violleau",
              "runs": {
                "batter": 0,
                "extras": 1,
                "total": 1
              }
            },
            {
              "batter": "E Brelivet",
              "bowler": "C Murray",
              "non_striker": "ME Violleau",
              "runs": {
                "batter": 0,
                "extras": 0,
                "total": 0
              },
              "wickets": [
                {
                  "player_out": "ME Violleau",
                  "kind": "run out"
                }
              ]
            },
            {
              "batter": "T Rodriguez",
              "bowler": "C Murray",
              "non_striker": "E Brelivet",
              "runs": {
                "batter": 0,
                "extras": 0,
                "total": 0
              }
            }
          ]
        },
        {
          "over": 12,
          "deliveries": [
            {
              "batter": "E Brelivet",
              "bowler": "G Dempsey",
              "extras": {
                "wides": 1
              },
              "non_striker": "T Rodriguez",
              "runs": {
                "batter": 0,
                "extras": 1,
                "total": 1
              }
            },
            {
              "batter": "E Brelivet",
              "bowler": "G Dempsey",
              "non_striker": "T Rodriguez",
              "runs": {
                "batter": 0,
                "extras": 0,
                "total": 0
              }
            },
            {
              "batter": "E Brelivet",
              "bowler": "G Dempsey",
              "extras": {
                "noballs": 1
              },
              "non_striker": "T Rodriguez",
              "runs": {
                "batter": 0,
                "extras": 1,
                "total": 1
              }
            },
            {
              "batter": "E Brelivet",
              "bowler": "G Dempsey",
              "extras": {
                "wides": 1
              },
              "non_striker": "T Rodriguez",
              "runs": {
                "batter": 0,
                "extras": 1,
                "total": 1
              }
            },
            {
              "batter": "E Brelivet",
              "bowler": "G Dempsey",
              "non_striker": "T Rodriguez",
              "runs": {
                "batter": 1,
                "extras": 0,
                "total": 1
              }
            },
            {
              "batter": "T Rodriguez",
              "bowler": "G Dempsey",
              "non_striker": "E Brelivet",
              "runs": {
                "batter": 0,
                "extras": 0,
                "total": 0
              }
            },
            {
              "batter": "T Rodriguez",
              "bowler": "G Dempsey",
              "extras": {
                "wides": 1
              },
              "non_striker": "E Brelivet",
              "runs": {
                "batter": 0,
                "extras": 1,
                "total": 1
              }
            },
            {
              "batter": "T Rodriguez",
              "bowler": "G Dempsey",
              "non_striker": "E Brelivet",
              "runs": {
                "batter": 0,
                "extras": 0,
                "total": 0
              }
            },
            {
              "batter": "T Rodriguez",
              "bowler": "G Dempsey",
              "non_striker": "E Brelivet",
              "runs": {
                "batter": 0,
                "extras": 0,
                "total": 0
              }
            },
            {
              "batter": "T Rodriguez",
              "bowler": "G Dempsey",
              "non_striker": "E Brelivet",
              "runs": {
                "batter": 1,
                "extras": 0,
                "total": 1
              }
            }
          ]
        },
        {
          "over": 13,
          "deliveries": [
            {
              "batter": "T Rodriguez",
              "bowler": "L Maritz",
              "non_striker": "E Brelivet",
              "runs": {
                "batter": 0,
                "extras": 0,
                "total": 0
              }
            },
            {
              "batter": "T Rodriguez",
              "bowler": "L Maritz",
              "non_striker": "E Brelivet",
              "runs": {
                "batter": 1,
                "extras": 0,
                "total": 1
              }
            },
            {
              "batter": "E Brelivet",
              "bowler": "L Maritz",
              "non_striker": "T Rodriguez",
              "runs": {
                "batter": 1,
                "extras": 0,
                "total": 1
              }
            },
            {
              "batter": "T Rodriguez",
              "bowler": "L Maritz",
              "non_striker": "E Brelivet",
              "runs": {
                "batter": 0,
                "extras": 0,
                "total": 0
              }
            },
            {
              "batter": "T Rodriguez",
              "bowler": "L Maritz",
              "non_striker": "E Brelivet",
              "runs": {
                "batter": 0,
                "extras": 0,
                "total": 0
              }
            },
            {
              "batter": "T Rodriguez",
              "bowler": "L Maritz",
              "non_striker": "E Brelivet",
              "runs": {
                "batter": 0,
                "extras": 0,
                "total": 0
              }
            }
          ]
        },
        {
          "over": 14,
          "deliveries": [
            {
              "batter": "E Brelivet",
              "bowler": "G Dempsey",
              "extras": {
                "wides": 1
              },
              "non_striker": "T Rodriguez",
              "runs": {
                "batter": 0,
                "extras": 1,
                "total": 1
              }
            },
            {
              "batter": "E Brelivet",
              "bowler": "G Dempsey",
              "non_striker": "T Rodriguez",
              "runs": {
                "batter": 0,
                "extras": 0,
                "total": 0
              }
            },
            {
              "batter": "E Brelivet",
              "bowler": "G Dempsey",
              "non_striker": "T Rodriguez",
              "runs": {
                "batter": 0,
                "extras": 0,
                "total": 0
              }
            },
            {
              "batter": "E Brelivet",
              "bowler": "G Dempsey",
              "non_striker": "T Rodriguez",
              "runs": {
                "batter": 0,
                "extras": 0,
                "total": 0
              }
            },
            {
              "batter": "E Brelivet",
              "bowler": "G Dempsey",
              "non_striker": "T Rodriguez",
              "runs": {
                "batter": 0,
                "extras": 0,
                "total": 0
              }
            },
            {
              "batter": "E Brelivet",
              "bowler": "G Dempsey",
              "non_striker": "T Rodriguez",
              "runs": {
                "batter": 0,
                "extras": 0,
                "total": 0
              }
            },
            {
              "batter": "E Brelivet",
              "bowler": "G Dempsey",
              "non_striker": "T Rodriguez",
              "runs": {
                "batter": 0,
                "extras": 0,
                "total": 0
              },
              "wickets": [
                {
                  "player_out": "E Brelivet",
                  "kind": "bowled"
                }
              ]
            }
          ]
        },
        {
          "over": 15,
          "deliveries": [
            {
              "batter": "T Rodriguez",
              "bowler": "L Paul",
              "non_striker": "M Marchello",
              "runs": {
                "batter": 1,
                "extras": 0,
                "total": 1
              }
            },
            {
              "batter": "M Marchello",
              "bowler": "L Paul",
              "non_striker": "T Rodriguez",
              "runs": {
                "batter": 0,
                "extras": 0,
                "total": 0
              }
            },
            {
              "batter": "M Marchello",
              "bowler": "L Paul",
              "non_striker": "T Rodriguez",
              "runs": {
                "batter": 1,
                "extras": 0,
                "total": 1
              }
            },
            {
              "batter": "T Rodriguez",
              "bowler": "L Paul",
              "non_striker": "M Marchello",
              "runs": {
                "batter": 0,
                "extras": 0,
                "total": 0
              },
              "wickets": [
                {
                  "player_out": "T Rodriguez",
                  "fielders": [
                    {
                      "name": "C Murray"
                    }
                  ],
                  "kind": "caught"
                }
              ]
            },
            {
              "batter": "E Chance",
              "bowler": "L Paul",
              "non_striker": "M Marchello",
              "runs": {
                "batter": 0,
                "extras": 0,
                "total": 0
              }
            },
            {
              "batter": "E Chance",
              "bowler": "L Paul",
              "non_striker": "M Marchello",
              "runs": {
                "batter": 0,
                "extras": 0,
                "total": 0
              },
              "wickets": [
                {
                  "player_out": "E Chance",
                  "kind": "lbw"
                }
              ]
            }
          ]
        },
        {
          "over": 16,
          "deliveries": [
            {
              "batter": "M Marchello",
              "bowler": "EAJ Richardson",
              "non_striker": "I Vrignaud",
              "runs": {
                "batter": 0,
                "extras": 0,
                "total": 0
              },
              "wickets": [
                {
                  "player_out": "I Vrignaud",
                  "kind": "run out"
                }
              ]
            }
          ]
        }
      ],
      "powerplays": [
        {
          "from": 0.1,
          "to": 5.8,
          "type": "mandatory"
        }
      ]
    },
    {
      "team": "Ireland",
      "overs": [
        {
          "over": 0,
          "deliveries": [
            {
              "batter": "R Stokell",
              "bowler": "DL Graham",
              "non_striker": "L Little",
              "runs": {
                "batter": 1,
                "extras": 0,
                "total": 1
              }
            },
            {
              "batter": "L Little",
              "bowler": "DL Graham",
              "extras": {
                "wides": 1
              },
              "non_striker": "R Stokell",
              "runs": {
                "batter": 0,
                "extras": 1,
                "total": 1
              }
            },
            {
              "batter": "L Little",
              "bowler": "DL Graham",
              "extras": {
                "wides": 1
              },
              "non_striker": "R Stokell",
              "runs": {
                "batter": 0,
                "extras": 1,
                "total": 1
              }
            },
            {
              "batter": "L Little",
              "bowler": "DL Graham",
              "non_striker": "R Stokell",
              "runs": {
                "batter": 3,
                "extras": 0,
                "total": 3
              }
            },
            {
              "batter": "R Stokell",
              "bowler": "DL Graham",
              "non_striker": "L Little",
              "runs": {
                "batter": 0,
                "extras": 0,
                "total": 0
              }
            },
            {
              "batter": "R Stokell",
              "bowler": "DL Graham",
              "non_striker": "L Little",
              "runs": {
                "batter": 0,
                "extras": 0,
                "total": 0
              }
            },
            {
              "batter": "R Stokell",
              "bowler": "DL Graham",
              "non_striker": "L Little",
              "runs": {
                "batter": 0,
                "extras": 0,
                "total": 0
              }
            },
            {
              "batter": "R Stokell",
              "bowler": "DL Graham",
              "non_striker": "L Little",
              "runs": {
                "batter": 1,
                "extras": 0,
                "total": 1
              }
            }
          ]
        },
        {
          "over": 1,
          "deliveries": [
            {
              "batter": "R Stokell",
              "bowler": "E Chance",
              "extras": {
                "noballs": 1
              },
              "non_striker": "L Little",
              "runs": {
                "batter": 1,
                "extras": 1,
                "total": 2
              }
            },
            {
              "batter": "L Little",
              "bowler": "E Chance",
              "non_striker": "R Stokell",
              "runs": {
                "batter": 2,
                "extras": 0,
                "total": 2
              }
            },
            {
              "batter": "L Little",
              "bowler": "E Chance",
              "extras": {
                "wides": 1
              },
              "non_striker": "R Stokell",
              "runs": {
                "batter": 0,
                "extras": 1,
                "total": 1
              }
            },
            {
              "batter": "L Little",
              "bowler": "E Chance",
              "non_striker": "R Stokell",
              "runs": {
                "batter": 0,
                "extras": 0,
                "total": 0
              }
            },
            {
              "batter": "L Little",
              "bowler": "E Chance",
              "non_striker": "R Stokell",
              "runs": {
                "batter": 4,
                "extras": 0,
                "total": 4
              }
            },
            {
              "batter": "L Little",
              "bowler": "E Chance",
              "non_striker": "R Stokell",
              "runs": {
                "batter": 1,
                "extras": 0,
                "total": 1
              }
            },
            {
              "batter": "R Stokell",
              "bowler": "E Chance",
              "extras": {
                "noballs": 1
              },
              "non_striker": "L Little",
              "runs": {
                "batter": 1,
                "extras": 1,
                "total": 2
              }
            },
            {
              "batter": "L Little",
              "bowler": "E Chance",
              "non_striker": "R Stokell",
              "runs": {
                "batter": 1,
                "extras": 0,
                "total": 1
              }
            },
            {
              "batter": "R Stokell",
              "bowler": "E Chance",
              "extras": {
                "noballs": 1
              },
              "non_striker": "L Little",
              "runs": {
                "batter": 0,
                "extras": 1,
                "total": 1
              }
            },
            {
              "batter": "R Stokell",
              "bowler": "E Chance",
              "non_striker": "L Little",
              "runs": {
                "batter": 2,
                "extras": 0,
                "total": 2
              }
            }
          ]
        },
        {
          "over": 2,
          "deliveries": [
            {
              "batter": "L Little",
              "bowler": "ME Violleau",
              "non_striker": "R Stokell",
              "runs": {
                "batter": 1,
                "extras": 0,
                "total": 1
              }
            },
            {
              "batter": "R Stokell",
              "bowler": "ME Violleau",
              "non_striker": "L Little",
              "runs": {
                "batter": 0,
                "extras": 0,
                "total": 0
              }
            },
            {
              "batter": "R Stokell",
              "bowler": "ME Violleau",
              "non_striker": "L Little",
              "runs": {
                "batter": 0,
                "extras": 0,
                "total": 0
              }
            },
            {
              "batter": "R Stokell",
              "bowler": "ME Violleau",
              "non_striker": "L Little",
              "runs": {
                "batter": 1,
                "extras": 0,
                "total": 1
              }
            }
          ]
        }
      ],
      "powerplays": [
        {
          "from": 0.1,
          "to": 2.4,
          "type": "mandatory"
        }
      ],
      "target": {
        "overs": 20,
        "runs": 25
      }
    }
  ]
}