{
  "meta": {
    "data_version": "1.0.0",
    "created": "2021-08-28",
    "revision": 1
  },
  "info": {
    "balls_per_over": 6,
    "city": "Murcia",
    "dates": [
      "2021-08-27"
    ],
    "event": {
      "name": "ICC Women's T20 World Cup Europe Region Qualifier",
      "match_number": 6
    },
    "gender": "female",
    "match_type": "T20",
    "match_type_number": 935,
    "officials": {
      "match_referees": [
        "DT Jukes"
      ],
      "reserve_umpires": [
        "Adriaan van den Dries"
      ],
      "umpires": [
        "M Jameson",
        "Rizwan Akram"
      ]
    },
    "outcome": {
      "winner": "Netherlands",
      "by": {
        "wickets": 7
      }
    },
    "overs": 20,
    "player_of_match": [
      "B de Leede"
    ],
    "players": {
      "Germany": [
        "AM Healey",
        "CM Gough",
        "A Doddaballapur",
        "JE Ronalds",
        "B Maes Loch",
        "ST Frohnmayer",
        "S Sadarangani",
        "MS Beresford",
        "PA Wadenpohl",
        "K Vijayaraghavan",
        "A Bierwisch"
      ],
      "Netherlands": [
        "B de Leede",
        "HDJ Siegers",
        "R Rijke",
        "J Post",
        "IJR Zwilling",
        "HWA Landheer",
        "AH Thomson",
        "F Overdijk",
        "EN Lynch",
        "C de Lange",
        "S Siegers"
      ]
    },
    "registry": {
      "people": {
        "A Bierwisch": "b51d654f",
        "A Doddaballapur": "fe4f5d2b",
        "AH Thomson": "5d2031f0",
        "AM Healey": "f3249df1",
        "Adriaan van den Dries": "94b5ec3b",
        "B Maes Loch": "d19bec3f",
        "B de Leede": "b3020075",
        "C de Lange": "c6a019f5",
        "CM Gough": "f1328a90",
        "DT Jukes": "7c215d14",
        "EN Lynch": "4d35d0b3",
        "F Overdijk": "022745d5",
        "HDJ Siegers": "6d48df01",
        "HWA Landheer": "a6ec88f4",
        "IJR Zwilling": "47b32a5a",
        "J Post": "b58b1ae5",
        "JE Ronalds": "d4f98302",
        "K Vijayaraghavan": "048da365",
        "M Jameson": "bdf1ffe3",
        "MS Beresford": "26eb73f9",
        "PA Wadenpohl": "11898ffe",
        "R Rijke": "42e4b276",
        "Rizwan Akram": "b5346f1e",
        "S Sadarangani": "acd030a0",
        "S Siegers": "9a58f2c8",
        "ST Frohnmayer": "7e8bcfc1"
      }
    },
    "season": "2021",
    "team_type": "international",
    "teams": [
      "Germany",
      "Netherlands"
    ],
    "toss": {
      "decision": "field",
      "winner": "Netherlands"
    },
    "venue": "La Manga Club Bottom Ground"
  },
  "innings": [
    {
      "team": "Germany",
      "overs": [
        {
          "over": 0,
          "deliveries": [
            {
              "batter": "AM Healey",
              "bowler": "IJR Zwilling",
              "non_striker": "CM Gough",
              "runs": {
                "batter": 0,
                "extras": 0,
                "total": 0
              }
            },
            {
              "batter": "AM Healey",
              "bowler": "IJR Zwilling",
              "non_striker": "CM Gough",
              "runs": {
                "batter": 0,
                "extras": 0,
                "total": 0
              }
            },
            {
              "batter": "AM Healey",
              "bowler": "IJR Zwilling",
              "non_striker": "CM Gough",
              "runs": {
                "batter": 0,
                "extras": 0,
                "total": 0
              }
            },
            {
              "batter": "AM Healey",
              "bowler": "IJR Zwilling",
              "non_striker": "CM Gough",
              "runs": {
                "batter": 0,
                "extras": 0,
                "total": 0
              }
            },
            {
              "batter": "AM Healey",
              "bowler": "IJR Zwilling",
              "non_striker": "CM Gough",
              "runs": {
                "batter": 0,
                "extras": 0,
                "total": 0
              }
            },
            {
              "batter": "AM Healey",
              "bowler": "IJR Zwilling",
              "non_striker": "CM Gough",
              "runs": {
                "batter": 0,
                "extras": 0,
                "total": 0
              }
            }
          ]
        },
        {
          "over": 1,
          "deliveries": [
            {
              "batter": "CM Gough",
              "bowler": "EN Lynch",
              "non_striker": "AM Healey",
              "runs": {
                "batter": 0,
                "extras": 0,
                "total": 0
              }
            },
            {
              "batter": "CM Gough",
              "bowler": "EN Lynch",
              "non_striker": "AM Healey",
              "runs": {
                "batter": 1,
                "extras": 0,
                "total": 1
              }
            },
            {
              "batter": "AM Healey",
              "bowler": "EN Lynch",
              "non_striker": "CM Gough",
              "runs": {
                "batter": 0,
                "extras": 0,
                "total": 0
              }
            },
            {
              "batter": "AM Healey",
              "bowler": "EN Lynch",
              "non_striker": "CM Gough",
              "runs": {
                "batter": 0,
                "extras": 0,
                "total": 0
              }
            },
            {
              "batter": "AM Healey",
              "bowler": "EN Lynch",
              "non_striker": "CM Gough",
              "runs": {
                "batter": 0,
                "extras": 0,
                "total": 0
              }
            },
            {
              "batter": "AM Healey",
              "bowler": "EN Lynch",
              "non_striker": "CM Gough",
              "runs": {
                "batter": 0,
                "extras": 0,
                "total": 0
              }
            }
          ]
        },
        {
          "over": 2,
          "deliveries": [
            {
              "batter": "CM Gough",
              "bowler": "IJR Zwilling",
              "non_striker": "AM Healey",
              "runs": {
                "batter": 0,
                "extras": 0,
                "total": 0
              }
            },
            {
              "batter": "CM Gough",
              "bowler": "IJR Zwilling",
              "non_striker": "AM Healey",
              "runs": {
                "batter": 0,
                "extras": 0,
                "total": 0
              }
            },
            {
              "batter": "CM Gough",
              "bowler": "IJR Zwilling",
              "extras": {
                "wides": 1
              },
              "non_striker": "AM Healey",
              "runs": {
                "batter": 0,
                "extras": 1,
                "total": 1
              }
            },
            {
              "batter": "CM Gough",
              "bowler": "IJR Zwilling",
              "non_striker": "AM Healey",
              "runs": {
                "batter": 0,
                "extras": 0,
                "total": 0
              }
            },
            {
              "batter": "CM Gough",
              "bowler": "IJR Zwilling",
              "non_striker": "AM Healey",
              "runs": {
                "batter": 0,
                "extras": 0,
                "total": 0
              }
            },
            {
              "batter": "CM Gough",
              "bowler": "IJR Zwilling",
              "non_striker": "AM Healey",
              "runs": {
                "batter": 1,
                "extras": 0,
                "total": 1
              }
            },
            {
              "batter": "AM Healey",
              "bowler": "IJR Zwilling",
              "non_striker": "CM Gough",
              "runs": {
                "batter": 0,
                "extras": 0,
                "total": 0
              }
            }
          ]
        },
        {
          "over": 3,
          "deliveries": [
            {
              "batter": "CM Gough",
              "bowler": "EN Lynch",
              "extras": {
                "wides": 1
              },
              "non_striker": "AM Healey",
              "runs": {
                "batter": 0,
                "extras": 1,
                "total": 1
              }
            },
            {
              "batter": "CM Gough",
              "bowler": "EN Lynch",
              "non_striker": "AM Healey",
              "runs": {
                "batter": 0,
                "extras": 0,
                "total": 0
              }
            },
            {
              "batter": "CM Gough",
              "bowler": "EN Lynch",
              "non_striker": "AM Healey",
              "runs": {
                "batter": 1,
                "extras": 0,
                "total": 1
              }
            },
            {
              "batter": "AM Healey",
              "bowler": "EN Lynch",
              "extras": {
                "wides": 1
              },
              "non_striker": "CM Gough",
              "runs": {
                "batter": 0,
                "extras": 1,
                "total": 1
              }
            },
            {
              "batter": "AM Healey",
              "bowler": "EN Lynch",
              "extras": {
                "wides": 1
              },
              "non_striker": "CM Gough",
              "runs": {
                "batter": 0,
                "extras": 1,
                "total": 1
              }
            },
            {
              "batter": "AM Healey",
              "bowler": "EN Lynch",
              "non_striker": "CM Gough",
              "runs": {
                "batter": 0,
                "extras": 0,
                "total": 0
              }
            },
            {
              "batter": "AM Healey",
              "bowler": "EN Lynch",
              "non_striker": "CM Gough",
              "runs": {
                "batter": 0,
                "extras": 0,
                "total": 0
              }
            },
            {
              "batter": "AM Healey",
              "bowler": "EN Lynch",
              "non_striker": "CM Gough",
              "runs": {
                "batter": 0,
                "extras": 0,
                "total": 0
              }
            },
            {
              "batter": "AM Healey",
              "bowler": "EN Lynch",
              "non_striker": "CM Gough",
              "runs": {
                "batter": 1,
                "extras": 0,
                "total": 1
              }
            }
          ]
        },
        {
          "over": 4,
          "deliveries": [
            {
              "batter": "AM Healey",
              "bowler": "IJR Zwilling",
              "non_striker": "CM Gough",
              "runs": {
                "batter": 0,
                "extras": 0,
                "total": 0
              },
              "wickets": [
                {
                  "player_out": "AM Healey",
                  "kind": "bowled"
                }
              ]
            },
            {
              "batter": "A Doddaballapur",
              "bowler": "IJR Zwilling",
              "non_striker": "CM Gough",
              "runs": {
                "batter": 0,
                "extras": 0,
                "total": 0
              }
            },
            {
              "batter": "A Doddaballapur",
              "bowler": "IJR Zwilling",
              "non_striker": "CM Gough",
              "runs": {
                "batter": 0,
                "extras": 0,
                "total": 0
              }
            },
            {
              "batter": "A Doddaballapur",
              "bowler": "IJR Zwilling",
              "non_striker": "CM Gough",
              "runs": {
                "batter": 0,
                "extras": 0,
                "total": 0
              }
            },
            {
              "batter": "A Doddaballapur",
              "bowler": "IJR Zwilling",
              "extras": {
                "wides": 1
              },
              "non_striker": "CM Gough",
              "runs": {
                "batter": 0,
                "extras": 1,
                "total": 1
              }
            },
            {
              "batter": "A Doddaballapur",
              "bowler": "IJR Zwilling",
              "non_striker": "CM Gough",
              "runs": {
                "batter": 1,
                "extras": 0,
                "total": 1
              }
            },
            {
              "batter": "CM Gough",
              "bowler": "IJR Zwilling",
              "non_striker": "A Doddaballapur",
              "runs": {
                "batter": 0,
                "extras": 0,
                "total": 0
              }
            }
          ]
        },
        {
          "over": 5,
          "deliveries": [
            {
              "batter": "A Doddaballapur",
              "bowler": "S Siegers",
              "non_striker": "CM Gough",
              "runs": {
                "batter": 0,
                "extras": 0,
                "total": 0
              }
            },
            {
              "batter": "A Doddaballapur",
              "bowler": "S Siegers",
              "non_striker": "CM Gough",
              "runs": {
                "batter": 0,
                "extras": 0,
                "total": 0
              }
            },
            {
              "batter": "A Doddaballapur",
              "bowler": "S Siegers",
              "non_striker": "CM Gough",
              "runs": {
                "batter": 0,
                "extras": 0,
                "total": 0
              }
            },
            {
              "batter": "A Doddaballapur",
              "bowler": "S Siegers",
              "non_striker": "CM Gough",
              "runs": {
                "batter": 1,
                "extras": 0,
                "total": 1
              }
            },
            {
              "batter": "CM Gough",
              "bowler": "S Siegers",
              "non_striker": "A Doddaballapur",
              "runs": {
                "batter": 0,
                "extras": 0,
                "total": 0
              }
            },
            {
              "batter": "CM Gough",
              "bowler": "S Siegers",
              "non_striker": "A Doddaballapur",
              "runs": {
                "batter": 1,
                "extras": 0,
                "total": 1
              }
            }
          ]
        },
        {
          "over": 6,
          "deliveries": [
            {
              "batter": "CM Gough",
              "bowler": "IJR Zwilling",
              "non_striker": "A Doddaballapur",
              "runs": {
                "batter": 1,
                "extras": 0,
                "total": 1
              }
            },
            {
              "batter": "A Doddaballapur",
              "bowler": "IJR Zwilling",
              "non_striker": "CM Gough",
              "runs": {
                "batter": 0,
                "extras": 0,
                "total": 0
              }
            },
            {
              "batter": "A Doddaballapur",
              "bowler": "IJR Zwilling",
              "non_striker": "CM Gough",
              "runs": {
                "batter": 1,
                "extras": 0,
                "total": 1
              }
            },
            {
              "batter": "CM Gough",
              "bowler": "IJR Zwilling",
              "non_striker": "A Doddaballapur",
              "runs": {
                "batter": 1,
                "extras": 0,
                "total": 1
              }
            },
            {
              "batter": "A Doddaballapur",
              "bowler": "IJR Zwilling",
              "extras": {
                "byes": 1
              },
              "non_striker": "CM Gough",
              "runs": {
                "batter": 0,
                "extras": 1,
                "total": 1
              }
            },
            {
              "batter": "CM Gough",
              "bowler": "IJR Zwilling",
              "non_striker": "A Doddaballapur",
              "runs": {
                "batter": 0,
                "extras": 0,
                "total": 0
              }
            }
          ]
        },
        {
          "over": 7,
          "deliveries": [
            {
              "batter": "A Doddaballapur",
              "bowler": "C de Lange",
              "extras": {
                "wides": 1
              },
              "non_striker": "CM Gough",
              "runs": {
                "batter": 0,
                "extras": 1,
                "total": 1
              }
            },
            {
              "batter": "A Doddaballapur",
              "bowler": "C de Lange",
              "non_striker": "CM Gough",
              "runs": {
                "batter": 0,
                "extras": 0,
                "total": 0
              }
            },
            {
              "batter": "A Doddaballapur",
              "bowler": "C de Lange",
              "non_striker": "CM Gough",
              "runs": {
                "batter": 0,
                "extras": 0,
                "total": 0
              }
            },
            {
              "batter": "A Doddaballapur",
              "bowler": "C de Lange",
              "non_striker": "CM Gough",
              "runs": {
                "batter": 1,
                "extras": 0,
                "total": 1
              }
            },
            {
              "batter": "CM Gough",
              "bowler": "C de Lange",
              "non_striker": "A Doddaballapur",
              "runs": {
                "batter": 2,
                "extras": 0,
                "total": 2
              }
            },
            {
              "batter": "CM Gough",
              "bowler": "C de Lange",
              "non_striker": "A Doddaballapur",
              "runs": {
                "batter": 0,
                "extras": 0,
                "total": 0
              }
            },
            {
              "batter": "CM Gough",
              "bowler": "C de Lange",
              "non_striker": "A Doddaballapur",
              "runs": {
                "batter": 0,
                "extras": 0,
                "total": 0
              }
            }
          ]
        },
        {
          "over": 8,
          "deliveries": [
            {
              "batter": "A Doddaballapur",
              "bowler": "S Siegers",
              "non_striker": "CM Gough",
              "runs": {
                "batter": 1,
                "extras": 0,
                "total": 1
              }
            },
            {
              "batter": "CM Gough",
              "bowler": "S Siegers",
              "non_striker": "A Doddaballapur",
              "runs": {
                "batter": 0,
                "extras": 0,
                "total": 0
              }
            },
            {
              "batter": "CM Gough",
              "bowler": "S Siegers",
              "non_striker": "A Doddaballapur",
              "runs": {
                "batter": 0,
                "extras": 0,
                "total": 0
              }
            },
            {
              "batter": "CM Gough",
              "bowler": "S Siegers",
              "non_striker": "A Doddaballapur",
              "runs": {
                "batter": 1,
                "extras": 0,
                "total": 1
              }
            },
            {
              "batter": "A Doddaballapur",
              "bowler": "S Siegers",
              "non_striker": "CM Gough",
              "runs": {
                "batter": 0,
                "extras": 0,
                "total": 0
              }
            },
            {
              "batter": "A Doddaballapur",
              "bowler": "S Siegers",
              "extras": {
                "legbyes": 1
              },
              "non_striker": "CM Gough",
              "runs": {
                "batter": 0,
                "extras": 1,
                "total": 1
              }
            }
          ]
        },
        {
          "over": 9,
          "deliveries": [
            {
              "batter": "A Doddaballapur",
              "bowler": "C de Lange",
              "non_striker": "CM Gough",
              "runs": {
                "batter": 0,
                "extras": 0,
                "total": 0
              }
            },
            {
              "batter": "A Doddaballapur",
              "bowler": "C de Lange",
              "non_striker": "CM Gough",
              "runs": {
                "batter": 0,
                "extras": 0,
                "total": 0
              }
            },
            {
              "batter": "A Doddaballapur",
              "bowler": "C de Lange",
              "non_striker": "CM Gough",
              "runs": {
                "batter": 1,
                "extras": 0,
                "total": 1
              }
            },
            {
              "batter": "CM Gough",
              "bowler": "C de Lange",
              "non_striker": "A Doddaballapur",
              "runs": {
                "batter": 0,
                "extras": 0,
                "total": 0
              }
            },
            {
              "batter": "CM Gough",
              "bowler": "C de Lange",
              "non_striker": "A Doddaballapur",
              "runs": {
                "batter": 0,
                "extras": 0,
                "total": 0
              }
            },
            {
              "batter": "CM Gough",
              "bowler": "C de Lange",
              "non_striker": "A Doddaballapur",
              "runs": {
                "batter": 0,
                "extras": 0,
                "total": 0
              }
            }
          ]
        },
        {
          "over": 10,
          "deliveries": [
            {
              "batter": "A Doddaballapur",
              "bowler": "S Siegers",
              "non_striker": "CM Gough",
              "runs": {
                "batter": 1,
                "extras": 0,
                "total": 1
              }
            },
            {
              "batter": "CM Gough",
              "bowler": "S Siegers",
              "non_striker": "A Doddaballapur",
              "runs": {
                "batter": 0,
                "extras": 0,
                "total": 0
              }
            },
            {
              "batter": "CM Gough",
              "bowler": "S Siegers",
              "non_striker": "A Doddaballapur",
              "runs": {
                "batter": 1,
                "extras": 0,
                "total": 1
              }
            },
            {
              "batter": "A Doddaballapur",
              "bowler": "S Siegers",
              "non_striker": "CM Gough",
              "runs": {
                "batter": 0,
                "extras": 0,
                "total": 0
              }
            },
            {
              "batter": "A Doddaballapur",
              "bowler": "S Siegers",
              "non_striker": "CM Gough",
              "runs": {
                "batter": 0,
                "extras": 0,
                "total": 0
              }
            },
            {
              "batter": "A Doddaballapur",
              "bowler": "S Siegers",
              "non_striker": "CM Gough",
              "runs": {
                "batter": 2,
                "extras": 0,
                "total": 2
              }
            }
          ]
        },
        {
          "over": 11,
          "deliveries": [
            {
              "batter": "CM Gough",
              "bowler": "C de Lange",
              "non_striker": "A Doddaballapur",
              "runs": {
                "batter": 1,
                "extras": 0,
                "total": 1
              }
            },
            {
              "batter": "A Doddaballapur",
              "bowler": "C de Lange",
              "non_striker": "CM Gough",
              "runs": {
                "batter": 0,
                "extras": 0,
                "total": 0
              }
            },
            {
              "batter": "A Doddaballapur",
              "bowler": "C de Lange",
              "non_striker": "CM Gough",
              "runs": {
                "batter": 0,
                "extras": 0,
                "total": 0
              }
            },
            {
              "batter": "A Doddaballapur",
              "bowler": "C de Lange",
              "non_striker": "CM Gough",
              "runs": {
                "batter": 0,
                "extras": 0,
                "total": 0
              },
              "wickets": [
                {
                  "player_out": "A Doddaballapur",
                  "kind": "bowled"
                }
              ]
            },
            {
              "batter": "JE Ronalds",
              "bowler": "C de Lange",
              "non_striker": "CM Gough",
              "runs": {
                "batter": 0,
                "extras": 0,
                "total": 0
              }
            },
            {
              "batter": "JE Ronalds",
              "bowler": "C de Lange",
              "extras": {
                "noballs": 1
              },
              "non_striker": "CM Gough",
              "runs": {
                "batter": 1,
                "extras": 1,
                "total": 2
              }
            },
            {
              "batter": "CM Gough",
              "bowler": "C de Lange",
              "non_striker": "JE Ronalds",
              "runs": {
                "batter": 2,
                "extras": 0,
                "total": 2
              }
            }
          ]
        },
        {
          "over": 12,
          "deliveries": [
            {
              "batter": "JE Ronalds",
              "bowler": "S Siegers",
              "extras": {
                "legbyes": 1
              },
              "non_striker": "CM Gough",
              "runs": {
                "batter": 0,
                "extras": 1,
                "total": 1
              }
            },
            {
              "batter": "CM Gough",
              "bowler": "S Siegers",
              "non_striker": "JE Ronalds",
              "runs": {
                "batter": 1,
                "extras": 0,
                "total": 1
              }
            },
            {
              "batter": "JE Ronalds",
              "bowler": "S Siegers",
              "non_striker": "CM Gough",
              "runs": {
                "batter": 0,
                "extras": 0,
                "total": 0
              }
            },
            {
              "batter": "JE Ronalds",
              "bowler": "S Siegers",
              "non_striker": "CM Gough",
              "runs": {
                "batter": 1,
                "extras": 0,
                "total": 1
              }
            },
            {
              "batter": "CM Gough",
              "bowler": "S Siegers",
              "non_striker": "JE Ronalds",
              "runs": {
                "batter": 1,
                "extras": 0,
                "total": 1
              }
            },
            {
              "batter": "JE Ronalds",
              "bowler": "S Siegers",
              "non_striker": "CM Gough",
              "runs": {
                "batter": 0,
                "extras": 0,
                "total": 0
              }
            }
          ]
        },
        {
          "over": 13,
          "deliveries": [
            {
              "batter": "CM Gough",
              "bowler": "F Overdijk",
              "non_striker": "JE Ronalds",
              "runs": {
                "batter": 1,
                "extras": 0,
                "total": 1
              }
            },
            {
              "batter": "JE Ronalds",
              "bowler": "F Overdijk",
              "non_striker": "CM Gough",
              "runs": {
                "batter": 1,
                "extras": 0,
                "total": 1
              }
            },
            {
              "batter": "CM Gough",
              "bowler": "F Overdijk",
              "non_striker": "JE Ronalds",
              "runs": {
                "batter": 0,
                "extras": 0,
                "total": 0
              }
            },
            {
              "batter": "CM Gough",
              "bowler": "F Overdijk",
              "non_striker": "JE Ronalds",
              "runs": {
                "batter": 1,
                "extras": 0,
                "total": 1
              }
            },
            {
              "batter": "JE Ronalds",
              "bowler": "F Overdijk",
              "non_striker": "CM Gough",
              "runs": {
                "batter": 0,
                "extras": 0,
                "total": 0
              }
            },
            {
              "batter": "JE Ronalds",
              "bowler": "F Overdijk",
              "extras": {
                "legbyes": 1
              },
              "non_striker": "CM Gough",
              "runs": {
                "batter": 0,
                "extras": 1,
                "total": 1
              }
            }
          ]
        },
        {
          "over": 14,
          "deliveries": [
            {
              "batter": "JE Ronalds",
              "bowler": "HDJ Siegers",
              "non_striker": "CM Gough",
              "runs": {
                "batter": 0,
                "extras": 0,
                "total": 0
              }
            },
            {
              "batter": "JE Ronalds",
              "bowler": "HDJ Siegers",
              "non_striker": "CM Gough",
              "runs": {
                "batter": 0,
                "extras": 0,
                "total": 0
              }
            },
            {
              "batter": "JE Ronalds",
              "bowler": "HDJ Siegers",
              "non_striker": "CM Gough",
              "runs": {
                "batter": 0,
                "extras": 0,
                "total": 0
              }
            },
            {
              "batter": "JE Ronalds",
              "bowler": "HDJ Siegers",
              "non_striker": "CM Gough",
              "runs": {
                "batter": 0,
                "extras": 0,
                "total": 0
              }
            },
            {
              "batter": "JE Ronalds",
              "bowler": "HDJ Siegers",
              "non_striker": "CM Gough",
              "runs": {
                "batter": 1,
                "extras": 0,
                "total": 1
              }
            },
            {
              "batter": "CM Gough",
              "bowler": "HDJ Siegers",
              "non_striker": "JE Ronalds",
              "runs": {
                "batter": 1,
                "extras": 0,
                "total": 1
              }
            }
          ]
        },
        {
          "over": 15,
          "deliveries": [
            {
              "batter": "CM Gough",
              "bowler": "F Overdijk",
              "non_striker": "JE Ronalds",
              "runs": {
                "batter": 0,
                "extras": 0,
                "total": 0
              }
            },
            {
              "batter": "CM Gough",
              "bowler": "F Overdijk",
              "non_striker": "JE Ronalds",
              "runs": {
                "batter": 1,
                "extras": 0,
                "total": 1
              }
            },
            {
              "batter": "JE Ronalds",
              "bowler": "F Overdijk",
              "non_striker": "CM Gough",
              "runs": {
                "batter": 0,
                "extras": 0,
                "total": 0
              }
            },
            {
              "batter": "JE Ronalds",
              "bowler": "F Overdijk",
              "non_striker": "CM Gough",
              "runs": {
                "batter": 1,
                "extras": 0,
                "total": 1
              }
            },
            {
              "batter": "CM Gough",
              "bowler": "F Overdijk",
              "non_striker": "JE Ronalds",
              "runs": {
                "batter": 1,
                "extras": 0,
                "total": 1
              }
            },
            {
              "batter": "JE Ronalds",
              "bowler": "F Overdijk",
              "non_striker": "CM Gough",
              "runs": {
                "batter": 4,
                "extras": 0,
                "total": 4
              }
            }
          ]
        },
        {
          "over": 16,
          "deliveries": [
            {
              "batter": "CM Gough",
              "bowler": "HDJ Siegers",
              "non_striker": "JE Ronalds",
              "runs": {
                "batter": 4,
                "extras": 0,
                "total": 4
              }
            },
            {
              "batter": "CM Gough",
              "bowler": "HDJ Siegers",
              "non_striker": "JE Ronalds",
              "runs": {
                "batter": 0,
                "extras": 0,
                "total": 0
              }
            },
            {
              "batter": "CM Gough",
              "bowler": "HDJ Siegers",
              "non_striker": "JE Ronalds",
              "runs": {
                "batter": 4,
                "extras": 0,
                "total": 4
              }
            },
            {
              "batter": "CM Gough",
              "bowler": "HDJ Siegers",
              "non_striker": "JE Ronalds",
              "runs": {
                "batter": 1,
                "extras": 0,
                "total": 1
              }
            },
            {
              "batter": "JE Ronalds",
              "bowler": "HDJ Siegers",
              "extras": {
                "legbyes": 1
              },
              "non_striker": "CM Gough",
              "runs": {
                "batter": 0,
                "extras": 1,
                "total": 1
              }
            },
            {
              "batter": "CM Gough",
              "bowler": "HDJ Siegers",
              "non_striker": "JE Ronalds",
              "runs": {
                "batter": 1,
                "extras": 0,
                "total": 1
              }
            }
          ]
        },
        {
          "over": 17,
          "deliveries": [
            {
              "batter": "CM Gough",
              "bowler": "C de Lange",
              "extras": {
                "legbyes": 1
              },
              "non_striker": "JE Ronalds",
              "runs": {
                "batter": 0,
                "extras": 1,
                "total": 1
              }
            },
            {
              "batter": "JE Ronalds",
              "bowler": "C de Lange",
              "non_striker": "CM Gough",
              "runs": {
                "batter": 1,
                "extras": 0,
                "total": 1
              }
            },
            {
              "batter": "CM Gough",
              "bowler": "C de Lange",
              "non_striker": "JE Ronalds",
              "runs": {
                "batter": 1,
                "extras": 0,
                "total": 1
              }
            },
            {
              "batter": "JE Ronalds",
              "bowler": "C de Lange",
              "non_striker": "CM Gough",
              "runs": {
                "batter": 1,
                "extras": 0,
                "total": 1
              }
            },
            {
              "batter": "CM Gough",
              "bowler": "C de Lange",
              "non_striker": "JE Ronalds",
              "runs": {
                "batter": 1,
                "extras": 0,
                "total": 1
              }
            },
            {
              "batter": "JE Ronalds",
              "bowler": "C de Lange",
              "non_striker": "CM Gough",
              "runs": {
                "batter": 1,
                "extras": 0,
                "total": 1
              }
            }
          ]
        },
        {
          "over": 18,
          "deliveries": [
            {
              "batter": "JE Ronalds",
              "bowler": "F Overdijk",
              "non_striker": "CM Gough",
              "runs": {
                "batter": 1,
                "extras": 0,
                "total": 1
              }
            },
            {
              "batter": "CM Gough",
              "bowler": "F Overdijk",
              "non_striker": "JE Ronalds",
              "runs": {
                "batter": 2,
                "extras": 0,
                "total": 2
              }
            },
            {
              "batter": "CM Gough",
              "bowler": "F Overdijk",
              "non_striker": "JE Ronalds",
              "runs": {
                "batter": 0,
                "extras": 0,
                "total": 0
              },
              "wickets": [
                {
                  "player_out": "CM Gough",
                  "fielders": [
                    {
                      "name": "C de Lange"
                    }
                  ],
                  "kind": "caught"
                }
              ]
            },
            {
              "batter": "JE Ronalds",
              "bowler": "F Overdijk",
              "non_striker": "B Maes Loch",
              "runs": {
                "batter": 0,
                "extras": 0,
                "total": 0
              },
              "wickets": [
                {
                  "player_out": "B Maes Loch",
                  "kind": "run out"
                }
              ]
            },
            {
              "batter": "ST Frohnmayer",
              "bowler": "F Overdijk",
              "non_striker": "JE Ronalds",
              "runs": {
                "batter": 0,
                "extras": 0,
                "total": 0
              }
            },
            {
              "batter": "ST Frohnmayer",
              "bowler": "F Overdijk",
              "non_striker": "JE Ronalds",
              "runs": {
                "batter": 0,
                "extras": 0,
                "total": 0
              }
            }
          ]
        },
        {
          "over": 19,
          "deliveries": [
            {
              "batter": "JE Ronalds",
              "bowler": "EN Lynch",
              "non_striker": "ST Frohnmayer",
              "runs": {
                "batter": 0,
                "extras": 0,
                "total": 0
              }
            },
            {
              "batter": "JE Ronalds",
              "bowler": "EN Lynch",
              "non_striker": "ST Frohnmayer",
              "runs": {
                "batter": 1,
                "extras": 0,
                "total": 1
              }
            },
            {
              "batter": "ST Frohnmayer",
              "bowler": "EN Lynch",
              "non_striker": "JE Ronalds",
              "runs": {
                "batter": 0,
                "extras": 0,
                "total": 0
              },
              "wickets": [
                {
                  "player_out": "ST Frohnmayer",
                  "kind": "bowled"
                }
              ]
            },
            {
              "batter": "S Sadarangani",
              "bowler": "EN Lynch",
              "non_striker": "JE Ronalds",
              "runs": {
                "batter": 0,
                "extras": 0,
                "total": 0
              }
            },
            {
              "batter": "S Sadarangani",
              "bowler": "EN Lynch",
              "non_striker": "JE Ronalds",
              "runs": {
                "batter": 0,
                "extras": 0,
                "total": 0
              }
            },
            {
              "batter": "S Sadarangani",
              "bowler": "EN Lynch",
              "non_striker": "JE Ronalds",
              "runs": {
                "batter": 0,
                "extras": 0,
                "total": 0
              },
              "wickets": [
                {
                  "player_out": "S Sadarangani",
                  "kind": "bowled"
                }
              ]
            }
          ]
        }
      ],
      "powerplays": [
        {
          "from": 0.1,
          "to": 5.6,
          "type": "mandatory"
        }
      ]
    },
    {
      "team": "Netherlands",
      "overs": [
        {
          "over": 0,
          "deliveries": [
            {
              "batter": "B de Leede",
              "bowler": "AM Healey",
              "non_striker": "HDJ Siegers",
              "runs": {
                "batter": 1,
                "extras": 0,
                "total": 1
              }
            },
            {
              "batter": "HDJ Siegers",
              "bowler": "AM Healey",
              "non_striker": "B de Leede",
              "runs": {
                "batter": 0,
                "extras": 0,
                "total": 0
              }
            },
            {
              "batter": "HDJ Siegers",
              "bowler": "AM Healey",
              "non_striker": "B de Leede",
              "runs": {
                "batter": 0,
                "extras": 0,
                "total": 0
              }
            },
            {
              "batter": "HDJ Siegers",
              "bowler": "AM Healey",
              "non_striker": "B de Leede",
              "runs": {
                "batter": 1,
                "extras": 0,
                "total": 1
              }
            },
            {
              "batter": "B de Leede",
              "bowler": "AM Healey",
              "non_striker": "HDJ Siegers",
              "runs": {
                "batter": 0,
                "extras": 0,
                "total": 0
              }
            },
            {
              "batter": "B de Leede",
              "bowler": "AM Healey",
              "non_striker": "HDJ Siegers",
              "runs": {
                "batter": 0,
                "extras": 0,
                "total": 0
              }
            }
          ]
        },
        {
          "over": 1,
          "deliveries": [
            {
              "batter": "HDJ Siegers",
              "bowler": "CM Gough",
              "non_striker": "B de Leede",
              "runs": {
                "batter": 0,
                "extras": 0,
                "total": 0
              },
              "wickets": [
                {
                  "player_out": "HDJ Siegers",
                  "fielders": [
                    {
                      "name": "AM Healey"
                    }
                  ],
                  "kind": "caught"
                }
              ]
            },
            {
              "batter": "R Rijke",
              "bowler": "CM Gough",
              "non_striker": "B de Leede",
              "runs": {
                "batter": 1,
                "extras": 0,
                "total": 1
              }
            },
            {
              "batter": "B de Leede",
              "bowler": "CM Gough",
              "non_striker": "R Rijke",
              "runs": {
                "batter": 1,
                "extras": 0,
                "total": 1
              }
            },
            {
              "batter": "R Rijke",
              "bowler": "CM Gough",
              "non_striker": "B de Leede",
              "runs": {
                "batter": 0,
                "extras": 0,
                "total": 0
              }
            },
            {
              "batter": "R Rijke",
              "bowler": "CM Gough",
              "non_striker": "B de Leede",
              "runs": {
                "batter": 2,
                "extras": 0,
                "total": 2
              }
            },
            {
              "batter": "R Rijke",
              "bowler": "CM Gough",
              "non_striker": "B de Leede",
              "runs": {
                "batter": 1,
                "extras": 0,
                "total": 1
              }
            }
          ]
        },
        {
          "over": 2,
          "deliveries": [
            {
              "batter": "R Rijke",
              "bowler": "AM Healey",
              "non_striker": "B de Leede",
              "runs": {
                "batter": 0,
                "extras": 0,
                "total": 0
              }
            },
            {
              "batter": "R Rijke",
              "bowler": "AM Healey",
              "non_striker": "B de Leede",
              "runs": {
                "batter": 0,
                "extras": 0,
                "total": 0
              }
            },
            {
              "batter": "R Rijke",
              "bowler": "AM Healey",
              "non_striker": "B de Leede",
              "runs": {
                "batter": 0,
                "extras": 0,
                "total": 0
              },
              "wickets": [
                {
                  "player_out": "R Rijke",
                  "fielders": [
                    {
                      "name": "B Maes Loch"
                    }
                  ],
                  "kind": "caught"
                }
              ]
            },
            {
              "batter": "J Post",
              "bowler": "AM Healey",
              "non_striker": "B de Leede",
              "runs": {
                "batter": 0,
                "extras": 0,
                "total": 0
              }
            },
            {
              "batter": "J Post",
              "bowler": "AM Healey",
              "non_striker": "B de Leede",
              "runs": {
                "batter": 0,
                "extras": 0,
                "total": 0
              }
            },
            {
              "batter": "J Post",
              "bowler": "AM Healey",
              "non_striker": "B de Leede",
              "runs": {
                "batter": 0,
                "extras": 0,
                "total": 0
              }
            }
          ]
        },
        {
          "over": 3,
          "deliveries": [
            {
              "batter": "B de Leede",
              "bowler": "CM Gough",
              "non_striker": "J Post",
              "runs": {
                "batter": 1,
                "extras": 0,
                "total": 1
              }
            },
            {
              "batter": "J Post",
              "bowler": "CM Gough",
              "extras": {
                "wides": 2
              },
              "non_striker": "B de Leede",
              "runs": {
                "batter": 0,
                "extras": 2,
                "total": 2
              }
            },
            {
              "batter": "B de Leede",
              "bowler": "CM Gough",
              "non_striker": "J Post",
              "runs": {
                "batter": 0,
                "extras": 0,
                "total": 0
              }
            },
            {
              "batter": "B de Leede",
              "bowler": "CM Gough",
              "extras": {
                "wides": 1
              },
              "non_striker": "J Post",
              "runs": {
                "batter": 0,
                "extras": 1,
                "total": 1
              }
            },
            {
              "batter": "B de Leede",
              "bowler": "CM Gough",
              "non_striker": "J Post",
              "runs": {
                "batter": 4,
                "extras": 0,
                "total": 4
              }
            },
            {
              "batter": "B de Leede",
              "bowler": "CM Gough",
              "non_striker": "J Post",
              "runs": {
                "batter": 1,
                "extras": 0,
                "total": 1
              }
            },
            {
              "batter": "J Post",
              "bowler": "CM Gough",
              "non_striker": "B de Leede",
              "runs": {
                "batter": 1,
                "extras": 0,
                "total": 1
              }
            },
            {
              "batter": "B de Leede",
              "bowler": "CM Gough",
              "non_striker": "J Post",
              "runs": {
                "batter": 1,
                "extras": 0,
                "total": 1
              }
            }
          ]
        },
        {
          "over": 4,
          "deliveries": [
            {
              "batter": "B de Leede",
              "bowler": "AM Healey",
              "non_striker": "J Post",
              "runs": {
                "batter": 0,
                "extras": 0,
                "total": 0
              }
            },
            {
              "batter": "B de Leede",
              "bowler": "AM Healey",
              "non_striker": "J Post",
              "runs": {
                "batter": 1,
                "extras": 0,
                "total": 1
              }
            },
            {
              "batter": "J Post",
              "bowler": "AM Healey",
              "non_striker": "B de Leede",
              "runs": {
                "batter": 1,
                "extras": 0,
                "total": 1
              }
            },
            {
              "batter": "B de Leede",
              "bowler": "AM Healey",
              "non_striker": "J Post",
              "runs": {
                "batter": 0,
                "extras": 0,
                "total": 0
              }
            },
            {
              "batter": "B de Leede",
              "bowler": "AM Healey",
              "non_striker": "J Post",
              "runs": {
                "batter": 0,
                "extras": 0,
                "total": 0
              }
            },
            {
              "batter": "B de Leede",
              "bowler": "AM Healey",
              "non_striker": "J Post",
              "runs": {
                "batter": 0,
                "extras": 0,
                "total": 0
              }
            }
          ]
        },
        {
          "over": 5,
          "deliveries": [
            {
              "batter": "J Post",
              "bowler": "ST Frohnmayer",
              "non_striker": "B de Leede",
              "runs": {
                "batter": 0,
                "extras": 0,
                "total": 0
              }
            },
            {
              "batter": "J Post",
              "bowler": "ST Frohnmayer",
              "non_striker": "B de Leede",
              "runs": {
                "batter": 0,
                "extras": 0,
                "total": 0
              }
            },
            {
              "batter": "J Post",
              "bowler": "ST Frohnmayer",
              "non_striker": "B de Leede",
              "runs": {
                "batter": 0,
                "extras": 0,
                "total": 0
              }
            },
            {
              "batter": "J Post",
              "bowler": "ST Frohnmayer",
              "non_striker": "B de Leede",
              "runs": {
                "batter": 1,
                "extras": 0,
                "total": 1
              }
            },
            {
              "batter": "B de Leede",
              "bowler": "ST Frohnmayer",
              "non_striker": "J Post",
              "runs": {
                "batter": 0,
                "extras": 0,
                "total": 0
              }
            },
            {
              "batter": "B de Leede",
              "bowler": "ST Frohnmayer",
              "non_striker": "J Post",
              "runs": {
                "batter": 1,
                "extras": 0,
                "total": 1
              }
            }
          ]
        },
        {
          "over": 6,
          "deliveries": [
            {
              "batter": "B de Leede",
              "bowler": "AM Healey",
              "non_striker": "J Post",
              "runs": {
                "batter": 0,
                "extras": 0,
                "total": 0
              }
            },
            {
              "batter": "B de Leede",
              "bowler": "AM Healey",
              "non_striker": "J Post",
              "runs": {
                "batter": 4,
                "extras": 0,
                "total": 4
              }
            },
            {
              "batter": "B de Leede",
              "bowler": "AM Healey",
              "extras": {
                "wides": 1
              },
              "non_striker": "J Post",
              "runs": {
                "batter": 0,
                "extras": 1,
                "total": 1
              }
            },
            {
              "batter": "B de Leede",
              "bowler": "AM Healey",
              "non_striker": "J Post",
              "runs": {
                "batter": 0,
                "extras": 0,
                "total": 0
              }
            },
            {
              "batter": "B de Leede",
              "bowler": "AM Healey",
              "non_striker": "J Post",
              "runs": {
                "batter": 1,
                "extras": 0,
                "total": 1
              }
            },
            {
              "batter": "J Post",
              "bowler": "AM Healey",
              "non_striker": "B de Leede",
              "runs": {
                "batter": 1,
                "extras": 0,
                "total": 1
              }
            },
            {
              "batter": "B de Leede",
              "bowler": "AM Healey",
              "non_striker": "J Post",
              "runs": {
                "batter": 0,
                "extras": 0,
                "total": 0
              }
            }
          ]
        },
        {
          "over": 7,
          "deliveries": [
            {
              "batter": "J Post",
              "bowler": "ST Frohnmayer",
              "non_striker": "B de Leede",
              "runs": {
                "batter": 0,
                "extras": 0,
                "total": 0
              }
            },
            {
              "batter": "J Post",
              "bowler": "ST Frohnmayer",
              "non_striker": "B de Leede",
              "runs": {
                "batter": 1,
                "extras": 0,
                "total": 1
              }
            },
            {
              "batter": "B de Leede",
              "bowler": "ST Frohnmayer",
              "non_striker": "J Post",
              "runs": {
                "batter": 0,
                "extras": 0,
                "total": 0
              }
            },
            {
              "batter": "B de Leede",
              "bowler": "ST Frohnmayer",
              "non_striker": "J Post",
              "runs": {
                "batter": 1,
                "extras": 0,
                "total": 1
              }
            },
            {
              "batter": "J Post",
              "bowler": "ST Frohnmayer",
              "non_striker": "B de Leede",
              "runs": {
                "batter": 1,
                "extras": 0,
                "total": 1
              }
            },
            {
              "batter": "B de Leede",
              "bowler": "ST Frohnmayer",
              "non_striker": "J Post",
              "runs": {
                "batter": 1,
                "extras": 0,
                "total": 1
              }
            }
          ]
        },
        {
          "over": 8,
          "deliveries": [
            {
              "batter": "B de Leede",
              "bowler": "A Doddaballapur",
              "non_striker": "J Post",
              "runs": {
                "batter": 4,
                "extras": 0,
                "total": 4
              }
            },
            {
              "batter": "B de Leede",
              "bowler": "A Doddaballapur",
              "non_striker": "J Post",
              "runs": {
                "batter": 0,
                "extras": 0,
                "total": 0
              }
            },
            {
              "batter": "B de Leede",
              "bowler": "A Doddaballapur",
              "non_striker": "J Post",
              "runs": {
                "batter": 4,
                "extras": 0,
                "total": 4
              }
            },
            {
              "batter": "B de Leede",
              "bowler": "A Doddaballapur",
              "extras": {
                "noballs": 1
              },
              "non_striker": "J Post",
              "runs": {
                "batter": 0,
                "extras": 1,
                "total": 1
              }
            },
            {
              "batter": "B de Leede",
              "bowler": "A Doddaballapur",
              "non_striker": "J Post",
              "runs": {
                "batter": 1,
                "extras": 0,
                "total": 1
              }
            },
            {
              "batter": "J Post",
              "bowler": "A Doddaballapur",
              "non_striker": "B de Leede",
              "runs": {
                "batter": 0,
                "extras": 0,
                "total": 0
              }
            },
            {
              "batter": "J Post",
              "bowler": "A Doddaballapur",
              "non_striker": "B de Leede",
              "runs": {
                "batter": 0,
                "extras": 0,
                "total": 0
              }
            }
          ]
        },
        {
          "over": 9,
          "deliveries": [
            {
              "batter": "B de Leede",
              "bowler": "ST Frohnmayer",
              "non_striker": "J Post",
              "runs": {
                "batter": 2,
                "extras": 0,
                "total": 2
              }
            },
            {
              "batter": "B de Leede",
              "bowler": "ST Frohnmayer",
              "non_striker": "J Post",
              "runs": {
                "batter": 0,
                "extras": 0,
                "total": 0
              }
            },
            {
              "batter": "B de Leede",
              "bowler": "ST Frohnmayer",
              "non_striker": "J Post",
              "runs": {
                "batter": 0,
                "extras": 0,
                "total": 0
              }
            },
            {
              "batter": "B de Leede",
              "bowler": "ST Frohnmayer",
              "non_striker": "J Post",
              "runs": {
                "batter": 0,
                "extras": 0,
                "total": 0
              }
            },
            {
              "batter": "B de Leede",
              "bowler": "ST Frohnmayer",
              "non_striker": "J Post",
              "runs": {
                "batter": 2,
                "extras": 0,
                "total": 2
              }
            },
            {
              "batter": "B de Leede",
              "bowler": "ST Frohnmayer",
              "non_striker": "J Post",
              "runs": {
                "batter": 1,
                "extras": 0,
                "total": 1
              }
            }
          ]
        },
        {
          "over": 10,
          "deliveries": [
            {
              "batter": "B de Leede",
              "bowler": "A Doddaballapur",
              "non_striker": "J Post",
              "runs": {
                "batter": 0,
                "extras": 0,
                "total": 0
              }
            },
            {
              "batter": "B de Leede",
              "bowler": "A Doddaballapur",
              "non_striker": "J Post",
              "runs": {
                "batter": 0,
                "extras": 0,
                "total": 0
              },
              "wickets": [
                {
                  "player_out": "B de Leede",
                  "fielders": [
                    {
                      "name": "CM Gough"
                    }
                  ],
                  "kind": "caught"
                }
              ]
            },
            {
              "batter": "IJR Zwilling",
              "bowler": "A Doddaballapur",
              "non_striker": "J Post",
              "runs": {
                "batter": 1,
                "extras": 0,
                "total": 1
              }
            },
            {
              "batter": "J Post",
              "bowler": "A Doddaballapur",
              "extras": {
                "wides": 3
              },
              "non_striker": "IJR Zwilling",
              "runs": {
                "batter": 0,
                "extras": 3,
                "total": 3
              }
            },
            {
              "batter": "J Post",
              "bowler": "A Doddaballapur",
              "non_striker": "IJR Zwilling",
              "runs": {
                "batter": 1,
                "extras": 0,
                "total": 1
              }
            },
            {
              "batter": "IJR Zwilling",
              "bowler": "A Doddaballapur",
              "non_striker": "J Post",
              "runs": {
                "batter": 0,
                "extras": 0,
                "total": 0
              }
            },
            {
              "batter": "IJR Zwilling",
              "bowler": "A Doddaballapur",
              "extras": {
                "wides": 1
              },
              "non_striker": "J Post",
              "runs": {
                "batter": 0,
                "extras": 1,
                "total": 1
              }
            },
            {
              "batter": "IJR Zwilling",
              "bowler": "A Doddaballapur",
              "non_striker": "J Post",
              "runs": {
                "batter": 1,
                "extras": 0,
                "total": 1
              }
            }
          ]
        },
        {
          "over": 11,
          "deliveries": [
            {
              "batter": "IJR Zwilling",
              "bowler": "ST Frohnmayer",
              "extras": {
                "wides": 1
              },
              "non_striker": "J Post",
              "runs": {
                "batter": 0,
                "extras": 1,
                "total": 1
              }
            },
            {
              "batter": "IJR Zwilling",
              "bowler": "ST Frohnmayer",
              "non_striker": "J Post",
              "runs": {
                "batter": 0,
                "extras": 0,
                "total": 0
              }
            },
            {
              "batter": "IJR Zwilling",
              "bowler": "ST Frohnmayer",
              "non_striker": "J Post",
              "runs": {
                "batter": 1,
                "extras": 0,
                "total": 1
              }
            },
            {
              "batter": "J Post",
              "bowler": "ST Frohnmayer",
              "non_striker": "IJR Zwilling",
              "runs": {
                "batter": 1,
                "extras": 0,
                "total": 1
              }
            },
            {
              "batter": "IJR Zwilling",
              "bowler": "ST Frohnmayer",
              "non_striker": "J Post",
              "runs": {
                "batter": 1,
                "extras": 0,
                "total": 1
              }
            },
            {
              "batter": "J Post",
              "bowler": "ST Frohnmayer",
              "non_striker": "IJR Zwilling",
              "runs": {
                "batter": 0,
                "extras": 0,
                "total": 0
              }
            },
            {
              "batter": "J Post",
              "bowler": "ST Frohnmayer",
              "non_striker": "IJR Zwilling",
              "runs": {
                "batter": 1,
                "extras": 0,
                "total": 1
              }
            }
          ]
        },
        {
          "over": 12,
          "deliveries": [
            {
              "batter": "J Post",
              "bowler": "S Sadarangani",
              "non_striker": "IJR Zwilling",
              "runs": {
                "batter": 0,
                "extras": 0,
                "total": 0
              }
            },
            {
              "batter": "J Post",
              "bowler": "S Sadarangani",
              "non_striker": "IJR Zwilling",
              "runs": {
                "batter": 0,
                "extras": 0,
                "total": 0
              }
            },
            {
              "batter": "J Post",
              "bowler": "S Sadarangani",
              "extras": {
                "wides": 1
              },
              "non_striker": "IJR Zwilling",
              "runs": {
                "batter": 0,
                "extras": 1,
                "total": 1
              }
            },
            {
              "batter": "J Post",
              "bowler": "S Sadarangani",
              "extras": {
                "wides": 2
              },
              "non_striker": "IJR Zwilling",
              "runs": {
                "batter": 0,
                "extras": 2,
                "total": 2
              }
            },
            {
              "batter": "IJR Zwilling",
              "bowler": "S Sadarangani",
              "non_striker": "J Post",
              "runs": {
                "batter": 0,
                "extras": 0,
                "total": 0
              }
            },
            {
              "batter": "IJR Zwilling",
              "bowler": "S Sadarangani",
              "non_striker": "J Post",
              "runs": {
                "batter": 2,
                "extras": 0,
                "total": 2
              }
            },
            {
              "batter": "IJR Zwilling",
              "bowler": "S Sadarangani",
              "non_striker": "J Post",
              "runs": {
                "batter": 0,
                "extras": 0,
                "total": 0
              }
            },
            {
              "batter": "IJR Zwilling",
              "bowler": "S Sadarangani",
              "non_striker": "J Post",
              "runs": {
                "batter": 0,
                "extras": 0,
                "total": 0
              }
            }
          ]
        },
        {
          "over": 13,
          "deliveries": [
            {
              "batter": "J Post",
              "bowler": "CM Gough",
              "non_striker": "IJR Zwilling",
              "runs": {
                "batter": 1,
                "extras": 0,
                "total": 1
              }
            },
            {
              "batter": "IJR Zwilling",
              "bowler": "CM Gough",
              "non_striker": "J Post",
              "runs": {
                "batter": 0,
                "extras": 0,
                "total": 0
              }
            },
            {
              "batter": "IJR Zwilling",
              "bowler": "CM Gough",
              "non_striker": "J Post",
              "runs": {
                "batter": 1,
                "extras": 0,
                "total": 1
              }
            },
            {
              "batter": "J Post",
              "bowler": "CM Gough",
              "non_striker": "IJR Zwilling",
              "runs": {
                "batter": 0,
                "extras": 0,
                "total": 0
              }
            },
            {
              "batter": "J Post",
              "bowler": "CM Gough",
              "non_striker": "IJR Zwilling",
              "runs": {
                "batter": 0,
                "extras": 0,
                "total": 0
              }
            },
            {
              "batter": "J Post",
              "bowler": "CM Gough",
              "non_striker": "IJR Zwilling",
              "runs": {
                "batter": 1,
                "extras": 0,
                "total": 1
              }
            }
          ]
        },
        {
          "over": 14,
          "deliveries": [
            {
              "batter": "J Post",
              "bowler": "S Sadarangani",
              "non_striker": "IJR Zwilling",
              "runs": {
                "batter": 1,
                "extras": 0,
                "total": 1
              }
            },
            {
              "batter": "IJR Zwilling",
              "bowler": "S Sadarangani",
              "non_striker": "J Post",
              "runs": {
                "batter": 0,
                "extras": 0,
                "total": 0
              }
            },
            {
              "batter": "IJR Zwilling",
              "bowler": "S Sadarangani",
              "non_striker": "J Post",
              "runs": {
                "batter": 0,
                "extras": 0,
                "total": 0
              }
            },
            {
              "batter": "IJR Zwilling",
              "bowler": "S Sadarangani",
              "non_striker": "J Post",
              "runs": {
                "batter": 2,
                "extras": 0,
                "total": 2
              }
            },
            {
              "batter": "IJR Zwilling",
              "bowler": "S Sadarangani",
              "non_striker": "J Post",
              "runs": {
                "batter": 0,
                "extras": 0,
                "total": 0
              }
            },
            {
              "batter": "IJR Zwilling",
              "bowler": "S Sadarangani",
              "non_striker": "J Post",
              "runs": {
                "batter": 1,
                "extras": 0,
                "total": 1
              }
            }
          ]
        }
      ],
      "powerplays": [
        {
          "from": 0.1,
          "to": 5.6,
          "type": "mandatory"
        }
      ],
      "target": {
        "overs": 20,
        "runs": 72
      }
    }
  ]
}