{
  "meta": {
    "data_version": "1.0.0",
    "created": "2021-08-30",
    "revision": 1
  },
  "info": {
    "balls_per_over": 6,
    "city": "Murcia",
    "dates": [
      "2021-08-30"
    ],
    "event": {
      "name": "ICC Women's T20 World Cup Europe Region Qualifier",
      "match_number": 9
    },
    "gender": "female",
    "match_type": "T20",
    "match_type_number": 940,
    "officials": {
      "match_referees": [
        "DT Jukes"
      ],
      "reserve_umpires": [
        "AJT Dowdalls"
      ],
      "umpires": [
        "DH Mclean",
        "M Jameson"
      ]
    },
    "outcome": {
      "winner": "Ireland",
      "by": {
        "runs": 24
      }
    },
    "overs": 20,
    "player_of_match": [
      "EAJ Richardson"
    ],
    "players": {
      "Ireland": [
        "R Stokell",
        "GH Lewis",
        "L Delany",
        "L Paul",
        "EAJ Richardson",
        "O Prendergast",
        "L Maritz",
        "S MacMahon",
        "MV Waldron",
        "C Murray",
        "A Canning"
      ],
      "Netherlands": [
        "B de Leede",
        "HDJ Siegers",
        "R Rijke",
        "M Veringmeier",
        "J Post",
        "F Overdijk",
        "IJR Zwilling",
        "EN Lynch",
        "C de Lange",
        "S Siegers",
        "DM Braat"
      ]
    },
    "registry": {
      "people": {
        "A Canning": "ffd5fcd8",
        "AJT Dowdalls": "f06852e3",
        "B de Leede": "b3020075",
        "C Murray": "5a50471c",
        "C de Lange": "c6a019f5",
        "DH Mclean": "281d4749",
        "DM Braat": "1b61a9fa",
        "DT Jukes": "7c215d14",
        "EAJ Richardson": "50ee0500",
        "EN Lynch": "4d35d0b3",
        "F Overdijk": "022745d5",
        "GH Lewis": "1b9d1579",
        "HDJ Siegers": "6d48df01",
        "IJR Zwilling": "47b32a5a",
        "J Post": "b58b1ae5",
        "L Delany": "b4f73b44",
        "L Maritz": "ac8bca8d",
        "L Paul": "07248d8e",
        "M Jameson": "bdf1ffe3",
        "M Veringmeier": "3733a317",
        "MV Waldron": "2e4f11e9",
        "O Prendergast": "d8f20ba5",
        "R Rijke": "42e4b276",
        "R Stokell": "def7b1bb",
        "S MacMahon": "ef2bcebf",
        "S Siegers": "9a58f2c8"
      }
    },
    "season": "2021",
    "team_type": "international",
    "teams": [
      "Ireland",
      "Netherlands"
    ],
    "toss": {
      "decision": "field",
      "winner": "Netherlands"
    },
    "venue": "La Manga Club Top Ground"
  },
  "innings": [
    {
      "team": "Ireland",
      "overs": [
        {
          "over": 0,
          "deliveries": [
            {
              "batter": "R Stokell",
              "bowler": "IJR Zwilling",
              "non_striker": "GH Lewis",
              "runs": {
                "batter": 0,
                "extras": 0,
                "total": 0
              }
            },
            {
              "batter": "R Stokell",
              "bowler": "IJR Zwilling",
              "non_striker": "GH Lewis",
              "runs": {
                "batter": 0,
                "extras": 0,
                "total": 0
              }
            },
            {
              "batter": "R Stokell",
              "bowler": "IJR Zwilling",
              "non_striker": "GH Lewis",
              "runs": {
                "batter": 0,
                "extras": 0,
                "total": 0
              }
            },
            {
              "batter": "R Stokell",
              "bowler": "IJR Zwilling",
              "non_striker": "GH Lewis",
              "runs": {
                "batter": 0,
                "extras": 0,
                "total": 0
              }
            },
            {
              "batter": "R Stokell",
              "bowler": "IJR Zwilling",
              "non_striker": "GH Lewis",
              "runs": {
                "batter": 1,
                "extras": 0,
                "total": 1
              }
            },
            {
              "batter": "GH Lewis",
              "bowler": "IJR Zwilling",
              "non_striker": "R Stokell",
              "runs": {
                "batter": 1,
                "extras": 0,
                "total": 1
              }
            }
          ]
        },
        {
          "over": 1,
          "deliveries": [
            {
              "batter": "GH Lewis",
              "bowler": "DM Braat",
              "non_striker": "R Stokell",
              "runs": {
                "batter": 1,
                "extras": 0,
                "total": 1
              }
            },
            {
              "batter": "R Stokell",
              "bowler": "DM Braat",
              "non_striker": "GH Lewis",
              "runs": {
                "batter": 0,
                "extras": 0,
                "total": 0
              }
            },
            {
              "batter": "R Stokell",
              "bowler": "DM Braat",
              "non_striker": "GH Lewis",
              "runs": {
                "batter": 2,
                "extras": 0,
                "total": 2
              }
            },
            {
              "batter": "R Stokell",
              "bowler": "DM Braat",
              "non_striker": "GH Lewis",
              "runs": {
                "batter": 0,
                "extras": 0,
                "total": 0
              }
            },
            {
              "batter": "R Stokell",
              "bowler": "DM Braat",
              "non_striker": "GH Lewis",
              "runs": {
                "batter": 1,
                "extras": 0,
                "total": 1
              }
            },
            {
              "batter": "GH Lewis",
              "bowler": "DM Braat",
              "non_striker": "R Stokell",
              "runs": {
                "batter": 2,
                "extras": 0,
                "total": 2
              }
            }
          ]
        },
        {
          "over": 2,
          "deliveries": [
            {
              "batter": "R Stokell",
              "bowler": "IJR Zwilling",
              "non_striker": "GH Lewis",
              "runs": {
                "batter": 0,
                "extras": 0,
                "total": 0
              }
            },
            {
              "batter": "R Stokell",
              "bowler": "IJR Zwilling",
              "non_striker": "GH Lewis",
              "runs": {
                "batter": 4,
                "extras": 0,
                "total": 4
              }
            },
            {
              "batter": "R Stokell",
              "bowler": "IJR Zwilling",
              "non_striker": "GH Lewis",
              "runs": {
                "batter": 0,
                "extras": 0,
                "total": 0
              },
              "wickets": [
                {
                  "player_out": "R Stokell",
                  "kind": "lbw"
                }
              ]
            },
            {
              "batter": "L Delany",
              "bowler": "IJR Zwilling",
              "non_striker": "GH Lewis",
              "runs": {
                "batter": 0,
                "extras": 0,
                "total": 0
              }
            },
            {
              "batter": "L Delany",
              "bowler": "IJR Zwilling",
              "non_striker": "GH Lewis",
              "runs": {
                "batter": 0,
                "extras": 0,
                "total": 0
              }
            },
            {
              "batter": "L Delany",
              "bowler": "IJR Zwilling",
              "non_striker": "GH Lewis",
              "runs": {
                "batter": 0,
                "extras": 0,
                "total": 0
              }
            }
          ]
        },
        {
          "over": 3,
          "deliveries": [
            {
              "batter": "GH Lewis",
              "bowler": "DM Braat",
              "non_striker": "L Delany",
              "runs": {
                "batter": 0,
                "extras": 0,
                "total": 0
              }
            },
            {
              "batter": "GH Lewis",
              "bowler": "DM Braat",
              "non_striker": "L Delany",
              "runs": {
                "batter": 0,
                "extras": 0,
                "total": 0
              }
            },
            {
              "batter": "GH Lewis",
              "bowler": "DM Braat",
              "non_striker": "L Delany",
              "runs": {
                "batter": 0,
                "extras": 0,
                "total": 0
              }
            },
            {
              "batter": "GH Lewis",
              "bowler": "DM Braat",
              "non_striker": "L Delany",
              "runs": {
                "batter": 6,
                "extras": 0,
                "total": 6
              }
            },
            {
              "batter": "GH Lewis",
              "bowler": "DM Braat",
              "non_striker": "L Delany",
              "runs": {
                "batter": 0,
                "extras": 0,
                "total": 0
              }
            },
            {
              "batter": "GH Lewis",
              "bowler": "DM Braat",
              "non_striker": "L Delany",
              "runs": {
                "batter": 0,
                "extras": 0,
                "total": 0
              }
            }
          ]
        },
        {
          "over": 4,
          "deliveries": [
            {
              "batter": "L Delany",
              "bowler": "IJR Zwilling",
              "extras": {
                "wides": 1
              },
              "non_striker": "GH Lewis",
              "runs": {
                "batter": 0,
                "extras": 1,
                "total": 1
              }
            },
            {
              "batter": "L Delany",
              "bowler": "IJR Zwilling",
              "extras": {
                "wides": 1
              },
              "non_striker": "GH Lewis",
              "runs": {
                "batter": 0,
                "extras": 1,
                "total": 1
              }
            },
            {
              "batter": "L Delany",
              "bowler": "IJR Zwilling",
              "non_striker": "GH Lewis",
              "runs": {
                "batter": 0,
                "extras": 0,
                "total": 0
              },
              "wickets": [
                {
                  "player_out": "L Delany",
                  "fielders": [
                    {
                      "name": "F Overdijk"
                    }
                  ],
                  "kind": "caught"
                }
              ]
            },
            {
              "batter": "L Paul",
              "bowler": "IJR Zwilling",
              "non_striker": "GH Lewis",
              "runs": {
                "batter": 0,
                "extras": 0,
                "total": 0
              }
            },
            {
              "batter": "L Paul",
              "bowler": "IJR Zwilling",
              "non_striker": "GH Lewis",
              "runs": {
                "batter": 0,
                "extras": 0,
                "total": 0
              },
              "wickets": [
                {
                  "player_out": "L Paul",
                  "fielders": [
                    {
                      "name": "B de Leede"
                    }
                  ],
                  "kind": "caught"
                }
              ]
            },
            {
              "batter": "EAJ Richardson",
              "bowler": "IJR Zwilling",
              "non_striker": "GH Lewis",
              "runs": {
                "batter": 0,
                "extras": 0,
                "total": 0
              }
            },
            {
              "batter": "EAJ Richardson",
              "bowler": "IJR Zwilling",
              "non_striker": "GH Lewis",
              "runs": {
                "batter": 1,
                "extras": 0,
                "total": 1
              }
            },
            {
              "batter": "GH Lewis",
              "bowler": "IJR Zwilling",
              "non_striker": "EAJ Richardson",
              "runs": {
                "batter": 1,
                "extras": 0,
                "total": 1
              }
            }
          ]
        },
        {
          "over": 5,
          "deliveries": [
            {
              "batter": "GH Lewis",
              "bowler": "DM Braat",
              "non_striker": "EAJ Richardson",
              "runs": {
                "batter": 0,
                "extras": 0,
                "total": 0
              }
            },
            {
              "batter": "GH Lewis",
              "bowler": "DM Braat",
              "non_striker": "EAJ Richardson",
              "runs": {
                "batter": 0,
                "extras": 0,
                "total": 0
              }
            },
            {
              "batter": "GH Lewis",
              "bowler": "DM Braat",
              "non_striker": "EAJ Richardson",
              "runs": {
                "batter": 2,
                "extras": 0,
                "total": 2
              }
            },
            {
              "batter": "GH Lewis",
              "bowler": "DM Braat",
              "non_striker": "EAJ Richardson",
              "runs": {
                "batter": 0,
                "extras": 0,
                "total": 0
              }
            },
            {
              "batter": "GH Lewis",
              "bowler": "DM Braat",
              "extras": {
                "wides": 1
              },
              "non_striker": "EAJ Richardson",
              "runs": {
                "batter": 0,
                "extras": 1,
                "total": 1
              }
            },
            {
              "batter": "GH Lewis",
              "bowler": "DM Braat",
              "non_striker": "EAJ Richardson",
              "runs": {
                "batter": 1,
                "extras": 0,
                "total": 1
              }
            },
            {
              "batter": "EAJ Richardson",
              "bowler": "DM Braat",
              "non_striker": "GH Lewis",
              "runs": {
                "batter": 0,
                "extras": 0,
                "total": 0
              }
            }
          ]
        },
        {
          "over": 6,
          "deliveries": [
            {
              "batter": "GH Lewis",
              "bowler": "IJR Zwilling",
              "non_striker": "EAJ Richardson",
              "runs": {
                "batter": 1,
                "extras": 0,
                "total": 1
              }
            },
            {
              "batter": "EAJ Richardson",
              "bowler": "IJR Zwilling",
              "non_striker": "GH Lewis",
              "runs": {
                "batter": 2,
                "extras": 0,
                "total": 2
              }
            },
            {
              "batter": "EAJ Richardson",
              "bowler": "IJR Zwilling",
              "extras": {
                "legbyes": 1
              },
              "non_striker": "GH Lewis",
              "runs": {
                "batter": 0,
                "extras": 1,
                "total": 1
              }
            },
            {
              "batter": "GH Lewis",
              "bowler": "IJR Zwilling",
              "non_striker": "EAJ Richardson",
              "runs": {
                "batter": 0,
                "extras": 0,
                "total": 0
              }
            },
            {
              "batter": "GH Lewis",
              "bowler": "IJR Zwilling",
              "non_striker": "EAJ Richardson",
              "runs": {
                "batter": 0,
                "extras": 0,
                "total": 0
              }
            },
            {
              "batter": "GH Lewis",
              "bowler": "IJR Zwilling",
              "non_striker": "EAJ Richardson",
              "runs": {
                "batter": 1,
                "extras": 0,
                "total": 1
              }
            }
          ]
        },
        {
          "over": 7,
          "deliveries": [
            {
              "batter": "GH Lewis",
              "bowler": "DM Braat",
              "non_striker": "EAJ Richardson",
              "runs": {
                "batter": 1,
                "extras": 0,
                "total": 1
              }
            },
            {
              "batter": "EAJ Richardson",
              "bowler": "DM Braat",
              "non_striker": "GH Lewis",
              "runs": {
                "batter": 0,
                "extras": 0,
                "total": 0
              }
            },
            {
              "batter": "EAJ Richardson",
              "bowler": "DM Braat",
              "non_striker": "GH Lewis",
              "runs": {
                "batter": 0,
                "extras": 0,
                "total": 0
              }
            },
            {
              "batter": "EAJ Richardson",
              "bowler": "DM Braat",
              "non_striker": "GH Lewis",
              "runs": {
                "batter": 4,
                "extras": 0,
                "total": 4
              }
            },
            {
              "batter": "EAJ Richardson",
              "bowler": "DM Braat",
              "non_striker": "GH Lewis",
              "runs": {
                "batter": 0,
                "extras": 0,
                "total": 0
              }
            },
            {
              "batter": "EAJ Richardson",
              "bowler": "DM Braat",
              "non_striker": "GH Lewis",
              "runs": {
                "batter": 0,
                "extras": 0,
                "total": 0
              }
            }
          ]
        },
        {
          "over": 8,
          "deliveries": [
            {
              "batter": "GH Lewis",
              "bowler": "F Overdijk",
              "non_striker": "EAJ Richardson",
              "runs": {
                "batter": 1,
                "extras": 0,
                "total": 1
              }
            },
            {
              "batter": "EAJ Richardson",
              "bowler": "F Overdijk",
              "non_striker": "GH Lewis",
              "runs": {
                "batter": 1,
                "extras": 0,
                "total": 1
              }
            },
            {
              "batter": "GH Lewis",
              "bowler": "F Overdijk",
              "non_striker": "EAJ Richardson",
              "runs": {
                "batter": 0,
                "extras": 0,
                "total": 0
              }
            },
            {
              "batter": "GH Lewis",
              "bowler": "F Overdijk",
              "non_striker": "EAJ Richardson",
              "runs": {
                "batter": 1,
                "extras": 0,
                "total": 1
              }
            },
            {
              "batter": "EAJ Richardson",
              "bowler": "F Overdijk",
              "non_striker": "GH Lewis",
              "runs": {
                "batter": 0,
                "extras": 0,
                "total": 0
              }
            },
            {
              "batter": "EAJ Richardson",
              "bowler": "F Overdijk",
              "non_striker": "GH Lewis",
              "runs": {
                "batter": 0,
                "extras": 0,
                "total": 0
              }
            }
          ]
        },
        {
          "over": 9,
          "deliveries": [
            {
              "batter": "GH Lewis",
              "bowler": "C de Lange",
              "non_striker": "EAJ Richardson",
              "runs": {
                "batter": 0,
                "extras": 0,
                "total": 0
              }
            },
            {
              "batter": "GH Lewis",
              "bowler": "C de Lange",
              "non_striker": "EAJ Richardson",
              "runs": {
                "batter": 1,
                "extras": 0,
                "total": 1
              }
            },
            {
              "batter": "EAJ Richardson",
              "bowler": "C de Lange",
              "extras": {
                "wides": 1
              },
              "non_striker": "GH Lewis",
              "runs": {
                "batter": 0,
                "extras": 1,
                "total": 1
              }
            },
            {
              "batter": "EAJ Richardson",
              "bowler": "C de Lange",
              "non_striker": "GH Lewis",
              "runs": {
                "batter": 0,
                "extras": 0,
                "total": 0
              }
            },
            {
              "batter": "EAJ Richardson",
              "bowler": "C de Lange",
              "non_striker": "GH Lewis",
              "runs": {
                "batter": 0,
                "extras": 0,
                "total": 0
              }
            },
            {
              "batter": "EAJ Richardson",
              "bowler": "C de Lange",
              "non_striker": "GH Lewis",
              "runs": {
                "batter": 2,
                "extras": 0,
                "total": 2
              }
            },
            {
              "batter": "EAJ Richardson",
              "bowler": "C de Lange",
              "non_striker": "GH Lewis",
              "runs": {
                "batter": 1,
                "extras": 0,
                "total": 1
              }
            }
          ]
        },
        {
          "over": 10,
          "deliveries": [
            {
              "batter": "EAJ Richardson",
              "bowler": "F Overdijk",
              "non_striker": "GH Lewis",
              "runs": {
                "batter": 4,
                "extras": 0,
                "total": 4
              }
            },
            {
              "batter": "EAJ Richardson",
              "bowler": "F Overdijk",
              "non_striker": "GH Lewis",
              "runs": {
                "batter": 4,
                "extras": 0,
                "total": 4
              }
            },
            {
              "batter": "EAJ Richardson",
              "bowler": "F Overdijk",
              "non_striker": "GH Lewis",
              "runs": {
                "batter": 0,
                "extras": 0,
                "total": 0
              }
            },
            {
              "batter": "EAJ Richardson",
              "bowler": "F Overdijk",
              "non_striker": "GH Lewis",
              "runs": {
                "batter": 1,
                "extras": 0,
                "total": 1
              }
            },
            {
              "batter": "GH Lewis",
              "bowler": "F Overdijk",
              "non_striker": "EAJ Richardson",
              "runs": {
                "batter": 0,
                "extras": 0,
                "total": 0
              }
            },
            {
              "batter": "GH Lewis",
              "bowler": "F Overdijk",
              "non_striker": "EAJ Richardson",
              "runs": {
                "batter": 4,
                "extras": 0,
                "total": 4
              }
            }
          ]
        },
        {
          "over": 11,
          "deliveries": [
            {
              "batter": "EAJ Richardson",
              "bowler": "C de Lange",
              "non_striker": "GH Lewis",
              "runs": {
                "batter": 2,
                "extras": 0,
                "total": 2
              }
            },
            {
              "batter": "EAJ Richardson",
              "bowler": "C de Lange",
              "non_striker": "GH Lewis",
              "runs": {
                "batter": 4,
                "extras": 0,
                "total": 4
              }
            },
            {
              "batter": "EAJ Richardson",
              "bowler": "C de Lange",
              "non_striker": "GH Lewis",
              "runs": {
                "batter": 0,
                "extras": 0,
                "total": 0
              }
            },
            {
              "batter": "EAJ Richardson",
              "bowler": "C de Lange",
              "non_striker": "GH Lewis",
              "runs": {
                "batter": 0,
                "extras": 0,
                "total": 0
              }
            },
            {
              "batter": "EAJ Richardson",
              "bowler": "C de Lange",
              "non_striker": "GH Lewis",
              "runs": {
                "batter": 0,
                "extras": 0,
                "total": 0
              }
            },
            {
              "batter": "EAJ Richardson",
              "bowler": "C de Lange",
              "non_striker": "GH Lewis",
              "runs": {
                "batter": 1,
                "extras": 0,
                "total": 1
              }
            }
          ]
        },
        {
          "over": 12,
          "deliveries": [
            {
              "batter": "EAJ Richardson",
              "bowler": "S Siegers",
              "non_striker": "GH Lewis",
              "runs": {
                "batter": 4,
                "extras": 0,
                "total": 4
              }
            },
            {
              "batter": "EAJ Richardson",
              "bowler": "S Siegers",
              "non_striker": "GH Lewis",
              "runs": {
                "batter": 0,
                "extras": 0,
                "total": 0
              }
            },
            {
              "batter": "EAJ Richardson",
              "bowler": "S Siegers",
              "non_striker": "GH Lewis",
              "runs": {
                "batter": 1,
                "extras": 0,
                "total": 1
              }
            },
            {
              "batter": "GH Lewis",
              "bowler": "S Siegers",
              "non_striker": "EAJ Richardson",
              "runs": {
                "batter": 0,
                "extras": 0,
                "total": 0
              }
            },
            {
              "batter": "GH Lewis",
              "bowler": "S Siegers",
              "non_striker": "EAJ Richardson",
              "runs": {
                "batter": 0,
                "extras": 0,
                "total": 0
              }
            },
            {
              "batter": "GH Lewis",
              "bowler": "S Siegers",
              "non_striker": "EAJ Richardson",
              "runs": {
                "batter": 0,
                "extras": 0,
                "total": 0
              }
            }
          ]
        },
        {
          "over": 13,
          "deliveries": [
            {
              "batter": "EAJ Richardson",
              "bowler": "EN Lynch",
              "non_striker": "GH Lewis",
              "runs": {
                "batter": 0,
                "extras": 0,
                "total": 0
              }
            },
            {
              "batter": "EAJ Richardson",
              "bowler": "EN Lynch",
              "non_striker": "GH Lewis",
              "runs": {
                "batter": 1,
                "extras": 0,
                "total": 1
              }
            },
            {
              "batter": "GH Lewis",
              "bowler": "EN Lynch",
              "non_striker": "EAJ Richardson",
              "runs": {
                "batter": 0,
                "extras": 0,
                "total": 0
              }
            },
            {
              "batter": "GH Lewis",
              "bowler": "EN Lynch",
              "non_striker": "EAJ Richardson",
              "runs": {
                "batter": 0,
                "extras": 0,
                "total": 0
              }
            },
            {
              "batter": "GH Lewis",
              "bowler": "EN Lynch",
              "non_striker": "EAJ Richardson",
              "runs": {
                "batter": 1,
                "extras": 0,
                "total": 1
              }
            },
            {
              "batter": "EAJ Richardson",
              "bowler": "EN Lynch",
              "non_striker": "GH Lewis",
              "runs": {
                "batter": 1,
                "extras": 0,
                "total": 1
              }
            }
          ]
        },
        {
          "over": 14,
          "deliveries": [
            {
              "batter": "EAJ Richardson",
              "bowler": "S Siegers",
              "non_striker": "GH Lewis",
              "runs": {
                "batter": 1,
                "extras": 0,
                "total": 1
              }
            },
            {
              "batter": "GH Lewis",
              "bowler": "S Siegers",
              "non_striker": "EAJ Richardson",
              "runs": {
                "batter": 0,
                "extras": 0,
                "total": 0
              }
            },
            {
              "batter": "GH Lewis",
              "bowler": "S Siegers",
              "non_striker": "EAJ Richardson",
              "runs": {
                "batter": 0,
                "extras": 0,
                "total": 0
              }
            },
            {
              "batter": "GH Lewis",
              "bowler": "S Siegers",
              "non_striker": "EAJ Richardson",
              "runs": {
                "batter": 4,
                "extras": 0,
                "total": 4
              }
            },
            {
              "batter": "GH Lewis",
              "bowler": "S Siegers",
              "non_striker": "EAJ Richardson",
              "runs": {
                "batter": 2,
                "extras": 0,
                "total": 2
              }
            },
            {
              "batter": "GH Lewis",
              "bowler": "S Siegers",
              "non_striker": "EAJ Richardson",
              "runs": {
                "batter": 1,
                "extras": 0,
                "total": 1
              }
            }
          ]
        },
        {
          "over": 15,
          "deliveries": [
            {
              "batter": "GH Lewis",
              "bowler": "EN Lynch",
              "non_striker": "EAJ Richardson",
              "runs": {
                "batter": 0,
                "extras": 0,
                "total": 0
              },
              "wickets": [
                {
                  "player_out": "GH Lewis",
                  "fielders": [
                    {
                      "name": "M Veringmeier"
                    }
                  ],
                  "kind": "caught"
                }
              ]
            },
            {
              "batter": "O Prendergast",
              "bowler": "EN Lynch",
              "non_striker": "EAJ Richardson",
              "runs": {
                "batter": 0,
                "extras": 0,
                "total": 0
              },
              "wickets": [
                {
                  "player_out": "O Prendergast",
                  "fielders": [
                    {
                      "name": "F Overdijk"
                    }
                  ],
                  "kind": "caught"
                }
              ]
            },
            {
              "batter": "EAJ Richardson",
              "bowler": "EN Lynch",
              "non_striker": "L Maritz",
              "runs": {
                "batter": 0,
                "extras": 0,
                "total": 0
              }
            },
            {
              "batter": "EAJ Richardson",
              "bowler": "EN Lynch",
              "extras": {
                "wides": 1
              },
              "non_striker": "L Maritz",
              "runs": {
                "batter": 0,
                "extras": 1,
                "total": 1
              }
            },
            {
              "batter": "EAJ Richardson",
              "bowler": "EN Lynch",
              "extras": {
                "wides": 1
              },
              "non_striker": "L Maritz",
              "runs": {
                "batter": 0,
                "extras": 1,
                "total": 1
              }
            },
            {
              "batter": "EAJ Richardson",
              "bowler": "EN Lynch",
              "non_striker": "L Maritz",
              "runs": {
                "batter": 0,
                "extras": 0,
                "total": 0
              }
            },
            {
              "batter": "EAJ Richardson",
              "bowler": "EN Lynch",
              "non_striker": "L Maritz",
              "runs": {
                "batter": 0,
                "extras": 0,
                "total": 0
              }
            },
            {
              "batter": "EAJ Richardson",
              "bowler": "EN Lynch",
              "non_striker": "L Maritz",
              "runs": {
                "batter": 0,
                "extras": 0,
                "total": 0
              }
            }
          ]
        },
        {
          "over": 16,
          "deliveries": [
            {
              "batter": "L Maritz",
              "bowler": "S Siegers",
              "non_striker": "EAJ Richardson",
              "runs": {
                "batter": 0,
                "extras": 0,
                "total": 0
              }
            },
            {
              "batter": "L Maritz",
              "bowler": "S Siegers",
              "non_striker": "EAJ Richardson",
              "runs": {
                "batter": 0,
                "extras": 0,
                "total": 0
              }
            },
            {
              "batter": "L Maritz",
              "bowler": "S Siegers",
              "non_striker": "EAJ Richardson",
              "runs": {
                "batter": 0,
                "extras": 0,
                "total": 0
              },
              "wickets": [
                {
                  "player_out": "L Maritz",
                  "kind": "bowled"
                }
              ]
            },
            {
              "batter": "S MacMahon",
              "bowler": "S Siegers",
              "non_striker": "EAJ Richardson",
              "runs": {
                "batter": 1,
                "extras": 0,
                "total": 1
              }
            },
            {
              "batter": "EAJ Richardson",
              "bowler": "S Siegers",
              "non_striker": "S MacMahon",
              "runs": {
                "batter": 2,
                "extras": 0,
                "total": 2
              }
            },
            {
              "batter": "EAJ Richardson",
              "bowler": "S Siegers",
              "non_striker": "S MacMahon",
              "runs": {
                "batter": 2,
                "extras": 0,
                "total": 2
              }
            }
          ]
        },
        {
          "over": 17,
          "deliveries": [
            {
              "batter": "S MacMahon",
              "bowler": "EN Lynch",
              "non_striker": "EAJ Richardson",
              "runs": {
                "batter": 4,
                "extras": 0,
                "total": 4
              }
            },
            {
              "batter": "S MacMahon",
              "bowler": "EN Lynch",
              "non_striker": "EAJ Richardson",
              "runs": {
                "batter": 1,
                "extras": 0,
                "total": 1
              }
            },
            {
              "batter": "EAJ Richardson",
              "bowler": "EN Lynch",
              "non_striker": "S MacMahon",
              "runs": {
                "batter": 2,
                "extras": 0,
                "total": 2
              }
            },
            {
              "batter": "EAJ Richardson",
              "bowler": "EN Lynch",
              "non_striker": "S MacMahon",
              "runs": {
                "batter": 0,
                "extras": 0,
                "total": 0
              }
            },
            {
              "batter": "EAJ Richardson",
              "bowler": "EN Lynch",
              "non_striker": "S MacMahon",
              "runs": {
                "batter": 1,
                "extras": 0,
                "total": 1
              }
            },
            {
              "batter": "S MacMahon",
              "bowler": "EN Lynch",
              "non_striker": "EAJ Richardson",
              "runs": {
                "batter": 0,
                "extras": 0,
                "total": 0
              },
              "wickets": [
                {
                  "player_out": "S MacMahon",
                  "kind": "bowled"
                }
              ]
            }
          ]
        },
        {
          "over": 18,
          "deliveries": [
            {
              "batter": "EAJ Richardson",
              "bowler": "S Siegers",
              "non_striker": "MV Waldron",
              "runs": {
                "batter": 1,
                "extras": 0,
                "total": 1
              }
            },
            {
              "batter": "MV Waldron",
              "bowler": "S Siegers",
              "non_striker": "EAJ Richardson",
              "runs": {
                "batter": 0,
                "extras": 0,
                "total": 0
              }
            },
            {
              "batter": "MV Waldron",
              "bowler": "S Siegers",
              "non_striker": "EAJ Richardson",
              "runs": {
                "batter": 1,
                "extras": 0,
                "total": 1
              }
            },
            {
              "batter": "EAJ Richardson",
              "bowler": "S Siegers",
              "non_striker": "MV Waldron",
              "runs": {
                "batter": 1,
                "extras": 0,
                "total": 1
              }
            },
            {
              "batter": "MV Waldron",
              "bowler": "S Siegers",
              "extras": {
                "legbyes": 1
              },
              "non_striker": "EAJ Richardson",
              "runs": {
                "batter": 0,
                "extras": 1,
                "total": 1
              }
            },
            {
              "batter": "EAJ Richardson",
              "bowler": "S Siegers",
              "non_striker": "MV Waldron",
              "runs": {
                "batter": 1,
                "extras": 0,
                "total": 1
              }
            }
          ]
        },
        {
          "over": 19,
          "deliveries": [
            {
              "batter": "EAJ Richardson",
              "bowler": "EN Lynch",
              "non_striker": "MV Waldron",
              "runs": {
                "batter": 6,
                "extras": 0,
                "total": 6
              }
            },
            {
              "batter": "EAJ Richardson",
              "bowler": "EN Lynch",
              "non_striker": "MV Waldron",
              "runs": {
                "batter": 2,
                "extras": 0,
                "total": 2
              }
            },
            {
              "batter": "EAJ Richardson",
              "bowler": "EN Lynch",
              "non_striker": "MV Waldron",
              "runs": {
                "batter": 0,
                "extras": 0,
                "total": 0
              },
              "wickets": [
                {
                  "player_out": "EAJ Richardson",
                  "kind": "bowled"
                }
              ]
            },
            {
              "batter": "C Murray",
              "bowler": "EN Lynch",
              "non_striker": "MV Waldron",
              "runs": {
                "batter": 1,
                "extras": 0,
                "total": 1
              }
            },
            {
              "batter": "MV Waldron",
              "bowler": "EN Lynch",
              "non_striker": "C Murray",
              "runs": {
                "batter": 1,
                "extras": 0,
                "total": 1
              }
            },
            {
              "batter": "C Murray",
              "bowler": "EN Lynch",
              "non_striker": "MV Waldron",
              "runs": {
                "batter": 1,
                "extras": 0,
                "total": 1
              },
              "wickets": [
                {
                  "player_out": "C Murray",
                  "kind": "run out"
                }
              ]
            }
          ]
        }
      ],
      "powerplays": [
        {
          "from": 0.1,
          "to": 5.7,
          "type": "mandatory"
        }
      ]
    },
    {
      "team": "Netherlands",
      "overs": [
        {
          "over": 0,
          "deliveries": [
            {
              "batter": "B de Leede",
              "bowler": "A Canning",
              "non_striker": "HDJ Siegers",
              "runs": {
                "batter": 0,
                "extras": 0,
                "total": 0
              }
            },
            {
              "batter": "B de Leede",
              "bowler": "A Canning",
              "non_striker": "HDJ Siegers",
              "runs": {
                "batter": 1,
                "extras": 0,
                "total": 1
              }
            },
            {
              "batter": "HDJ Siegers",
              "bowler": "A Canning",
              "non_striker": "B de Leede",
              "runs": {
                "batter": 1,
                "extras": 0,
                "total": 1
              }
            },
            {
              "batter": "B de Leede",
              "bowler": "A Canning",
              "extras": {
                "wides": 1
              },
              "non_striker": "HDJ Siegers",
              "runs": {
                "batter": 0,
                "extras": 1,
                "total": 1
              }
            },
            {
              "batter": "B de Leede",
              "bowler": "A Canning",
              "non_striker": "HDJ Siegers",
              "runs": {
                "batter": 0,
                "extras": 0,
                "total": 0
              }
            },
            {
              "batter": "B de Leede",
              "bowler": "A Canning",
              "non_striker": "HDJ Siegers",
              "runs": {
                "batter": 0,
                "extras": 0,
                "total": 0
              }
            },
            {
              "batter": "B de Leede",
              "bowler": "A Canning",
              "non_striker": "HDJ Siegers",
              "runs": {
                "batter": 0,
                "extras": 0,
                "total": 0
              }
            }
          ]
        },
        {
          "over": 1,
          "deliveries": [
            {
              "batter": "HDJ Siegers",
              "bowler": "O Prendergast",
              "non_striker": "B de Leede",
              "runs": {
                "batter": 4,
                "extras": 0,
                "total": 4
              }
            },
            {
              "batter": "HDJ Siegers",
              "bowler": "O Prendergast",
              "non_striker": "B de Leede",
              "runs": {
                "batter": 0,
                "extras": 0,
                "total": 0
              }
            },
            {
              "batter": "HDJ Siegers",
              "bowler": "O Prendergast",
              "non_striker": "B de Leede",
              "runs": {
                "batter": 0,
                "extras": 0,
                "total": 0
              }
            },
            {
              "batter": "HDJ Siegers",
              "bowler": "O Prendergast",
              "non_striker": "B de Leede",
              "runs": {
                "batter": 0,
                "extras": 0,
                "total": 0
              }
            },
            {
              "batter": "HDJ Siegers",
              "bowler": "O Prendergast",
              "non_striker": "B de Leede",
              "runs": {
                "batter": 1,
                "extras": 0,
                "total": 1
              }
            },
            {
              "batter": "B de Leede",
              "bowler": "O Prendergast",
              "non_striker": "HDJ Siegers",
              "runs": {
                "batter": 1,
                "extras": 0,
                "total": 1
              }
            }
          ]
        },
        {
          "over": 2,
          "deliveries": [
            {
              "batter": "B de Leede",
              "bowler": "A Canning",
              "non_striker": "HDJ Siegers",
              "runs": {
                "batter": 1,
                "extras": 0,
                "total": 1
              }
            },
            {
              "batter": "HDJ Siegers",
              "bowler": "A Canning",
              "non_striker": "B de Leede",
              "runs": {
                "batter": 0,
                "extras": 0,
                "total": 0
              }
            },
            {
              "batter": "HDJ Siegers",
              "bowler": "A Canning",
              "non_striker": "B de Leede",
              "runs": {
                "batter": 0,
                "extras": 0,
                "total": 0
              },
              "wickets": [
                {
                  "player_out": "HDJ Siegers",
                  "fielders": [
                    {
                      "name": "EAJ Richardson"
                    }
                  ],
                  "kind": "caught"
                }
              ]
            },
            {
              "batter": "R Rijke",
              "bowler": "A Canning",
              "non_striker": "B de Leede",
              "runs": {
                "batter": 0,
                "extras": 0,
                "total": 0
              }
            },
            {
              "batter": "R Rijke",
              "bowler": "A Canning",
              "non_striker": "B de Leede",
              "runs": {
                "batter": 0,
                "extras": 0,
                "total": 0
              }
            },
            {
              "batter": "R Rijke",
              "bowler": "A Canning",
              "non_striker": "B de Leede",
              "runs": {
                "batter": 0,
                "extras": 0,
                "total": 0
              }
            }
          ]
        },
        {
          "over": 3,
          "deliveries": [
            {
              "batter": "B de Leede",
              "bowler": "O Prendergast",
              "non_striker": "R Rijke",
              "runs": {
                "batter": 0,
                "extras": 0,
                "total": 0
              }
            },
            {
              "batter": "B de Leede",
              "bowler": "O Prendergast",
              "non_striker": "R Rijke",
              "runs": {
                "batter": 1,
                "extras": 0,
                "total": 1
              }
            },
            {
              "batter": "R Rijke",
              "bowler": "O Prendergast",
              "non_striker": "B de Leede",
              "runs": {
                "batter": 1,
                "extras": 0,
                "total": 1
              }
            },
            {
              "batter": "B de Leede",
              "bowler": "O Prendergast",
              "non_striker": "R Rijke",
              "runs": {
                "batter": 0,
                "extras": 0,
                "total": 0
              }
            },
            {
              "batter": "B de Leede",
              "bowler": "O Prendergast",
              "non_striker": "R Rijke",
              "runs": {
                "batter": 0,
                "extras": 0,
                "total": 0
              }
            },
            {
              "batter": "B de Leede",
              "bowler": "O Prendergast",
              "non_striker": "R Rijke",
              "runs": {
                "batter": 0,
                "extras": 0,
                "total": 0
              }
            }
          ]
        },
        {
          "over": 4,
          "deliveries": [
            {
              "batter": "R Rijke",
              "bowler": "A Canning",
              "non_striker": "B de Leede",
              "runs": {
                "batter": 0,
                "extras": 0,
                "total": 0
              }
            },
            {
              "batter": "R Rijke",
              "bowler": "A Canning",
              "non_striker": "B de Leede",
              "runs": {
                "batter": 2,
                "extras": 0,
                "total": 2
              }
            },
            {
              "batter": "R Rijke",
              "bowler": "A Canning",
              "non_striker": "B de Leede",
              "runs": {
                "batter": 0,
                "extras": 0,
                "total": 0
              }
            },
            {
              "batter": "R Rijke",
              "bowler": "A Canning",
              "non_striker": "B de Leede",
              "runs": {
                "batter": 0,
                "extras": 0,
                "total": 0
              }
            },
            {
              "batter": "R Rijke",
              "bowler": "A Canning",
              "non_striker": "B de Leede",
              "runs": {
                "batter": 0,
                "extras": 0,
                "total": 0
              }
            },
            {
              "batter": "R Rijke",
              "bowler": "A Canning",
              "non_striker": "B de Leede",
              "runs": {
                "batter": 6,
                "extras": 0,
                "total": 6
              }
            }
          ]
        },
        {
          "over": 5,
          "deliveries": [
            {
              "batter": "B de Leede",
              "bowler": "O Prendergast",
              "extras": {
                "wides": 1
              },
              "non_striker": "R Rijke",
              "runs": {
                "batter": 0,
                "extras": 1,
                "total": 1
              }
            },
            {
              "batter": "B de Leede",
              "bowler": "O Prendergast",
              "extras": {
                "wides": 1
              },
              "non_striker": "R Rijke",
              "runs": {
                "batter": 0,
                "extras": 1,
                "total": 1
              }
            },
            {
              "batter": "B de Leede",
              "bowler": "O Prendergast",
              "non_striker": "R Rijke",
              "runs": {
                "batter": 0,
                "extras": 0,
                "total": 0
              }
            },
            {
              "batter": "B de Leede",
              "bowler": "O Prendergast",
              "non_striker": "R Rijke",
              "runs": {
                "batter": 0,
                "extras": 0,
                "total": 0
              }
            },
            {
              "batter": "B de Leede",
              "bowler": "O Prendergast",
              "non_striker": "R Rijke",
              "runs": {
                "batter": 1,
                "extras": 0,
                "total": 1
              }
            },
            {
              "batter": "R Rijke",
              "bowler": "O Prendergast",
              "non_striker": "B de Leede",
              "runs": {
                "batter": 0,
                "extras": 0,
                "total": 0
              }
            },
            {
              "batter": "R Rijke",
              "bowler": "O Prendergast",
              "non_striker": "B de Leede",
              "runs": {
                "batter": 0,
                "extras": 0,
                "total": 0
              }
            },
            {
              "batter": "R Rijke",
              "bowler": "O Prendergast",
              "non_striker": "B de Leede",
              "runs": {
                "batter": 0,
                "extras": 0,
                "total": 0
              }
            }
          ]
        },
        {
          "over": 6,
          "deliveries": [
            {
              "batter": "B de Leede",
              "bowler": "A Canning",
              "non_striker": "R Rijke",
              "runs": {
                "batter": 2,
                "extras": 0,
                "total": 2
              }
            },
            {
              "batter": "B de Leede",
              "bowler": "A Canning",
              "non_striker": "R Rijke",
              "runs": {
                "batter": 0,
                "extras": 0,
                "total": 0
              }
            },
            {
              "batter": "B de Leede",
              "bowler": "A Canning",
              "non_striker": "R Rijke",
              "runs": {
                "batter": 0,
                "extras": 0,
                "total": 0
              }
            },
            {
              "batter": "B de Leede",
              "bowler": "A Canning",
              "non_striker": "R Rijke",
              "runs": {
                "batter": 0,
                "extras": 0,
                "total": 0
              }
            },
            {
              "batter": "B de Leede",
              "bowler": "A Canning",
              "non_striker": "R Rijke",
              "runs": {
                "batter": 0,
                "extras": 0,
                "total": 0
              }
            },
            {
              "batter": "B de Leede",
              "bowler": "A Canning",
              "non_striker": "R Rijke",
              "runs": {
                "batter": 0,
                "extras": 0,
                "total": 0
              }
            }
          ]
        },
        {
          "over": 7,
          "deliveries": [
            {
              "batter": "R Rijke",
              "bowler": "EAJ Richardson",
              "non_striker": "B de Leede",
              "runs": {
                "batter": 1,
                "extras": 0,
                "total": 1
              }
            },
            {
              "batter": "B de Leede",
              "bowler": "EAJ Richardson",
              "non_striker": "R Rijke",
              "runs": {
                "batter": 0,
                "extras": 0,
                "total": 0
              }
            },
            {
              "batter": "B de Leede",
              "bowler": "EAJ Richardson",
              "non_striker": "R Rijke",
              "runs": {
                "batter": 1,
                "extras": 0,
                "total": 1
              }
            },
            {
              "batter": "R Rijke",
              "bowler": "EAJ Richardson",
              "non_striker": "B de Leede",
              "runs": {
                "batter": 2,
                "extras": 0,
                "total": 2
              }
            },
            {
              "batter": "R Rijke",
              "bowler": "EAJ Richardson",
              "extras": {
                "wides": 1
              },
              "non_striker": "B de Leede",
              "runs": {
                "batter": 0,
                "extras": 1,
                "total": 1
              }
            },
            {
              "batter": "R Rijke",
              "bowler": "EAJ Richardson",
              "non_striker": "B de Leede",
              "runs": {
                "batter": 0,
                "extras": 0,
                "total": 0
              }
            },
            {
              "batter": "R Rijke",
              "bowler": "EAJ Richardson",
              "non_striker": "B de Leede",
              "runs": {
                "batter": 1,
                "extras": 0,
                "total": 1
              }
            }
          ]
        },
        {
          "over": 8,
          "deliveries": [
            {
              "batter": "R Rijke",
              "bowler": "L Delany",
              "non_striker": "B de Leede",
              "runs": {
                "batter": 0,
                "extras": 0,
                "total": 0
              }
            },
            {
              "batter": "R Rijke",
              "bowler": "L Delany",
              "non_striker": "B de Leede",
              "runs": {
                "batter": 0,
                "extras": 0,
                "total": 0
              }
            },
            {
              "batter": "R Rijke",
              "bowler": "L Delany",
              "non_striker": "B de Leede",
              "runs": {
                "batter": 0,
                "extras": 0,
                "total": 0
              }
            },
            {
              "batter": "R Rijke",
              "bowler": "L Delany",
              "non_striker": "B de Leede",
              "runs": {
                "batter": 4,
                "extras": 0,
                "total": 4
              }
            },
            {
              "batter": "R Rijke",
              "bowler": "L Delany",
              "non_striker": "B de Leede",
              "runs": {
                "batter": 0,
                "extras": 0,
                "total": 0
              }
            },
            {
              "batter": "R Rijke",
              "bowler": "L Delany",
              "non_striker": "B de Leede",
              "runs": {
                "batter": 0,
                "extras": 0,
                "total": 0
              }
            }
          ]
        },
        {
          "over": 9,
          "deliveries": [
            {
              "batter": "B de Leede",
              "bowler": "EAJ Richardson",
              "non_striker": "R Rijke",
              "runs": {
                "batter": 0,
                "extras": 0,
                "total": 0
              }
            },
            {
              "batter": "B de Leede",
              "bowler": "EAJ Richardson",
              "non_striker": "R Rijke",
              "runs": {
                "batter": 1,
                "extras": 0,
                "total": 1
              }
            },
            {
              "batter": "R Rijke",
              "bowler": "EAJ Richardson",
              "non_striker": "B de Leede",
              "runs": {
                "batter": 0,
                "extras": 0,
                "total": 0
              }
            },
            {
              "batter": "R Rijke",
              "bowler": "EAJ Richardson",
              "non_striker": "B de Leede",
              "runs": {
                "batter": 0,
                "extras": 0,
                "total": 0
              }
            },
            {
              "batter": "R Rijke",
              "bowler": "EAJ Richardson",
              "non_striker": "B de Leede",
              "runs": {
                "batter": 0,
                "extras": 0,
                "total": 0
              }
            },
            {
              "batter": "R Rijke",
              "bowler": "EAJ Richardson",
              "non_striker": "B de Leede",
              "runs": {
                "batter": 0,
                "extras": 0,
                "total": 0
              }
            }
          ]
        },
        {
          "over": 10,
          "deliveries": [
            {
              "batter": "B de Leede",
              "bowler": "L Delany",
              "non_striker": "R Rijke",
              "runs": {
                "batter": 1,
                "extras": 0,
                "total": 1
              }
            },
            {
              "batter": "R Rijke",
              "bowler": "L Delany",
              "non_striker": "B de Leede",
              "runs": {
                "batter": 4,
                "extras": 0,
                "total": 4
              }
            },
            {
              "batter": "R Rijke",
              "bowler": "L Delany",
              "non_striker": "B de Leede",
              "runs": {
                "batter": 0,
                "extras": 0,
                "total": 0
              }
            },
            {
              "batter": "R Rijke",
              "bowler": "L Delany",
              "non_striker": "B de Leede",
              "runs": {
                "batter": 1,
                "extras": 0,
                "total": 1
              }
            },
            {
              "batter": "B de Leede",
              "bowler": "L Delany",
              "non_striker": "R Rijke",
              "runs": {
                "batter": 0,
                "extras": 0,
                "total": 0
              }
            },
            {
              "batter": "B de Leede",
              "bowler": "L Delany",
              "non_striker": "R Rijke",
              "runs": {
                "batter": 0,
                "extras": 0,
                "total": 0
              }
            }
          ]
        },
        {
          "over": 11,
          "deliveries": [
            {
              "batter": "R Rijke",
              "bowler": "EAJ Richardson",
              "non_striker": "B de Leede",
              "runs": {
                "batter": 1,
                "extras": 0,
                "total": 1
              }
            },
            {
              "batter": "B de Leede",
              "bowler": "EAJ Richardson",
              "non_striker": "R Rijke",
              "runs": {
                "batter": 1,
                "extras": 0,
                "total": 1
              }
            },
            {
              "batter": "R Rijke",
              "bowler": "EAJ Richardson",
              "non_striker": "B de Leede",
              "runs": {
                "batter": 2,
                "extras": 0,
                "total": 2
              }
            },
            {
              "batter": "R Rijke",
              "bowler": "EAJ Richardson",
              "non_striker": "B de Leede",
              "runs": {
                "batter": 2,
                "extras": 0,
                "total": 2
              }
            },
            {
              "batter": "R Rijke",
              "bowler": "EAJ Richardson",
              "non_striker": "B de Leede",
              "runs": {
                "batter": 1,
                "extras": 0,
                "total": 1
              }
            },
            {
              "batter": "B de Leede",
              "bowler": "EAJ Richardson",
              "non_striker": "R Rijke",
              "runs": {
                "batter": 1,
                "extras": 0,
                "total": 1
              }
            }
          ]
        },
        {
          "over": 12,
          "deliveries": [
            {
              "batter": "B de Leede",
              "bowler": "L Delany",
              "non_striker": "R Rijke",
              "runs": {
                "batter": 0,
                "extras": 0,
                "total": 0
              },
              "wickets": [
                {
                  "player_out": "B de Leede",
                  "kind": "bowled"
                }
              ]
            },
            {
              "batter": "M Veringmeier",
              "bowler": "L Delany",
              "non_striker": "R Rijke",
              "runs": {
                "batter": 0,
                "extras": 0,
                "total": 0
              }
            },
            {
              "batter": "M Veringmeier",
              "bowler": "L Delany",
              "non_striker": "R Rijke",
              "runs": {
                "batter": 0,
                "extras": 0,
                "total": 0
              }
            },
            {
              "batter": "M Veringmeier",
              "bowler": "L Delany",
              "non_striker": "R Rijke",
              "runs": {
                "batter": 0,
                "extras": 0,
                "total": 0
              }
            },
            {
              "batter": "M Veringmeier",
              "bowler": "L Delany",
              "non_striker": "R Rijke",
              "runs": {
                "batter": 1,
                "extras": 0,
                "total": 1
              }
            },
            {
              "batter": "R Rijke",
              "bowler": "L Delany",
              "non_striker": "M Veringmeier",
              "runs": {
                "batter": 4,
                "extras": 0,
                "total": 4
              }
            }
          ]
        },
        {
          "over": 13,
          "deliveries": [
            {
              "batter": "M Veringmeier",
              "bowler": "C Murray",
              "non_striker": "R Rijke",
              "runs": {
                "batter": 1,
                "extras": 0,
                "total": 1
              }
            },
            {
              "batter": "R Rijke",
              "bowler": "C Murray",
              "non_striker": "M Veringmeier",
              "runs": {
                "batter": 0,
                "extras": 0,
                "total": 0
              },
              "wickets": [
                {
                  "player_out": "R Rijke",
                  "fielders": [
                    {
                      "name": "O Prendergast"
                    }
                  ],
                  "kind": "caught"
                }
              ]
            },
            {
              "batter": "M Veringmeier",
              "bowler": "C Murray",
              "non_striker": "J Post",
              "runs": {
                "batter": 0,
                "extras": 0,
                "total": 0
              },
              "wickets": [
                {
                  "player_out": "M Veringmeier",
                  "fielders": [
                    {
                      "name": "R Stokell"
                    }
                  ],
                  "kind": "caught"
                }
              ]
            },
            {
              "batter": "J Post",
              "bowler": "C Murray",
              "non_striker": "F Overdijk",
              "runs": {
                "batter": 1,
                "extras": 0,
                "total": 1
              }
            },
            {
              "batter": "F Overdijk",
              "bowler": "C Murray",
              "non_striker": "J Post",
              "runs": {
                "batter": 0,
                "extras": 0,
                "total": 0
              }
            },
            {
              "batter": "F Overdijk",
              "bowler": "C Murray",
              "non_striker": "J Post",
              "runs": {
                "batter": 0,
                "extras": 0,
                "total": 0
              },
              "wickets": [
                {
                  "player_out": "F Overdijk",
                  "kind": "bowled"
                }
              ]
            }
          ]
        },
        {
          "over": 14,
          "deliveries": [
            {
              "batter": "J Post",
              "bowler": "L Delany",
              "non_striker": "IJR Zwilling",
              "runs": {
                "batter": 0,
                "extras": 0,
                "total": 0
              }
            },
            {
              "batter": "J Post",
              "bowler": "L Delany",
              "non_striker": "IJR Zwilling",
              "runs": {
                "batter": 1,
                "extras": 0,
                "total": 1
              }
            },
            {
              "batter": "IJR Zwilling",
              "bowler": "L Delany",
              "non_striker": "J Post",
              "runs": {
                "batter": 1,
                "extras": 0,
                "total": 1
              }
            },
            {
              "batter": "J Post",
              "bowler": "L Delany",
              "non_striker": "IJR Zwilling",
              "runs": {
                "batter": 0,
                "extras": 0,
                "total": 0
              },
              "wickets": [
                {
                  "player_out": "J Post",
                  "kind": "bowled"
                }
              ]
            },
            {
              "batter": "EN Lynch",
              "bowler": "L Delany",
              "non_striker": "IJR Zwilling",
              "runs": {
                "batter": 0,
                "extras": 0,
                "total": 0
              },
              "wickets": [
                {
                  "player_out": "EN Lynch",
                  "kind": "bowled"
                }
              ]
            },
            {
              "batter": "C de Lange",
              "bowler": "L Delany",
              "non_striker": "IJR Zwilling",
              "runs": {
                "batter": 0,
                "extras": 0,
                "total": 0
              }
            }
          ]
        },
        {
          "over": 15,
          "deliveries": [
            {
              "batter": "IJR Zwilling",
              "bowler": "C Murray",
              "non_striker": "C de Lange",
              "runs": {
                "batter": 0,
                "extras": 0,
                "total": 0
              }
            },
            {
              "batter": "IJR Zwilling",
              "bowler": "C Murray",
              "non_striker": "C de Lange",
              "runs": {
                "batter": 0,
                "extras": 0,
                "total": 0
              }
            },
            {
              "batter": "IJR Zwilling",
              "bowler": "C Murray",
              "non_striker": "C de Lange",
              "runs": {
                "batter": 0,
                "extras": 0,
                "total": 0
              }
            },
            {
              "batter": "IJR Zwilling",
              "bowler": "C Murray",
              "extras": {
                "legbyes": 1
              },
              "non_striker": "C de Lange",
              "runs": {
                "batter": 0,
                "extras": 1,
                "total": 1
              }
            },
            {
              "batter": "C de Lange",
              "bowler": "C Murray",
              "non_striker": "IJR Zwilling",
              "runs": {
                "batter": 1,
                "extras": 0,
                "total": 1
              }
            },
            {
              "batter": "IJR Zwilling",
              "bowler": "C Murray",
              "non_striker": "C de Lange",
              "runs": {
                "batter": 1,
                "extras": 0,
                "total": 1
              }
            }
          ]
        },
        {
          "over": 16,
          "deliveries": [
            {
              "batter": "IJR Zwilling",
              "bowler": "EAJ Richardson",
              "non_striker": "C de Lange",
              "runs": {
                "batter": 1,
                "extras": 0,
                "total": 1
              }
            },
            {
              "batter": "C de Lange",
              "bowler": "EAJ Richardson",
              "non_striker": "IJR Zwilling",
              "runs": {
                "batter": 0,
                "extras": 0,
                "total": 0
              },
              "wickets": [
                {
                  "player_out": "C de Lange",
                  "kind": "bowled"
                }
              ]
            },
            {
              "batter": "S Siegers",
              "bowler": "EAJ Richardson",
              "non_striker": "IJR Zwilling",
              "runs": {
                "batter": 1,
                "extras": 0,
                "total": 1
              }
            },
            {
              "batter": "IJR Zwilling",
              "bowler": "EAJ Richardson",
              "non_striker": "S Siegers",
              "runs": {
                "batter": 1,
                "extras": 0,
                "total": 1
              }
            },
            {
              "batter": "S Siegers",
              "bowler": "EAJ Richardson",
              "non_striker": "IJR Zwilling",
              "runs": {
                "batter": 0,
                "extras": 0,
                "total": 0
              }
            },
            {
              "batter": "S Siegers",
              "bowler": "EAJ Richardson",
              "non_striker": "IJR Zwilling",
              "runs": {
                "batter": 4,
                "extras": 0,
                "total": 4
              }
            }
          ]
        },
        {
          "over": 17,
          "deliveries": [
            {
              "batter": "IJR Zwilling",
              "bowler": "L Paul",
              "non_striker": "S Siegers",
              "runs": {
                "batter": 1,
                "extras": 0,
                "total": 1
              }
            },
            {
              "batter": "S Siegers",
              "bowler": "L Paul",
              "non_striker": "IJR Zwilling",
              "runs": {
                "batter": 0,
                "extras": 0,
                "total": 0
              }
            },
            {
              "batter": "S Siegers",
              "bowler": "L Paul",
              "non_striker": "IJR Zwilling",
              "runs": {
                "batter": 1,
                "extras": 0,
                "total": 1
              }
            },
            {
              "batter": "IJR Zwilling",
              "bowler": "L Paul",
              "non_striker": "S Siegers",
              "runs": {
                "batter": 0,
                "extras": 0,
                "total": 0
              }
            },
            {
              "batter": "IJR Zwilling",
              "bowler": "L Paul",
              "non_striker": "S Siegers",
              "runs": {
                "batter": 4,
                "extras": 0,
                "total": 4
              }
            },
            {
              "batter": "IJR Zwilling",
              "bowler": "L Paul",
              "non_striker": "S Siegers",
              "runs": {
                "batter": 0,
                "extras": 0,
                "total": 0
              }
            }
          ]
        },
        {
          "over": 18,
          "deliveries": [
            {
              "batter": "S Siegers",
              "bowler": "C Murray",
              "non_striker": "IJR Zwilling",
              "runs": {
                "batter": 0,
                "extras": 0,
                "total": 0
              }
            },
            {
              "batter": "S Siegers",
              "bowler": "C Murray",
              "non_striker": "IJR Zwilling",
              "runs": {
                "batter": 0,
                "extras": 0,
                "total": 0
              },
              "wickets": [
                {
                  "player_out": "IJR Zwilling",
                  "kind": "run out"
                }
              ]
            },
            {
              "batter": "DM Braat",
              "bowler": "C Murray",
              "non_striker": "S Siegers",
              "runs": {
                "batter": 1,
                "extras": 0,
                "total": 1
              }
            },
            {
              "batter": "S Siegers",
              "bowler": "C Murray",
              "extras": {
                "wides": 1
              },
              "non_striker": "DM Braat",
              "runs": {
                "batter": 0,
                "extras": 1,
                "total": 1
              }
            },
            {
              "batter": "S Siegers",
              "bowler": "C Murray",
              "non_striker": "DM Braat",
              "runs": {
                "batter": 2,
                "extras": 0,
                "total": 2
              }
            },
            {
              "batter": "S Siegers",
              "bowler": "C Murray",
              "non_striker": "DM Braat",
              "runs": {
                "batter": 0,
                "extras": 0,
                "total": 0
              }
            },
            {
              "batter": "S Siegers",
              "bowler": "C Murray",
              "non_striker": "DM Braat",
              "runs": {
                "batter": 1,
                "extras": 0,
                "total": 1
              }
            }
          ]
        },
        {
          "over": 19,
          "deliveries": [
            {
              "batter": "S Siegers",
              "bowler": "L Paul",
              "non_striker": "DM Braat",
              "runs": {
                "batter": 1,
                "extras": 0,
                "total": 1
              }
            },
            {
              "batter": "DM Braat",
              "bowler": "L Paul",
              "non_striker": "S Siegers",
              "runs": {
                "batter": 1,
                "extras": 0,
                "total": 1
              }
            },
            {
              "batter": "S Siegers",
              "bowler": "L Paul",
              "non_striker": "DM Braat",
              "runs": {
                "batter": 1,
                "extras": 0,
                "total": 1
              }
            },
            {
              "batter": "DM Braat",
              "bowler": "L Paul",
              "extras": {
                "wides": 1
              },
              "non_striker": "S Siegers",
              "runs": {
                "batter": 0,
                "extras": 1,
                "total": 1
              }
            },
            {
              "batter": "DM Braat",
              "bowler": "L Paul",
              "non_striker": "S Siegers",
              "runs": {
                "batter": 1,
                "extras": 0,
                "total": 1
              }
            },
            {
              "batter": "S Siegers",
              "bowler": "L Paul",
              "non_striker": "DM Braat",
              "runs": {
                "batter": 1,
                "extras": 0,
                "total": 1
              }
            },
            {
              "batter": "DM Braat",
              "bowler": "L Paul",
              "non_striker": "S Siegers",
              "runs": {
                "batter": 1,
                "extras": 0,
                "total": 1
              }
            }
          ]
        }
      ],
      "powerplays": [
        {
          "from": 0.1,
          "to": 5.8,
          "type": "mandatory"
        }
      ],
      "target": {
        "overs": 20,
        "runs": 112
      }
    }
  ]
}