{
  "meta": {
    "data_version": "1.0.0",
    "created": "2021-08-26",
    "revision": 1
  },
  "info": {
    "balls_per_over": 6,
    "city": "Murcia",
    "dates": [
      "2021-08-26"
    ],
    "event": {
      "name": "ICC Women's T20 World Cup Europe Region Qualifier",
      "match_number": 1
    },
    "gender": "female",
    "match_type": "T20",
    "match_type_number": 929,
    "officials": {
      "match_referees": [
        "DT Jukes"
      ],
      "reserve_umpires": [
        "M Jameson"
      ],
      "umpires": [
        "DH Mclean",
        "Rizwan Akram"
      ]
    },
    "outcome": {
      "winner": "Scotland",
      "by": {
        "wickets": 6
      }
    },
    "overs": 20,
    "player_of_match": [
      "SJ Bryce"
    ],
    "players": {
      "Netherlands": [
        "B de Leede",
        "HDJ Siegers",
        "R Rijke",
        "M Veringmeier",
        "F Overdijk",
        "S Siegers",
        "J Post",
        "I van der Woning",
        "C de Lange",
        "EN Lynch",
        "IJR Zwilling"
      ],
      "Scotland": [
        "SJ Bryce",
        "L Jack",
        "KE Bryce",
        "K McGill",
        "M McColl",
        "A Aitken",
        "RS Glen",
        "K Fraser",
        "PA Chatterji",
        "AH Maqsood",
        "HRA Rainey"
      ]
    },
    "registry": {
      "people": {
        "A Aitken": "25c73eb6",
        "AH Maqsood": "f61e2829",
        "B de Leede": "b3020075",
        "C de Lange": "c6a019f5",
        "DH Mclean": "281d4749",
        "DT Jukes": "7c215d14",
        "EN Lynch": "4d35d0b3",
        "F Overdijk": "022745d5",
        "HDJ Siegers": "6d48df01",
        "HRA Rainey": "7027d12f",
        "I van der Woning": "5aa8574b",
        "IJR Zwilling": "47b32a5a",
        "J Post": "b58b1ae5",
        "K Fraser": "a0a65375",
        "K McGill": "bba7558e",
        "KE Bryce": "f13d3eba",
        "L Jack": "e565ceb7",
        "M Jameson": "bdf1ffe3",
        "M McColl": "d5fa2ab3",
        "M Veringmeier": "3733a317",
        "PA Chatterji": "8e7be59c",
        "R Rijke": "42e4b276",
        "RS Glen": "45c2db15",
        "Rizwan Akram": "b5346f1e",
        "S Siegers": "9a58f2c8",
        "SJ Bryce": "2ca65aee"
      }
    },
    "season": "2021",
    "team_type": "international",
    "teams": [
      "Netherlands",
      "Scotland"
    ],
    "toss": {
      "decision": "field",
      "winner": "Scotland"
    },
    "venue": "La Manga Club Top Ground"
  },
  "innings": [
    {
      "team": "Netherlands",
      "overs": [
        {
          "over": 0,
          "deliveries": [
            {
              "batter": "B de Leede",
              "bowler": "KE Bryce",
              "non_striker": "HDJ Siegers",
              "runs": {
                "batter": 0,
                "extras": 0,
                "total": 0
              }
            },
            {
              "batter": "B de Leede",
              "bowler": "KE Bryce",
              "non_striker": "HDJ Siegers",
              "runs": {
                "batter": 0,
                "extras": 0,
                "total": 0
              }
            },
            {
              "batter": "B de Leede",
              "bowler": "KE Bryce",
              "non_striker": "HDJ Siegers",
              "runs": {
                "batter": 0,
                "extras": 0,
                "total": 0
              }
            },
            {
              "batter": "B de Leede",
              "bowler": "KE Bryce",
              "non_striker": "HDJ Siegers",
              "runs": {
                "batter": 1,
                "extras": 0,
                "total": 1
              }
            },
            {
              "batter": "HDJ Siegers",
              "bowler": "KE Bryce",
              "non_striker": "B de Leede",
              "runs": {
                "batter": 0,
                "extras": 0,
                "total": 0
              }
            },
            {
              "batter": "HDJ Siegers",
              "bowler": "KE Bryce",
              "non_striker": "B de Leede",
              "runs": {
                "batter": 0,
                "extras": 0,
                "total": 0
              }
            }
          ]
        },
        {
          "over": 1,
          "deliveries": [
            {
              "batter": "B de Leede",
              "bowler": "PA Chatterji",
              "non_striker": "HDJ Siegers",
              "runs": {
                "batter": 0,
                "extras": 0,
                "total": 0
              }
            },
            {
              "batter": "B de Leede",
              "bowler": "PA Chatterji",
              "non_striker": "HDJ Siegers",
              "runs": {
                "batter": 0,
                "extras": 0,
                "total": 0
              }
            },
            {
              "batter": "B de Leede",
              "bowler": "PA Chatterji",
              "non_striker": "HDJ Siegers",
              "runs": {
                "batter": 0,
                "extras": 0,
                "total": 0
              }
            },
            {
              "batter": "B de Leede",
              "bowler": "PA Chatterji",
              "non_striker": "HDJ Siegers",
              "runs": {
                "batter": 0,
                "extras": 0,
                "total": 0
              }
            },
            {
              "batter": "B de Leede",
              "bowler": "PA Chatterji",
              "non_striker": "HDJ Siegers",
              "runs": {
                "batter": 0,
                "extras": 0,
                "total": 0
              }
            },
            {
              "batter": "B de Leede",
              "bowler": "PA Chatterji",
              "non_striker": "HDJ Siegers",
              "runs": {
                "batter": 0,
                "extras": 0,
                "total": 0
              }
            }
          ]
        },
        {
          "over": 2,
          "deliveries": [
            {
              "batter": "HDJ Siegers",
              "bowler": "KE Bryce",
              "non_striker": "B de Leede",
              "runs": {
                "batter": 0,
                "extras": 0,
                "total": 0
              }
            },
            {
              "batter": "HDJ Siegers",
              "bowler": "KE Bryce",
              "non_striker": "B de Leede",
              "runs": {
                "batter": 0,
                "extras": 0,
                "total": 0
              }
            },
            {
              "batter": "HDJ Siegers",
              "bowler": "KE Bryce",
              "non_striker": "B de Leede",
              "runs": {
                "batter": 4,
                "extras": 0,
                "total": 4
              }
            },
            {
              "batter": "HDJ Siegers",
              "bowler": "KE Bryce",
              "non_striker": "B de Leede",
              "runs": {
                "batter": 1,
                "extras": 0,
                "total": 1
              }
            },
            {
              "batter": "B de Leede",
              "bowler": "KE Bryce",
              "non_striker": "HDJ Siegers",
              "runs": {
                "batter": 0,
                "extras": 0,
                "total": 0
              }
            },
            {
              "batter": "B de Leede",
              "bowler": "KE Bryce",
              "non_striker": "HDJ Siegers",
              "runs": {
                "batter": 0,
                "extras": 0,
                "total": 0
              }
            }
          ]
        },
        {
          "over": 3,
          "deliveries": [
            {
              "batter": "HDJ Siegers",
              "bowler": "PA Chatterji",
              "non_striker": "B de Leede",
              "runs": {
                "batter": 0,
                "extras": 0,
                "total": 0
              }
            },
            {
              "batter": "HDJ Siegers",
              "bowler": "PA Chatterji",
              "non_striker": "B de Leede",
              "runs": {
                "batter": 1,
                "extras": 0,
                "total": 1
              }
            },
            {
              "batter": "B de Leede",
              "bowler": "PA Chatterji",
              "non_striker": "HDJ Siegers",
              "runs": {
                "batter": 0,
                "extras": 0,
                "total": 0
              }
            },
            {
              "batter": "B de Leede",
              "bowler": "PA Chatterji",
              "non_striker": "HDJ Siegers",
              "runs": {
                "batter": 0,
                "extras": 0,
                "total": 0
              }
            },
            {
              "batter": "B de Leede",
              "bowler": "PA Chatterji",
              "non_striker": "HDJ Siegers",
              "runs": {
                "batter": 1,
                "extras": 0,
                "total": 1
              }
            },
            {
              "batter": "HDJ Siegers",
              "bowler": "PA Chatterji",
              "non_striker": "B de Leede",
              "runs": {
                "batter": 0,
                "extras": 0,
                "total": 0
              }
            }
          ]
        },
        {
          "over": 4,
          "deliveries": [
            {
              "batter": "B de Leede",
              "bowler": "AH Maqsood",
              "non_striker": "HDJ Siegers",
              "runs": {
                "batter": 2,
                "extras": 0,
                "total": 2
              }
            },
            {
              "batter": "B de Leede",
              "bowler": "AH Maqsood",
              "non_striker": "HDJ Siegers",
              "runs": {
                "batter": 0,
                "extras": 0,
                "total": 0
              },
              "wickets": [
                {
                  "player_out": "B de Leede",
                  "fielders": [
                    {
                      "name": "SJ Bryce"
                    }
                  ],
                  "kind": "stumped"
                }
              ]
            },
            {
              "batter": "R Rijke",
              "bowler": "AH Maqsood",
              "non_striker": "HDJ Siegers",
              "runs": {
                "batter": 0,
                "extras": 0,
                "total": 0
              }
            },
            {
              "batter": "R Rijke",
              "bowler": "AH Maqsood",
              "non_striker": "HDJ Siegers",
              "runs": {
                "batter": 1,
                "extras": 0,
                "total": 1
              }
            },
            {
              "batter": "HDJ Siegers",
              "bowler": "AH Maqsood",
              "non_striker": "R Rijke",
              "runs": {
                "batter": 2,
                "extras": 0,
                "total": 2
              }
            },
            {
              "batter": "HDJ Siegers",
              "bowler": "AH Maqsood",
              "non_striker": "R Rijke",
              "runs": {
                "batter": 0,
                "extras": 0,
                "total": 0
              }
            }
          ]
        },
        {
          "over": 5,
          "deliveries": [
            {
              "batter": "R Rijke",
              "bowler": "PA Chatterji",
              "non_striker": "HDJ Siegers",
              "runs": {
                "batter": 0,
                "extras": 0,
                "total": 0
              }
            },
            {
              "batter": "R Rijke",
              "bowler": "PA Chatterji",
              "non_striker": "HDJ Siegers",
              "runs": {
                "batter": 0,
                "extras": 0,
                "total": 0
              }
            },
            {
              "batter": "R Rijke",
              "bowler": "PA Chatterji",
              "non_striker": "HDJ Siegers",
              "runs": {
                "batter": 0,
                "extras": 0,
                "total": 0
              }
            },
            {
              "batter": "R Rijke",
              "bowler": "PA Chatterji",
              "non_striker": "HDJ Siegers",
              "runs": {
                "batter": 4,
                "extras": 0,
                "total": 4
              }
            },
            {
              "batter": "R Rijke",
              "bowler": "PA Chatterji",
              "non_striker": "HDJ Siegers",
              "runs": {
                "batter": 0,
                "extras": 0,
                "total": 0
              }
            },
            {
              "batter": "R Rijke",
              "bowler": "PA Chatterji",
              "non_striker": "HDJ Siegers",
              "runs": {
                "batter": 0,
                "extras": 0,
                "total": 0
              }
            }
          ]
        },
        {
          "over": 6,
          "deliveries": [
            {
              "batter": "HDJ Siegers",
              "bowler": "AH Maqsood",
              "non_striker": "R Rijke",
              "runs": {
                "batter": 2,
                "extras": 0,
                "total": 2
              }
            },
            {
              "batter": "HDJ Siegers",
              "bowler": "AH Maqsood",
              "non_striker": "R Rijke",
              "runs": {
                "batter": 0,
                "extras": 0,
                "total": 0
              }
            },
            {
              "batter": "HDJ Siegers",
              "bowler": "AH Maqsood",
              "non_striker": "R Rijke",
              "runs": {
                "batter": 0,
                "extras": 0,
                "total": 0
              }
            },
            {
              "batter": "HDJ Siegers",
              "bowler": "AH Maqsood",
              "non_striker": "R Rijke",
              "runs": {
                "batter": 1,
                "extras": 0,
                "total": 1
              }
            },
            {
              "batter": "R Rijke",
              "bowler": "AH Maqsood",
              "non_striker": "HDJ Siegers",
              "runs": {
                "batter": 0,
                "extras": 0,
                "total": 0
              }
            },
            {
              "batter": "R Rijke",
              "bowler": "AH Maqsood",
              "non_striker": "HDJ Siegers",
              "runs": {
                "batter": 4,
                "extras": 0,
                "total": 4
              }
            }
          ]
        },
        {
          "over": 7,
          "deliveries": [
            {
              "batter": "HDJ Siegers",
              "bowler": "M McColl",
              "non_striker": "R Rijke",
              "runs": {
                "batter": 0,
                "extras": 0,
                "total": 0
              }
            },
            {
              "batter": "HDJ Siegers",
              "bowler": "M McColl",
              "non_striker": "R Rijke",
              "runs": {
                "batter": 0,
                "extras": 0,
                "total": 0
              }
            },
            {
              "batter": "HDJ Siegers",
              "bowler": "M McColl",
              "non_striker": "R Rijke",
              "runs": {
                "batter": 1,
                "extras": 0,
                "total": 1
              }
            },
            {
              "batter": "R Rijke",
              "bowler": "M McColl",
              "non_striker": "HDJ Siegers",
              "runs": {
                "batter": 0,
                "extras": 0,
                "total": 0
              }
            },
            {
              "batter": "R Rijke",
              "bowler": "M McColl",
              "non_striker": "HDJ Siegers",
              "runs": {
                "batter": 0,
                "extras": 0,
                "total": 0
              }
            },
            {
              "batter": "R Rijke",
              "bowler": "M McColl",
              "non_striker": "HDJ Siegers",
              "runs": {
                "batter": 4,
                "extras": 0,
                "total": 4
              }
            }
          ]
        },
        {
          "over": 8,
          "deliveries": [
            {
              "batter": "HDJ Siegers",
              "bowler": "HRA Rainey",
              "extras": {
                "legbyes": 1
              },
              "non_striker": "R Rijke",
              "runs": {
                "batter": 0,
                "extras": 1,
                "total": 1
              }
            },
            {
              "batter": "R Rijke",
              "bowler": "HRA Rainey",
              "non_striker": "HDJ Siegers",
              "runs": {
                "batter": 0,
                "extras": 0,
                "total": 0
              }
            },
            {
              "batter": "R Rijke",
              "bowler": "HRA Rainey",
              "non_striker": "HDJ Siegers",
              "runs": {
                "batter": 0,
                "extras": 0,
                "total": 0
              }
            },
            {
              "batter": "R Rijke",
              "bowler": "HRA Rainey",
              "non_striker": "HDJ Siegers",
              "runs": {
                "batter": 2,
                "extras": 0,
                "total": 2
              }
            },
            {
              "batter": "R Rijke",
              "bowler": "HRA Rainey",
              "non_striker": "HDJ Siegers",
              "runs": {
                "batter": 1,
                "extras": 0,
                "total": 1
              }
            },
            {
              "batter": "HDJ Siegers",
              "bowler": "HRA Rainey",
              "non_striker": "R Rijke",
              "runs": {
                "batter": 0,
                "extras": 0,
                "total": 0
              }
            }
          ]
        },
        {
          "over": 9,
          "deliveries": [
            {
              "batter": "R Rijke",
              "bowler": "K Fraser",
              "non_striker": "HDJ Siegers",
              "runs": {
                "batter": 0,
                "extras": 0,
                "total": 0
              }
            },
            {
              "batter": "R Rijke",
              "bowler": "K Fraser",
              "non_striker": "HDJ Siegers",
              "runs": {
                "batter": 1,
                "extras": 0,
                "total": 1
              }
            },
            {
              "batter": "HDJ Siegers",
              "bowler": "K Fraser",
              "non_striker": "R Rijke",
              "runs": {
                "batter": 4,
                "extras": 0,
                "total": 4
              }
            },
            {
              "batter": "HDJ Siegers",
              "bowler": "K Fraser",
              "non_striker": "R Rijke",
              "runs": {
                "batter": 1,
                "extras": 0,
                "total": 1
              }
            },
            {
              "batter": "R Rijke",
              "bowler": "K Fraser",
              "non_striker": "HDJ Siegers",
              "runs": {
                "batter": 1,
                "extras": 0,
                "total": 1
              }
            },
            {
              "batter": "HDJ Siegers",
              "bowler": "K Fraser",
              "non_striker": "R Rijke",
              "runs": {
                "batter": 1,
                "extras": 0,
                "total": 1
              }
            }
          ]
        },
        {
          "over": 10,
          "deliveries": [
            {
              "batter": "HDJ Siegers",
              "bowler": "AH Maqsood",
              "non_striker": "R Rijke",
              "runs": {
                "batter": 0,
                "extras": 0,
                "total": 0
              }
            },
            {
              "batter": "HDJ Siegers",
              "bowler": "AH Maqsood",
              "non_striker": "R Rijke",
              "runs": {
                "batter": 1,
                "extras": 0,
                "total": 1
              }
            },
            {
              "batter": "R Rijke",
              "bowler": "AH Maqsood",
              "non_striker": "HDJ Siegers",
              "runs": {
                "batter": 1,
                "extras": 0,
                "total": 1
              }
            },
            {
              "batter": "HDJ Siegers",
              "bowler": "AH Maqsood",
              "non_striker": "R Rijke",
              "runs": {
                "batter": 0,
                "extras": 0,
                "total": 0
              }
            },
            {
              "batter": "HDJ Siegers",
              "bowler": "AH Maqsood",
              "non_striker": "R Rijke",
              "runs": {
                "batter": 0,
                "extras": 0,
                "total": 0
              }
            },
            {
              "batter": "HDJ Siegers",
              "bowler": "AH Maqsood",
              "non_striker": "R Rijke",
              "runs": {
                "batter": 2,
                "extras": 0,
                "total": 2
              }
            }
          ]
        },
        {
          "over": 11,
          "deliveries": [
            {
              "batter": "R Rijke",
              "bowler": "K McGill",
              "non_striker": "HDJ Siegers",
              "runs": {
                "batter": 0,
                "extras": 0,
                "total": 0
              }
            },
            {
              "batter": "R Rijke",
              "bowler": "K McGill",
              "non_striker": "HDJ Siegers",
              "runs": {
                "batter": 1,
                "extras": 0,
                "total": 1
              }
            },
            {
              "batter": "HDJ Siegers",
              "bowler": "K McGill",
              "non_striker": "R Rijke",
              "runs": {
                "batter": 1,
                "extras": 0,
                "total": 1
              }
            },
            {
              "batter": "R Rijke",
              "bowler": "K McGill",
              "non_striker": "HDJ Siegers",
              "runs": {
                "batter": 6,
                "extras": 0,
                "total": 6
              }
            },
            {
              "batter": "R Rijke",
              "bowler": "K McGill",
              "non_striker": "HDJ Siegers",
              "runs": {
                "batter": 0,
                "extras": 0,
                "total": 0
              }
            },
            {
              "batter": "R Rijke",
              "bowler": "K McGill",
              "non_striker": "HDJ Siegers",
              "runs": {
                "batter": 0,
                "extras": 0,
                "total": 0
              }
            }
          ]
        },
        {
          "over": 12,
          "deliveries": [
            {
              "batter": "HDJ Siegers",
              "bowler": "HRA Rainey",
              "non_striker": "R Rijke",
              "runs": {
                "batter": 1,
                "extras": 0,
                "total": 1
              }
            },
            {
              "batter": "R Rijke",
              "bowler": "HRA Rainey",
              "non_striker": "HDJ Siegers",
              "runs": {
                "batter": 1,
                "extras": 0,
                "total": 1
              }
            },
            {
              "batter": "HDJ Siegers",
              "bowler": "HRA Rainey",
              "non_striker": "R Rijke",
              "runs": {
                "batter": 0,
                "extras": 0,
                "total": 0
              }
            },
            {
              "batter": "HDJ Siegers",
              "bowler": "HRA Rainey",
              "non_striker": "R Rijke",
              "runs": {
                "batter": 1,
                "extras": 0,
                "total": 1
              }
            },
            {
              "batter": "R Rijke",
              "bowler": "HRA Rainey",
              "non_striker": "HDJ Siegers",
              "runs": {
                "batter": 1,
                "extras": 0,
                "total": 1
              }
            },
            {
              "batter": "HDJ Siegers",
              "bowler": "HRA Rainey",
              "non_striker": "R Rijke",
              "runs": {
                "batter": 1,
                "extras": 0,
                "total": 1
              }
            }
          ]
        },
        {
          "over": 13,
          "deliveries": [
            {
              "batter": "HDJ Siegers",
              "bowler": "K Fraser",
              "non_striker": "R Rijke",
              "runs": {
                "batter": 2,
                "extras": 0,
                "total": 2
              }
            },
            {
              "batter": "HDJ Siegers",
              "bowler": "K Fraser",
              "non_striker": "R Rijke",
              "runs": {
                "batter": 1,
                "extras": 0,
                "total": 1
              }
            },
            {
              "batter": "R Rijke",
              "bowler": "K Fraser",
              "non_striker": "HDJ Siegers",
              "runs": {
                "batter": 1,
                "extras": 0,
                "total": 1
              }
            },
            {
              "batter": "HDJ Siegers",
              "bowler": "K Fraser",
              "non_striker": "R Rijke",
              "runs": {
                "batter": 1,
                "extras": 0,
                "total": 1
              }
            },
            {
              "batter": "R Rijke",
              "bowler": "K Fraser",
              "non_striker": "HDJ Siegers",
              "runs": {
                "batter": 1,
                "extras": 0,
                "total": 1
              }
            },
            {
              "batter": "HDJ Siegers",
              "bowler": "K Fraser",
              "non_striker": "R Rijke",
              "runs": {
                "batter": 0,
                "extras": 0,
                "total": 0
              }
            }
          ]
        },
        {
          "over": 14,
          "deliveries": [
            {
              "batter": "R Rijke",
              "bowler": "M McColl",
              "extras": {
                "wides": 1
              },
              "non_striker": "HDJ Siegers",
              "runs": {
                "batter": 0,
                "extras": 1,
                "total": 1
              }
            },
            {
              "batter": "R Rijke",
              "bowler": "M McColl",
              "non_striker": "HDJ Siegers",
              "runs": {
                "batter": 1,
                "extras": 0,
                "total": 1
              }
            },
            {
              "batter": "HDJ Siegers",
              "bowler": "M McColl",
              "non_striker": "R Rijke",
              "runs": {
                "batter": 0,
                "extras": 0,
                "total": 0
              }
            },
            {
              "batter": "HDJ Siegers",
              "bowler": "M McColl",
              "non_striker": "R Rijke",
              "runs": {
                "batter": 1,
                "extras": 0,
                "total": 1
              }
            },
            {
              "batter": "R Rijke",
              "bowler": "M McColl",
              "non_striker": "HDJ Siegers",
              "runs": {
                "batter": 1,
                "extras": 0,
                "total": 1
              }
            },
            {
              "batter": "HDJ Siegers",
              "bowler": "M McColl",
              "non_striker": "R Rijke",
              "runs": {
                "batter": 1,
                "extras": 0,
                "total": 1
              }
            },
            {
              "batter": "R Rijke",
              "bowler": "M McColl",
              "non_striker": "HDJ Siegers",
              "runs": {
                "batter": 6,
                "extras": 0,
                "total": 6
              }
            }
          ]
        },
        {
          "over": 15,
          "deliveries": [
            {
              "batter": "HDJ Siegers",
              "bowler": "KE Bryce",
              "non_striker": "R Rijke",
              "runs": {
                "batter": 0,
                "extras": 0,
                "total": 0
              },
              "wickets": [
                {
                  "player_out": "HDJ Siegers",
                  "fielders": [
                    {
                      "name": "A Aitken"
                    }
                  ],
                  "kind": "caught"
                }
              ]
            },
            {
              "batter": "M Veringmeier",
              "bowler": "KE Bryce",
              "non_striker": "R Rijke",
              "runs": {
                "batter": 1,
                "extras": 0,
                "total": 1
              }
            },
            {
              "batter": "R Rijke",
              "bowler": "KE Bryce",
              "non_striker": "M Veringmeier",
              "runs": {
                "batter": 0,
                "extras": 0,
                "total": 0
              }
            },
            {
              "batter": "R Rijke",
              "bowler": "KE Bryce",
              "non_striker": "M Veringmeier",
              "runs": {
                "batter": 0,
                "extras": 0,
                "total": 0
              }
            },
            {
              "batter": "R Rijke",
              "bowler": "KE Bryce",
              "non_striker": "M Veringmeier",
              "runs": {
                "batter": 0,
                "extras": 0,
                "total": 0
              }
            },
            {
              "batter": "R Rijke",
              "bowler": "KE Bryce",
              "non_striker": "M Veringmeier",
              "runs": {
                "batter": 0,
                "extras": 0,
                "total": 0
              }
            }
          ]
        },
        {
          "over": 16,
          "deliveries": [
            {
              "batter": "M Veringmeier",
              "bowler": "AH Maqsood",
              "non_striker": "R Rijke",
              "runs": {
                "batter": 4,
                "extras": 0,
                "total": 4
              }
            },
            {
              "batter": "M Veringmeier",
              "bowler": "AH Maqsood",
              "non_striker": "R Rijke",
              "runs": {
                "batter": 1,
                "extras": 0,
                "total": 1
              }
            },
            {
              "batter": "R Rijke",
              "bowler": "AH Maqsood",
              "non_striker": "M Veringmeier",
              "runs": {
                "batter": 0,
                "extras": 0,
                "total": 0
              }
            },
            {
              "batter": "R Rijke",
              "bowler": "AH Maqsood",
              "non_striker": "M Veringmeier",
              "runs": {
                "batter": 1,
                "extras": 0,
                "total": 1
              }
            },
            {
              "batter": "M Veringmeier",
              "bowler": "AH Maqsood",
              "non_striker": "R Rijke",
              "runs": {
                "batter": 0,
                "extras": 0,
                "total": 0
              }
            },
            {
              "batter": "M Veringmeier",
              "bowler": "AH Maqsood",
              "non_striker": "R Rijke",
              "runs": {
                "batter": 0,
                "extras": 0,
                "total": 0
              }
            }
          ]
        },
        {
          "over": 17,
          "deliveries": [
            {
              "batter": "R Rijke",
              "bowler": "PA Chatterji",
              "non_striker": "M Veringmeier",
              "runs": {
                "batter": 1,
                "extras": 0,
                "total": 1
              }
            },
            {
              "batter": "M Veringmeier",
              "bowler": "PA Chatterji",
              "non_striker": "R Rijke",
              "runs": {
                "batter": 4,
                "extras": 0,
                "total": 4
              }
            },
            {
              "batter": "M Veringmeier",
              "bowler": "PA Chatterji",
              "non_striker": "R Rijke",
              "runs": {
                "batter": 1,
                "extras": 0,
                "total": 1
              }
            },
            {
              "batter": "R Rijke",
              "bowler": "PA Chatterji",
              "non_striker": "M Veringmeier",
              "runs": {
                "batter": 0,
                "extras": 0,
                "total": 0
              }
            },
            {
              "batter": "R Rijke",
              "bowler": "PA Chatterji",
              "non_striker": "M Veringmeier",
              "runs": {
                "batter": 1,
                "extras": 0,
                "total": 1
              }
            },
            {
              "batter": "M Veringmeier",
              "bowler": "PA Chatterji",
              "non_striker": "R Rijke",
              "runs": {
                "batter": 1,
                "extras": 0,
                "total": 1
              },
              "wickets": [
                {
                  "player_out": "M Veringmeier",
                  "kind": "run out"
                }
              ]
            }
          ]
        },
        {
          "over": 18,
          "deliveries": [
            {
              "batter": "R Rijke",
              "bowler": "K McGill",
              "non_striker": "F Overdijk",
              "runs": {
                "batter": 0,
                "extras": 0,
                "total": 0
              }
            },
            {
              "batter": "R Rijke",
              "bowler": "K McGill",
              "non_striker": "F Overdijk",
              "runs": {
                "batter": 1,
                "extras": 0,
                "total": 1
              }
            },
            {
              "batter": "F Overdijk",
              "bowler": "K McGill",
              "non_striker": "R Rijke",
              "runs": {
                "batter": 0,
                "extras": 0,
                "total": 0
              }
            },
            {
              "batter": "F Overdijk",
              "bowler": "K McGill",
              "non_striker": "R Rijke",
              "runs": {
                "batter": 0,
                "extras": 0,
                "total": 0
              },
              "wickets": [
                {
                  "player_out": "F Overdijk",
                  "fielders": [
                    {
                      "name": "KE Bryce"
                    }
                  ],
                  "kind": "caught"
                }
              ]
            },
            {
              "batter": "S Siegers",
              "bowler": "K McGill",
              "non_striker": "R Rijke",
              "runs": {
                "batter": 0,
                "extras": 0,
                "total": 0
              }
            },
            {
              "batter": "S Siegers",
              "bowler": "K McGill",
              "extras": {
                "noballs": 1
              },
              "non_striker": "R Rijke",
              "runs": {
                "batter": 1,
                "extras": 1,
                "total": 2
              }
            },
            {
              "batter": "R Rijke",
              "bowler": "K McGill",
              "non_striker": "S Siegers",
              "runs": {
                "batter": 0,
                "extras": 0,
                "total": 0
              }
            }
          ]
        },
        {
          "over": 19,
          "deliveries": [
            {
              "batter": "S Siegers",
              "bowler": "KE Bryce",
              "non_striker": "R Rijke",
              "runs": {
                "batter": 1,
                "extras": 0,
                "total": 1
              }
            },
            {
              "batter": "R Rijke",
              "bowler": "KE Bryce",
              "non_striker": "S Siegers",
              "runs": {
                "batter": 0,
                "extras": 0,
                "total": 0
              }
            },
            {
              "batter": "R Rijke",
              "bowler": "KE Bryce",
              "non_striker": "S Siegers",
              "runs": {
                "batter": 1,
                "extras": 0,
                "total": 1
              }
            },
            {
              "batter": "S Siegers",
              "bowler": "KE Bryce",
              "non_striker": "R Rijke",
              "runs": {
                "batter": 0,
                "extras": 0,
                "total": 0
              },
              "wickets": [
                {
                  "player_out": "R Rijke",
                  "kind": "run out"
                }
              ]
            },
            {
              "batter": "J Post",
              "bowler": "KE Bryce",
              "non_striker": "S Siegers",
              "runs": {
                "batter": 1,
                "extras": 0,
                "total": 1
              }
            },
            {
              "batter": "S Siegers",
              "bowler": "KE Bryce",
              "non_striker": "J Post",
              "runs": {
                "batter": 2,
                "extras": 0,
                "total": 2
              }
            }
          ]
        }
      ],
      "powerplays": [
        {
          "from": 0.1,
          "to": 5.6,
          "type": "mandatory"
        }
      ]
    },
    {
      "team": "Scotland",
      "overs": [
        {
          "over": 0,
          "deliveries": [
            {
              "batter": "SJ Bryce",
              "bowler": "I van der Woning",
              "extras": {
                "wides": 1
              },
              "non_striker": "L Jack",
              "runs": {
                "batter": 0,
                "extras": 1,
                "total": 1
              }
            },
            {
              "batter": "SJ Bryce",
              "bowler": "I van der Woning",
              "non_striker": "L Jack",
              "runs": {
                "batter": 0,
                "extras": 0,
                "total": 0
              }
            },
            {
              "batter": "SJ Bryce",
              "bowler": "I van der Woning",
              "extras": {
                "wides": 1
              },
              "non_striker": "L Jack",
              "runs": {
                "batter": 0,
                "extras": 1,
                "total": 1
              }
            },
            {
              "batter": "SJ Bryce",
              "bowler": "I van der Woning",
              "non_striker": "L Jack",
              "runs": {
                "batter": 0,
                "extras": 0,
                "total": 0
              }
            },
            {
              "batter": "SJ Bryce",
              "bowler": "I van der Woning",
              "non_striker": "L Jack",
              "runs": {
                "batter": 2,
                "extras": 0,
                "total": 2
              }
            },
            {
              "batter": "SJ Bryce",
              "bowler": "I van der Woning",
              "non_striker": "L Jack",
              "runs": {
                "batter": 0,
                "extras": 0,
                "total": 0
              }
            },
            {
              "batter": "SJ Bryce",
              "bowler": "I van der Woning",
              "non_striker": "L Jack",
              "runs": {
                "batter": 4,
                "extras": 0,
                "total": 4
              }
            },
            {
              "batter": "SJ Bryce",
              "bowler": "I van der Woning",
              "non_striker": "L Jack",
              "runs": {
                "batter": 0,
                "extras": 0,
                "total": 0
              }
            }
          ]
        },
        {
          "over": 1,
          "deliveries": [
            {
              "batter": "L Jack",
              "bowler": "IJR Zwilling",
              "non_striker": "SJ Bryce",
              "runs": {
                "batter": 0,
                "extras": 0,
                "total": 0
              }
            },
            {
              "batter": "L Jack",
              "bowler": "IJR Zwilling",
              "non_striker": "SJ Bryce",
              "runs": {
                "batter": 0,
                "extras": 0,
                "total": 0
              }
            },
            {
              "batter": "L Jack",
              "bowler": "IJR Zwilling",
              "non_striker": "SJ Bryce",
              "runs": {
                "batter": 4,
                "extras": 0,
                "total": 4
              }
            },
            {
              "batter": "L Jack",
              "bowler": "IJR Zwilling",
              "non_striker": "SJ Bryce",
              "runs": {
                "batter": 2,
                "extras": 0,
                "total": 2
              }
            },
            {
              "batter": "L Jack",
              "bowler": "IJR Zwilling",
              "non_striker": "SJ Bryce",
              "runs": {
                "batter": 1,
                "extras": 0,
                "total": 1
              }
            },
            {
              "batter": "SJ Bryce",
              "bowler": "IJR Zwilling",
              "non_striker": "L Jack",
              "runs": {
                "batter": 0,
                "extras": 0,
                "total": 0
              }
            }
          ]
        },
        {
          "over": 2,
          "deliveries": [
            {
              "batter": "L Jack",
              "bowler": "S Siegers",
              "non_striker": "SJ Bryce",
              "runs": {
                "batter": 0,
                "extras": 0,
                "total": 0
              }
            },
            {
              "batter": "L Jack",
              "bowler": "S Siegers",
              "non_striker": "SJ Bryce",
              "runs": {
                "batter": 1,
                "extras": 0,
                "total": 1
              }
            },
            {
              "batter": "SJ Bryce",
              "bowler": "S Siegers",
              "non_striker": "L Jack",
              "runs": {
                "batter": 1,
                "extras": 0,
                "total": 1
              }
            },
            {
              "batter": "L Jack",
              "bowler": "S Siegers",
              "non_striker": "SJ Bryce",
              "runs": {
                "batter": 0,
                "extras": 0,
                "total": 0
              }
            },
            {
              "batter": "L Jack",
              "bowler": "S Siegers",
              "non_striker": "SJ Bryce",
              "runs": {
                "batter": 0,
                "extras": 0,
                "total": 0
              }
            },
            {
              "batter": "L Jack",
              "bowler": "S Siegers",
              "non_striker": "SJ Bryce",
              "runs": {
                "batter": 1,
                "extras": 0,
                "total": 1
              }
            }
          ]
        },
        {
          "over": 3,
          "deliveries": [
            {
              "batter": "L Jack",
              "bowler": "IJR Zwilling",
              "extras": {
                "legbyes": 1
              },
              "non_striker": "SJ Bryce",
              "runs": {
                "batter": 0,
                "extras": 1,
                "total": 1
              }
            },
            {
              "batter": "SJ Bryce",
              "bowler": "IJR Zwilling",
              "non_striker": "L Jack",
              "runs": {
                "batter": 0,
                "extras": 0,
                "total": 0
              }
            },
            {
              "batter": "SJ Bryce",
              "bowler": "IJR Zwilling",
              "non_striker": "L Jack",
              "runs": {
                "batter": 2,
                "extras": 0,
                "total": 2
              }
            },
            {
              "batter": "SJ Bryce",
              "bowler": "IJR Zwilling",
              "non_striker": "L Jack",
              "runs": {
                "batter": 4,
                "extras": 0,
                "total": 4
              }
            },
            {
              "batter": "SJ Bryce",
              "bowler": "IJR Zwilling",
              "non_striker": "L Jack",
              "runs": {
                "batter": 1,
                "extras": 0,
                "total": 1
              }
            },
            {
              "batter": "L Jack",
              "bowler": "IJR Zwilling",
              "non_striker": "SJ Bryce",
              "runs": {
                "batter": 1,
                "extras": 0,
                "total": 1
              }
            }
          ]
        },
        {
          "over": 4,
          "deliveries": [
            {
              "batter": "L Jack",
              "bowler": "S Siegers",
              "non_striker": "SJ Bryce",
              "runs": {
                "batter": 1,
                "extras": 0,
                "total": 1
              }
            },
            {
              "batter": "SJ Bryce",
              "bowler": "S Siegers",
              "non_striker": "L Jack",
              "runs": {
                "batter": 0,
                "extras": 0,
                "total": 0
              }
            },
            {
              "batter": "SJ Bryce",
              "bowler": "S Siegers",
              "non_striker": "L Jack",
              "runs": {
                "batter": 4,
                "extras": 0,
                "total": 4
              }
            },
            {
              "batter": "SJ Bryce",
              "bowler": "S Siegers",
              "non_striker": "L Jack",
              "runs": {
                "batter": 0,
                "extras": 0,
                "total": 0
              }
            },
            {
              "batter": "SJ Bryce",
              "bowler": "S Siegers",
              "non_striker": "L Jack",
              "runs": {
                "batter": 6,
                "extras": 0,
                "total": 6
              }
            },
            {
              "batter": "SJ Bryce",
              "bowler": "S Siegers",
              "non_striker": "L Jack",
              "runs": {
                "batter": 0,
                "extras": 0,
                "total": 0
              }
            }
          ]
        },
        {
          "over": 5,
          "deliveries": [
            {
              "batter": "L Jack",
              "bowler": "EN Lynch",
              "non_striker": "SJ Bryce",
              "runs": {
                "batter": 2,
                "extras": 0,
                "total": 2
              }
            },
            {
              "batter": "L Jack",
              "bowler": "EN Lynch",
              "extras": {
                "legbyes": 1
              },
              "non_striker": "SJ Bryce",
              "runs": {
                "batter": 0,
                "extras": 1,
                "total": 1
              }
            },
            {
              "batter": "SJ Bryce",
              "bowler": "EN Lynch",
              "non_striker": "L Jack",
              "runs": {
                "batter": 1,
                "extras": 0,
                "total": 1
              }
            },
            {
              "batter": "L Jack",
              "bowler": "EN Lynch",
              "non_striker": "SJ Bryce",
              "runs": {
                "batter": 0,
                "extras": 0,
                "total": 0
              }
            },
            {
              "batter": "L Jack",
              "bowler": "EN Lynch",
              "non_striker": "SJ Bryce",
              "runs": {
                "batter": 1,
                "extras": 0,
                "total": 1
              }
            },
            {
              "batter": "SJ Bryce",
              "bowler": "EN Lynch",
              "non_striker": "L Jack",
              "runs": {
                "batter": 4,
                "extras": 0,
                "total": 4
              }
            }
          ]
        },
        {
          "over": 6,
          "deliveries": [
            {
              "batter": "L Jack",
              "bowler": "F Overdijk",
              "non_striker": "SJ Bryce",
              "runs": {
                "batter": 0,
                "extras": 0,
                "total": 0
              }
            },
            {
              "batter": "L Jack",
              "bowler": "F Overdijk",
              "non_striker": "SJ Bryce",
              "runs": {
                "batter": 1,
                "extras": 0,
                "total": 1
              }
            },
            {
              "batter": "SJ Bryce",
              "bowler": "F Overdijk",
              "extras": {
                "wides": 1
              },
              "non_striker": "L Jack",
              "runs": {
                "batter": 0,
                "extras": 1,
                "total": 1
              }
            },
            {
              "batter": "SJ Bryce",
              "bowler": "F Overdijk",
              "non_striker": "L Jack",
              "runs": {
                "batter": 0,
                "extras": 0,
                "total": 0
              }
            },
            {
              "batter": "SJ Bryce",
              "bowler": "F Overdijk",
              "non_striker": "L Jack",
              "runs": {
                "batter": 1,
                "extras": 0,
                "total": 1
              }
            },
            {
              "batter": "L Jack",
              "bowler": "F Overdijk",
              "non_striker": "SJ Bryce",
              "runs": {
                "batter": 1,
                "extras": 0,
                "total": 1
              }
            },
            {
              "batter": "SJ Bryce",
              "bowler": "F Overdijk",
              "non_striker": "L Jack",
              "runs": {
                "batter": 1,
                "extras": 0,
                "total": 1
              }
            }
          ]
        },
        {
          "over": 7,
          "deliveries": [
            {
              "batter": "SJ Bryce",
              "bowler": "C de Lange",
              "non_striker": "L Jack",
              "runs": {
                "batter": 1,
                "extras": 0,
                "total": 1
              }
            },
            {
              "batter": "L Jack",
              "bowler": "C de Lange",
              "non_striker": "SJ Bryce",
              "runs": {
                "batter": 0,
                "extras": 0,
                "total": 0
              }
            },
            {
              "batter": "L Jack",
              "bowler": "C de Lange",
              "non_striker": "SJ Bryce",
              "runs": {
                "batter": 1,
                "extras": 0,
                "total": 1
              }
            },
            {
              "batter": "SJ Bryce",
              "bowler": "C de Lange",
              "non_striker": "L Jack",
              "runs": {
                "batter": 2,
                "extras": 0,
                "total": 2
              }
            },
            {
              "batter": "SJ Bryce",
              "bowler": "C de Lange",
              "non_striker": "L Jack",
              "runs": {
                "batter": 1,
                "extras": 0,
                "total": 1
              }
            },
            {
              "batter": "L Jack",
              "bowler": "C de Lange",
              "non_striker": "SJ Bryce",
              "runs": {
                "batter": 0,
                "extras": 0,
                "total": 0
              }
            }
          ]
        },
        {
          "over": 8,
          "deliveries": [
            {
              "batter": "SJ Bryce",
              "bowler": "F Overdijk",
              "non_striker": "L Jack",
              "runs": {
                "batter": 0,
                "extras": 0,
                "total": 0
              }
            },
            {
              "batter": "SJ Bryce",
              "bowler": "F Overdijk",
              "non_striker": "L Jack",
              "runs": {
                "batter": 0,
                "extras": 0,
                "total": 0
              }
            },
            {
              "batter": "SJ Bryce",
              "bowler": "F Overdijk",
              "non_striker": "L Jack",
              "runs": {
                "batter": 1,
                "extras": 0,
                "total": 1
              }
            },
            {
              "batter": "L Jack",
              "bowler": "F Overdijk",
              "non_striker": "SJ Bryce",
              "runs": {
                "batter": 2,
                "extras": 0,
                "total": 2
              }
            },
            {
              "batter": "L Jack",
              "bowler": "F Overdijk",
              "non_striker": "SJ Bryce",
              "runs": {
                "batter": 1,
                "extras": 0,
                "total": 1
              }
            },
            {
              "batter": "SJ Bryce",
              "bowler": "F Overdijk",
              "non_striker": "L Jack",
              "runs": {
                "batter": 1,
                "extras": 0,
                "total": 1
              }
            }
          ]
        },
        {
          "over": 9,
          "deliveries": [
            {
              "batter": "SJ Bryce",
              "bowler": "C de Lange",
              "non_striker": "L Jack",
              "runs": {
                "batter": 4,
                "extras": 0,
                "total": 4
              }
            },
            {
              "batter": "SJ Bryce",
              "bowler": "C de Lange",
              "non_striker": "L Jack",
              "runs": {
                "batter": 1,
                "extras": 0,
                "total": 1
              }
            },
            {
              "batter": "L Jack",
              "bowler": "C de Lange",
              "non_striker": "SJ Bryce",
              "runs": {
                "batter": 1,
                "extras": 0,
                "total": 1
              }
            },
            {
              "batter": "SJ Bryce",
              "bowler": "C de Lange",
              "non_striker": "L Jack",
              "runs": {
                "batter": 1,
                "extras": 0,
                "total": 1
              }
            },
            {
              "batter": "L Jack",
              "bowler": "C de Lange",
              "non_striker": "SJ Bryce",
              "runs": {
                "batter": 0,
                "extras": 0,
                "total": 0
              },
              "wickets": [
                {
                  "player_out": "L Jack",
                  "kind": "caught and bowled"
                }
              ]
            },
            {
              "batter": "KE Bryce",
              "bowler": "C de Lange",
              "non_striker": "SJ Bryce",
              "runs": {
                "batter": 0,
                "extras": 0,
                "total": 0
              }
            }
          ]
        },
        {
          "over": 10,
          "deliveries": [
            {
              "batter": "SJ Bryce",
              "bowler": "HDJ Siegers",
              "non_striker": "KE Bryce",
              "runs": {
                "batter": 1,
                "extras": 0,
                "total": 1
              }
            },
            {
              "batter": "KE Bryce",
              "bowler": "HDJ Siegers",
              "extras": {
                "wides": 1
              },
              "non_striker": "SJ Bryce",
              "runs": {
                "batter": 0,
                "extras": 1,
                "total": 1
              }
            },
            {
              "batter": "KE Bryce",
              "bowler": "HDJ Siegers",
              "non_striker": "SJ Bryce",
              "runs": {
                "batter": 1,
                "extras": 0,
                "total": 1
              }
            },
            {
              "batter": "SJ Bryce",
              "bowler": "HDJ Siegers",
              "non_striker": "KE Bryce",
              "runs": {
                "batter": 1,
                "extras": 0,
                "total": 1
              }
            },
            {
              "batter": "KE Bryce",
              "bowler": "HDJ Siegers",
              "non_striker": "SJ Bryce",
              "runs": {
                "batter": 0,
                "extras": 0,
                "total": 0
              }
            },
            {
              "batter": "KE Bryce",
              "bowler": "HDJ Siegers",
              "extras": {
                "wides": 1
              },
              "non_striker": "SJ Bryce",
              "runs": {
                "batter": 0,
                "extras": 1,
                "total": 1
              }
            },
            {
              "batter": "KE Bryce",
              "bowler": "HDJ Siegers",
              "non_striker": "SJ Bryce",
              "runs": {
                "batter": 0,
                "extras": 0,
                "total": 0
              }
            },
            {
              "batter": "KE Bryce",
              "bowler": "HDJ Siegers",
              "non_striker": "SJ Bryce",
              "runs": {
                "batter": 1,
                "extras": 0,
                "total": 1
              }
            }
          ]
        },
        {
          "over": 11,
          "deliveries": [
            {
              "batter": "KE Bryce",
              "bowler": "C de Lange",
              "non_striker": "SJ Bryce",
              "runs": {
                "batter": 1,
                "extras": 0,
                "total": 1
              }
            },
            {
              "batter": "SJ Bryce",
              "bowler": "C de Lange",
              "non_striker": "KE Bryce",
              "runs": {
                "batter": 1,
                "extras": 0,
                "total": 1
              }
            },
            {
              "batter": "KE Bryce",
              "bowler": "C de Lange",
              "non_striker": "SJ Bryce",
              "runs": {
                "batter": 0,
                "extras": 0,
                "total": 0
              }
            },
            {
              "batter": "KE Bryce",
              "bowler": "C de Lange",
              "non_striker": "SJ Bryce",
              "runs": {
                "batter": 0,
                "extras": 0,
                "total": 0
              },
              "wickets": [
                {
                  "player_out": "KE Bryce",
                  "fielders": [
                    {
                      "name": "EN Lynch"
                    }
                  ],
                  "kind": "caught"
                }
              ]
            },
            {
              "batter": "SJ Bryce",
              "bowler": "C de Lange",
              "non_striker": "K McGill",
              "runs": {
                "batter": 0,
                "extras": 0,
                "total": 0
              },
              "wickets": [
                {
                  "player_out": "SJ Bryce",
                  "kind": "caught and bowled"
                }
              ]
            },
            {
              "batter": "M McColl",
              "bowler": "C de Lange",
              "non_striker": "K McGill",
              "runs": {
                "batter": 1,
                "extras": 0,
                "total": 1
              }
            }
          ]
        },
        {
          "over": 12,
          "deliveries": [
            {
              "batter": "M McColl",
              "bowler": "EN Lynch",
              "non_striker": "K McGill",
              "runs": {
                "batter": 0,
                "extras": 0,
                "total": 0
              }
            },
            {
              "batter": "M McColl",
              "bowler": "EN Lynch",
              "non_striker": "K McGill",
              "runs": {
                "batter": 0,
                "extras": 0,
                "total": 0
              }
            },
            {
              "batter": "M McColl",
              "bowler": "EN Lynch",
              "non_striker": "K McGill",
              "runs": {
                "batter": 1,
                "extras": 0,
                "total": 1
              }
            },
            {
              "batter": "K McGill",
              "bowler": "EN Lynch",
              "non_striker": "M McColl",
              "runs": {
                "batter": 1,
                "extras": 0,
                "total": 1
              }
            },
            {
              "batter": "M McColl",
              "bowler": "EN Lynch",
              "non_striker": "K McGill",
              "runs": {
                "batter": 1,
                "extras": 0,
                "total": 1
              }
            },
            {
              "batter": "K McGill",
              "bowler": "EN Lynch",
              "non_striker": "M McColl",
              "runs": {
                "batter": 1,
                "extras": 0,
                "total": 1
              }
            }
          ]
        },
        {
          "over": 13,
          "deliveries": [
            {
              "batter": "K McGill",
              "bowler": "C de Lange",
              "non_striker": "M McColl",
              "runs": {
                "batter": 1,
                "extras": 0,
                "total": 1
              }
            },
            {
              "batter": "M McColl",
              "bowler": "C de Lange",
              "non_striker": "K McGill",
              "runs": {
                "batter": 0,
                "extras": 0,
                "total": 0
              }
            },
            {
              "batter": "M McColl",
              "bowler": "C de Lange",
              "non_striker": "K McGill",
              "runs": {
                "batter": 0,
                "extras": 0,
                "total": 0
              },
              "wickets": [
                {
                  "player_out": "M McColl",
                  "fielders": [
                    {
                      "name": "EN Lynch"
                    }
                  ],
                  "kind": "caught"
                }
              ]
            },
            {
              "batter": "K McGill",
              "bowler": "C de Lange",
              "non_striker": "A Aitken",
              "runs": {
                "batter": 0,
                "extras": 0,
                "total": 0
              }
            },
            {
              "batter": "K McGill",
              "bowler": "C de Lange",
              "non_striker": "A Aitken",
              "runs": {
                "batter": 0,
                "extras": 0,
                "total": 0
              }
            },
            {
              "batter": "K McGill",
              "bowler": "C de Lange",
              "non_striker": "A Aitken",
              "runs": {
                "batter": 1,
                "extras": 0,
                "total": 1
              }
            }
          ]
        },
        {
          "over": 14,
          "deliveries": [
            {
              "batter": "K McGill",
              "bowler": "EN Lynch",
              "non_striker": "A Aitken",
              "runs": {
                "batter": 1,
                "extras": 0,
                "total": 1
              }
            },
            {
              "batter": "A Aitken",
              "bowler": "EN Lynch",
              "non_striker": "K McGill",
              "runs": {
                "batter": 0,
                "extras": 0,
                "total": 0
              }
            },
            {
              "batter": "A Aitken",
              "bowler": "EN Lynch",
              "non_striker": "K McGill",
              "runs": {
                "batter": 1,
                "extras": 0,
                "total": 1
              }
            },
            {
              "batter": "K McGill",
              "bowler": "EN Lynch",
              "non_striker": "A Aitken",
              "runs": {
                "batter": 2,
                "extras": 0,
                "total": 2
              }
            },
            {
              "batter": "K McGill",
              "bowler": "EN Lynch",
              "non_striker": "A Aitken",
              "runs": {
                "batter": 0,
                "extras": 0,
                "total": 0
              }
            },
            {
              "batter": "K McGill",
              "bowler": "EN Lynch",
              "non_striker": "A Aitken",
              "runs": {
                "batter": 1,
                "extras": 0,
                "total": 1
              }
            }
          ]
        },
        {
          "over": 15,
          "deliveries": [
            {
              "batter": "K McGill",
              "bowler": "S Siegers",
              "non_striker": "A Aitken",
              "runs": {
                "batter": 1,
                "extras": 0,
                "total": 1
              }
            },
            {
              "batter": "A Aitken",
              "bowler": "S Siegers",
              "non_striker": "K McGill",
              "runs": {
                "batter": 0,
                "extras": 0,
                "total": 0
              }
            },
            {
              "batter": "A Aitken",
              "bowler": "S Siegers",
              "non_striker": "K McGill",
              "runs": {
                "batter": 2,
                "extras": 0,
                "total": 2
              }
            },
            {
              "batter": "A Aitken",
              "bowler": "S Siegers",
              "non_striker": "K McGill",
              "runs": {
                "batter": 1,
                "extras": 0,
                "total": 1
              }
            },
            {
              "batter": "K McGill",
              "bowler": "S Siegers",
              "extras": {
                "wides": 1
              },
              "non_striker": "A Aitken",
              "runs": {
                "batter": 0,
                "extras": 1,
                "total": 1
              }
            },
            {
              "batter": "K McGill",
              "bowler": "S Siegers",
              "non_striker": "A Aitken",
              "runs": {
                "batter": 1,
                "extras": 0,
                "total": 1
              }
            },
            {
              "batter": "A Aitken",
              "bowler": "S Siegers",
              "non_striker": "K McGill",
              "runs": {
                "batter": 2,
                "extras": 0,
                "total": 2
              }
            }
          ]
        },
        {
          "over": 16,
          "deliveries": [
            {
              "batter": "K McGill",
              "bowler": "HDJ Siegers",
              "non_striker": "A Aitken",
              "runs": {
                "batter": 0,
                "extras": 0,
                "total": 0
              }
            },
            {
              "batter": "K McGill",
              "bowler": "HDJ Siegers",
              "non_striker": "A Aitken",
              "runs": {
                "batter": 1,
                "extras": 0,
                "total": 1
              }
            },
            {
              "batter": "A Aitken",
              "bowler": "HDJ Siegers",
              "non_striker": "K McGill",
              "runs": {
                "batter": 1,
                "extras": 0,
                "total": 1
              }
            }
          ]
        }
      ],
      "powerplays": [
        {
          "from": 0.1,
          "to": 5.6,
          "type": "mandatory"
        }
      ],
      "target": {
        "overs": 20,
        "runs": 99
      }
    }
  ]
}