{
  "meta": {
    "data_version": "1.0.0",
    "created": "2021-08-26",
    "revision": 1
  },
  "info": {
    "balls_per_over": 6,
    "city": "Murcia",
    "dates": [
      "2021-08-26"
    ],
    "event": {
      "name": "ICC Women's T20 World Cup Europe Region Qualifier",
      "match_number": 3
    },
    "gender": "female",
    "match_type": "T20",
    "match_type_number": 931,
    "officials": {
      "match_referees": [
        "DT Jukes"
      ],
      "reserve_umpires": [
        "DH Mclean"
      ],
      "umpires": [
        "AJT Dowdalls",
        "M Jameson"
      ]
    },
    "outcome": {
      "winner": "Netherlands",
      "by": {
        "wickets": 9
      }
    },
    "overs": 20,
    "player_of_match": [
      "F Overdijk"
    ],
    "players": {
      "France": [
        "TE Britton",
        "AC Brodin",
        "J King",
        "PC McGeown",
        "DL Graham",
        "E Brelivet",
        "T Rodriguez",
        "ME Violleau",
        "E Chance",
        "M Cargouet",
        "C Breteche"
      ],
      "Netherlands": [
        "B de Leede",
        "HDJ Siegers",
        "R Rijke",
        "F Overdijk",
        "HWA Landheer",
        "C de Lange",
        "I van der Woning",
        "J Post",
        "DM Braat",
        "EN Lynch",
        "S Siegers"
      ]
    },
    "registry": {
      "people": {
        "AC Brodin": "95569cde",
        "AJT Dowdalls": "f06852e3",
        "B de Leede": "b3020075",
        "C Breteche": "458a21f3",
        "C de Lange": "c6a019f5",
        "DH Mclean": "281d4749",
        "DL Graham": "907e30d9",
        "DM Braat": "1b61a9fa",
        "DT Jukes": "7c215d14",
        "E Brelivet": "f2eb0e99",
        "E Chance": "865ff0b2",
        "EN Lynch": "4d35d0b3",
        "F Overdijk": "022745d5",
        "HDJ Siegers": "6d48df01",
        "HWA Landheer": "a6ec88f4",
        "I van der Woning": "5aa8574b",
        "J King": "f7ad6448",
        "J Post": "b58b1ae5",
        "M Cargouet": "990957cc",
        "M Jameson": "bdf1ffe3",
        "ME Violleau": "69f47625",
        "PC McGeown": "1aabd6fc",
        "R Rijke": "42e4b276",
        "S Siegers": "9a58f2c8",
        "T Rodriguez": "185e37e0",
        "TE Britton": "5eceeb7f"
      }
    },
    "season": "2021",
    "team_type": "international",
    "teams": [
      "France",
      "Netherlands"
    ],
    "toss": {
      "decision": "bat",
      "winner": "France"
    },
    "venue": "La Manga Club Top Ground"
  },
  "innings": [
    {
      "team": "France",
      "overs": [
        {
          "over": 0,
          "deliveries": [
            {
              "batter": "TE Britton",
              "bowler": "DM Braat",
              "non_striker": "AC Brodin",
              "runs": {
                "batter": 0,
                "extras": 0,
                "total": 0
              }
            },
            {
              "batter": "TE Britton",
              "bowler": "DM Braat",
              "non_striker": "AC Brodin",
              "runs": {
                "batter": 0,
                "extras": 0,
                "total": 0
              }
            },
            {
              "batter": "TE Britton",
              "bowler": "DM Braat",
              "non_striker": "AC Brodin",
              "runs": {
                "batter": 0,
                "extras": 0,
                "total": 0
              }
            },
            {
              "batter": "TE Britton",
              "bowler": "DM Braat",
              "non_striker": "AC Brodin",
              "runs": {
                "batter": 0,
                "extras": 0,
                "total": 0
              }
            },
            {
              "batter": "TE Britton",
              "bowler": "DM Braat",
              "non_striker": "AC Brodin",
              "runs": {
                "batter": 0,
                "extras": 0,
                "total": 0
              }
            },
            {
              "batter": "TE Britton",
              "bowler": "DM Braat",
              "non_striker": "AC Brodin",
              "runs": {
                "batter": 2,
                "extras": 0,
                "total": 2
              }
            }
          ]
        },
        {
          "over": 1,
          "deliveries": [
            {
              "batter": "AC Brodin",
              "bowler": "EN Lynch",
              "non_striker": "TE Britton",
              "runs": {
                "batter": 0,
                "extras": 0,
                "total": 0
              }
            },
            {
              "batter": "AC Brodin",
              "bowler": "EN Lynch",
              "non_striker": "TE Britton",
              "runs": {
                "batter": 1,
                "extras": 0,
                "total": 1
              }
            },
            {
              "batter": "TE Britton",
              "bowler": "EN Lynch",
              "non_striker": "AC Brodin",
              "runs": {
                "batter": 0,
                "extras": 0,
                "total": 0
              }
            },
            {
              "batter": "TE Britton",
              "bowler": "EN Lynch",
              "non_striker": "AC Brodin",
              "runs": {
                "batter": 0,
                "extras": 0,
                "total": 0
              }
            },
            {
              "batter": "TE Britton",
              "bowler": "EN Lynch",
              "non_striker": "AC Brodin",
              "runs": {
                "batter": 0,
                "extras": 0,
                "total": 0
              }
            },
            {
              "batter": "TE Britton",
              "bowler": "EN Lynch",
              "non_striker": "AC Brodin",
              "runs": {
                "batter": 1,
                "extras": 0,
                "total": 1
              }
            }
          ]
        },
        {
          "over": 2,
          "deliveries": [
            {
              "batter": "TE Britton",
              "bowler": "DM Braat",
              "non_striker": "AC Brodin",
              "runs": {
                "batter": 0,
                "extras": 0,
                "total": 0
              }
            },
            {
              "batter": "TE Britton",
              "bowler": "DM Braat",
              "non_striker": "AC Brodin",
              "runs": {
                "batter": 0,
                "extras": 0,
                "total": 0
              }
            },
            {
              "batter": "TE Britton",
              "bowler": "DM Braat",
              "non_striker": "AC Brodin",
              "runs": {
                "batter": 0,
                "extras": 0,
                "total": 0
              }
            },
            {
              "batter": "TE Britton",
              "bowler": "DM Braat",
              "non_striker": "AC Brodin",
              "runs": {
                "batter": 0,
                "extras": 0,
                "total": 0
              }
            },
            {
              "batter": "TE Britton",
              "bowler": "DM Braat",
              "non_striker": "AC Brodin",
              "runs": {
                "batter": 0,
                "extras": 0,
                "total": 0
              }
            },
            {
              "batter": "TE Britton",
              "bowler": "DM Braat",
              "non_striker": "AC Brodin",
              "runs": {
                "batter": 1,
                "extras": 0,
                "total": 1
              }
            }
          ]
        },
        {
          "over": 3,
          "deliveries": [
            {
              "batter": "TE Britton",
              "bowler": "EN Lynch",
              "non_striker": "AC Brodin",
              "runs": {
                "batter": 0,
                "extras": 0,
                "total": 0
              }
            },
            {
              "batter": "TE Britton",
              "bowler": "EN Lynch",
              "non_striker": "AC Brodin",
              "runs": {
                "batter": 0,
                "extras": 0,
                "total": 0
              }
            },
            {
              "batter": "TE Britton",
              "bowler": "EN Lynch",
              "non_striker": "AC Brodin",
              "runs": {
                "batter": 0,
                "extras": 0,
                "total": 0
              }
            },
            {
              "batter": "TE Britton",
              "bowler": "EN Lynch",
              "non_striker": "AC Brodin",
              "runs": {
                "batter": 0,
                "extras": 0,
                "total": 0
              }
            },
            {
              "batter": "TE Britton",
              "bowler": "EN Lynch",
              "non_striker": "AC Brodin",
              "runs": {
                "batter": 0,
                "extras": 0,
                "total": 0
              }
            },
            {
              "batter": "TE Britton",
              "bowler": "EN Lynch",
              "non_striker": "AC Brodin",
              "runs": {
                "batter": 0,
                "extras": 0,
                "total": 0
              }
            }
          ]
        },
        {
          "over": 4,
          "deliveries": [
            {
              "batter": "AC Brodin",
              "bowler": "DM Braat",
              "non_striker": "TE Britton",
              "runs": {
                "batter": 0,
                "extras": 0,
                "total": 0
              },
              "wickets": [
                {
                  "player_out": "AC Brodin",
                  "fielders": [
                    {
                      "name": "S Siegers"
                    }
                  ],
                  "kind": "caught"
                }
              ]
            },
            {
              "batter": "J King",
              "bowler": "DM Braat",
              "non_striker": "TE Britton",
              "runs": {
                "batter": 0,
                "extras": 0,
                "total": 0
              }
            },
            {
              "batter": "J King",
              "bowler": "DM Braat",
              "non_striker": "TE Britton",
              "runs": {
                "batter": 0,
                "extras": 0,
                "total": 0
              }
            },
            {
              "batter": "J King",
              "bowler": "DM Braat",
              "extras": {
                "wides": 1
              },
              "non_striker": "TE Britton",
              "runs": {
                "batter": 0,
                "extras": 1,
                "total": 1
              }
            },
            {
              "batter": "J King",
              "bowler": "DM Braat",
              "non_striker": "TE Britton",
              "runs": {
                "batter": 1,
                "extras": 0,
                "total": 1
              }
            },
            {
              "batter": "TE Britton",
              "bowler": "DM Braat",
              "non_striker": "J King",
              "runs": {
                "batter": 0,
                "extras": 0,
                "total": 0
              }
            },
            {
              "batter": "TE Britton",
              "bowler": "DM Braat",
              "non_striker": "J King",
              "runs": {
                "batter": 0,
                "extras": 0,
                "total": 0
              }
            }
          ]
        },
        {
          "over": 5,
          "deliveries": [
            {
              "batter": "J King",
              "bowler": "EN Lynch",
              "non_striker": "TE Britton",
              "runs": {
                "batter": 0,
                "extras": 0,
                "total": 0
              },
              "wickets": [
                {
                  "player_out": "J King",
                  "kind": "bowled"
                }
              ]
            },
            {
              "batter": "PC McGeown",
              "bowler": "EN Lynch",
              "non_striker": "TE Britton",
              "runs": {
                "batter": 0,
                "extras": 0,
                "total": 0
              }
            },
            {
              "batter": "PC McGeown",
              "bowler": "EN Lynch",
              "non_striker": "TE Britton",
              "runs": {
                "batter": 0,
                "extras": 0,
                "total": 0
              }
            },
            {
              "batter": "PC McGeown",
              "bowler": "EN Lynch",
              "non_striker": "TE Britton",
              "runs": {
                "batter": 0,
                "extras": 0,
                "total": 0
              }
            },
            {
              "batter": "PC McGeown",
              "bowler": "EN Lynch",
              "non_striker": "TE Britton",
              "runs": {
                "batter": 0,
                "extras": 0,
                "total": 0
              }
            },
            {
              "batter": "PC McGeown",
              "bowler": "EN Lynch",
              "non_striker": "TE Britton",
              "runs": {
                "batter": 1,
                "extras": 0,
                "total": 1
              }
            }
          ]
        },
        {
          "over": 6,
          "deliveries": [
            {
              "batter": "PC McGeown",
              "bowler": "DM Braat",
              "non_striker": "TE Britton",
              "runs": {
                "batter": 0,
                "extras": 0,
                "total": 0
              }
            },
            {
              "batter": "PC McGeown",
              "bowler": "DM Braat",
              "non_striker": "TE Britton",
              "runs": {
                "batter": 1,
                "extras": 0,
                "total": 1
              }
            },
            {
              "batter": "TE Britton",
              "bowler": "DM Braat",
              "non_striker": "PC McGeown",
              "runs": {
                "batter": 0,
                "extras": 0,
                "total": 0
              }
            },
            {
              "batter": "TE Britton",
              "bowler": "DM Braat",
              "non_striker": "PC McGeown",
              "runs": {
                "batter": 1,
                "extras": 0,
                "total": 1
              }
            },
            {
              "batter": "PC McGeown",
              "bowler": "DM Braat",
              "non_striker": "TE Britton",
              "runs": {
                "batter": 2,
                "extras": 0,
                "total": 2
              }
            },
            {
              "batter": "PC McGeown",
              "bowler": "DM Braat",
              "non_striker": "TE Britton",
              "runs": {
                "batter": 0,
                "extras": 0,
                "total": 0
              }
            }
          ]
        },
        {
          "over": 7,
          "deliveries": [
            {
              "batter": "TE Britton",
              "bowler": "F Overdijk",
              "non_striker": "PC McGeown",
              "runs": {
                "batter": 0,
                "extras": 0,
                "total": 0
              }
            },
            {
              "batter": "TE Britton",
              "bowler": "F Overdijk",
              "non_striker": "PC McGeown",
              "runs": {
                "batter": 0,
                "extras": 0,
                "total": 0
              }
            },
            {
              "batter": "TE Britton",
              "bowler": "F Overdijk",
              "non_striker": "PC McGeown",
              "runs": {
                "batter": 0,
                "extras": 0,
                "total": 0
              },
              "wickets": [
                {
                  "player_out": "TE Britton",
                  "kind": "bowled"
                }
              ]
            },
            {
              "batter": "DL Graham",
              "bowler": "F Overdijk",
              "non_striker": "PC McGeown",
              "runs": {
                "batter": 0,
                "extras": 0,
                "total": 0
              },
              "wickets": [
                {
                  "player_out": "DL Graham",
                  "kind": "lbw"
                }
              ]
            },
            {
              "batter": "E Brelivet",
              "bowler": "F Overdijk",
              "non_striker": "PC McGeown",
              "runs": {
                "batter": 0,
                "extras": 0,
                "total": 0
              }
            },
            {
              "batter": "E Brelivet",
              "bowler": "F Overdijk",
              "non_striker": "PC McGeown",
              "runs": {
                "batter": 0,
                "extras": 0,
                "total": 0
              }
            }
          ]
        },
        {
          "over": 8,
          "deliveries": [
            {
              "batter": "PC McGeown",
              "bowler": "S Siegers",
              "non_striker": "E Brelivet",
              "runs": {
                "batter": 0,
                "extras": 0,
                "total": 0
              }
            },
            {
              "batter": "PC McGeown",
              "bowler": "S Siegers",
              "non_striker": "E Brelivet",
              "runs": {
                "batter": 0,
                "extras": 0,
                "total": 0
              }
            },
            {
              "batter": "PC McGeown",
              "bowler": "S Siegers",
              "non_striker": "E Brelivet",
              "runs": {
                "batter": 0,
                "extras": 0,
                "total": 0
              }
            },
            {
              "batter": "PC McGeown",
              "bowler": "S Siegers",
              "non_striker": "E Brelivet",
              "runs": {
                "batter": 1,
                "extras": 0,
                "total": 1
              }
            },
            {
              "batter": "E Brelivet",
              "bowler": "S Siegers",
              "non_striker": "PC McGeown",
              "runs": {
                "batter": 0,
                "extras": 0,
                "total": 0
              }
            },
            {
              "batter": "E Brelivet",
              "bowler": "S Siegers",
              "non_striker": "PC McGeown",
              "runs": {
                "batter": 1,
                "extras": 0,
                "total": 1
              }
            }
          ]
        },
        {
          "over": 9,
          "deliveries": [
            {
              "batter": "E Brelivet",
              "bowler": "F Overdijk",
              "non_striker": "PC McGeown",
              "runs": {
                "batter": 0,
                "extras": 0,
                "total": 0
              }
            },
            {
              "batter": "E Brelivet",
              "bowler": "F Overdijk",
              "non_striker": "PC McGeown",
              "runs": {
                "batter": 0,
                "extras": 0,
                "total": 0
              },
              "wickets": [
                {
                  "player_out": "E Brelivet",
                  "kind": "bowled"
                }
              ]
            },
            {
              "batter": "T Rodriguez",
              "bowler": "F Overdijk",
              "non_striker": "PC McGeown",
              "runs": {
                "batter": 0,
                "extras": 0,
                "total": 0
              },
              "wickets": [
                {
                  "player_out": "T Rodriguez",
                  "kind": "bowled"
                }
              ]
            },
            {
              "batter": "ME Violleau",
              "bowler": "F Overdijk",
              "non_striker": "PC McGeown",
              "runs": {
                "batter": 0,
                "extras": 0,
                "total": 0
              }
            },
            {
              "batter": "ME Violleau",
              "bowler": "F Overdijk",
              "non_striker": "PC McGeown",
              "runs": {
                "batter": 0,
                "extras": 0,
                "total": 0
              }
            },
            {
              "batter": "ME Violleau",
              "bowler": "F Overdijk",
              "non_striker": "PC McGeown",
              "runs": {
                "batter": 0,
                "extras": 0,
                "total": 0
              }
            }
          ]
        },
        {
          "over": 10,
          "deliveries": [
            {
              "batter": "PC McGeown",
              "bowler": "S Siegers",
              "non_striker": "ME Violleau",
              "runs": {
                "batter": 0,
                "extras": 0,
                "total": 0
              }
            },
            {
              "batter": "PC McGeown",
              "bowler": "S Siegers",
              "non_striker": "ME Violleau",
              "runs": {
                "batter": 0,
                "extras": 0,
                "total": 0
              }
            },
            {
              "batter": "PC McGeown",
              "bowler": "S Siegers",
              "non_striker": "ME Violleau",
              "runs": {
                "batter": 0,
                "extras": 0,
                "total": 0
              }
            },
            {
              "batter": "PC McGeown",
              "bowler": "S Siegers",
              "non_striker": "ME Violleau",
              "runs": {
                "batter": 2,
                "extras": 0,
                "total": 2
              }
            },
            {
              "batter": "PC McGeown",
              "bowler": "S Siegers",
              "non_striker": "ME Violleau",
              "runs": {
                "batter": 0,
                "extras": 0,
                "total": 0
              }
            },
            {
              "batter": "PC McGeown",
              "bowler": "S Siegers",
              "extras": {
                "wides": 1
              },
              "non_striker": "ME Violleau",
              "runs": {
                "batter": 0,
                "extras": 1,
                "total": 1
              }
            },
            {
              "batter": "PC McGeown",
              "bowler": "S Siegers",
              "non_striker": "ME Violleau",
              "runs": {
                "batter": 1,
                "extras": 0,
                "total": 1
              }
            }
          ]
        },
        {
          "over": 11,
          "deliveries": [
            {
              "batter": "PC McGeown",
              "bowler": "F Overdijk",
              "non_striker": "ME Violleau",
              "runs": {
                "batter": 0,
                "extras": 0,
                "total": 0
              }
            },
            {
              "batter": "PC McGeown",
              "bowler": "F Overdijk",
              "non_striker": "ME Violleau",
              "runs": {
                "batter": 0,
                "extras": 0,
                "total": 0
              },
              "wickets": [
                {
                  "player_out": "PC McGeown",
                  "kind": "bowled"
                }
              ]
            },
            {
              "batter": "E Chance",
              "bowler": "F Overdijk",
              "extras": {
                "wides": 1
              },
              "non_striker": "ME Violleau",
              "runs": {
                "batter": 0,
                "extras": 1,
                "total": 1
              }
            },
            {
              "batter": "E Chance",
              "bowler": "F Overdijk",
              "non_striker": "ME Violleau",
              "runs": {
                "batter": 0,
                "extras": 0,
                "total": 0
              },
              "wickets": [
                {
                  "player_out": "E Chance",
                  "kind": "bowled"
                }
              ]
            },
            {
              "batter": "M Cargouet",
              "bowler": "F Overdijk",
              "extras": {
                "wides": 1
              },
              "non_striker": "ME Violleau",
              "runs": {
                "batter": 0,
                "extras": 1,
                "total": 1
              }
            },
            {
              "batter": "M Cargouet",
              "bowler": "F Overdijk",
              "non_striker": "ME Violleau",
              "runs": {
                "batter": 0,
                "extras": 0,
                "total": 0
              }
            },
            {
              "batter": "M Cargouet",
              "bowler": "F Overdijk",
              "non_striker": "ME Violleau",
              "runs": {
                "batter": 0,
                "extras": 0,
                "total": 0
              },
              "wickets": [
                {
                  "player_out": "M Cargouet",
                  "kind": "bowled"
                }
              ]
            },
            {
              "batter": "C Breteche",
              "bowler": "F Overdijk",
              "non_striker": "ME Violleau",
              "runs": {
                "batter": 0,
                "extras": 0,
                "total": 0
              }
            }
          ]
        },
        {
          "over": 12,
          "deliveries": [
            {
              "batter": "ME Violleau",
              "bowler": "I van der Woning",
              "non_striker": "C Breteche",
              "runs": {
                "batter": 0,
                "extras": 0,
                "total": 0
              }
            },
            {
              "batter": "ME Violleau",
              "bowler": "I van der Woning",
              "non_striker": "C Breteche",
              "runs": {
                "batter": 0,
                "extras": 0,
                "total": 0
              }
            },
            {
              "batter": "ME Violleau",
              "bowler": "I van der Woning",
              "non_striker": "C Breteche",
              "runs": {
                "batter": 0,
                "extras": 0,
                "total": 0
              }
            },
            {
              "batter": "ME Violleau",
              "bowler": "I van der Woning",
              "extras": {
                "noballs": 1
              },
              "non_striker": "C Breteche",
              "runs": {
                "batter": 0,
                "extras": 1,
                "total": 1
              }
            },
            {
              "batter": "ME Violleau",
              "bowler": "I van der Woning",
              "non_striker": "C Breteche",
              "runs": {
                "batter": 0,
                "extras": 0,
                "total": 0
              }
            },
            {
              "batter": "ME Violleau",
              "bowler": "I van der Woning",
              "non_striker": "C Breteche",
              "runs": {
                "batter": 0,
                "extras": 0,
                "total": 0
              }
            },
            {
              "batter": "ME Violleau",
              "bowler": "I van der Woning",
              "non_striker": "C Breteche",
              "runs": {
                "batter": 0,
                "extras": 0,
                "total": 0
              }
            }
          ]
        },
        {
          "over": 13,
          "deliveries": [
            {
              "batter": "C Breteche",
              "bowler": "F Overdijk",
              "non_striker": "ME Violleau",
              "runs": {
                "batter": 0,
                "extras": 0,
                "total": 0
              }
            },
            {
              "batter": "C Breteche",
              "bowler": "F Overdijk",
              "non_striker": "ME Violleau",
              "runs": {
                "batter": 0,
                "extras": 0,
                "total": 0
              }
            },
            {
              "batter": "C Breteche",
              "bowler": "F Overdijk",
              "extras": {
                "wides": 1
              },
              "non_striker": "ME Violleau",
              "runs": {
                "batter": 0,
                "extras": 1,
                "total": 1
              }
            },
            {
              "batter": "C Breteche",
              "bowler": "F Overdijk",
              "non_striker": "ME Violleau",
              "runs": {
                "batter": 0,
                "extras": 0,
                "total": 0
              }
            },
            {
              "batter": "C Breteche",
              "bowler": "F Overdijk",
              "non_striker": "ME Violleau",
              "runs": {
                "batter": 0,
                "extras": 0,
                "total": 0
              }
            },
            {
              "batter": "C Breteche",
              "bowler": "F Overdijk",
              "non_striker": "ME Violleau",
              "runs": {
                "batter": 0,
                "extras": 0,
                "total": 0
              }
            },
            {
              "batter": "C Breteche",
              "bowler": "F Overdijk",
              "non_striker": "ME Violleau",
              "runs": {
                "batter": 0,
                "extras": 0,
                "total": 0
              }
            }
          ]
        },
        {
          "over": 14,
          "deliveries": [
            {
              "batter": "ME Violleau",
              "bowler": "HDJ Siegers",
              "non_striker": "C Breteche",
              "runs": {
                "batter": 0,
                "extras": 0,
                "total": 0
              }
            },
            {
              "batter": "ME Violleau",
              "bowler": "HDJ Siegers",
              "non_striker": "C Breteche",
              "runs": {
                "batter": 2,
                "extras": 0,
                "total": 2
              }
            },
            {
              "batter": "ME Violleau",
              "bowler": "HDJ Siegers",
              "non_striker": "C Breteche",
              "runs": {
                "batter": 0,
                "extras": 0,
                "total": 0
              }
            },
            {
              "batter": "ME Violleau",
              "bowler": "HDJ Siegers",
              "non_striker": "C Breteche",
              "runs": {
                "batter": 0,
                "extras": 0,
                "total": 0
              }
            },
            {
              "batter": "ME Violleau",
              "bowler": "HDJ Siegers",
              "extras": {
                "wides": 1
              },
              "non_striker": "C Breteche",
              "runs": {
                "batter": 0,
                "extras": 1,
                "total": 1
              }
            },
            {
              "batter": "ME Violleau",
              "bowler": "HDJ Siegers",
              "non_striker": "C Breteche",
              "runs": {
                "batter": 1,
                "extras": 0,
                "total": 1
              }
            },
            {
              "batter": "C Breteche",
              "bowler": "HDJ Siegers",
              "non_striker": "ME Violleau",
              "runs": {
                "batter": 0,
                "extras": 0,
                "total": 0
              }
            }
          ]
        },
        {
          "over": 15,
          "deliveries": [
            {
              "batter": "ME Violleau",
              "bowler": "HWA Landheer",
              "non_striker": "C Breteche",
              "runs": {
                "batter": 0,
                "extras": 0,
                "total": 0
              }
            },
            {
              "batter": "ME Violleau",
              "bowler": "HWA Landheer",
              "non_striker": "C Breteche",
              "runs": {
                "batter": 0,
                "extras": 0,
                "total": 0
              }
            },
            {
              "batter": "ME Violleau",
              "bowler": "HWA Landheer",
              "non_striker": "C Breteche",
              "runs": {
                "batter": 0,
                "extras": 0,
                "total": 0
              }
            },
            {
              "batter": "ME Violleau",
              "bowler": "HWA Landheer",
              "extras": {
                "wides": 5
              },
              "non_striker": "C Breteche",
              "runs": {
                "batter": 0,
                "extras": 5,
                "total": 5
              }
            },
            {
              "batter": "ME Violleau",
              "bowler": "HWA Landheer",
              "extras": {
                "wides": 1
              },
              "non_striker": "C Breteche",
              "runs": {
                "batter": 0,
                "extras": 1,
                "total": 1
              }
            },
            {
              "batter": "ME Violleau",
              "bowler": "HWA Landheer",
              "non_striker": "C Breteche",
              "runs": {
                "batter": 0,
                "extras": 0,
                "total": 0
              }
            },
            {
              "batter": "ME Violleau",
              "bowler": "HWA Landheer",
              "extras": {
                "wides": 1
              },
              "non_striker": "C Breteche",
              "runs": {
                "batter": 0,
                "extras": 1,
                "total": 1
              }
            },
            {
              "batter": "ME Violleau",
              "bowler": "HWA Landheer",
              "non_striker": "C Breteche",
              "runs": {
                "batter": 0,
                "extras": 0,
                "total": 0
              }
            },
            {
              "batter": "ME Violleau",
              "bowler": "HWA Landheer",
              "non_striker": "C Breteche",
              "runs": {
                "batter": 0,
                "extras": 0,
                "total": 0
              }
            }
          ]
        },
        {
          "over": 16,
          "deliveries": [
            {
              "batter": "C Breteche",
              "bowler": "C de Lange",
              "non_striker": "ME Violleau",
              "runs": {
                "batter": 0,
                "extras": 0,
                "total": 0
              }
            },
            {
              "batter": "C Breteche",
              "bowler": "C de Lange",
              "non_striker": "ME Violleau",
              "runs": {
                "batter": 0,
                "extras": 0,
                "total": 0
              }
            },
            {
              "batter": "C Breteche",
              "bowler": "C de Lange",
              "non_striker": "ME Violleau",
              "runs": {
                "batter": 0,
                "extras": 0,
                "total": 0
              }
            },
            {
              "batter": "C Breteche",
              "bowler": "C de Lange",
              "non_striker": "ME Violleau",
              "runs": {
                "batter": 0,
                "extras": 0,
                "total": 0
              }
            },
            {
              "batter": "C Breteche",
              "bowler": "C de Lange",
              "non_striker": "ME Violleau",
              "runs": {
                "batter": 0,
                "extras": 0,
                "total": 0
              }
            },
            {
              "batter": "C Breteche",
              "bowler": "C de Lange",
              "non_striker": "ME Violleau",
              "runs": {
                "batter": 0,
                "extras": 0,
                "total": 0
              }
            }
          ]
        },
        {
          "over": 17,
          "deliveries": [
            {
              "batter": "ME Violleau",
              "bowler": "S Siegers",
              "non_striker": "C Breteche",
              "runs": {
                "batter": 0,
                "extras": 0,
                "total": 0
              }
            },
            {
              "batter": "ME Violleau",
              "bowler": "S Siegers",
              "non_striker": "C Breteche",
              "runs": {
                "batter": 0,
                "extras": 0,
                "total": 0
              }
            },
            {
              "batter": "ME Violleau",
              "bowler": "S Siegers",
              "non_striker": "C Breteche",
              "runs": {
                "batter": 0,
                "extras": 0,
                "total": 0
              },
              "wickets": [
                {
                  "player_out": "ME Violleau",
                  "kind": "bowled"
                }
              ]
            }
          ]
        }
      ],
      "powerplays": [
        {
          "from": 0.1,
          "to": 5.6,
          "type": "mandatory"
        }
      ]
    },
    {
      "team": "Netherlands",
      "overs": [
        {
          "over": 0,
          "deliveries": [
            {
              "batter": "B de Leede",
              "bowler": "DL Graham",
              "non_striker": "HDJ Siegers",
              "runs": {
                "batter": 2,
                "extras": 0,
                "total": 2
              }
            },
            {
              "batter": "B de Leede",
              "bowler": "DL Graham",
              "non_striker": "HDJ Siegers",
              "runs": {
                "batter": 1,
                "extras": 0,
                "total": 1
              }
            },
            {
              "batter": "HDJ Siegers",
              "bowler": "DL Graham",
              "non_striker": "B de Leede",
              "runs": {
                "batter": 0,
                "extras": 0,
                "total": 0
              },
              "wickets": [
                {
                  "player_out": "HDJ Siegers",
                  "kind": "bowled"
                }
              ]
            },
            {
              "batter": "R Rijke",
              "bowler": "DL Graham",
              "non_striker": "B de Leede",
              "runs": {
                "batter": 2,
                "extras": 0,
                "total": 2
              }
            },
            {
              "batter": "R Rijke",
              "bowler": "DL Graham",
              "non_striker": "B de Leede",
              "runs": {
                "batter": 0,
                "extras": 0,
                "total": 0
              }
            },
            {
              "batter": "R Rijke",
              "bowler": "DL Graham",
              "non_striker": "B de Leede",
              "runs": {
                "batter": 1,
                "extras": 0,
                "total": 1
              }
            }
          ]
        },
        {
          "over": 1,
          "deliveries": [
            {
              "batter": "R Rijke",
              "bowler": "E Chance",
              "non_striker": "B de Leede",
              "runs": {
                "batter": 4,
                "extras": 0,
                "total": 4
              }
            },
            {
              "batter": "R Rijke",
              "bowler": "E Chance",
              "extras": {
                "wides": 1
              },
              "non_striker": "B de Leede",
              "runs": {
                "batter": 0,
                "extras": 1,
                "total": 1
              }
            },
            {
              "batter": "R Rijke",
              "bowler": "E Chance",
              "non_striker": "B de Leede",
              "runs": {
                "batter": 1,
                "extras": 0,
                "total": 1
              }
            },
            {
              "batter": "B de Leede",
              "bowler": "E Chance",
              "non_striker": "R Rijke",
              "runs": {
                "batter": 1,
                "extras": 0,
                "total": 1
              }
            },
            {
              "batter": "R Rijke",
              "bowler": "E Chance",
              "non_striker": "B de Leede",
              "runs": {
                "batter": 4,
                "extras": 0,
                "total": 4
              }
            },
            {
              "batter": "R Rijke",
              "bowler": "E Chance",
              "non_striker": "B de Leede",
              "runs": {
                "batter": 4,
                "extras": 0,
                "total": 4
              }
            },
            {
              "batter": "R Rijke",
              "bowler": "E Chance",
              "extras": {
                "wides": 2
              },
              "non_striker": "B de Leede",
              "runs": {
                "batter": 0,
                "extras": 2,
                "total": 2
              }
            },
            {
              "batter": "B de Leede",
              "bowler": "E Chance",
              "non_striker": "R Rijke",
              "runs": {
                "batter": 1,
                "extras": 0,
                "total": 1
              }
            }
          ]
        },
        {
          "over": 2,
          "deliveries": [
            {
              "batter": "B de Leede",
              "bowler": "DL Graham",
              "non_striker": "R Rijke",
              "runs": {
                "batter": 2,
                "extras": 0,
                "total": 2
              }
            },
            {
              "batter": "B de Leede",
              "bowler": "DL Graham",
              "non_striker": "R Rijke",
              "runs": {
                "batter": 1,
                "extras": 0,
                "total": 1
              }
            },
            {
              "batter": "R Rijke",
              "bowler": "DL Graham",
              "non_striker": "B de Leede",
              "runs": {
                "batter": 1,
                "extras": 0,
                "total": 1
              }
            },
            {
              "batter": "B de Leede",
              "bowler": "DL Graham",
              "non_striker": "R Rijke",
              "runs": {
                "batter": 1,
                "extras": 0,
                "total": 1
              }
            },
            {
              "batter": "R Rijke",
              "bowler": "DL Graham",
              "non_striker": "B de Leede",
              "runs": {
                "batter": 0,
                "extras": 0,
                "total": 0
              }
            },
            {
              "batter": "R Rijke",
              "bowler": "DL Graham",
              "non_striker": "B de Leede",
              "runs": {
                "batter": 0,
                "extras": 0,
                "total": 0
              }
            }
          ]
        },
        {
          "over": 3,
          "deliveries": [
            {
              "batter": "B de Leede",
              "bowler": "C Breteche",
              "non_striker": "R Rijke",
              "runs": {
                "batter": 1,
                "extras": 0,
                "total": 1
              }
            },
            {
              "batter": "R Rijke",
              "bowler": "C Breteche",
              "non_striker": "B de Leede",
              "runs": {
                "batter": 0,
                "extras": 0,
                "total": 0
              }
            },
            {
              "batter": "R Rijke",
              "bowler": "C Breteche",
              "non_striker": "B de Leede",
              "runs": {
                "batter": 4,
                "extras": 0,
                "total": 4
              }
            }
          ]
        }
      ],
      "powerplays": [
        {
          "from": 0.1,
          "to": 3.3,
          "type": "mandatory"
        }
      ],
      "target": {
        "overs": 20,
        "runs": 34
      }
    }
  ]
}