{
  "meta": {
    "data_version": "1.0.0",
    "created": "2021-08-28",
    "revision": 1
  },
  "info": {
    "balls_per_over": 6,
    "city": "Murcia",
    "dates": [
      "2021-08-27"
    ],
    "event": {
      "name": "ICC Women's T20 World Cup Europe Region Qualifier",
      "match_number": 5
    },
    "gender": "female",
    "match_type": "T20",
    "match_type_number": 932,
    "officials": {
      "match_referees": [
        "DT Jukes"
      ],
      "reserve_umpires": [
        "M Jameson"
      ],
      "umpires": [
        "Adnan Khan",
        "DH Mclean"
      ]
    },
    "outcome": {
      "winner": "Germany",
      "by": {
        "wickets": 9
      }
    },
    "overs": 20,
    "player_of_match": [
      "B Maes Loch"
    ],
    "players": {
      "France": [
        "TE Britton",
        "PC McGeown",
        "J King",
        "DL Graham",
        "ME Violleau",
        "E Brelivet",
        "LM Aramas",
        "T Rodriguez",
        "M Cargouet",
        "E Chance",
        "C Breteche"
      ],
      "Germany": [
        "AM Healey",
        "CM Gough",
        "A Doddaballapur",
        "JE Ronalds",
        "B Maes Loch",
        "S Sadarangani",
        "A Bierwisch",
        "K Vijayaraghavan",
        "ST Frohnmayer",
        "PA Wadenpohl",
        "MS Beresford"
      ]
    },
    "registry": {
      "people": {
        "A Bierwisch": "b51d654f",
        "A Doddaballapur": "fe4f5d2b",
        "AM Healey": "f3249df1",
        "Adnan Khan": "45ec7a99",
        "B Maes Loch": "d19bec3f",
        "C Breteche": "458a21f3",
        "CM Gough": "f1328a90",
        "DH Mclean": "281d4749",
        "DL Graham": "907e30d9",
        "DT Jukes": "7c215d14",
        "E Brelivet": "f2eb0e99",
        "E Chance": "865ff0b2",
        "J King": "f7ad6448",
        "JE Ronalds": "d4f98302",
        "K Vijayaraghavan": "048da365",
        "LM Aramas": "05bb7c55",
        "M Cargouet": "990957cc",
        "M Jameson": "bdf1ffe3",
        "ME Violleau": "69f47625",
        "MS Beresford": "26eb73f9",
        "PA Wadenpohl": "11898ffe",
        "PC McGeown": "1aabd6fc",
        "S Sadarangani": "acd030a0",
        "ST Frohnmayer": "7e8bcfc1",
        "T Rodriguez": "185e37e0",
        "TE Britton": "5eceeb7f"
      }
    },
    "season": "2021",
    "team_type": "international",
    "teams": [
      "France",
      "Germany"
    ],
    "toss": {
      "decision": "bat",
      "winner": "France"
    },
    "venue": "La Manga Club Bottom Ground"
  },
  "innings": [
    {
      "team": "France",
      "overs": [
        {
          "over": 0,
          "deliveries": [
            {
              "batter": "TE Britton",
              "bowler": "MS Beresford",
              "non_striker": "PC McGeown",
              "runs": {
                "batter": 0,
                "extras": 0,
                "total": 0
              }
            },
            {
              "batter": "TE Britton",
              "bowler": "MS Beresford",
              "non_striker": "PC McGeown",
              "runs": {
                "batter": 0,
                "extras": 0,
                "total": 0
              }
            },
            {
              "batter": "TE Britton",
              "bowler": "MS Beresford",
              "non_striker": "PC McGeown",
              "runs": {
                "batter": 0,
                "extras": 0,
                "total": 0
              },
              "wickets": [
                {
                  "player_out": "TE Britton",
                  "fielders": [
                    {
                      "name": "A Doddaballapur"
                    }
                  ],
                  "kind": "caught"
                }
              ]
            },
            {
              "batter": "J King",
              "bowler": "MS Beresford",
              "non_striker": "PC McGeown",
              "runs": {
                "batter": 0,
                "extras": 0,
                "total": 0
              }
            },
            {
              "batter": "J King",
              "bowler": "MS Beresford",
              "non_striker": "PC McGeown",
              "runs": {
                "batter": 0,
                "extras": 0,
                "total": 0
              }
            },
            {
              "batter": "J King",
              "bowler": "MS Beresford",
              "non_striker": "PC McGeown",
              "runs": {
                "batter": 0,
                "extras": 0,
                "total": 0
              }
            }
          ]
        },
        {
          "over": 1,
          "deliveries": [
            {
              "batter": "PC McGeown",
              "bowler": "CM Gough",
              "extras": {
                "wides": 1
              },
              "non_striker": "J King",
              "runs": {
                "batter": 0,
                "extras": 1,
                "total": 1
              }
            },
            {
              "batter": "PC McGeown",
              "bowler": "CM Gough",
              "extras": {
                "wides": 1
              },
              "non_striker": "J King",
              "runs": {
                "batter": 0,
                "extras": 1,
                "total": 1
              }
            },
            {
              "batter": "PC McGeown",
              "bowler": "CM Gough",
              "non_striker": "J King",
              "runs": {
                "batter": 0,
                "extras": 0,
                "total": 0
              }
            },
            {
              "batter": "PC McGeown",
              "bowler": "CM Gough",
              "non_striker": "J King",
              "runs": {
                "batter": 0,
                "extras": 0,
                "total": 0
              }
            },
            {
              "batter": "PC McGeown",
              "bowler": "CM Gough",
              "extras": {
                "wides": 1
              },
              "non_striker": "J King",
              "runs": {
                "batter": 0,
                "extras": 1,
                "total": 1
              }
            },
            {
              "batter": "PC McGeown",
              "bowler": "CM Gough",
              "non_striker": "J King",
              "runs": {
                "batter": 0,
                "extras": 0,
                "total": 0
              }
            },
            {
              "batter": "PC McGeown",
              "bowler": "CM Gough",
              "non_striker": "J King",
              "runs": {
                "batter": 0,
                "extras": 0,
                "total": 0
              }
            },
            {
              "batter": "PC McGeown",
              "bowler": "CM Gough",
              "non_striker": "J King",
              "runs": {
                "batter": 1,
                "extras": 0,
                "total": 1
              }
            },
            {
              "batter": "J King",
              "bowler": "CM Gough",
              "extras": {
                "wides": 1
              },
              "non_striker": "PC McGeown",
              "runs": {
                "batter": 0,
                "extras": 1,
                "total": 1
              }
            },
            {
              "batter": "J King",
              "bowler": "CM Gough",
              "non_striker": "PC McGeown",
              "runs": {
                "batter": 0,
                "extras": 0,
                "total": 0
              }
            }
          ]
        },
        {
          "over": 2,
          "deliveries": [
            {
              "batter": "PC McGeown",
              "bowler": "MS Beresford",
              "non_striker": "J King",
              "runs": {
                "batter": 2,
                "extras": 0,
                "total": 2
              }
            },
            {
              "batter": "PC McGeown",
              "bowler": "MS Beresford",
              "non_striker": "J King",
              "runs": {
                "batter": 1,
                "extras": 0,
                "total": 1
              }
            },
            {
              "batter": "J King",
              "bowler": "MS Beresford",
              "non_striker": "PC McGeown",
              "runs": {
                "batter": 0,
                "extras": 0,
                "total": 0
              }
            },
            {
              "batter": "J King",
              "bowler": "MS Beresford",
              "extras": {
                "noballs": 1
              },
              "non_striker": "PC McGeown",
              "runs": {
                "batter": 1,
                "extras": 1,
                "total": 2
              }
            },
            {
              "batter": "PC McGeown",
              "bowler": "MS Beresford",
              "non_striker": "J King",
              "runs": {
                "batter": 1,
                "extras": 0,
                "total": 1
              }
            },
            {
              "batter": "J King",
              "bowler": "MS Beresford",
              "non_striker": "PC McGeown",
              "runs": {
                "batter": 0,
                "extras": 0,
                "total": 0
              }
            },
            {
              "batter": "J King",
              "bowler": "MS Beresford",
              "non_striker": "PC McGeown",
              "runs": {
                "batter": 0,
                "extras": 0,
                "total": 0
              }
            }
          ]
        },
        {
          "over": 3,
          "deliveries": [
            {
              "batter": "PC McGeown",
              "bowler": "CM Gough",
              "extras": {
                "wides": 1
              },
              "non_striker": "J King",
              "runs": {
                "batter": 0,
                "extras": 1,
                "total": 1
              }
            },
            {
              "batter": "PC McGeown",
              "bowler": "CM Gough",
              "extras": {
                "wides": 1
              },
              "non_striker": "J King",
              "runs": {
                "batter": 0,
                "extras": 1,
                "total": 1
              }
            },
            {
              "batter": "PC McGeown",
              "bowler": "CM Gough",
              "non_striker": "J King",
              "runs": {
                "batter": 0,
                "extras": 0,
                "total": 0
              }
            },
            {
              "batter": "PC McGeown",
              "bowler": "CM Gough",
              "non_striker": "J King",
              "runs": {
                "batter": 0,
                "extras": 0,
                "total": 0
              }
            },
            {
              "batter": "PC McGeown",
              "bowler": "CM Gough",
              "non_striker": "J King",
              "runs": {
                "batter": 0,
                "extras": 0,
                "total": 0
              }
            },
            {
              "batter": "PC McGeown",
              "bowler": "CM Gough",
              "non_striker": "J King",
              "runs": {
                "batter": 0,
                "extras": 0,
                "total": 0
              },
              "wickets": [
                {
                  "player_out": "PC McGeown",
                  "kind": "caught and bowled"
                }
              ]
            },
            {
              "batter": "DL Graham",
              "bowler": "CM Gough",
              "non_striker": "J King",
              "runs": {
                "batter": 0,
                "extras": 0,
                "total": 0
              }
            },
            {
              "batter": "DL Graham",
              "bowler": "CM Gough",
              "non_striker": "J King",
              "runs": {
                "batter": 0,
                "extras": 0,
                "total": 0
              }
            }
          ]
        },
        {
          "over": 4,
          "deliveries": [
            {
              "batter": "J King",
              "bowler": "MS Beresford",
              "non_striker": "DL Graham",
              "runs": {
                "batter": 0,
                "extras": 0,
                "total": 0
              },
              "wickets": [
                {
                  "player_out": "J King",
                  "kind": "run out"
                }
              ]
            },
            {
              "batter": "DL Graham",
              "bowler": "MS Beresford",
              "non_striker": "ME Violleau",
              "runs": {
                "batter": 0,
                "extras": 0,
                "total": 0
              }
            },
            {
              "batter": "DL Graham",
              "bowler": "MS Beresford",
              "extras": {
                "wides": 1
              },
              "non_striker": "ME Violleau",
              "runs": {
                "batter": 0,
                "extras": 1,
                "total": 1
              }
            },
            {
              "batter": "DL Graham",
              "bowler": "MS Beresford",
              "non_striker": "ME Violleau",
              "runs": {
                "batter": 1,
                "extras": 0,
                "total": 1
              }
            },
            {
              "batter": "ME Violleau",
              "bowler": "MS Beresford",
              "non_striker": "DL Graham",
              "runs": {
                "batter": 0,
                "extras": 0,
                "total": 0
              }
            },
            {
              "batter": "ME Violleau",
              "bowler": "MS Beresford",
              "non_striker": "DL Graham",
              "runs": {
                "batter": 0,
                "extras": 0,
                "total": 0
              }
            },
            {
              "batter": "ME Violleau",
              "bowler": "MS Beresford",
              "non_striker": "DL Graham",
              "runs": {
                "batter": 0,
                "extras": 0,
                "total": 0
              }
            }
          ]
        },
        {
          "over": 5,
          "deliveries": [
            {
              "batter": "DL Graham",
              "bowler": "CM Gough",
              "non_striker": "ME Violleau",
              "runs": {
                "batter": 0,
                "extras": 0,
                "total": 0
              }
            },
            {
              "batter": "DL Graham",
              "bowler": "CM Gough",
              "non_striker": "ME Violleau",
              "runs": {
                "batter": 1,
                "extras": 0,
                "total": 1
              }
            },
            {
              "batter": "ME Violleau",
              "bowler": "CM Gough",
              "non_striker": "DL Graham",
              "runs": {
                "batter": 0,
                "extras": 0,
                "total": 0
              }
            },
            {
              "batter": "ME Violleau",
              "bowler": "CM Gough",
              "non_striker": "DL Graham",
              "runs": {
                "batter": 1,
                "extras": 0,
                "total": 1
              }
            },
            {
              "batter": "DL Graham",
              "bowler": "CM Gough",
              "non_striker": "ME Violleau",
              "runs": {
                "batter": 0,
                "extras": 0,
                "total": 0
              }
            },
            {
              "batter": "DL Graham",
              "bowler": "CM Gough",
              "non_striker": "ME Violleau",
              "runs": {
                "batter": 1,
                "extras": 0,
                "total": 1
              }
            }
          ]
        },
        {
          "over": 6,
          "deliveries": [
            {
              "batter": "DL Graham",
              "bowler": "AM Healey",
              "non_striker": "ME Violleau",
              "runs": {
                "batter": 0,
                "extras": 0,
                "total": 0
              }
            },
            {
              "batter": "DL Graham",
              "bowler": "AM Healey",
              "non_striker": "ME Violleau",
              "runs": {
                "batter": 0,
                "extras": 0,
                "total": 0
              }
            },
            {
              "batter": "DL Graham",
              "bowler": "AM Healey",
              "non_striker": "ME Violleau",
              "runs": {
                "batter": 2,
                "extras": 0,
                "total": 2
              }
            },
            {
              "batter": "DL Graham",
              "bowler": "AM Healey",
              "non_striker": "ME Violleau",
              "runs": {
                "batter": 0,
                "extras": 0,
                "total": 0
              }
            },
            {
              "batter": "DL Graham",
              "bowler": "AM Healey",
              "non_striker": "ME Violleau",
              "runs": {
                "batter": 2,
                "extras": 0,
                "total": 2
              }
            },
            {
              "batter": "DL Graham",
              "bowler": "AM Healey",
              "non_striker": "ME Violleau",
              "runs": {
                "batter": 0,
                "extras": 0,
                "total": 0
              }
            }
          ]
        },
        {
          "over": 7,
          "deliveries": [
            {
              "batter": "ME Violleau",
              "bowler": "B Maes Loch",
              "extras": {
                "wides": 1
              },
              "non_striker": "DL Graham",
              "runs": {
                "batter": 0,
                "extras": 1,
                "total": 1
              }
            },
            {
              "batter": "ME Violleau",
              "bowler": "B Maes Loch",
              "non_striker": "DL Graham",
              "runs": {
                "batter": 0,
                "extras": 0,
                "total": 0
              }
            },
            {
              "batter": "ME Violleau",
              "bowler": "B Maes Loch",
              "extras": {
                "wides": 1
              },
              "non_striker": "DL Graham",
              "runs": {
                "batter": 0,
                "extras": 1,
                "total": 1
              }
            },
            {
              "batter": "ME Violleau",
              "bowler": "B Maes Loch",
              "non_striker": "DL Graham",
              "runs": {
                "batter": 0,
                "extras": 0,
                "total": 0
              }
            },
            {
              "batter": "ME Violleau",
              "bowler": "B Maes Loch",
              "non_striker": "DL Graham",
              "runs": {
                "batter": 0,
                "extras": 0,
                "total": 0
              }
            },
            {
              "batter": "ME Violleau",
              "bowler": "B Maes Loch",
              "extras": {
                "wides": 1
              },
              "non_striker": "DL Graham",
              "runs": {
                "batter": 0,
                "extras": 1,
                "total": 1
              }
            },
            {
              "batter": "ME Violleau",
              "bowler": "B Maes Loch",
              "non_striker": "DL Graham",
              "runs": {
                "batter": 0,
                "extras": 0,
                "total": 0
              }
            },
            {
              "batter": "ME Violleau",
              "bowler": "B Maes Loch",
              "non_striker": "DL Graham",
              "runs": {
                "batter": 0,
                "extras": 0,
                "total": 0
              }
            },
            {
              "batter": "ME Violleau",
              "bowler": "B Maes Loch",
              "extras": {
                "wides": 1
              },
              "non_striker": "DL Graham",
              "runs": {
                "batter": 0,
                "extras": 1,
                "total": 1
              }
            },
            {
              "batter": "ME Violleau",
              "bowler": "B Maes Loch",
              "non_striker": "DL Graham",
              "runs": {
                "batter": 0,
                "extras": 0,
                "total": 0
              }
            }
          ]
        },
        {
          "over": 8,
          "deliveries": [
            {
              "batter": "DL Graham",
              "bowler": "AM Healey",
              "non_striker": "ME Violleau",
              "runs": {
                "batter": 1,
                "extras": 0,
                "total": 1
              }
            },
            {
              "batter": "ME Violleau",
              "bowler": "AM Healey",
              "non_striker": "DL Graham",
              "runs": {
                "batter": 2,
                "extras": 0,
                "total": 2
              }
            },
            {
              "batter": "ME Violleau",
              "bowler": "AM Healey",
              "non_striker": "DL Graham",
              "runs": {
                "batter": 0,
                "extras": 0,
                "total": 0
              }
            },
            {
              "batter": "ME Violleau",
              "bowler": "AM Healey",
              "non_striker": "DL Graham",
              "runs": {
                "batter": 0,
                "extras": 0,
                "total": 0
              }
            },
            {
              "batter": "ME Violleau",
              "bowler": "AM Healey",
              "non_striker": "DL Graham",
              "runs": {
                "batter": 0,
                "extras": 0,
                "total": 0
              }
            },
            {
              "batter": "ME Violleau",
              "bowler": "AM Healey",
              "non_striker": "DL Graham",
              "runs": {
                "batter": 0,
                "extras": 0,
                "total": 0
              }
            }
          ]
        },
        {
          "over": 9,
          "deliveries": [
            {
              "batter": "DL Graham",
              "bowler": "B Maes Loch",
              "non_striker": "ME Violleau",
              "runs": {
                "batter": 0,
                "extras": 0,
                "total": 0
              }
            },
            {
              "batter": "DL Graham",
              "bowler": "B Maes Loch",
              "non_striker": "ME Violleau",
              "runs": {
                "batter": 0,
                "extras": 0,
                "total": 0
              }
            },
            {
              "batter": "DL Graham",
              "bowler": "B Maes Loch",
              "non_striker": "ME Violleau",
              "runs": {
                "batter": 0,
                "extras": 0,
                "total": 0
              }
            },
            {
              "batter": "DL Graham",
              "bowler": "B Maes Loch",
              "non_striker": "ME Violleau",
              "runs": {
                "batter": 1,
                "extras": 0,
                "total": 1
              }
            },
            {
              "batter": "ME Violleau",
              "bowler": "B Maes Loch",
              "non_striker": "DL Graham",
              "runs": {
                "batter": 0,
                "extras": 0,
                "total": 0
              },
              "wickets": [
                {
                  "player_out": "ME Violleau",
                  "fielders": [
                    {
                      "name": "A Doddaballapur"
                    }
                  ],
                  "kind": "caught"
                }
              ]
            },
            {
              "batter": "E Brelivet",
              "bowler": "B Maes Loch",
              "non_striker": "DL Graham",
              "runs": {
                "batter": 0,
                "extras": 0,
                "total": 0
              }
            }
          ]
        },
        {
          "over": 10,
          "deliveries": [
            {
              "batter": "DL Graham",
              "bowler": "AM Healey",
              "non_striker": "E Brelivet",
              "runs": {
                "batter": 2,
                "extras": 0,
                "total": 2
              }
            },
            {
              "batter": "DL Graham",
              "bowler": "AM Healey",
              "non_striker": "E Brelivet",
              "runs": {
                "batter": 0,
                "extras": 0,
                "total": 0
              }
            },
            {
              "batter": "DL Graham",
              "bowler": "AM Healey",
              "non_striker": "E Brelivet",
              "runs": {
                "batter": 0,
                "extras": 0,
                "total": 0
              }
            },
            {
              "batter": "DL Graham",
              "bowler": "AM Healey",
              "non_striker": "E Brelivet",
              "runs": {
                "batter": 1,
                "extras": 0,
                "total": 1
              }
            },
            {
              "batter": "E Brelivet",
              "bowler": "AM Healey",
              "non_striker": "DL Graham",
              "runs": {
                "batter": 0,
                "extras": 0,
                "total": 0
              }
            },
            {
              "batter": "E Brelivet",
              "bowler": "AM Healey",
              "non_striker": "DL Graham",
              "runs": {
                "batter": 0,
                "extras": 0,
                "total": 0
              }
            }
          ]
        },
        {
          "over": 11,
          "deliveries": [
            {
              "batter": "DL Graham",
              "bowler": "B Maes Loch",
              "non_striker": "E Brelivet",
              "runs": {
                "batter": 0,
                "extras": 0,
                "total": 0
              }
            },
            {
              "batter": "DL Graham",
              "bowler": "B Maes Loch",
              "extras": {
                "wides": 1
              },
              "non_striker": "E Brelivet",
              "runs": {
                "batter": 0,
                "extras": 1,
                "total": 1
              }
            },
            {
              "batter": "DL Graham",
              "bowler": "B Maes Loch",
              "non_striker": "E Brelivet",
              "runs": {
                "batter": 0,
                "extras": 0,
                "total": 0
              },
              "wickets": [
                {
                  "player_out": "DL Graham",
                  "kind": "bowled"
                }
              ]
            },
            {
              "batter": "LM Aramas",
              "bowler": "B Maes Loch",
              "extras": {
                "wides": 2
              },
              "non_striker": "E Brelivet",
              "runs": {
                "batter": 0,
                "extras": 2,
                "total": 2
              }
            },
            {
              "batter": "E Brelivet",
              "bowler": "B Maes Loch",
              "non_striker": "LM Aramas",
              "runs": {
                "batter": 0,
                "extras": 0,
                "total": 0
              }
            },
            {
              "batter": "E Brelivet",
              "bowler": "B Maes Loch",
              "non_striker": "LM Aramas",
              "runs": {
                "batter": 0,
                "extras": 0,
                "total": 0
              },
              "wickets": [
                {
                  "player_out": "E Brelivet",
                  "fielders": [
                    {
                      "name": "A Bierwisch"
                    }
                  ],
                  "kind": "caught"
                }
              ]
            },
            {
              "batter": "T Rodriguez",
              "bowler": "B Maes Loch",
              "non_striker": "LM Aramas",
              "runs": {
                "batter": 0,
                "extras": 0,
                "total": 0
              }
            },
            {
              "batter": "T Rodriguez",
              "bowler": "B Maes Loch",
              "non_striker": "LM Aramas",
              "runs": {
                "batter": 0,
                "extras": 0,
                "total": 0
              }
            }
          ]
        },
        {
          "over": 12,
          "deliveries": [
            {
              "batter": "LM Aramas",
              "bowler": "AM Healey",
              "non_striker": "T Rodriguez",
              "runs": {
                "batter": 0,
                "extras": 0,
                "total": 0
              }
            },
            {
              "batter": "LM Aramas",
              "bowler": "AM Healey",
              "non_striker": "T Rodriguez",
              "runs": {
                "batter": 1,
                "extras": 0,
                "total": 1
              }
            },
            {
              "batter": "T Rodriguez",
              "bowler": "AM Healey",
              "non_striker": "LM Aramas",
              "runs": {
                "batter": 1,
                "extras": 0,
                "total": 1
              }
            },
            {
              "batter": "LM Aramas",
              "bowler": "AM Healey",
              "non_striker": "T Rodriguez",
              "runs": {
                "batter": 0,
                "extras": 0,
                "total": 0
              }
            },
            {
              "batter": "LM Aramas",
              "bowler": "AM Healey",
              "non_striker": "T Rodriguez",
              "runs": {
                "batter": 0,
                "extras": 0,
                "total": 0
              },
              "wickets": [
                {
                  "player_out": "LM Aramas",
                  "fielders": [
                    {
                      "name": "JE Ronalds"
                    }
                  ],
                  "kind": "caught"
                }
              ]
            },
            {
              "batter": "M Cargouet",
              "bowler": "AM Healey",
              "extras": {
                "wides": 2
              },
              "non_striker": "T Rodriguez",
              "runs": {
                "batter": 0,
                "extras": 2,
                "total": 2
              }
            },
            {
              "batter": "T Rodriguez",
              "bowler": "AM Healey",
              "non_striker": "M Cargouet",
              "runs": {
                "batter": 0,
                "extras": 0,
                "total": 0
              },
              "wickets": [
                {
                  "player_out": "T Rodriguez",
                  "kind": "bowled"
                }
              ]
            }
          ]
        },
        {
          "over": 13,
          "deliveries": [
            {
              "batter": "M Cargouet",
              "bowler": "B Maes Loch",
              "non_striker": "E Chance",
              "runs": {
                "batter": 0,
                "extras": 0,
                "total": 0
              }
            },
            {
              "batter": "M Cargouet",
              "bowler": "B Maes Loch",
              "non_striker": "E Chance",
              "runs": {
                "batter": 0,
                "extras": 0,
                "total": 0
              }
            },
            {
              "batter": "M Cargouet",
              "bowler": "B Maes Loch",
              "extras": {
                "wides": 1
              },
              "non_striker": "E Chance",
              "runs": {
                "batter": 0,
                "extras": 1,
                "total": 1
              }
            },
            {
              "batter": "M Cargouet",
              "bowler": "B Maes Loch",
              "non_striker": "E Chance",
              "runs": {
                "batter": 0,
                "extras": 0,
                "total": 0
              }
            },
            {
              "batter": "M Cargouet",
              "bowler": "B Maes Loch",
              "non_striker": "E Chance",
              "runs": {
                "batter": 0,
                "extras": 0,
                "total": 0
              }
            },
            {
              "batter": "M Cargouet",
              "bowler": "B Maes Loch",
              "extras": {
                "wides": 1
              },
              "non_striker": "E Chance",
              "runs": {
                "batter": 0,
                "extras": 1,
                "total": 1
              }
            },
            {
              "batter": "M Cargouet",
              "bowler": "B Maes Loch",
              "non_striker": "E Chance",
              "runs": {
                "batter": 1,
                "extras": 0,
                "total": 1
              }
            },
            {
              "batter": "E Chance",
              "bowler": "B Maes Loch",
              "non_striker": "M Cargouet",
              "runs": {
                "batter": 1,
                "extras": 0,
                "total": 1
              }
            }
          ]
        },
        {
          "over": 14,
          "deliveries": [
            {
              "batter": "E Chance",
              "bowler": "A Doddaballapur",
              "non_striker": "M Cargouet",
              "runs": {
                "batter": 1,
                "extras": 0,
                "total": 1
              }
            },
            {
              "batter": "M Cargouet",
              "bowler": "A Doddaballapur",
              "non_striker": "E Chance",
              "runs": {
                "batter": 0,
                "extras": 0,
                "total": 0
              }
            },
            {
              "batter": "M Cargouet",
              "bowler": "A Doddaballapur",
              "non_striker": "E Chance",
              "runs": {
                "batter": 0,
                "extras": 0,
                "total": 0
              },
              "wickets": [
                {
                  "player_out": "M Cargouet",
                  "kind": "bowled"
                }
              ]
            },
            {
              "batter": "C Breteche",
              "bowler": "A Doddaballapur",
              "non_striker": "E Chance",
              "runs": {
                "batter": 0,
                "extras": 0,
                "total": 0
              }
            },
            {
              "batter": "C Breteche",
              "bowler": "A Doddaballapur",
              "non_striker": "E Chance",
              "runs": {
                "batter": 0,
                "extras": 0,
                "total": 0
              }
            },
            {
              "batter": "C Breteche",
              "bowler": "A Doddaballapur",
              "non_striker": "E Chance",
              "runs": {
                "batter": 0,
                "extras": 0,
                "total": 0
              },
              "wickets": [
                {
                  "player_out": "C Breteche",
                  "kind": "bowled"
                }
              ]
            }
          ]
        }
      ],
      "powerplays": [
        {
          "from": 0.1,
          "to": 5.6,
          "type": "mandatory"
        }
      ]
    },
    {
      "team": "Germany",
      "overs": [
        {
          "over": 0,
          "deliveries": [
            {
              "batter": "AM Healey",
              "bowler": "DL Graham",
              "non_striker": "CM Gough",
              "runs": {
                "batter": 2,
                "extras": 0,
                "total": 2
              }
            },
            {
              "batter": "AM Healey",
              "bowler": "DL Graham",
              "non_striker": "CM Gough",
              "runs": {
                "batter": 0,
                "extras": 0,
                "total": 0
              }
            },
            {
              "batter": "AM Healey",
              "bowler": "DL Graham",
              "non_striker": "CM Gough",
              "runs": {
                "batter": 0,
                "extras": 0,
                "total": 0
              }
            },
            {
              "batter": "AM Healey",
              "bowler": "DL Graham",
              "non_striker": "CM Gough",
              "runs": {
                "batter": 0,
                "extras": 0,
                "total": 0
              }
            },
            {
              "batter": "AM Healey",
              "bowler": "DL Graham",
              "non_striker": "CM Gough",
              "runs": {
                "batter": 0,
                "extras": 0,
                "total": 0
              },
              "wickets": [
                {
                  "player_out": "AM Healey",
                  "fielders": [
                    {
                      "name": "M Cargouet"
                    }
                  ],
                  "kind": "caught"
                }
              ]
            },
            {
              "batter": "A Doddaballapur",
              "bowler": "DL Graham",
              "extras": {
                "wides": 1
              },
              "non_striker": "CM Gough",
              "runs": {
                "batter": 0,
                "extras": 1,
                "total": 1
              }
            },
            {
              "batter": "A Doddaballapur",
              "bowler": "DL Graham",
              "non_striker": "CM Gough",
              "runs": {
                "batter": 1,
                "extras": 0,
                "total": 1
              }
            }
          ]
        },
        {
          "over": 1,
          "deliveries": [
            {
              "batter": "A Doddaballapur",
              "bowler": "E Chance",
              "non_striker": "CM Gough",
              "runs": {
                "batter": 0,
                "extras": 0,
                "total": 0
              }
            },
            {
              "batter": "A Doddaballapur",
              "bowler": "E Chance",
              "non_striker": "CM Gough",
              "runs": {
                "batter": 1,
                "extras": 0,
                "total": 1
              }
            },
            {
              "batter": "CM Gough",
              "bowler": "E Chance",
              "non_striker": "A Doddaballapur",
              "runs": {
                "batter": 1,
                "extras": 0,
                "total": 1
              }
            },
            {
              "batter": "A Doddaballapur",
              "bowler": "E Chance",
              "non_striker": "CM Gough",
              "runs": {
                "batter": 0,
                "extras": 0,
                "total": 0
              }
            },
            {
              "batter": "A Doddaballapur",
              "bowler": "E Chance",
              "non_striker": "CM Gough",
              "runs": {
                "batter": 1,
                "extras": 0,
                "total": 1
              }
            },
            {
              "batter": "CM Gough",
              "bowler": "E Chance",
              "non_striker": "A Doddaballapur",
              "runs": {
                "batter": 0,
                "extras": 0,
                "total": 0
              }
            }
          ]
        },
        {
          "over": 2,
          "deliveries": [
            {
              "batter": "A Doddaballapur",
              "bowler": "DL Graham",
              "non_striker": "CM Gough",
              "runs": {
                "batter": 0,
                "extras": 0,
                "total": 0
              }
            },
            {
              "batter": "A Doddaballapur",
              "bowler": "DL Graham",
              "non_striker": "CM Gough",
              "runs": {
                "batter": 0,
                "extras": 0,
                "total": 0
              }
            },
            {
              "batter": "A Doddaballapur",
              "bowler": "DL Graham",
              "non_striker": "CM Gough",
              "runs": {
                "batter": 0,
                "extras": 0,
                "total": 0
              }
            },
            {
              "batter": "A Doddaballapur",
              "bowler": "DL Graham",
              "non_striker": "CM Gough",
              "runs": {
                "batter": 0,
                "extras": 0,
                "total": 0
              }
            },
            {
              "batter": "A Doddaballapur",
              "bowler": "DL Graham",
              "non_striker": "CM Gough",
              "runs": {
                "batter": 0,
                "extras": 0,
                "total": 0
              }
            },
            {
              "batter": "A Doddaballapur",
              "bowler": "DL Graham",
              "non_striker": "CM Gough",
              "runs": {
                "batter": 1,
                "extras": 0,
                "total": 1
              }
            }
          ]
        },
        {
          "over": 3,
          "deliveries": [
            {
              "batter": "A Doddaballapur",
              "bowler": "E Chance",
              "extras": {
                "noballs": 1
              },
              "non_striker": "CM Gough",
              "runs": {
                "batter": 1,
                "extras": 1,
                "total": 2
              }
            },
            {
              "batter": "CM Gough",
              "bowler": "E Chance",
              "non_striker": "A Doddaballapur",
              "runs": {
                "batter": 4,
                "extras": 0,
                "total": 4
              }
            },
            {
              "batter": "CM Gough",
              "bowler": "E Chance",
              "non_striker": "A Doddaballapur",
              "runs": {
                "batter": 1,
                "extras": 0,
                "total": 1
              }
            },
            {
              "batter": "A Doddaballapur",
              "bowler": "E Chance",
              "extras": {
                "noballs": 1
              },
              "non_striker": "CM Gough",
              "runs": {
                "batter": 1,
                "extras": 1,
                "total": 2
              }
            },
            {
              "batter": "CM Gough",
              "bowler": "E Chance",
              "non_striker": "A Doddaballapur",
              "runs": {
                "batter": 1,
                "extras": 0,
                "total": 1
              }
            },
            {
              "batter": "A Doddaballapur",
              "bowler": "E Chance",
              "non_striker": "CM Gough",
              "runs": {
                "batter": 0,
                "extras": 0,
                "total": 0
              }
            },
            {
              "batter": "A Doddaballapur",
              "bowler": "E Chance",
              "non_striker": "CM Gough",
              "runs": {
                "batter": 0,
                "extras": 0,
                "total": 0
              }
            },
            {
              "batter": "A Doddaballapur",
              "bowler": "E Chance",
              "non_striker": "CM Gough",
              "runs": {
                "batter": 1,
                "extras": 0,
                "total": 1
              }
            }
          ]
        },
        {
          "over": 4,
          "deliveries": [
            {
              "batter": "A Doddaballapur",
              "bowler": "DL Graham",
              "non_striker": "CM Gough",
              "runs": {
                "batter": 2,
                "extras": 0,
                "total": 2
              }
            },
            {
              "batter": "A Doddaballapur",
              "bowler": "DL Graham",
              "non_striker": "CM Gough",
              "runs": {
                "batter": 0,
                "extras": 0,
                "total": 0
              }
            },
            {
              "batter": "A Doddaballapur",
              "bowler": "DL Graham",
              "non_striker": "CM Gough",
              "runs": {
                "batter": 1,
                "extras": 0,
                "total": 1
              }
            },
            {
              "batter": "CM Gough",
              "bowler": "DL Graham",
              "extras": {
                "wides": 1
              },
              "non_striker": "A Doddaballapur",
              "runs": {
                "batter": 0,
                "extras": 1,
                "total": 1
              }
            },
            {
              "batter": "CM Gough",
              "bowler": "DL Graham",
              "extras": {
                "wides": 1
              },
              "non_striker": "A Doddaballapur",
              "runs": {
                "batter": 0,
                "extras": 1,
                "total": 1
              }
            },
            {
              "batter": "CM Gough",
              "bowler": "DL Graham",
              "non_striker": "A Doddaballapur",
              "runs": {
                "batter": 1,
                "extras": 0,
                "total": 1
              }
            },
            {
              "batter": "A Doddaballapur",
              "bowler": "DL Graham",
              "non_striker": "CM Gough",
              "runs": {
                "batter": 1,
                "extras": 0,
                "total": 1
              }
            },
            {
              "batter": "CM Gough",
              "bowler": "DL Graham",
              "non_striker": "A Doddaballapur",
              "runs": {
                "batter": 0,
                "extras": 0,
                "total": 0
              }
            }
          ]
        },
        {
          "over": 5,
          "deliveries": [
            {
              "batter": "A Doddaballapur",
              "bowler": "E Chance",
              "non_striker": "CM Gough",
              "runs": {
                "batter": 0,
                "extras": 0,
                "total": 0
              }
            },
            {
              "batter": "A Doddaballapur",
              "bowler": "E Chance",
              "non_striker": "CM Gough",
              "runs": {
                "batter": 0,
                "extras": 0,
                "total": 0
              }
            },
            {
              "batter": "A Doddaballapur",
              "bowler": "E Chance",
              "extras": {
                "wides": 1
              },
              "non_striker": "CM Gough",
              "runs": {
                "batter": 0,
                "extras": 1,
                "total": 1
              }
            },
            {
              "batter": "A Doddaballapur",
              "bowler": "E Chance",
              "non_striker": "CM Gough",
              "runs": {
                "batter": 0,
                "extras": 0,
                "total": 0
              }
            },
            {
              "batter": "A Doddaballapur",
              "bowler": "E Chance",
              "non_striker": "CM Gough",
              "runs": {
                "batter": 4,
                "extras": 0,
                "total": 4
              }
            },
            {
              "batter": "A Doddaballapur",
              "bowler": "E Chance",
              "non_striker": "CM Gough",
              "runs": {
                "batter": 0,
                "extras": 0,
                "total": 0
              }
            },
            {
              "batter": "A Doddaballapur",
              "bowler": "E Chance",
              "non_striker": "CM Gough",
              "runs": {
                "batter": 3,
                "extras": 0,
                "total": 3
              }
            }
          ]
        },
        {
          "over": 6,
          "deliveries": [
            {
              "batter": "A Doddaballapur",
              "bowler": "C Breteche",
              "extras": {
                "wides": 1
              },
              "non_striker": "CM Gough",
              "runs": {
                "batter": 0,
                "extras": 1,
                "total": 1
              }
            },
            {
              "batter": "A Doddaballapur",
              "bowler": "C Breteche",
              "non_striker": "CM Gough",
              "runs": {
                "batter": 0,
                "extras": 0,
                "total": 0
              }
            },
            {
              "batter": "A Doddaballapur",
              "bowler": "C Breteche",
              "non_striker": "CM Gough",
              "runs": {
                "batter": 0,
                "extras": 0,
                "total": 0
              }
            },
            {
              "batter": "A Doddaballapur",
              "bowler": "C Breteche",
              "non_striker": "CM Gough",
              "runs": {
                "batter": 0,
                "extras": 0,
                "total": 0
              }
            },
            {
              "batter": "A Doddaballapur",
              "bowler": "C Breteche",
              "non_striker": "CM Gough",
              "runs": {
                "batter": 1,
                "extras": 0,
                "total": 1
              }
            },
            {
              "batter": "CM Gough",
              "bowler": "C Breteche",
              "non_striker": "A Doddaballapur",
              "runs": {
                "batter": 1,
                "extras": 0,
                "total": 1
              }
            },
            {
              "batter": "A Doddaballapur",
              "bowler": "C Breteche",
              "non_striker": "CM Gough",
              "runs": {
                "batter": 0,
                "extras": 0,
                "total": 0
              }
            }
          ]
        },
        {
          "over": 7,
          "deliveries": [
            {
              "batter": "CM Gough",
              "bowler": "E Chance",
              "non_striker": "A Doddaballapur",
              "runs": {
                "batter": 0,
                "extras": 0,
                "total": 0
              }
            },
            {
              "batter": "CM Gough",
              "bowler": "E Chance",
              "non_striker": "A Doddaballapur",
              "runs": {
                "batter": 1,
                "extras": 0,
                "total": 1
              }
            },
            {
              "batter": "A Doddaballapur",
              "bowler": "E Chance",
              "non_striker": "CM Gough",
              "runs": {
                "batter": 0,
                "extras": 0,
                "total": 0
              }
            },
            {
              "batter": "A Doddaballapur",
              "bowler": "E Chance",
              "non_striker": "CM Gough",
              "runs": {
                "batter": 0,
                "extras": 0,
                "total": 0
              }
            },
            {
              "batter": "A Doddaballapur",
              "bowler": "E Chance",
              "non_striker": "CM Gough",
              "runs": {
                "batter": 0,
                "extras": 0,
                "total": 0
              }
            },
            {
              "batter": "A Doddaballapur",
              "bowler": "E Chance",
              "non_striker": "CM Gough",
              "runs": {
                "batter": 0,
                "extras": 0,
                "total": 0
              }
            }
          ]
        },
        {
          "over": 8,
          "deliveries": [
            {
              "batter": "CM Gough",
              "bowler": "C Breteche",
              "non_striker": "A Doddaballapur",
              "runs": {
                "batter": 1,
                "extras": 0,
                "total": 1
              }
            },
            {
              "batter": "A Doddaballapur",
              "bowler": "C Breteche",
              "non_striker": "CM Gough",
              "runs": {
                "batter": 0,
                "extras": 0,
                "total": 0
              }
            },
            {
              "batter": "A Doddaballapur",
              "bowler": "C Breteche",
              "extras": {
                "wides": 1
              },
              "non_striker": "CM Gough",
              "runs": {
                "batter": 0,
                "extras": 1,
                "total": 1
              }
            },
            {
              "batter": "A Doddaballapur",
              "bowler": "C Breteche",
              "non_striker": "CM Gough",
              "runs": {
                "batter": 1,
                "extras": 0,
                "total": 1
              }
            },
            {
              "batter": "CM Gough",
              "bowler": "C Breteche",
              "non_striker": "A Doddaballapur",
              "runs": {
                "batter": 1,
                "extras": 0,
                "total": 1
              }
            },
            {
              "batter": "A Doddaballapur",
              "bowler": "C Breteche",
              "non_striker": "CM Gough",
              "runs": {
                "batter": 1,
                "extras": 0,
                "total": 1
              }
            },
            {
              "batter": "CM Gough",
              "bowler": "C Breteche",
              "non_striker": "A Doddaballapur",
              "runs": {
                "batter": 1,
                "extras": 0,
                "total": 1
              }
            }
          ]
        },
        {
          "over": 9,
          "deliveries": [
            {
              "batter": "CM Gough",
              "bowler": "ME Violleau",
              "non_striker": "A Doddaballapur",
              "runs": {
                "batter": 1,
                "extras": 0,
                "total": 1
              }
            },
            {
              "batter": "A Doddaballapur",
              "bowler": "ME Violleau",
              "non_striker": "CM Gough",
              "runs": {
                "batter": 0,
                "extras": 0,
                "total": 0
              }
            },
            {
              "batter": "A Doddaballapur",
              "bowler": "ME Violleau",
              "non_striker": "CM Gough",
              "runs": {
                "batter": 1,
                "extras": 0,
                "total": 1
              }
            }
          ]
        }
      ],
      "powerplays": [
        {
          "from": 0.1,
          "to": 5.7,
          "type": "mandatory"
        }
      ],
      "target": {
        "overs": 20,
        "runs": 46
      }
    }
  ]
}