{
  "meta": {
    "data_version": "1.0.0",
    "created": "2021-08-30",
    "revision": 1
  },
  "info": {
    "balls_per_over": 6,
    "city": "Murcia",
    "dates": [
      "2021-08-30"
    ],
    "event": {
      "name": "ICC Women's T20 World Cup Europe Region Qualifier",
      "match_number": 10
    },
    "gender": "female",
    "match_type": "T20",
    "match_type_number": 941,
    "officials": {
      "match_referees": [
        "DT Jukes"
      ],
      "reserve_umpires": [
        "Adnan Khan"
      ],
      "umpires": [
        "Adriaan van den Dries",
        "Rizwan Akram"
      ]
    },
    "outcome": {
      "winner": "Scotland",
      "by": {
        "wickets": 7
      }
    },
    "overs": 20,
    "player_of_match": [
      "M McColl"
    ],
    "players": {
      "France": [
        "TE Britton",
        "J King",
        "ME Violleau",
        "DL Graham",
        "E Brelivet",
        "T Rodriguez",
        "LM Aramas",
        "M Marchello",
        "M Cargouet",
        "I Vrignaud",
        "C Breteche"
      ],
      "Scotland": [
        "SJ Bryce",
        "L Jack",
        "KE Bryce",
        "K McGill",
        "M McColl",
        "HRA Rainey",
        "AH Maqsood",
        "K Fraser",
        "PA Chatterji",
        "RS Glen",
        "A Aitken"
      ]
    },
    "registry": {
      "people": {
        "A Aitken": "25c73eb6",
        "AH Maqsood": "f61e2829",
        "Adnan Khan": "45ec7a99",
        "Adriaan van den Dries": "94b5ec3b",
        "C Breteche": "458a21f3",
        "DL Graham": "907e30d9",
        "DT Jukes": "7c215d14",
        "E Brelivet": "f2eb0e99",
        "HRA Rainey": "7027d12f",
        "I Vrignaud": "bb472ec7",
        "J King": "f7ad6448",
        "K Fraser": "a0a65375",
        "K McGill": "bba7558e",
        "KE Bryce": "f13d3eba",
        "L Jack": "e565ceb7",
        "LM Aramas": "05bb7c55",
        "M Cargouet": "990957cc",
        "M Marchello": "362e44f9",
        "M McColl": "d5fa2ab3",
        "ME Violleau": "69f47625",
        "PA Chatterji": "8e7be59c",
        "RS Glen": "45c2db15",
        "Rizwan Akram": "b5346f1e",
        "SJ Bryce": "2ca65aee",
        "T Rodriguez": "185e37e0",
        "TE Britton": "5eceeb7f"
      }
    },
    "season": "2021",
    "team_type": "international",
    "teams": [
      "France",
      "Scotland"
    ],
    "toss": {
      "decision": "field",
      "winner": "Scotland"
    },
    "venue": "La Manga Club Bottom Ground"
  },
  "innings": [
    {
      "team": "France",
      "overs": [
        {
          "over": 0,
          "deliveries": [
            {
              "batter": "TE Britton",
              "bowler": "KE Bryce",
              "non_striker": "J King",
              "runs": {
                "batter": 0,
                "extras": 0,
                "total": 0
              }
            },
            {
              "batter": "TE Britton",
              "bowler": "KE Bryce",
              "non_striker": "J King",
              "runs": {
                "batter": 0,
                "extras": 0,
                "total": 0
              }
            },
            {
              "batter": "TE Britton",
              "bowler": "KE Bryce",
              "non_striker": "J King",
              "runs": {
                "batter": 0,
                "extras": 0,
                "total": 0
              }
            },
            {
              "batter": "TE Britton",
              "bowler": "KE Bryce",
              "non_striker": "J King",
              "runs": {
                "batter": 0,
                "extras": 0,
                "total": 0
              }
            },
            {
              "batter": "TE Britton",
              "bowler": "KE Bryce",
              "non_striker": "J King",
              "runs": {
                "batter": 0,
                "extras": 0,
                "total": 0
              }
            },
            {
              "batter": "TE Britton",
              "bowler": "KE Bryce",
              "non_striker": "J King",
              "runs": {
                "batter": 1,
                "extras": 0,
                "total": 1
              }
            }
          ]
        },
        {
          "over": 1,
          "deliveries": [
            {
              "batter": "TE Britton",
              "bowler": "PA Chatterji",
              "non_striker": "J King",
              "runs": {
                "batter": 0,
                "extras": 0,
                "total": 0
              }
            },
            {
              "batter": "TE Britton",
              "bowler": "PA Chatterji",
              "non_striker": "J King",
              "runs": {
                "batter": 0,
                "extras": 0,
                "total": 0
              }
            },
            {
              "batter": "TE Britton",
              "bowler": "PA Chatterji",
              "non_striker": "J King",
              "runs": {
                "batter": 0,
                "extras": 0,
                "total": 0
              }
            },
            {
              "batter": "TE Britton",
              "bowler": "PA Chatterji",
              "non_striker": "J King",
              "runs": {
                "batter": 0,
                "extras": 0,
                "total": 0
              }
            },
            {
              "batter": "TE Britton",
              "bowler": "PA Chatterji",
              "non_striker": "J King",
              "runs": {
                "batter": 0,
                "extras": 0,
                "total": 0
              }
            },
            {
              "batter": "TE Britton",
              "bowler": "PA Chatterji",
              "non_striker": "J King",
              "runs": {
                "batter": 0,
                "extras": 0,
                "total": 0
              }
            }
          ]
        },
        {
          "over": 2,
          "deliveries": [
            {
              "batter": "J King",
              "bowler": "KE Bryce",
              "extras": {
                "wides": 1
              },
              "non_striker": "TE Britton",
              "runs": {
                "batter": 0,
                "extras": 1,
                "total": 1
              }
            },
            {
              "batter": "J King",
              "bowler": "KE Bryce",
              "non_striker": "TE Britton",
              "runs": {
                "batter": 0,
                "extras": 0,
                "total": 0
              }
            },
            {
              "batter": "J King",
              "bowler": "KE Bryce",
              "non_striker": "TE Britton",
              "runs": {
                "batter": 0,
                "extras": 0,
                "total": 0
              }
            },
            {
              "batter": "J King",
              "bowler": "KE Bryce",
              "non_striker": "TE Britton",
              "runs": {
                "batter": 0,
                "extras": 0,
                "total": 0
              }
            },
            {
              "batter": "J King",
              "bowler": "KE Bryce",
              "non_striker": "TE Britton",
              "runs": {
                "batter": 0,
                "extras": 0,
                "total": 0
              }
            },
            {
              "batter": "J King",
              "bowler": "KE Bryce",
              "non_striker": "TE Britton",
              "runs": {
                "batter": 0,
                "extras": 0,
                "total": 0
              }
            },
            {
              "batter": "J King",
              "bowler": "KE Bryce",
              "non_striker": "TE Britton",
              "runs": {
                "batter": 0,
                "extras": 0,
                "total": 0
              }
            }
          ]
        },
        {
          "over": 3,
          "deliveries": [
            {
              "batter": "TE Britton",
              "bowler": "PA Chatterji",
              "non_striker": "J King",
              "runs": {
                "batter": 0,
                "extras": 0,
                "total": 0
              }
            },
            {
              "batter": "TE Britton",
              "bowler": "PA Chatterji",
              "non_striker": "J King",
              "runs": {
                "batter": 1,
                "extras": 0,
                "total": 1
              }
            },
            {
              "batter": "J King",
              "bowler": "PA Chatterji",
              "non_striker": "TE Britton",
              "runs": {
                "batter": 0,
                "extras": 0,
                "total": 0
              }
            },
            {
              "batter": "J King",
              "bowler": "PA Chatterji",
              "non_striker": "TE Britton",
              "runs": {
                "batter": 0,
                "extras": 0,
                "total": 0
              }
            },
            {
              "batter": "J King",
              "bowler": "PA Chatterji",
              "non_striker": "TE Britton",
              "runs": {
                "batter": 1,
                "extras": 0,
                "total": 1
              }
            },
            {
              "batter": "TE Britton",
              "bowler": "PA Chatterji",
              "non_striker": "J King",
              "runs": {
                "batter": 0,
                "extras": 0,
                "total": 0
              }
            }
          ]
        },
        {
          "over": 4,
          "deliveries": [
            {
              "batter": "J King",
              "bowler": "AH Maqsood",
              "non_striker": "TE Britton",
              "runs": {
                "batter": 0,
                "extras": 0,
                "total": 0
              }
            },
            {
              "batter": "J King",
              "bowler": "AH Maqsood",
              "non_striker": "TE Britton",
              "runs": {
                "batter": 1,
                "extras": 0,
                "total": 1
              }
            },
            {
              "batter": "TE Britton",
              "bowler": "AH Maqsood",
              "non_striker": "J King",
              "runs": {
                "batter": 0,
                "extras": 0,
                "total": 0
              }
            },
            {
              "batter": "TE Britton",
              "bowler": "AH Maqsood",
              "non_striker": "J King",
              "runs": {
                "batter": 0,
                "extras": 0,
                "total": 0
              }
            },
            {
              "batter": "TE Britton",
              "bowler": "AH Maqsood",
              "non_striker": "J King",
              "runs": {
                "batter": 0,
                "extras": 0,
                "total": 0
              }
            },
            {
              "batter": "TE Britton",
              "bowler": "AH Maqsood",
              "non_striker": "J King",
              "runs": {
                "batter": 0,
                "extras": 0,
                "total": 0
              }
            }
          ]
        },
        {
          "over": 5,
          "deliveries": [
            {
              "batter": "J King",
              "bowler": "K Fraser",
              "non_striker": "TE Britton",
              "runs": {
                "batter": 0,
                "extras": 0,
                "total": 0
              }
            },
            {
              "batter": "J King",
              "bowler": "K Fraser",
              "non_striker": "TE Britton",
              "runs": {
                "batter": 0,
                "extras": 0,
                "total": 0
              }
            },
            {
              "batter": "J King",
              "bowler": "K Fraser",
              "non_striker": "TE Britton",
              "runs": {
                "batter": 0,
                "extras": 0,
                "total": 0
              }
            },
            {
              "batter": "J King",
              "bowler": "K Fraser",
              "non_striker": "TE Britton",
              "runs": {
                "batter": 0,
                "extras": 0,
                "total": 0
              }
            },
            {
              "batter": "J King",
              "bowler": "K Fraser",
              "non_striker": "TE Britton",
              "runs": {
                "batter": 0,
                "extras": 0,
                "total": 0
              }
            },
            {
              "batter": "J King",
              "bowler": "K Fraser",
              "non_striker": "TE Britton",
              "runs": {
                "batter": 0,
                "extras": 0,
                "total": 0
              }
            }
          ]
        },
        {
          "over": 6,
          "deliveries": [
            {
              "batter": "TE Britton",
              "bowler": "AH Maqsood",
              "non_striker": "J King",
              "runs": {
                "batter": 0,
                "extras": 0,
                "total": 0
              }
            },
            {
              "batter": "TE Britton",
              "bowler": "AH Maqsood",
              "non_striker": "J King",
              "runs": {
                "batter": 0,
                "extras": 0,
                "total": 0
              }
            },
            {
              "batter": "TE Britton",
              "bowler": "AH Maqsood",
              "non_striker": "J King",
              "runs": {
                "batter": 1,
                "extras": 0,
                "total": 1
              }
            },
            {
              "batter": "J King",
              "bowler": "AH Maqsood",
              "non_striker": "TE Britton",
              "runs": {
                "batter": 0,
                "extras": 0,
                "total": 0
              }
            },
            {
              "batter": "J King",
              "bowler": "AH Maqsood",
              "non_striker": "TE Britton",
              "runs": {
                "batter": 0,
                "extras": 0,
                "total": 0
              }
            },
            {
              "batter": "J King",
              "bowler": "AH Maqsood",
              "non_striker": "TE Britton",
              "runs": {
                "batter": 4,
                "extras": 0,
                "total": 4
              }
            }
          ]
        },
        {
          "over": 7,
          "deliveries": [
            {
              "batter": "TE Britton",
              "bowler": "K Fraser",
              "non_striker": "J King",
              "runs": {
                "batter": 0,
                "extras": 0,
                "total": 0
              }
            },
            {
              "batter": "TE Britton",
              "bowler": "K Fraser",
              "non_striker": "J King",
              "runs": {
                "batter": 0,
                "extras": 0,
                "total": 0
              }
            },
            {
              "batter": "TE Britton",
              "bowler": "K Fraser",
              "non_striker": "J King",
              "runs": {
                "batter": 0,
                "extras": 0,
                "total": 0
              }
            },
            {
              "batter": "TE Britton",
              "bowler": "K Fraser",
              "extras": {
                "wides": 1
              },
              "non_striker": "J King",
              "runs": {
                "batter": 0,
                "extras": 1,
                "total": 1
              }
            },
            {
              "batter": "TE Britton",
              "bowler": "K Fraser",
              "non_striker": "J King",
              "runs": {
                "batter": 0,
                "extras": 0,
                "total": 0
              }
            },
            {
              "batter": "TE Britton",
              "bowler": "K Fraser",
              "non_striker": "J King",
              "runs": {
                "batter": 0,
                "extras": 0,
                "total": 0
              }
            },
            {
              "batter": "TE Britton",
              "bowler": "K Fraser",
              "non_striker": "J King",
              "runs": {
                "batter": 0,
                "extras": 0,
                "total": 0
              }
            }
          ]
        },
        {
          "over": 8,
          "deliveries": [
            {
              "batter": "J King",
              "bowler": "M McColl",
              "non_striker": "TE Britton",
              "runs": {
                "batter": 1,
                "extras": 0,
                "total": 1
              }
            },
            {
              "batter": "TE Britton",
              "bowler": "M McColl",
              "non_striker": "J King",
              "runs": {
                "batter": 0,
                "extras": 0,
                "total": 0
              }
            },
            {
              "batter": "TE Britton",
              "bowler": "M McColl",
              "non_striker": "J King",
              "runs": {
                "batter": 0,
                "extras": 0,
                "total": 0
              }
            },
            {
              "batter": "TE Britton",
              "bowler": "M McColl",
              "non_striker": "J King",
              "runs": {
                "batter": 0,
                "extras": 0,
                "total": 0
              }
            },
            {
              "batter": "TE Britton",
              "bowler": "M McColl",
              "non_striker": "J King",
              "runs": {
                "batter": 0,
                "extras": 0,
                "total": 0
              }
            },
            {
              "batter": "TE Britton",
              "bowler": "M McColl",
              "non_striker": "J King",
              "runs": {
                "batter": 0,
                "extras": 0,
                "total": 0
              }
            }
          ]
        },
        {
          "over": 9,
          "deliveries": [
            {
              "batter": "J King",
              "bowler": "HRA Rainey",
              "non_striker": "TE Britton",
              "runs": {
                "batter": 1,
                "extras": 0,
                "total": 1
              }
            },
            {
              "batter": "TE Britton",
              "bowler": "HRA Rainey",
              "non_striker": "J King",
              "runs": {
                "batter": 0,
                "extras": 0,
                "total": 0
              }
            },
            {
              "batter": "TE Britton",
              "bowler": "HRA Rainey",
              "non_striker": "J King",
              "runs": {
                "batter": 0,
                "extras": 0,
                "total": 0
              }
            },
            {
              "batter": "TE Britton",
              "bowler": "HRA Rainey",
              "extras": {
                "wides": 1
              },
              "non_striker": "J King",
              "runs": {
                "batter": 0,
                "extras": 1,
                "total": 1
              }
            },
            {
              "batter": "TE Britton",
              "bowler": "HRA Rainey",
              "non_striker": "J King",
              "runs": {
                "batter": 0,
                "extras": 0,
                "total": 0
              }
            },
            {
              "batter": "TE Britton",
              "bowler": "HRA Rainey",
              "non_striker": "J King",
              "runs": {
                "batter": 0,
                "extras": 0,
                "total": 0
              }
            },
            {
              "batter": "TE Britton",
              "bowler": "HRA Rainey",
              "non_striker": "J King",
              "runs": {
                "batter": 0,
                "extras": 0,
                "total": 0
              }
            }
          ]
        },
        {
          "over": 10,
          "deliveries": [
            {
              "batter": "J King",
              "bowler": "M McColl",
              "non_striker": "TE Britton",
              "runs": {
                "batter": 0,
                "extras": 0,
                "total": 0
              }
            },
            {
              "batter": "J King",
              "bowler": "M McColl",
              "non_striker": "TE Britton",
              "runs": {
                "batter": 0,
                "extras": 0,
                "total": 0
              },
              "wickets": [
                {
                  "player_out": "J King",
                  "fielders": [
                    {
                      "name": "K McGill"
                    }
                  ],
                  "kind": "caught"
                }
              ]
            },
            {
              "batter": "ME Violleau",
              "bowler": "M McColl",
              "non_striker": "TE Britton",
              "runs": {
                "batter": 0,
                "extras": 0,
                "total": 0
              }
            },
            {
              "batter": "ME Violleau",
              "bowler": "M McColl",
              "non_striker": "TE Britton",
              "runs": {
                "batter": 0,
                "extras": 0,
                "total": 0
              }
            },
            {
              "batter": "ME Violleau",
              "bowler": "M McColl",
              "non_striker": "TE Britton",
              "runs": {
                "batter": 1,
                "extras": 0,
                "total": 1
              }
            },
            {
              "batter": "TE Britton",
              "bowler": "M McColl",
              "non_striker": "ME Violleau",
              "runs": {
                "batter": 0,
                "extras": 0,
                "total": 0
              }
            }
          ]
        },
        {
          "over": 11,
          "deliveries": [
            {
              "batter": "ME Violleau",
              "bowler": "HRA Rainey",
              "non_striker": "TE Britton",
              "runs": {
                "batter": 0,
                "extras": 0,
                "total": 0
              }
            },
            {
              "batter": "ME Violleau",
              "bowler": "HRA Rainey",
              "non_striker": "TE Britton",
              "runs": {
                "batter": 0,
                "extras": 0,
                "total": 0
              }
            },
            {
              "batter": "ME Violleau",
              "bowler": "HRA Rainey",
              "non_striker": "TE Britton",
              "runs": {
                "batter": 0,
                "extras": 0,
                "total": 0
              }
            },
            {
              "batter": "ME Violleau",
              "bowler": "HRA Rainey",
              "non_striker": "TE Britton",
              "runs": {
                "batter": 0,
                "extras": 0,
                "total": 0
              },
              "wickets": [
                {
                  "player_out": "ME Violleau",
                  "fielders": [
                    {
                      "name": "KE Bryce"
                    }
                  ],
                  "kind": "caught"
                }
              ]
            },
            {
              "batter": "DL Graham",
              "bowler": "HRA Rainey",
              "extras": {
                "wides": 1
              },
              "non_striker": "TE Britton",
              "runs": {
                "batter": 0,
                "extras": 1,
                "total": 1
              }
            },
            {
              "batter": "DL Graham",
              "bowler": "HRA Rainey",
              "non_striker": "TE Britton",
              "runs": {
                "batter": 1,
                "extras": 0,
                "total": 1
              }
            },
            {
              "batter": "TE Britton",
              "bowler": "HRA Rainey",
              "non_striker": "DL Graham",
              "runs": {
                "batter": 1,
                "extras": 0,
                "total": 1
              }
            }
          ]
        },
        {
          "over": 12,
          "deliveries": [
            {
              "batter": "TE Britton",
              "bowler": "M McColl",
              "non_striker": "DL Graham",
              "runs": {
                "batter": 0,
                "extras": 0,
                "total": 0
              },
              "wickets": [
                {
                  "player_out": "TE Britton",
                  "fielders": [
                    {
                      "name": "SJ Bryce"
                    }
                  ],
                  "kind": "caught"
                }
              ]
            },
            {
              "batter": "E Brelivet",
              "bowler": "M McColl",
              "non_striker": "DL Graham",
              "runs": {
                "batter": 0,
                "extras": 0,
                "total": 0
              }
            },
            {
              "batter": "E Brelivet",
              "bowler": "M McColl",
              "non_striker": "DL Graham",
              "runs": {
                "batter": 0,
                "extras": 0,
                "total": 0
              }
            },
            {
              "batter": "E Brelivet",
              "bowler": "M McColl",
              "non_striker": "DL Graham",
              "runs": {
                "batter": 1,
                "extras": 0,
                "total": 1
              }
            },
            {
              "batter": "DL Graham",
              "bowler": "M McColl",
              "non_striker": "E Brelivet",
              "runs": {
                "batter": 0,
                "extras": 0,
                "total": 0
              },
              "wickets": [
                {
                  "player_out": "DL Graham",
                  "fielders": [
                    {
                      "name": "A Aitken"
                    }
                  ],
                  "kind": "caught"
                }
              ]
            },
            {
              "batter": "T Rodriguez",
              "bowler": "M McColl",
              "non_striker": "E Brelivet",
              "runs": {
                "batter": 0,
                "extras": 0,
                "total": 0
              }
            }
          ]
        },
        {
          "over": 13,
          "deliveries": [
            {
              "batter": "E Brelivet",
              "bowler": "A Aitken",
              "non_striker": "T Rodriguez",
              "runs": {
                "batter": 0,
                "extras": 0,
                "total": 0
              }
            },
            {
              "batter": "E Brelivet",
              "bowler": "A Aitken",
              "non_striker": "T Rodriguez",
              "runs": {
                "batter": 1,
                "extras": 0,
                "total": 1
              }
            },
            {
              "batter": "T Rodriguez",
              "bowler": "A Aitken",
              "non_striker": "E Brelivet",
              "runs": {
                "batter": 0,
                "extras": 0,
                "total": 0
              },
              "wickets": [
                {
                  "player_out": "T Rodriguez",
                  "kind": "lbw"
                }
              ]
            },
            {
              "batter": "LM Aramas",
              "bowler": "A Aitken",
              "non_striker": "E Brelivet",
              "runs": {
                "batter": 0,
                "extras": 0,
                "total": 0
              }
            },
            {
              "batter": "LM Aramas",
              "bowler": "A Aitken",
              "non_striker": "E Brelivet",
              "runs": {
                "batter": 0,
                "extras": 0,
                "total": 0
              }
            },
            {
              "batter": "LM Aramas",
              "bowler": "A Aitken",
              "non_striker": "E Brelivet",
              "runs": {
                "batter": 1,
                "extras": 0,
                "total": 1
              }
            }
          ]
        },
        {
          "over": 14,
          "deliveries": [
            {
              "batter": "LM Aramas",
              "bowler": "M McColl",
              "non_striker": "E Brelivet",
              "runs": {
                "batter": 0,
                "extras": 0,
                "total": 0
              },
              "wickets": [
                {
                  "player_out": "LM Aramas",
                  "fielders": [
                    {
                      "name": "RS Glen"
                    }
                  ],
                  "kind": "caught"
                }
              ]
            },
            {
              "batter": "M Marchello",
              "bowler": "M McColl",
              "non_striker": "E Brelivet",
              "runs": {
                "batter": 0,
                "extras": 0,
                "total": 0
              }
            },
            {
              "batter": "M Marchello",
              "bowler": "M McColl",
              "non_striker": "E Brelivet",
              "runs": {
                "batter": 0,
                "extras": 0,
                "total": 0
              },
              "wickets": [
                {
                  "player_out": "M Marchello",
                  "fielders": [
                    {
                      "name": "K McGill"
                    }
                  ],
                  "kind": "caught"
                }
              ]
            },
            {
              "batter": "M Cargouet",
              "bowler": "M McColl",
              "non_striker": "E Brelivet",
              "runs": {
                "batter": 0,
                "extras": 0,
                "total": 0
              }
            },
            {
              "batter": "M Cargouet",
              "bowler": "M McColl",
              "non_striker": "E Brelivet",
              "runs": {
                "batter": 0,
                "extras": 0,
                "total": 0
              }
            },
            {
              "batter": "M Cargouet",
              "bowler": "M McColl",
              "non_striker": "E Brelivet",
              "runs": {
                "batter": 0,
                "extras": 0,
                "total": 0
              }
            }
          ]
        },
        {
          "over": 15,
          "deliveries": [
            {
              "batter": "E Brelivet",
              "bowler": "A Aitken",
              "non_striker": "M Cargouet",
              "runs": {
                "batter": 0,
                "extras": 0,
                "total": 0
              }
            },
            {
              "batter": "E Brelivet",
              "bowler": "A Aitken",
              "non_striker": "M Cargouet",
              "runs": {
                "batter": 0,
                "extras": 0,
                "total": 0
              },
              "wickets": [
                {
                  "player_out": "E Brelivet",
                  "fielders": [
                    {
                      "name": "SJ Bryce"
                    }
                  ],
                  "kind": "caught"
                }
              ]
            },
            {
              "batter": "I Vrignaud",
              "bowler": "A Aitken",
              "non_striker": "M Cargouet",
              "runs": {
                "batter": 0,
                "extras": 0,
                "total": 0
              }
            },
            {
              "batter": "I Vrignaud",
              "bowler": "A Aitken",
              "non_striker": "M Cargouet",
              "runs": {
                "batter": 0,
                "extras": 0,
                "total": 0
              }
            },
            {
              "batter": "I Vrignaud",
              "bowler": "A Aitken",
              "non_striker": "M Cargouet",
              "runs": {
                "batter": 0,
                "extras": 0,
                "total": 0
              }
            },
            {
              "batter": "I Vrignaud",
              "bowler": "A Aitken",
              "non_striker": "M Cargouet",
              "runs": {
                "batter": 0,
                "extras": 0,
                "total": 0
              }
            }
          ]
        },
        {
          "over": 16,
          "deliveries": [
            {
              "batter": "M Cargouet",
              "bowler": "K McGill",
              "non_striker": "I Vrignaud",
              "runs": {
                "batter": 0,
                "extras": 0,
                "total": 0
              }
            },
            {
              "batter": "M Cargouet",
              "bowler": "K McGill",
              "non_striker": "I Vrignaud",
              "runs": {
                "batter": 0,
                "extras": 0,
                "total": 0
              }
            },
            {
              "batter": "M Cargouet",
              "bowler": "K McGill",
              "non_striker": "I Vrignaud",
              "runs": {
                "batter": 0,
                "extras": 0,
                "total": 0
              }
            },
            {
              "batter": "M Cargouet",
              "bowler": "K McGill",
              "extras": {
                "byes": 1
              },
              "non_striker": "I Vrignaud",
              "runs": {
                "batter": 0,
                "extras": 1,
                "total": 1
              }
            },
            {
              "batter": "I Vrignaud",
              "bowler": "K McGill",
              "non_striker": "M Cargouet",
              "runs": {
                "batter": 0,
                "extras": 0,
                "total": 0
              }
            },
            {
              "batter": "I Vrignaud",
              "bowler": "K McGill",
              "non_striker": "M Cargouet",
              "runs": {
                "batter": 0,
                "extras": 0,
                "total": 0
              },
              "wickets": [
                {
                  "player_out": "M Cargouet",
                  "kind": "run out"
                }
              ]
            }
          ]
        },
        {
          "over": 17,
          "deliveries": [
            {
              "batter": "I Vrignaud",
              "bowler": "A Aitken",
              "non_striker": "C Breteche",
              "runs": {
                "batter": 0,
                "extras": 0,
                "total": 0
              }
            },
            {
              "batter": "I Vrignaud",
              "bowler": "A Aitken",
              "non_striker": "C Breteche",
              "runs": {
                "batter": 0,
                "extras": 0,
                "total": 0
              }
            },
            {
              "batter": "I Vrignaud",
              "bowler": "A Aitken",
              "non_striker": "C Breteche",
              "runs": {
                "batter": 1,
                "extras": 0,
                "total": 1
              }
            },
            {
              "batter": "C Breteche",
              "bowler": "A Aitken",
              "extras": {
                "byes": 1
              },
              "non_striker": "I Vrignaud",
              "runs": {
                "batter": 0,
                "extras": 1,
                "total": 1
              },
              "wickets": [
                {
                  "player_out": "C Breteche",
                  "kind": "run out"
                }
              ]
            }
          ]
        }
      ],
      "powerplays": [
        {
          "from": 0.1,
          "to": 5.6,
          "type": "mandatory"
        }
      ]
    },
    {
      "team": "Scotland",
      "overs": [
        {
          "over": 0,
          "deliveries": [
            {
              "batter": "SJ Bryce",
              "bowler": "C Breteche",
              "non_striker": "L Jack",
              "runs": {
                "batter": 1,
                "extras": 0,
                "total": 1
              }
            },
            {
              "batter": "L Jack",
              "bowler": "C Breteche",
              "extras": {
                "wides": 1
              },
              "non_striker": "SJ Bryce",
              "runs": {
                "batter": 0,
                "extras": 1,
                "total": 1
              }
            },
            {
              "batter": "L Jack",
              "bowler": "C Breteche",
              "non_striker": "SJ Bryce",
              "runs": {
                "batter": 0,
                "extras": 0,
                "total": 0
              }
            },
            {
              "batter": "L Jack",
              "bowler": "C Breteche",
              "non_striker": "SJ Bryce",
              "runs": {
                "batter": 4,
                "extras": 0,
                "total": 4
              }
            },
            {
              "batter": "L Jack",
              "bowler": "C Breteche",
              "non_striker": "SJ Bryce",
              "runs": {
                "batter": 2,
                "extras": 0,
                "total": 2
              }
            },
            {
              "batter": "L Jack",
              "bowler": "C Breteche",
              "non_striker": "SJ Bryce",
              "runs": {
                "batter": 0,
                "extras": 0,
                "total": 0
              }
            },
            {
              "batter": "L Jack",
              "bowler": "C Breteche",
              "non_striker": "SJ Bryce",
              "runs": {
                "batter": 1,
                "extras": 0,
                "total": 1
              }
            }
          ]
        },
        {
          "over": 1,
          "deliveries": [
            {
              "batter": "L Jack",
              "bowler": "ME Violleau",
              "non_striker": "SJ Bryce",
              "runs": {
                "batter": 1,
                "extras": 0,
                "total": 1
              }
            },
            {
              "batter": "SJ Bryce",
              "bowler": "ME Violleau",
              "non_striker": "L Jack",
              "runs": {
                "batter": 6,
                "extras": 0,
                "total": 6
              }
            },
            {
              "batter": "SJ Bryce",
              "bowler": "ME Violleau",
              "non_striker": "L Jack",
              "runs": {
                "batter": 2,
                "extras": 0,
                "total": 2
              }
            },
            {
              "batter": "SJ Bryce",
              "bowler": "ME Violleau",
              "non_striker": "L Jack",
              "runs": {
                "batter": 0,
                "extras": 0,
                "total": 0
              },
              "wickets": [
                {
                  "player_out": "SJ Bryce",
                  "kind": "bowled"
                }
              ]
            },
            {
              "batter": "KE Bryce",
              "bowler": "ME Violleau",
              "non_striker": "L Jack",
              "runs": {
                "batter": 2,
                "extras": 0,
                "total": 2
              }
            },
            {
              "batter": "KE Bryce",
              "bowler": "ME Violleau",
              "non_striker": "L Jack",
              "runs": {
                "batter": 0,
                "extras": 0,
                "total": 0
              },
              "wickets": [
                {
                  "player_out": "KE Bryce",
                  "fielders": [
                    {
                      "name": "E Brelivet"
                    }
                  ],
                  "kind": "caught"
                }
              ]
            }
          ]
        },
        {
          "over": 2,
          "deliveries": [
            {
              "batter": "K McGill",
              "bowler": "C Breteche",
              "non_striker": "L Jack",
              "runs": {
                "batter": 0,
                "extras": 0,
                "total": 0
              },
              "wickets": [
                {
                  "player_out": "K McGill",
                  "fielders": [
                    {
                      "name": "DL Graham"
                    }
                  ],
                  "kind": "caught"
                }
              ]
            },
            {
              "batter": "M McColl",
              "bowler": "C Breteche",
              "non_striker": "L Jack",
              "runs": {
                "batter": 4,
                "extras": 0,
                "total": 4
              }
            },
            {
              "batter": "M McColl",
              "bowler": "C Breteche",
              "extras": {
                "wides": 1
              },
              "non_striker": "L Jack",
              "runs": {
                "batter": 0,
                "extras": 1,
                "total": 1
              }
            }
          ]
        }
      ],
      "powerplays": [
        {
          "from": 0.1,
          "to": 2.3,
          "type": "mandatory"
        }
      ],
      "target": {
        "overs": 20,
        "runs": 25
      }
    }
  ]
}