{
  "meta": {
    "data_version": "1.0.0",
    "created": "2021-08-30",
    "revision": 1
  },
  "info": {
    "balls_per_over": 6,
    "city": "Murcia",
    "dates": [
      "2021-08-29"
    ],
    "event": {
      "name": "ICC Women's T20 World Cup Europe Region Qualifier",
      "match_number": 8
    },
    "gender": "female",
    "match_type": "T20",
    "match_type_number": 938,
    "officials": {
      "match_referees": [
        "DT Jukes"
      ],
      "reserve_umpires": [
        "AJT Dowdalls"
      ],
      "umpires": [
        "Adriaan van den Dries",
        "DH Mclean"
      ]
    },
    "outcome": {
      "winner": "Scotland",
      "by": {
        "wickets": 10
      }
    },
    "overs": 20,
    "player_of_match": [
      "K Fraser"
    ],
    "players": {
      "Germany": [
        "JE Ronalds",
        "CM Gough",
        "A Doddaballapur",
        "AM Healey",
        "B Maes Loch",
        "ST Frohnmayer",
        "S Sadarangani",
        "A Bierwisch",
        "K Vijayaraghavan",
        "PA Wadenpohl",
        "MS Beresford"
      ],
      "Scotland": [
        "SJ Bryce",
        "L Jack",
        "KE Bryce",
        "A Aitken",
        "RS Glen",
        "K Fraser",
        "PA Chatterji",
        "AH Maqsood",
        "A Lister",
        "CM Scott",
        "S Haggo"
      ]
    },
    "registry": {
      "people": {
        "A Aitken": "25c73eb6",
        "A Bierwisch": "b51d654f",
        "A Doddaballapur": "fe4f5d2b",
        "A Lister": "090c0213",
        "AH Maqsood": "f61e2829",
        "AJT Dowdalls": "f06852e3",
        "AM Healey": "f3249df1",
        "Adriaan van den Dries": "94b5ec3b",
        "B Maes Loch": "d19bec3f",
        "CM Gough": "f1328a90",
        "CM Scott": "e0da9b14",
        "DH Mclean": "281d4749",
        "DT Jukes": "7c215d14",
        "JE Ronalds": "d4f98302",
        "K Fraser": "a0a65375",
        "K Vijayaraghavan": "048da365",
        "KE Bryce": "f13d3eba",
        "L Jack": "e565ceb7",
        "MS Beresford": "26eb73f9",
        "PA Chatterji": "8e7be59c",
        "PA Wadenpohl": "11898ffe",
        "RS Glen": "45c2db15",
        "S Haggo": "35230fa3",
        "S Sadarangani": "acd030a0",
        "SJ Bryce": "2ca65aee",
        "ST Frohnmayer": "7e8bcfc1"
      }
    },
    "season": "2021",
    "team_type": "international",
    "teams": [
      "Germany",
      "Scotland"
    ],
    "toss": {
      "decision": "field",
      "winner": "Scotland"
    },
    "venue": "La Manga Club Top Ground"
  },
  "innings": [
    {
      "team": "Germany",
      "overs": [
        {
          "over": 0,
          "deliveries": [
            {
              "batter": "JE Ronalds",
              "bowler": "KE Bryce",
              "non_striker": "CM Gough",
              "runs": {
                "batter": 0,
                "extras": 0,
                "total": 0
              }
            },
            {
              "batter": "JE Ronalds",
              "bowler": "KE Bryce",
              "non_striker": "CM Gough",
              "runs": {
                "batter": 1,
                "extras": 0,
                "total": 1
              }
            },
            {
              "batter": "CM Gough",
              "bowler": "KE Bryce",
              "non_striker": "JE Ronalds",
              "runs": {
                "batter": 1,
                "extras": 0,
                "total": 1
              }
            },
            {
              "batter": "JE Ronalds",
              "bowler": "KE Bryce",
              "non_striker": "CM Gough",
              "runs": {
                "batter": 0,
                "extras": 0,
                "total": 0
              }
            },
            {
              "batter": "JE Ronalds",
              "bowler": "KE Bryce",
              "non_striker": "CM Gough",
              "runs": {
                "batter": 0,
                "extras": 0,
                "total": 0
              }
            },
            {
              "batter": "JE Ronalds",
              "bowler": "KE Bryce",
              "non_striker": "CM Gough",
              "runs": {
                "batter": 0,
                "extras": 0,
                "total": 0
              }
            }
          ]
        },
        {
          "over": 1,
          "deliveries": [
            {
              "batter": "CM Gough",
              "bowler": "K Fraser",
              "non_striker": "JE Ronalds",
              "runs": {
                "batter": 0,
                "extras": 0,
                "total": 0
              }
            },
            {
              "batter": "CM Gough",
              "bowler": "K Fraser",
              "non_striker": "JE Ronalds",
              "runs": {
                "batter": 0,
                "extras": 0,
                "total": 0
              }
            },
            {
              "batter": "CM Gough",
              "bowler": "K Fraser",
              "non_striker": "JE Ronalds",
              "runs": {
                "batter": 0,
                "extras": 0,
                "total": 0
              }
            },
            {
              "batter": "CM Gough",
              "bowler": "K Fraser",
              "non_striker": "JE Ronalds",
              "runs": {
                "batter": 1,
                "extras": 0,
                "total": 1
              }
            },
            {
              "batter": "JE Ronalds",
              "bowler": "K Fraser",
              "non_striker": "CM Gough",
              "runs": {
                "batter": 0,
                "extras": 0,
                "total": 0
              }
            },
            {
              "batter": "JE Ronalds",
              "bowler": "K Fraser",
              "non_striker": "CM Gough",
              "runs": {
                "batter": 0,
                "extras": 0,
                "total": 0
              }
            }
          ]
        },
        {
          "over": 2,
          "deliveries": [
            {
              "batter": "CM Gough",
              "bowler": "KE Bryce",
              "non_striker": "JE Ronalds",
              "runs": {
                "batter": 0,
                "extras": 0,
                "total": 0
              },
              "wickets": [
                {
                  "player_out": "CM Gough",
                  "kind": "caught and bowled"
                }
              ]
            },
            {
              "batter": "A Doddaballapur",
              "bowler": "KE Bryce",
              "non_striker": "JE Ronalds",
              "runs": {
                "batter": 0,
                "extras": 0,
                "total": 0
              }
            },
            {
              "batter": "A Doddaballapur",
              "bowler": "KE Bryce",
              "non_striker": "JE Ronalds",
              "runs": {
                "batter": 0,
                "extras": 0,
                "total": 0
              },
              "wickets": [
                {
                  "player_out": "A Doddaballapur",
                  "fielders": [
                    {
                      "name": "PA Chatterji"
                    }
                  ],
                  "kind": "caught"
                }
              ]
            },
            {
              "batter": "AM Healey",
              "bowler": "KE Bryce",
              "non_striker": "JE Ronalds",
              "runs": {
                "batter": 1,
                "extras": 0,
                "total": 1
              }
            },
            {
              "batter": "JE Ronalds",
              "bowler": "KE Bryce",
              "non_striker": "AM Healey",
              "runs": {
                "batter": 0,
                "extras": 0,
                "total": 0
              }
            },
            {
              "batter": "JE Ronalds",
              "bowler": "KE Bryce",
              "non_striker": "AM Healey",
              "runs": {
                "batter": 0,
                "extras": 0,
                "total": 0
              }
            }
          ]
        },
        {
          "over": 3,
          "deliveries": [
            {
              "batter": "AM Healey",
              "bowler": "K Fraser",
              "non_striker": "JE Ronalds",
              "runs": {
                "batter": 0,
                "extras": 0,
                "total": 0
              },
              "wickets": [
                {
                  "player_out": "AM Healey",
                  "kind": "lbw"
                }
              ]
            },
            {
              "batter": "B Maes Loch",
              "bowler": "K Fraser",
              "non_striker": "JE Ronalds",
              "runs": {
                "batter": 0,
                "extras": 0,
                "total": 0
              }
            },
            {
              "batter": "B Maes Loch",
              "bowler": "K Fraser",
              "non_striker": "JE Ronalds",
              "runs": {
                "batter": 1,
                "extras": 0,
                "total": 1
              }
            },
            {
              "batter": "JE Ronalds",
              "bowler": "K Fraser",
              "non_striker": "B Maes Loch",
              "runs": {
                "batter": 0,
                "extras": 0,
                "total": 0
              }
            },
            {
              "batter": "JE Ronalds",
              "bowler": "K Fraser",
              "non_striker": "B Maes Loch",
              "runs": {
                "batter": 0,
                "extras": 0,
                "total": 0
              }
            },
            {
              "batter": "JE Ronalds",
              "bowler": "K Fraser",
              "non_striker": "B Maes Loch",
              "runs": {
                "batter": 1,
                "extras": 0,
                "total": 1
              }
            }
          ]
        },
        {
          "over": 4,
          "deliveries": [
            {
              "batter": "JE Ronalds",
              "bowler": "KE Bryce",
              "non_striker": "B Maes Loch",
              "runs": {
                "batter": 1,
                "extras": 0,
                "total": 1
              }
            },
            {
              "batter": "B Maes Loch",
              "bowler": "KE Bryce",
              "non_striker": "JE Ronalds",
              "runs": {
                "batter": 1,
                "extras": 0,
                "total": 1
              }
            },
            {
              "batter": "JE Ronalds",
              "bowler": "KE Bryce",
              "non_striker": "B Maes Loch",
              "runs": {
                "batter": 0,
                "extras": 0,
                "total": 0
              }
            },
            {
              "batter": "JE Ronalds",
              "bowler": "KE Bryce",
              "non_striker": "B Maes Loch",
              "runs": {
                "batter": 0,
                "extras": 0,
                "total": 0
              }
            },
            {
              "batter": "JE Ronalds",
              "bowler": "KE Bryce",
              "non_striker": "B Maes Loch",
              "runs": {
                "batter": 0,
                "extras": 0,
                "total": 0
              }
            },
            {
              "batter": "JE Ronalds",
              "bowler": "KE Bryce",
              "non_striker": "B Maes Loch",
              "runs": {
                "batter": 0,
                "extras": 0,
                "total": 0
              }
            }
          ]
        },
        {
          "over": 5,
          "deliveries": [
            {
              "batter": "B Maes Loch",
              "bowler": "K Fraser",
              "extras": {
                "wides": 1
              },
              "non_striker": "JE Ronalds",
              "runs": {
                "batter": 0,
                "extras": 1,
                "total": 1
              }
            },
            {
              "batter": "B Maes Loch",
              "bowler": "K Fraser",
              "non_striker": "JE Ronalds",
              "runs": {
                "batter": 0,
                "extras": 0,
                "total": 0
              },
              "wickets": [
                {
                  "player_out": "B Maes Loch",
                  "kind": "lbw"
                }
              ]
            },
            {
              "batter": "ST Frohnmayer",
              "bowler": "K Fraser",
              "non_striker": "JE Ronalds",
              "runs": {
                "batter": 0,
                "extras": 0,
                "total": 0
              }
            },
            {
              "batter": "ST Frohnmayer",
              "bowler": "K Fraser",
              "non_striker": "JE Ronalds",
              "runs": {
                "batter": 0,
                "extras": 0,
                "total": 0
              }
            },
            {
              "batter": "ST Frohnmayer",
              "bowler": "K Fraser",
              "non_striker": "JE Ronalds",
              "runs": {
                "batter": 0,
                "extras": 0,
                "total": 0
              }
            },
            {
              "batter": "ST Frohnmayer",
              "bowler": "K Fraser",
              "non_striker": "JE Ronalds",
              "runs": {
                "batter": 0,
                "extras": 0,
                "total": 0
              },
              "wickets": [
                {
                  "player_out": "ST Frohnmayer",
                  "kind": "bowled"
                }
              ]
            },
            {
              "batter": "S Sadarangani",
              "bowler": "K Fraser",
              "non_striker": "JE Ronalds",
              "runs": {
                "batter": 0,
                "extras": 0,
                "total": 0
              }
            }
          ]
        },
        {
          "over": 6,
          "deliveries": [
            {
              "batter": "JE Ronalds",
              "bowler": "S Haggo",
              "non_striker": "S Sadarangani",
              "runs": {
                "batter": 0,
                "extras": 0,
                "total": 0
              },
              "wickets": [
                {
                  "player_out": "JE Ronalds",
                  "fielders": [
                    {
                      "name": "A Lister"
                    }
                  ],
                  "kind": "caught"
                }
              ]
            },
            {
              "batter": "A Bierwisch",
              "bowler": "S Haggo",
              "extras": {
                "wides": 1
              },
              "non_striker": "S Sadarangani",
              "runs": {
                "batter": 0,
                "extras": 1,
                "total": 1
              }
            },
            {
              "batter": "A Bierwisch",
              "bowler": "S Haggo",
              "non_striker": "S Sadarangani",
              "runs": {
                "batter": 0,
                "extras": 0,
                "total": 0
              }
            },
            {
              "batter": "A Bierwisch",
              "bowler": "S Haggo",
              "non_striker": "S Sadarangani",
              "runs": {
                "batter": 0,
                "extras": 0,
                "total": 0
              }
            },
            {
              "batter": "A Bierwisch",
              "bowler": "S Haggo",
              "extras": {
                "wides": 1
              },
              "non_striker": "S Sadarangani",
              "runs": {
                "batter": 0,
                "extras": 1,
                "total": 1
              }
            },
            {
              "batter": "A Bierwisch",
              "bowler": "S Haggo",
              "non_striker": "S Sadarangani",
              "runs": {
                "batter": 0,
                "extras": 0,
                "total": 0
              }
            },
            {
              "batter": "A Bierwisch",
              "bowler": "S Haggo",
              "non_striker": "S Sadarangani",
              "runs": {
                "batter": 0,
                "extras": 0,
                "total": 0
              }
            },
            {
              "batter": "A Bierwisch",
              "bowler": "S Haggo",
              "non_striker": "S Sadarangani",
              "runs": {
                "batter": 0,
                "extras": 0,
                "total": 0
              }
            }
          ]
        },
        {
          "over": 7,
          "deliveries": [
            {
              "batter": "S Sadarangani",
              "bowler": "PA Chatterji",
              "non_striker": "A Bierwisch",
              "runs": {
                "batter": 0,
                "extras": 0,
                "total": 0
              }
            },
            {
              "batter": "S Sadarangani",
              "bowler": "PA Chatterji",
              "non_striker": "A Bierwisch",
              "runs": {
                "batter": 0,
                "extras": 0,
                "total": 0
              }
            },
            {
              "batter": "S Sadarangani",
              "bowler": "PA Chatterji",
              "non_striker": "A Bierwisch",
              "runs": {
                "batter": 0,
                "extras": 0,
                "total": 0
              }
            },
            {
              "batter": "S Sadarangani",
              "bowler": "PA Chatterji",
              "non_striker": "A Bierwisch",
              "runs": {
                "batter": 0,
                "extras": 0,
                "total": 0
              }
            },
            {
              "batter": "S Sadarangani",
              "bowler": "PA Chatterji",
              "non_striker": "A Bierwisch",
              "runs": {
                "batter": 0,
                "extras": 0,
                "total": 0
              }
            },
            {
              "batter": "S Sadarangani",
              "bowler": "PA Chatterji",
              "non_striker": "A Bierwisch",
              "runs": {
                "batter": 1,
                "extras": 0,
                "total": 1
              }
            }
          ]
        },
        {
          "over": 8,
          "deliveries": [
            {
              "batter": "S Sadarangani",
              "bowler": "S Haggo",
              "extras": {
                "wides": 1
              },
              "non_striker": "A Bierwisch",
              "runs": {
                "batter": 0,
                "extras": 1,
                "total": 1
              }
            },
            {
              "batter": "S Sadarangani",
              "bowler": "S Haggo",
              "non_striker": "A Bierwisch",
              "runs": {
                "batter": 0,
                "extras": 0,
                "total": 0
              }
            },
            {
              "batter": "S Sadarangani",
              "bowler": "S Haggo",
              "non_striker": "A Bierwisch",
              "runs": {
                "batter": 0,
                "extras": 0,
                "total": 0
              }
            },
            {
              "batter": "S Sadarangani",
              "bowler": "S Haggo",
              "non_striker": "A Bierwisch",
              "runs": {
                "batter": 0,
                "extras": 0,
                "total": 0
              }
            },
            {
              "batter": "S Sadarangani",
              "bowler": "S Haggo",
              "non_striker": "A Bierwisch",
              "runs": {
                "batter": 1,
                "extras": 0,
                "total": 1
              }
            },
            {
              "batter": "A Bierwisch",
              "bowler": "S Haggo",
              "non_striker": "S Sadarangani",
              "runs": {
                "batter": 0,
                "extras": 0,
                "total": 0
              }
            },
            {
              "batter": "A Bierwisch",
              "bowler": "S Haggo",
              "non_striker": "S Sadarangani",
              "runs": {
                "batter": 0,
                "extras": 0,
                "total": 0
              }
            }
          ]
        },
        {
          "over": 9,
          "deliveries": [
            {
              "batter": "S Sadarangani",
              "bowler": "PA Chatterji",
              "non_striker": "A Bierwisch",
              "runs": {
                "batter": 1,
                "extras": 0,
                "total": 1
              }
            },
            {
              "batter": "A Bierwisch",
              "bowler": "PA Chatterji",
              "non_striker": "S Sadarangani",
              "runs": {
                "batter": 1,
                "extras": 0,
                "total": 1
              }
            },
            {
              "batter": "S Sadarangani",
              "bowler": "PA Chatterji",
              "non_striker": "A Bierwisch",
              "runs": {
                "batter": 1,
                "extras": 0,
                "total": 1
              }
            },
            {
              "batter": "A Bierwisch",
              "bowler": "PA Chatterji",
              "non_striker": "S Sadarangani",
              "runs": {
                "batter": 0,
                "extras": 0,
                "total": 0
              }
            },
            {
              "batter": "A Bierwisch",
              "bowler": "PA Chatterji",
              "non_striker": "S Sadarangani",
              "runs": {
                "batter": 0,
                "extras": 0,
                "total": 0
              },
              "wickets": [
                {
                  "player_out": "A Bierwisch",
                  "fielders": [
                    {
                      "name": "A Aitken"
                    }
                  ],
                  "kind": "caught"
                }
              ]
            },
            {
              "batter": "K Vijayaraghavan",
              "bowler": "PA Chatterji",
              "extras": {
                "wides": 3
              },
              "non_striker": "S Sadarangani",
              "runs": {
                "batter": 0,
                "extras": 3,
                "total": 3
              }
            },
            {
              "batter": "K Vijayaraghavan",
              "bowler": "PA Chatterji",
              "non_striker": "S Sadarangani",
              "runs": {
                "batter": 1,
                "extras": 0,
                "total": 1
              }
            }
          ]
        },
        {
          "over": 10,
          "deliveries": [
            {
              "batter": "K Vijayaraghavan",
              "bowler": "A Aitken",
              "non_striker": "S Sadarangani",
              "runs": {
                "batter": 0,
                "extras": 0,
                "total": 0
              }
            },
            {
              "batter": "K Vijayaraghavan",
              "bowler": "A Aitken",
              "non_striker": "S Sadarangani",
              "runs": {
                "batter": 0,
                "extras": 0,
                "total": 0
              }
            },
            {
              "batter": "K Vijayaraghavan",
              "bowler": "A Aitken",
              "non_striker": "S Sadarangani",
              "runs": {
                "batter": 0,
                "extras": 0,
                "total": 0
              }
            },
            {
              "batter": "K Vijayaraghavan",
              "bowler": "A Aitken",
              "non_striker": "S Sadarangani",
              "runs": {
                "batter": 0,
                "extras": 0,
                "total": 0
              }
            },
            {
              "batter": "K Vijayaraghavan",
              "bowler": "A Aitken",
              "non_striker": "S Sadarangani",
              "runs": {
                "batter": 1,
                "extras": 0,
                "total": 1
              }
            },
            {
              "batter": "S Sadarangani",
              "bowler": "A Aitken",
              "non_striker": "K Vijayaraghavan",
              "runs": {
                "batter": 0,
                "extras": 0,
                "total": 0
              }
            }
          ]
        },
        {
          "over": 11,
          "deliveries": [
            {
              "batter": "K Vijayaraghavan",
              "bowler": "AH Maqsood",
              "non_striker": "S Sadarangani",
              "runs": {
                "batter": 0,
                "extras": 0,
                "total": 0
              }
            },
            {
              "batter": "K Vijayaraghavan",
              "bowler": "AH Maqsood",
              "non_striker": "S Sadarangani",
              "runs": {
                "batter": 0,
                "extras": 0,
                "total": 0
              }
            },
            {
              "batter": "K Vijayaraghavan",
              "bowler": "AH Maqsood",
              "non_striker": "S Sadarangani",
              "runs": {
                "batter": 2,
                "extras": 0,
                "total": 2
              }
            },
            {
              "batter": "K Vijayaraghavan",
              "bowler": "AH Maqsood",
              "non_striker": "S Sadarangani",
              "runs": {
                "batter": 0,
                "extras": 0,
                "total": 0
              }
            },
            {
              "batter": "K Vijayaraghavan",
              "bowler": "AH Maqsood",
              "non_striker": "S Sadarangani",
              "runs": {
                "batter": 0,
                "extras": 0,
                "total": 0
              }
            },
            {
              "batter": "K Vijayaraghavan",
              "bowler": "AH Maqsood",
              "non_striker": "S Sadarangani",
              "runs": {
                "batter": 0,
                "extras": 0,
                "total": 0
              }
            }
          ]
        },
        {
          "over": 12,
          "deliveries": [
            {
              "batter": "S Sadarangani",
              "bowler": "A Aitken",
              "non_striker": "K Vijayaraghavan",
              "runs": {
                "batter": 0,
                "extras": 0,
                "total": 0
              }
            },
            {
              "batter": "S Sadarangani",
              "bowler": "A Aitken",
              "non_striker": "K Vijayaraghavan",
              "runs": {
                "batter": 0,
                "extras": 0,
                "total": 0
              }
            },
            {
              "batter": "S Sadarangani",
              "bowler": "A Aitken",
              "non_striker": "K Vijayaraghavan",
              "runs": {
                "batter": 0,
                "extras": 0,
                "total": 0
              }
            },
            {
              "batter": "S Sadarangani",
              "bowler": "A Aitken",
              "non_striker": "K Vijayaraghavan",
              "runs": {
                "batter": 0,
                "extras": 0,
                "total": 0
              }
            },
            {
              "batter": "S Sadarangani",
              "bowler": "A Aitken",
              "non_striker": "K Vijayaraghavan",
              "runs": {
                "batter": 1,
                "extras": 0,
                "total": 1
              }
            },
            {
              "batter": "K Vijayaraghavan",
              "bowler": "A Aitken",
              "non_striker": "S Sadarangani",
              "runs": {
                "batter": 0,
                "extras": 0,
                "total": 0
              }
            }
          ]
        },
        {
          "over": 13,
          "deliveries": [
            {
              "batter": "S Sadarangani",
              "bowler": "AH Maqsood",
              "non_striker": "K Vijayaraghavan",
              "runs": {
                "batter": 0,
                "extras": 0,
                "total": 0
              }
            },
            {
              "batter": "S Sadarangani",
              "bowler": "AH Maqsood",
              "non_striker": "K Vijayaraghavan",
              "runs": {
                "batter": 0,
                "extras": 0,
                "total": 0
              }
            },
            {
              "batter": "S Sadarangani",
              "bowler": "AH Maqsood",
              "non_striker": "K Vijayaraghavan",
              "runs": {
                "batter": 0,
                "extras": 0,
                "total": 0
              }
            },
            {
              "batter": "S Sadarangani",
              "bowler": "AH Maqsood",
              "extras": {
                "wides": 1
              },
              "non_striker": "K Vijayaraghavan",
              "runs": {
                "batter": 0,
                "extras": 1,
                "total": 1
              }
            },
            {
              "batter": "S Sadarangani",
              "bowler": "AH Maqsood",
              "non_striker": "K Vijayaraghavan",
              "runs": {
                "batter": 0,
                "extras": 0,
                "total": 0
              }
            },
            {
              "batter": "S Sadarangani",
              "bowler": "AH Maqsood",
              "non_striker": "K Vijayaraghavan",
              "runs": {
                "batter": 0,
                "extras": 0,
                "total": 0
              },
              "wickets": [
                {
                  "player_out": "S Sadarangani",
                  "kind": "run out"
                }
              ]
            },
            {
              "batter": "PA Wadenpohl",
              "bowler": "AH Maqsood",
              "non_striker": "K Vijayaraghavan",
              "runs": {
                "batter": 0,
                "extras": 0,
                "total": 0
              }
            }
          ]
        },
        {
          "over": 14,
          "deliveries": [
            {
              "batter": "K Vijayaraghavan",
              "bowler": "KE Bryce",
              "non_striker": "PA Wadenpohl",
              "runs": {
                "batter": 0,
                "extras": 0,
                "total": 0
              }
            },
            {
              "batter": "K Vijayaraghavan",
              "bowler": "KE Bryce",
              "non_striker": "PA Wadenpohl",
              "runs": {
                "batter": 0,
                "extras": 0,
                "total": 0
              }
            },
            {
              "batter": "K Vijayaraghavan",
              "bowler": "KE Bryce",
              "extras": {
                "legbyes": 1
              },
              "non_striker": "PA Wadenpohl",
              "runs": {
                "batter": 0,
                "extras": 1,
                "total": 1
              }
            },
            {
              "batter": "PA Wadenpohl",
              "bowler": "KE Bryce",
              "extras": {
                "legbyes": 1
              },
              "non_striker": "K Vijayaraghavan",
              "runs": {
                "batter": 0,
                "extras": 1,
                "total": 1
              }
            },
            {
              "batter": "K Vijayaraghavan",
              "bowler": "KE Bryce",
              "non_striker": "PA Wadenpohl",
              "runs": {
                "batter": 0,
                "extras": 0,
                "total": 0
              }
            },
            {
              "batter": "K Vijayaraghavan",
              "bowler": "KE Bryce",
              "non_striker": "PA Wadenpohl",
              "runs": {
                "batter": 0,
                "extras": 0,
                "total": 0
              }
            }
          ]
        },
        {
          "over": 15,
          "deliveries": [
            {
              "batter": "PA Wadenpohl",
              "bowler": "K Fraser",
              "extras": {
                "legbyes": 1
              },
              "non_striker": "K Vijayaraghavan",
              "runs": {
                "batter": 0,
                "extras": 1,
                "total": 1
              }
            },
            {
              "batter": "K Vijayaraghavan",
              "bowler": "K Fraser",
              "non_striker": "PA Wadenpohl",
              "runs": {
                "batter": 0,
                "extras": 0,
                "total": 0
              }
            },
            {
              "batter": "K Vijayaraghavan",
              "bowler": "K Fraser",
              "extras": {
                "wides": 2
              },
              "non_striker": "PA Wadenpohl",
              "runs": {
                "batter": 0,
                "extras": 2,
                "total": 2
              }
            },
            {
              "batter": "PA Wadenpohl",
              "bowler": "K Fraser",
              "non_striker": "K Vijayaraghavan",
              "runs": {
                "batter": 0,
                "extras": 0,
                "total": 0
              }
            },
            {
              "batter": "PA Wadenpohl",
              "bowler": "K Fraser",
              "non_striker": "K Vijayaraghavan",
              "runs": {
                "batter": 0,
                "extras": 0,
                "total": 0
              }
            },
            {
              "batter": "PA Wadenpohl",
              "bowler": "K Fraser",
              "extras": {
                "byes": 1
              },
              "non_striker": "K Vijayaraghavan",
              "runs": {
                "batter": 0,
                "extras": 1,
                "total": 1
              }
            },
            {
              "batter": "K Vijayaraghavan",
              "bowler": "K Fraser",
              "non_striker": "PA Wadenpohl",
              "runs": {
                "batter": 0,
                "extras": 0,
                "total": 0
              }
            }
          ]
        },
        {
          "over": 16,
          "deliveries": [
            {
              "batter": "PA Wadenpohl",
              "bowler": "AH Maqsood",
              "non_striker": "K Vijayaraghavan",
              "runs": {
                "batter": 0,
                "extras": 0,
                "total": 0
              }
            },
            {
              "batter": "PA Wadenpohl",
              "bowler": "AH Maqsood",
              "non_striker": "K Vijayaraghavan",
              "runs": {
                "batter": 0,
                "extras": 0,
                "total": 0
              }
            },
            {
              "batter": "PA Wadenpohl",
              "bowler": "AH Maqsood",
              "non_striker": "K Vijayaraghavan",
              "runs": {
                "batter": 1,
                "extras": 0,
                "total": 1
              }
            },
            {
              "batter": "K Vijayaraghavan",
              "bowler": "AH Maqsood",
              "non_striker": "PA Wadenpohl",
              "runs": {
                "batter": 1,
                "extras": 0,
                "total": 1
              }
            },
            {
              "batter": "PA Wadenpohl",
              "bowler": "AH Maqsood",
              "non_striker": "K Vijayaraghavan",
              "runs": {
                "batter": 1,
                "extras": 0,
                "total": 1
              }
            },
            {
              "batter": "K Vijayaraghavan",
              "bowler": "AH Maqsood",
              "non_striker": "PA Wadenpohl",
              "runs": {
                "batter": 0,
                "extras": 0,
                "total": 0
              }
            }
          ]
        },
        {
          "over": 17,
          "deliveries": [
            {
              "batter": "PA Wadenpohl",
              "bowler": "PA Chatterji",
              "non_striker": "K Vijayaraghavan",
              "runs": {
                "batter": 0,
                "extras": 0,
                "total": 0
              }
            },
            {
              "batter": "PA Wadenpohl",
              "bowler": "PA Chatterji",
              "non_striker": "K Vijayaraghavan",
              "runs": {
                "batter": 0,
                "extras": 0,
                "total": 0
              }
            },
            {
              "batter": "PA Wadenpohl",
              "bowler": "PA Chatterji",
              "non_striker": "K Vijayaraghavan",
              "runs": {
                "batter": 0,
                "extras": 0,
                "total": 0
              }
            },
            {
              "batter": "PA Wadenpohl",
              "bowler": "PA Chatterji",
              "non_striker": "K Vijayaraghavan",
              "runs": {
                "batter": 0,
                "extras": 0,
                "total": 0
              }
            },
            {
              "batter": "PA Wadenpohl",
              "bowler": "PA Chatterji",
              "non_striker": "K Vijayaraghavan",
              "runs": {
                "batter": 0,
                "extras": 0,
                "total": 0
              }
            },
            {
              "batter": "PA Wadenpohl",
              "bowler": "PA Chatterji",
              "non_striker": "K Vijayaraghavan",
              "runs": {
                "batter": 0,
                "extras": 0,
                "total": 0
              }
            }
          ]
        },
        {
          "over": 18,
          "deliveries": [
            {
              "batter": "K Vijayaraghavan",
              "bowler": "AH Maqsood",
              "non_striker": "PA Wadenpohl",
              "runs": {
                "batter": 1,
                "extras": 0,
                "total": 1
              }
            },
            {
              "batter": "PA Wadenpohl",
              "bowler": "AH Maqsood",
              "non_striker": "K Vijayaraghavan",
              "runs": {
                "batter": 0,
                "extras": 0,
                "total": 0
              },
              "wickets": [
                {
                  "player_out": "PA Wadenpohl",
                  "kind": "lbw"
                }
              ]
            },
            {
              "batter": "MS Beresford",
              "bowler": "AH Maqsood",
              "non_striker": "K Vijayaraghavan",
              "runs": {
                "batter": 0,
                "extras": 0,
                "total": 0
              }
            },
            {
              "batter": "MS Beresford",
              "bowler": "AH Maqsood",
              "non_striker": "K Vijayaraghavan",
              "runs": {
                "batter": 0,
                "extras": 0,
                "total": 0
              }
            },
            {
              "batter": "MS Beresford",
              "bowler": "AH Maqsood",
              "non_striker": "K Vijayaraghavan",
              "runs": {
                "batter": 0,
                "extras": 0,
                "total": 0
              }
            },
            {
              "batter": "MS Beresford",
              "bowler": "AH Maqsood",
              "non_striker": "K Vijayaraghavan",
              "runs": {
                "batter": 0,
                "extras": 0,
                "total": 0
              }
            }
          ]
        },
        {
          "over": 19,
          "deliveries": [
            {
              "batter": "K Vijayaraghavan",
              "bowler": "PA Chatterji",
              "non_striker": "MS Beresford",
              "runs": {
                "batter": 0,
                "extras": 0,
                "total": 0
              }
            },
            {
              "batter": "K Vijayaraghavan",
              "bowler": "PA Chatterji",
              "non_striker": "MS Beresford",
              "runs": {
                "batter": 0,
                "extras": 0,
                "total": 0
              }
            },
            {
              "batter": "K Vijayaraghavan",
              "bowler": "PA Chatterji",
              "non_striker": "MS Beresford",
              "runs": {
                "batter": 0,
                "extras": 0,
                "total": 0
              }
            },
            {
              "batter": "K Vijayaraghavan",
              "bowler": "PA Chatterji",
              "non_striker": "MS Beresford",
              "runs": {
                "batter": 0,
                "extras": 0,
                "total": 0
              }
            },
            {
              "batter": "K Vijayaraghavan",
              "bowler": "PA Chatterji",
              "non_striker": "MS Beresford",
              "runs": {
                "batter": 0,
                "extras": 0,
                "total": 0
              }
            },
            {
              "batter": "K Vijayaraghavan",
              "bowler": "PA Chatterji",
              "non_striker": "MS Beresford",
              "runs": {
                "batter": 0,
                "extras": 0,
                "total": 0
              },
              "wickets": [
                {
                  "player_out": "MS Beresford",
                  "kind": "run out"
                }
              ]
            }
          ]
        }
      ],
      "powerplays": [
        {
          "from": 0.1,
          "to": 5.7,
          "type": "mandatory"
        }
      ]
    },
    {
      "team": "Scotland",
      "overs": [
        {
          "over": 0,
          "deliveries": [
            {
              "batter": "SJ Bryce",
              "bowler": "AM Healey",
              "non_striker": "L Jack",
              "runs": {
                "batter": 2,
                "extras": 0,
                "total": 2
              }
            },
            {
              "batter": "SJ Bryce",
              "bowler": "AM Healey",
              "non_striker": "L Jack",
              "runs": {
                "batter": 2,
                "extras": 0,
                "total": 2
              }
            },
            {
              "batter": "SJ Bryce",
              "bowler": "AM Healey",
              "non_striker": "L Jack",
              "runs": {
                "batter": 0,
                "extras": 0,
                "total": 0
              }
            },
            {
              "batter": "SJ Bryce",
              "bowler": "AM Healey",
              "non_striker": "L Jack",
              "runs": {
                "batter": 2,
                "extras": 0,
                "total": 2
              }
            },
            {
              "batter": "SJ Bryce",
              "bowler": "AM Healey",
              "non_striker": "L Jack",
              "runs": {
                "batter": 1,
                "extras": 0,
                "total": 1
              }
            },
            {
              "batter": "L Jack",
              "bowler": "AM Healey",
              "extras": {
                "wides": 1
              },
              "non_striker": "SJ Bryce",
              "runs": {
                "batter": 0,
                "extras": 1,
                "total": 1
              }
            },
            {
              "batter": "L Jack",
              "bowler": "AM Healey",
              "non_striker": "SJ Bryce",
              "runs": {
                "batter": 0,
                "extras": 0,
                "total": 0
              }
            }
          ]
        },
        {
          "over": 1,
          "deliveries": [
            {
              "batter": "SJ Bryce",
              "bowler": "ST Frohnmayer",
              "non_striker": "L Jack",
              "runs": {
                "batter": 1,
                "extras": 0,
                "total": 1
              }
            },
            {
              "batter": "L Jack",
              "bowler": "ST Frohnmayer",
              "non_striker": "SJ Bryce",
              "runs": {
                "batter": 1,
                "extras": 0,
                "total": 1
              }
            },
            {
              "batter": "SJ Bryce",
              "bowler": "ST Frohnmayer",
              "non_striker": "L Jack",
              "runs": {
                "batter": 0,
                "extras": 0,
                "total": 0
              }
            },
            {
              "batter": "SJ Bryce",
              "bowler": "ST Frohnmayer",
              "non_striker": "L Jack",
              "runs": {
                "batter": 0,
                "extras": 0,
                "total": 0
              }
            },
            {
              "batter": "SJ Bryce",
              "bowler": "ST Frohnmayer",
              "non_striker": "L Jack",
              "runs": {
                "batter": 1,
                "extras": 0,
                "total": 1
              }
            },
            {
              "batter": "L Jack",
              "bowler": "ST Frohnmayer",
              "non_striker": "SJ Bryce",
              "runs": {
                "batter": 4,
                "extras": 0,
                "total": 4
              }
            }
          ]
        },
        {
          "over": 2,
          "deliveries": [
            {
              "batter": "SJ Bryce",
              "bowler": "AM Healey",
              "non_striker": "L Jack",
              "runs": {
                "batter": 2,
                "extras": 0,
                "total": 2
              }
            },
            {
              "batter": "SJ Bryce",
              "bowler": "AM Healey",
              "non_striker": "L Jack",
              "runs": {
                "batter": 1,
                "extras": 0,
                "total": 1
              }
            },
            {
              "batter": "L Jack",
              "bowler": "AM Healey",
              "extras": {
                "legbyes": 1
              },
              "non_striker": "SJ Bryce",
              "runs": {
                "batter": 0,
                "extras": 1,
                "total": 1
              }
            },
            {
              "batter": "SJ Bryce",
              "bowler": "AM Healey",
              "non_striker": "L Jack",
              "runs": {
                "batter": 0,
                "extras": 0,
                "total": 0
              }
            },
            {
              "batter": "SJ Bryce",
              "bowler": "AM Healey",
              "non_striker": "L Jack",
              "runs": {
                "batter": 1,
                "extras": 0,
                "total": 1
              }
            },
            {
              "batter": "L Jack",
              "bowler": "AM Healey",
              "non_striker": "SJ Bryce",
              "runs": {
                "batter": 2,
                "extras": 0,
                "total": 2
              }
            }
          ]
        },
        {
          "over": 3,
          "deliveries": [
            {
              "batter": "SJ Bryce",
              "bowler": "ST Frohnmayer",
              "non_striker": "L Jack",
              "runs": {
                "batter": 4,
                "extras": 0,
                "total": 4
              }
            },
            {
              "batter": "SJ Bryce",
              "bowler": "ST Frohnmayer",
              "non_striker": "L Jack",
              "runs": {
                "batter": 0,
                "extras": 0,
                "total": 0
              }
            },
            {
              "batter": "SJ Bryce",
              "bowler": "ST Frohnmayer",
              "non_striker": "L Jack",
              "runs": {
                "batter": 1,
                "extras": 0,
                "total": 1
              }
            },
            {
              "batter": "L Jack",
              "bowler": "ST Frohnmayer",
              "non_striker": "SJ Bryce",
              "runs": {
                "batter": 0,
                "extras": 0,
                "total": 0
              }
            },
            {
              "batter": "L Jack",
              "bowler": "ST Frohnmayer",
              "non_striker": "SJ Bryce",
              "runs": {
                "batter": 1,
                "extras": 0,
                "total": 1
              }
            },
            {
              "batter": "SJ Bryce",
              "bowler": "ST Frohnmayer",
              "non_striker": "L Jack",
              "runs": {
                "batter": 1,
                "extras": 0,
                "total": 1
              }
            }
          ]
        },
        {
          "over": 4,
          "deliveries": [
            {
              "batter": "SJ Bryce",
              "bowler": "A Doddaballapur",
              "non_striker": "L Jack",
              "runs": {
                "batter": 0,
                "extras": 0,
                "total": 0
              }
            },
            {
              "batter": "SJ Bryce",
              "bowler": "A Doddaballapur",
              "non_striker": "L Jack",
              "runs": {
                "batter": 1,
                "extras": 0,
                "total": 1
              }
            },
            {
              "batter": "L Jack",
              "bowler": "A Doddaballapur",
              "non_striker": "SJ Bryce",
              "runs": {
                "batter": 3,
                "extras": 0,
                "total": 3
              }
            },
            {
              "batter": "SJ Bryce",
              "bowler": "A Doddaballapur",
              "non_striker": "L Jack",
              "runs": {
                "batter": 0,
                "extras": 0,
                "total": 0
              }
            },
            {
              "batter": "SJ Bryce",
              "bowler": "A Doddaballapur",
              "non_striker": "L Jack",
              "runs": {
                "batter": 3,
                "extras": 0,
                "total": 3
              }
            },
            {
              "batter": "L Jack",
              "bowler": "A Doddaballapur",
              "extras": {
                "noballs": 1
              },
              "non_striker": "SJ Bryce",
              "runs": {
                "batter": 0,
                "extras": 1,
                "total": 1
              }
            }
          ]
        }
      ],
      "powerplays": [
        {
          "from": 0.1,
          "to": 4.6,
          "type": "mandatory"
        }
      ],
      "target": {
        "overs": 20,
        "runs": 37
      }
    }
  ]
}