{
  "meta": {
    "data_version": "1.0.0",
    "created": "2021-09-03",
    "revision": 1
  },
  "info": {
    "balls_per_over": 6,
    "city": "Ilfov County",
    "dates": [
      "2021-09-02"
    ],
    "event": {
      "name": "Continental Cup",
      "match_number": 2,
      "group": "B"
    },
    "gender": "male",
    "match_type": "T20",
    "match_type_number": 1246,
    "officials": {
      "reserve_umpires": [
        "S Tripp"
      ],
      "umpires": [
        "A Begg",
        "Syed Atif Naqvi"
      ]
    },
    "outcome": {
      "winner": "Hungary",
      "by": {
        "runs": 5
      }
    },
    "overs": 20,
    "player_of_match": [
      "Zeeshan Kukikhel"
    ],
    "players": {
      "Hungary": [
        "Zeeshan Kukikhel",
        "Abhijeet Ahuja",
        "HV Mandhyan",
        "Zahir Mohammed",
        "A Kheterpal",
        "Khaibar Deldar",
        "AG Weligamage",
        "Ali Yalmaz",
        "S Ashwathnarayana",
        "NG Liyanage",
        "SA Mohandas"
      ],
      "Czech Republic": [
        "S Davizi",
        "V Jagannivasan",
        "A Ashokan",
        "S Wickramasekara",
        "K Mendon",
        "S Grover",
        "K Gilham",
        "Naveed Ahmed",
        "Hilal Ahmad",
        "KD Mehta",
        "SMK Waththage"
      ]
    },
    "registry": {
      "people": {
        "A Ashokan": "9244df4b",
        "A Begg": "ef618cab",
        "A Kheterpal": "2deb4082",
        "AG Weligamage": "747209e0",
        "Abhijeet Ahuja": "b91083bd",
        "Ali Yalmaz": "026e1314",
        "HV Mandhyan": "11f56b14",
        "Hilal Ahmad": "f78aa227",
        "K Gilham": "c2fd51b1",
        "K Mendon": "015dc0cd",
        "KD Mehta": "a18461a2",
        "Khaibar Deldar": "032c7eab",
        "NG Liyanage": "4e22db41",
        "Naveed Ahmed": "87609cbb",
        "S Ashwathnarayana": "8f8d30be",
        "S Davizi": "5787be00",
        "S Grover": "c2a6e61f",
        "S Tripp": "6626e257",
        "S Wickramasekara": "a9a09cb8",
        "SA Mohandas": "8b0b3bba",
        "SMK Waththage": "0fc88c2a",
        "Syed Atif Naqvi": "1e2a1dff",
        "V Jagannivasan": "dfbea4b3",
        "Zahir Mohammed": "7c38942a",
        "Zeeshan Kukikhel": "5d6a1f76"
      }
    },
    "season": "2021",
    "team_type": "international",
    "teams": [
      "Hungary",
      "Czech Republic"
    ],
    "toss": {
      "decision": "field",
      "winner": "Czech Republic"
    },
    "venue": "Moara Vlasiei Cricket Ground, Ilfov County"
  },
  "innings": [
    {
      "team": "Hungary",
      "overs": [
        {
          "over": 0,
          "deliveries": [
            {
              "batter": "Zeeshan Kukikhel",
              "bowler": "SMK Waththage",
              "non_striker": "Abhijeet Ahuja",
              "runs": {
                "batter": 4,
                "extras": 0,
                "total": 4
              }
            },
            {
              "batter": "Zeeshan Kukikhel",
              "bowler": "SMK Waththage",
              "extras": {
                "wides": 1
              },
              "non_striker": "Abhijeet Ahuja",
              "runs": {
                "batter": 0,
                "extras": 1,
                "total": 1
              }
            },
            {
              "batter": "Zeeshan Kukikhel",
              "bowler": "SMK Waththage",
              "extras": {
                "wides": 1
              },
              "non_striker": "Abhijeet Ahuja",
              "runs": {
                "batter": 0,
                "extras": 1,
                "total": 1
              }
            },
            {
              "batter": "Zeeshan Kukikhel",
              "bowler": "SMK Waththage",
              "non_striker": "Abhijeet Ahuja",
              "runs": {
                "batter": 4,
                "extras": 0,
                "total": 4
              }
            },
            {
              "batter": "Zeeshan Kukikhel",
              "bowler": "SMK Waththage",
              "non_striker": "Abhijeet Ahuja",
              "runs": {
                "batter": 0,
                "extras": 0,
                "total": 0
              }
            },
            {
              "batter": "Zeeshan Kukikhel",
              "bowler": "SMK Waththage",
              "non_striker": "Abhijeet Ahuja",
              "runs": {
                "batter": 0,
                "extras": 0,
                "total": 0
              }
            },
            {
              "batter": "Zeeshan Kukikhel",
              "bowler": "SMK Waththage",
              "non_striker": "Abhijeet Ahuja",
              "runs": {
                "batter": 0,
                "extras": 0,
                "total": 0
              }
            },
            {
              "batter": "Zeeshan Kukikhel",
              "bowler": "SMK Waththage",
              "non_striker": "Abhijeet Ahuja",
              "runs": {
                "batter": 4,
                "extras": 0,
                "total": 4
              }
            }
          ]
        },
        {
          "over": 1,
          "deliveries": [
            {
              "batter": "Abhijeet Ahuja",
              "bowler": "K Gilham",
              "extras": {
                "legbyes": 1
              },
              "non_striker": "Zeeshan Kukikhel",
              "runs": {
                "batter": 0,
                "extras": 1,
                "total": 1
              }
            },
            {
              "batter": "Zeeshan Kukikhel",
              "bowler": "K Gilham",
              "non_striker": "Abhijeet Ahuja",
              "runs": {
                "batter": 4,
                "extras": 0,
                "total": 4
              }
            },
            {
              "batter": "Zeeshan Kukikhel",
              "bowler": "K Gilham",
              "extras": {
                "wides": 1
              },
              "non_striker": "Abhijeet Ahuja",
              "runs": {
                "batter": 0,
                "extras": 1,
                "total": 1
              }
            },
            {
              "batter": "Zeeshan Kukikhel",
              "bowler": "K Gilham",
              "non_striker": "Abhijeet Ahuja",
              "runs": {
                "batter": 0,
                "extras": 0,
                "total": 0
              }
            },
            {
              "batter": "Zeeshan Kukikhel",
              "bowler": "K Gilham",
              "non_striker": "Abhijeet Ahuja",
              "runs": {
                "batter": 0,
                "extras": 0,
                "total": 0
              }
            },
            {
              "batter": "Zeeshan Kukikhel",
              "bowler": "K Gilham",
              "non_striker": "Abhijeet Ahuja",
              "runs": {
                "batter": 1,
                "extras": 0,
                "total": 1
              }
            },
            {
              "batter": "Abhijeet Ahuja",
              "bowler": "K Gilham",
              "non_striker": "Zeeshan Kukikhel",
              "runs": {
                "batter": 0,
                "extras": 0,
                "total": 0
              }
            }
          ]
        },
        {
          "over": 2,
          "deliveries": [
            {
              "batter": "Zeeshan Kukikhel",
              "bowler": "SMK Waththage",
              "non_striker": "Abhijeet Ahuja",
              "runs": {
                "batter": 4,
                "extras": 0,
                "total": 4
              }
            },
            {
              "batter": "Zeeshan Kukikhel",
              "bowler": "SMK Waththage",
              "extras": {
                "wides": 2
              },
              "non_striker": "Abhijeet Ahuja",
              "runs": {
                "batter": 0,
                "extras": 2,
                "total": 2
              }
            },
            {
              "batter": "Abhijeet Ahuja",
              "bowler": "SMK Waththage",
              "non_striker": "Zeeshan Kukikhel",
              "runs": {
                "batter": 1,
                "extras": 0,
                "total": 1
              }
            },
            {
              "batter": "Zeeshan Kukikhel",
              "bowler": "SMK Waththage",
              "non_striker": "Abhijeet Ahuja",
              "runs": {
                "batter": 0,
                "extras": 0,
                "total": 0
              }
            },
            {
              "batter": "Zeeshan Kukikhel",
              "bowler": "SMK Waththage",
              "non_striker": "Abhijeet Ahuja",
              "runs": {
                "batter": 4,
                "extras": 0,
                "total": 4
              }
            },
            {
              "batter": "Zeeshan Kukikhel",
              "bowler": "SMK Waththage",
              "non_striker": "Abhijeet Ahuja",
              "runs": {
                "batter": 0,
                "extras": 0,
                "total": 0
              }
            },
            {
              "batter": "Zeeshan Kukikhel",
              "bowler": "SMK Waththage",
              "non_striker": "Abhijeet Ahuja",
              "runs": {
                "batter": 6,
                "extras": 0,
                "total": 6
              }
            }
          ]
        },
        {
          "over": 3,
          "deliveries": [
            {
              "batter": "Abhijeet Ahuja",
              "bowler": "K Gilham",
              "non_striker": "Zeeshan Kukikhel",
              "runs": {
                "batter": 0,
                "extras": 0,
                "total": 0
              }
            },
            {
              "batter": "Abhijeet Ahuja",
              "bowler": "K Gilham",
              "non_striker": "Zeeshan Kukikhel",
              "runs": {
                "batter": 0,
                "extras": 0,
                "total": 0
              }
            },
            {
              "batter": "Abhijeet Ahuja",
              "bowler": "K Gilham",
              "non_striker": "Zeeshan Kukikhel",
              "runs": {
                "batter": 0,
                "extras": 0,
                "total": 0
              }
            },
            {
              "batter": "Abhijeet Ahuja",
              "bowler": "K Gilham",
              "non_striker": "Zeeshan Kukikhel",
              "runs": {
                "batter": 1,
                "extras": 0,
                "total": 1
              }
            },
            {
              "batter": "Zeeshan Kukikhel",
              "bowler": "K Gilham",
              "non_striker": "Abhijeet Ahuja",
              "runs": {
                "batter": 1,
                "extras": 0,
                "total": 1
              }
            },
            {
              "batter": "Abhijeet Ahuja",
              "bowler": "K Gilham",
              "non_striker": "Zeeshan Kukikhel",
              "runs": {
                "batter": 0,
                "extras": 0,
                "total": 0
              }
            }
          ]
        },
        {
          "over": 4,
          "deliveries": [
            {
              "batter": "Zeeshan Kukikhel",
              "bowler": "S Davizi",
              "extras": {
                "wides": 1
              },
              "non_striker": "Abhijeet Ahuja",
              "runs": {
                "batter": 0,
                "extras": 1,
                "total": 1
              }
            },
            {
              "batter": "Zeeshan Kukikhel",
              "bowler": "S Davizi",
              "non_striker": "Abhijeet Ahuja",
              "runs": {
                "batter": 0,
                "extras": 0,
                "total": 0
              }
            },
            {
              "batter": "Zeeshan Kukikhel",
              "bowler": "S Davizi",
              "extras": {
                "wides": 1
              },
              "non_striker": "Abhijeet Ahuja",
              "runs": {
                "batter": 0,
                "extras": 1,
                "total": 1
              }
            },
            {
              "batter": "Zeeshan Kukikhel",
              "bowler": "S Davizi",
              "non_striker": "Abhijeet Ahuja",
              "runs": {
                "batter": 0,
                "extras": 0,
                "total": 0
              }
            },
            {
              "batter": "Zeeshan Kukikhel",
              "bowler": "S Davizi",
              "extras": {
                "wides": 1
              },
              "non_striker": "Abhijeet Ahuja",
              "runs": {
                "batter": 0,
                "extras": 1,
                "total": 1
              }
            },
            {
              "batter": "Zeeshan Kukikhel",
              "bowler": "S Davizi",
              "non_striker": "Abhijeet Ahuja",
              "runs": {
                "batter": 1,
                "extras": 0,
                "total": 1
              }
            },
            {
              "batter": "Abhijeet Ahuja",
              "bowler": "S Davizi",
              "non_striker": "Zeeshan Kukikhel",
              "runs": {
                "batter": 0,
                "extras": 0,
                "total": 0
              }
            },
            {
              "batter": "Abhijeet Ahuja",
              "bowler": "S Davizi",
              "non_striker": "Zeeshan Kukikhel",
              "runs": {
                "batter": 0,
                "extras": 0,
                "total": 0
              }
            },
            {
              "batter": "Abhijeet Ahuja",
              "bowler": "S Davizi",
              "non_striker": "Zeeshan Kukikhel",
              "runs": {
                "batter": 1,
                "extras": 0,
                "total": 1
              }
            }
          ]
        },
        {
          "over": 5,
          "deliveries": [
            {
              "batter": "Abhijeet Ahuja",
              "bowler": "K Gilham",
              "non_striker": "Zeeshan Kukikhel",
              "runs": {
                "batter": 4,
                "extras": 0,
                "total": 4
              }
            },
            {
              "batter": "Abhijeet Ahuja",
              "bowler": "K Gilham",
              "non_striker": "Zeeshan Kukikhel",
              "runs": {
                "batter": 0,
                "extras": 0,
                "total": 0
              }
            },
            {
              "batter": "Abhijeet Ahuja",
              "bowler": "K Gilham",
              "extras": {
                "wides": 1
              },
              "non_striker": "Zeeshan Kukikhel",
              "runs": {
                "batter": 0,
                "extras": 1,
                "total": 1
              }
            },
            {
              "batter": "Abhijeet Ahuja",
              "bowler": "K Gilham",
              "non_striker": "Zeeshan Kukikhel",
              "runs": {
                "batter": 0,
                "extras": 0,
                "total": 0
              }
            },
            {
              "batter": "Abhijeet Ahuja",
              "bowler": "K Gilham",
              "non_striker": "Zeeshan Kukikhel",
              "runs": {
                "batter": 0,
                "extras": 0,
                "total": 0
              }
            },
            {
              "batter": "Abhijeet Ahuja",
              "bowler": "K Gilham",
              "non_striker": "Zeeshan Kukikhel",
              "runs": {
                "batter": 0,
                "extras": 0,
                "total": 0
              }
            },
            {
              "batter": "Abhijeet Ahuja",
              "bowler": "K Gilham",
              "non_striker": "Zeeshan Kukikhel",
              "runs": {
                "batter": 2,
                "extras": 0,
                "total": 2
              }
            }
          ]
        },
        {
          "over": 6,
          "deliveries": [
            {
              "batter": "Zeeshan Kukikhel",
              "bowler": "S Davizi",
              "non_striker": "Abhijeet Ahuja",
              "runs": {
                "batter": 6,
                "extras": 0,
                "total": 6
              }
            },
            {
              "batter": "Zeeshan Kukikhel",
              "bowler": "S Davizi",
              "non_striker": "Abhijeet Ahuja",
              "runs": {
                "batter": 0,
                "extras": 0,
                "total": 0
              }
            },
            {
              "batter": "Zeeshan Kukikhel",
              "bowler": "S Davizi",
              "non_striker": "Abhijeet Ahuja",
              "runs": {
                "batter": 1,
                "extras": 0,
                "total": 1
              }
            },
            {
              "batter": "Abhijeet Ahuja",
              "bowler": "S Davizi",
              "non_striker": "Zeeshan Kukikhel",
              "runs": {
                "batter": 0,
                "extras": 0,
                "total": 0
              }
            },
            {
              "batter": "Abhijeet Ahuja",
              "bowler": "S Davizi",
              "non_striker": "Zeeshan Kukikhel",
              "runs": {
                "batter": 2,
                "extras": 0,
                "total": 2
              }
            },
            {
              "batter": "Abhijeet Ahuja",
              "bowler": "S Davizi",
              "non_striker": "Zeeshan Kukikhel",
              "runs": {
                "batter": 4,
                "extras": 0,
                "total": 4
              }
            }
          ]
        },
        {
          "over": 7,
          "deliveries": [
            {
              "batter": "Zeeshan Kukikhel",
              "bowler": "SMK Waththage",
              "non_striker": "Abhijeet Ahuja",
              "runs": {
                "batter": 4,
                "extras": 0,
                "total": 4
              }
            },
            {
              "batter": "Zeeshan Kukikhel",
              "bowler": "SMK Waththage",
              "non_striker": "Abhijeet Ahuja",
              "runs": {
                "batter": 2,
                "extras": 0,
                "total": 2
              }
            },
            {
              "batter": "Zeeshan Kukikhel",
              "bowler": "SMK Waththage",
              "non_striker": "Abhijeet Ahuja",
              "runs": {
                "batter": 0,
                "extras": 0,
                "total": 0
              }
            },
            {
              "batter": "Zeeshan Kukikhel",
              "bowler": "SMK Waththage",
              "non_striker": "Abhijeet Ahuja",
              "runs": {
                "batter": 0,
                "extras": 0,
                "total": 0
              }
            },
            {
              "batter": "Zeeshan Kukikhel",
              "bowler": "SMK Waththage",
              "non_striker": "Abhijeet Ahuja",
              "runs": {
                "batter": 4,
                "extras": 0,
                "total": 4
              }
            },
            {
              "batter": "Zeeshan Kukikhel",
              "bowler": "SMK Waththage",
              "non_striker": "Abhijeet Ahuja",
              "runs": {
                "batter": 1,
                "extras": 0,
                "total": 1
              }
            }
          ]
        },
        {
          "over": 8,
          "deliveries": [
            {
              "batter": "Zeeshan Kukikhel",
              "bowler": "S Wickramasekara",
              "non_striker": "Abhijeet Ahuja",
              "runs": {
                "batter": 0,
                "extras": 0,
                "total": 0
              }
            },
            {
              "batter": "Zeeshan Kukikhel",
              "bowler": "S Wickramasekara",
              "non_striker": "Abhijeet Ahuja",
              "runs": {
                "batter": 0,
                "extras": 0,
                "total": 0
              }
            },
            {
              "batter": "Zeeshan Kukikhel",
              "bowler": "S Wickramasekara",
              "non_striker": "Abhijeet Ahuja",
              "runs": {
                "batter": 1,
                "extras": 0,
                "total": 1
              }
            },
            {
              "batter": "Abhijeet Ahuja",
              "bowler": "S Wickramasekara",
              "non_striker": "Zeeshan Kukikhel",
              "runs": {
                "batter": 0,
                "extras": 0,
                "total": 0
              }
            },
            {
              "batter": "Abhijeet Ahuja",
              "bowler": "S Wickramasekara",
              "non_striker": "Zeeshan Kukikhel",
              "runs": {
                "batter": 0,
                "extras": 0,
                "total": 0
              },
              "wickets": [
                {
                  "player_out": "Abhijeet Ahuja",
                  "fielders": [
                    {
                      "name": "A Ashokan"
                    }
                  ],
                  "kind": "caught"
                }
              ]
            },
            {
              "batter": "HV Mandhyan",
              "bowler": "S Wickramasekara",
              "non_striker": "Zeeshan Kukikhel",
              "runs": {
                "batter": 0,
                "extras": 0,
                "total": 0
              }
            }
          ]
        },
        {
          "over": 9,
          "deliveries": [
            {
              "batter": "Zeeshan Kukikhel",
              "bowler": "K Mendon",
              "non_striker": "HV Mandhyan",
              "runs": {
                "batter": 0,
                "extras": 0,
                "total": 0
              }
            },
            {
              "batter": "Zeeshan Kukikhel",
              "bowler": "K Mendon",
              "non_striker": "HV Mandhyan",
              "runs": {
                "batter": 1,
                "extras": 0,
                "total": 1
              }
            },
            {
              "batter": "HV Mandhyan",
              "bowler": "K Mendon",
              "non_striker": "Zeeshan Kukikhel",
              "runs": {
                "batter": 1,
                "extras": 0,
                "total": 1
              }
            },
            {
              "batter": "Zeeshan Kukikhel",
              "bowler": "K Mendon",
              "non_striker": "HV Mandhyan",
              "runs": {
                "batter": 1,
                "extras": 0,
                "total": 1
              }
            },
            {
              "batter": "HV Mandhyan",
              "bowler": "K Mendon",
              "extras": {
                "wides": 1
              },
              "non_striker": "Zeeshan Kukikhel",
              "runs": {
                "batter": 0,
                "extras": 1,
                "total": 1
              }
            },
            {
              "batter": "HV Mandhyan",
              "bowler": "K Mendon",
              "extras": {
                "wides": 1
              },
              "non_striker": "Zeeshan Kukikhel",
              "runs": {
                "batter": 0,
                "extras": 1,
                "total": 1
              }
            },
            {
              "batter": "HV Mandhyan",
              "bowler": "K Mendon",
              "non_striker": "Zeeshan Kukikhel",
              "runs": {
                "batter": 0,
                "extras": 0,
                "total": 0
              }
            },
            {
              "batter": "HV Mandhyan",
              "bowler": "K Mendon",
              "non_striker": "Zeeshan Kukikhel",
              "runs": {
                "batter": 0,
                "extras": 0,
                "total": 0
              }
            }
          ]
        },
        {
          "over": 10,
          "deliveries": [
            {
              "batter": "Zeeshan Kukikhel",
              "bowler": "S Wickramasekara",
              "non_striker": "HV Mandhyan",
              "runs": {
                "batter": 0,
                "extras": 0,
                "total": 0
              }
            },
            {
              "batter": "Zeeshan Kukikhel",
              "bowler": "S Wickramasekara",
              "non_striker": "HV Mandhyan",
              "runs": {
                "batter": 1,
                "extras": 0,
                "total": 1
              }
            },
            {
              "batter": "HV Mandhyan",
              "bowler": "S Wickramasekara",
              "non_striker": "Zeeshan Kukikhel",
              "runs": {
                "batter": 1,
                "extras": 0,
                "total": 1
              }
            },
            {
              "batter": "Zeeshan Kukikhel",
              "bowler": "S Wickramasekara",
              "non_striker": "HV Mandhyan",
              "runs": {
                "batter": 1,
                "extras": 0,
                "total": 1
              }
            },
            {
              "batter": "HV Mandhyan",
              "bowler": "S Wickramasekara",
              "non_striker": "Zeeshan Kukikhel",
              "runs": {
                "batter": 4,
                "extras": 0,
                "total": 4
              }
            },
            {
              "batter": "HV Mandhyan",
              "bowler": "S Wickramasekara",
              "non_striker": "Zeeshan Kukikhel",
              "runs": {
                "batter": 1,
                "extras": 0,
                "total": 1
              }
            }
          ]
        },
        {
          "over": 11,
          "deliveries": [
            {
              "batter": "HV Mandhyan",
              "bowler": "K Mendon",
              "non_striker": "Zeeshan Kukikhel",
              "runs": {
                "batter": 0,
                "extras": 0,
                "total": 0
              }
            },
            {
              "batter": "HV Mandhyan",
              "bowler": "K Mendon",
              "non_striker": "Zeeshan Kukikhel",
              "runs": {
                "batter": 1,
                "extras": 0,
                "total": 1
              }
            },
            {
              "batter": "Zeeshan Kukikhel",
              "bowler": "K Mendon",
              "extras": {
                "wides": 1
              },
              "non_striker": "HV Mandhyan",
              "runs": {
                "batter": 0,
                "extras": 1,
                "total": 1
              }
            },
            {
              "batter": "Zeeshan Kukikhel",
              "bowler": "K Mendon",
              "non_striker": "HV Mandhyan",
              "runs": {
                "batter": 4,
                "extras": 0,
                "total": 4
              }
            },
            {
              "batter": "Zeeshan Kukikhel",
              "bowler": "K Mendon",
              "non_striker": "HV Mandhyan",
              "runs": {
                "batter": 1,
                "extras": 0,
                "total": 1
              }
            },
            {
              "batter": "HV Mandhyan",
              "bowler": "K Mendon",
              "non_striker": "Zeeshan Kukikhel",
              "runs": {
                "batter": 6,
                "extras": 0,
                "total": 6
              }
            },
            {
              "batter": "HV Mandhyan",
              "bowler": "K Mendon",
              "non_striker": "Zeeshan Kukikhel",
              "runs": {
                "batter": 2,
                "extras": 0,
                "total": 2
              }
            }
          ]
        },
        {
          "over": 12,
          "deliveries": [
            {
              "batter": "HV Mandhyan",
              "bowler": "A Ashokan",
              "non_striker": "Zeeshan Kukikhel",
              "runs": {
                "batter": 0,
                "extras": 0,
                "total": 0
              }
            },
            {
              "batter": "HV Mandhyan",
              "bowler": "A Ashokan",
              "non_striker": "Zeeshan Kukikhel",
              "runs": {
                "batter": 1,
                "extras": 0,
                "total": 1
              }
            },
            {
              "batter": "Zeeshan Kukikhel",
              "bowler": "A Ashokan",
              "non_striker": "HV Mandhyan",
              "runs": {
                "batter": 0,
                "extras": 0,
                "total": 0
              }
            },
            {
              "batter": "Zeeshan Kukikhel",
              "bowler": "A Ashokan",
              "extras": {
                "wides": 1
              },
              "non_striker": "HV Mandhyan",
              "runs": {
                "batter": 0,
                "extras": 1,
                "total": 1
              }
            },
            {
              "batter": "HV Mandhyan",
              "bowler": "A Ashokan",
              "non_striker": "Zeeshan Kukikhel",
              "runs": {
                "batter": 6,
                "extras": 0,
                "total": 6
              }
            },
            {
              "batter": "HV Mandhyan",
              "bowler": "A Ashokan",
              "non_striker": "Zeeshan Kukikhel",
              "runs": {
                "batter": 0,
                "extras": 0,
                "total": 0
              }
            },
            {
              "batter": "HV Mandhyan",
              "bowler": "A Ashokan",
              "non_striker": "Zeeshan Kukikhel",
              "runs": {
                "batter": 0,
                "extras": 0,
                "total": 0
              }
            }
          ]
        },
        {
          "over": 13,
          "deliveries": [
            {
              "batter": "Zeeshan Kukikhel",
              "bowler": "KD Mehta",
              "non_striker": "HV Mandhyan",
              "runs": {
                "batter": 4,
                "extras": 0,
                "total": 4
              }
            },
            {
              "batter": "Zeeshan Kukikhel",
              "bowler": "KD Mehta",
              "non_striker": "HV Mandhyan",
              "runs": {
                "batter": 0,
                "extras": 0,
                "total": 0
              }
            },
            {
              "batter": "Zeeshan Kukikhel",
              "bowler": "KD Mehta",
              "non_striker": "HV Mandhyan",
              "runs": {
                "batter": 1,
                "extras": 0,
                "total": 1
              }
            },
            {
              "batter": "HV Mandhyan",
              "bowler": "KD Mehta",
              "non_striker": "Zeeshan Kukikhel",
              "runs": {
                "batter": 0,
                "extras": 0,
                "total": 0
              }
            },
            {
              "batter": "HV Mandhyan",
              "bowler": "KD Mehta",
              "non_striker": "Zeeshan Kukikhel",
              "runs": {
                "batter": 0,
                "extras": 0,
                "total": 0
              },
              "wickets": [
                {
                  "player_out": "HV Mandhyan",
                  "fielders": [
                    {
                      "name": "Naveed Ahmed"
                    }
                  ],
                  "kind": "caught"
                }
              ]
            },
            {
              "batter": "Zahir Mohammed",
              "bowler": "KD Mehta",
              "non_striker": "Zeeshan Kukikhel",
              "runs": {
                "batter": 1,
                "extras": 0,
                "total": 1
              }
            }
          ]
        },
        {
          "over": 14,
          "deliveries": [
            {
              "batter": "Zahir Mohammed",
              "bowler": "A Ashokan",
              "non_striker": "Zeeshan Kukikhel",
              "runs": {
                "batter": 0,
                "extras": 0,
                "total": 0
              }
            },
            {
              "batter": "Zahir Mohammed",
              "bowler": "A Ashokan",
              "non_striker": "Zeeshan Kukikhel",
              "runs": {
                "batter": 1,
                "extras": 0,
                "total": 1
              }
            },
            {
              "batter": "Zeeshan Kukikhel",
              "bowler": "A Ashokan",
              "non_striker": "Zahir Mohammed",
              "runs": {
                "batter": 4,
                "extras": 0,
                "total": 4
              }
            },
            {
              "batter": "Zeeshan Kukikhel",
              "bowler": "A Ashokan",
              "non_striker": "Zahir Mohammed",
              "runs": {
                "batter": 4,
                "extras": 0,
                "total": 4
              }
            },
            {
              "batter": "Zeeshan Kukikhel",
              "bowler": "A Ashokan",
              "non_striker": "Zahir Mohammed",
              "runs": {
                "batter": 1,
                "extras": 0,
                "total": 1
              }
            },
            {
              "batter": "Zahir Mohammed",
              "bowler": "A Ashokan",
              "non_striker": "Zeeshan Kukikhel",
              "runs": {
                "batter": 1,
                "extras": 0,
                "total": 1
              }
            }
          ]
        },
        {
          "over": 15,
          "deliveries": [
            {
              "batter": "Zahir Mohammed",
              "bowler": "KD Mehta",
              "non_striker": "Zeeshan Kukikhel",
              "runs": {
                "batter": 4,
                "extras": 0,
                "total": 4
              }
            },
            {
              "batter": "Zahir Mohammed",
              "bowler": "KD Mehta",
              "non_striker": "Zeeshan Kukikhel",
              "runs": {
                "batter": 0,
                "extras": 0,
                "total": 0
              }
            },
            {
              "batter": "Zahir Mohammed",
              "bowler": "KD Mehta",
              "extras": {
                "byes": 1
              },
              "non_striker": "Zeeshan Kukikhel",
              "runs": {
                "batter": 0,
                "extras": 1,
                "total": 1
              }
            },
            {
              "batter": "Zeeshan Kukikhel",
              "bowler": "KD Mehta",
              "non_striker": "Zahir Mohammed",
              "runs": {
                "batter": 0,
                "extras": 0,
                "total": 0
              }
            },
            {
              "batter": "Zeeshan Kukikhel",
              "bowler": "KD Mehta",
              "non_striker": "Zahir Mohammed",
              "runs": {
                "batter": 0,
                "extras": 0,
                "total": 0
              }
            },
            {
              "batter": "Zeeshan Kukikhel",
              "bowler": "KD Mehta",
              "non_striker": "Zahir Mohammed",
              "runs": {
                "batter": 0,
                "extras": 0,
                "total": 0
              },
              "wickets": [
                {
                  "player_out": "Zeeshan Kukikhel",
                  "fielders": [
                    {
                      "name": "A Ashokan"
                    }
                  ],
                  "kind": "caught"
                }
              ]
            }
          ]
        },
        {
          "over": 16,
          "deliveries": [
            {
              "batter": "Zahir Mohammed",
              "bowler": "Naveed Ahmed",
              "non_striker": "A Kheterpal",
              "runs": {
                "batter": 1,
                "extras": 0,
                "total": 1
              }
            },
            {
              "batter": "A Kheterpal",
              "bowler": "Naveed Ahmed",
              "non_striker": "Zahir Mohammed",
              "runs": {
                "batter": 2,
                "extras": 0,
                "total": 2
              }
            },
            {
              "batter": "A Kheterpal",
              "bowler": "Naveed Ahmed",
              "non_striker": "Zahir Mohammed",
              "runs": {
                "batter": 6,
                "extras": 0,
                "total": 6
              }
            },
            {
              "batter": "A Kheterpal",
              "bowler": "Naveed Ahmed",
              "non_striker": "Zahir Mohammed",
              "runs": {
                "batter": 0,
                "extras": 0,
                "total": 0
              }
            },
            {
              "batter": "A Kheterpal",
              "bowler": "Naveed Ahmed",
              "non_striker": "Zahir Mohammed",
              "runs": {
                "batter": 0,
                "extras": 0,
                "total": 0
              }
            },
            {
              "batter": "A Kheterpal",
              "bowler": "Naveed Ahmed",
              "non_striker": "Zahir Mohammed",
              "runs": {
                "batter": 1,
                "extras": 0,
                "total": 1
              }
            }
          ]
        },
        {
          "over": 17,
          "deliveries": [
            {
              "batter": "A Kheterpal",
              "bowler": "KD Mehta",
              "extras": {
                "wides": 1
              },
              "non_striker": "Zahir Mohammed",
              "runs": {
                "batter": 0,
                "extras": 1,
                "total": 1
              }
            },
            {
              "batter": "A Kheterpal",
              "bowler": "KD Mehta",
              "non_striker": "Zahir Mohammed",
              "runs": {
                "batter": 1,
                "extras": 0,
                "total": 1
              }
            },
            {
              "batter": "Zahir Mohammed",
              "bowler": "KD Mehta",
              "non_striker": "A Kheterpal",
              "runs": {
                "batter": 0,
                "extras": 0,
                "total": 0
              }
            },
            {
              "batter": "Zahir Mohammed",
              "bowler": "KD Mehta",
              "non_striker": "A Kheterpal",
              "runs": {
                "batter": 4,
                "extras": 0,
                "total": 4
              }
            },
            {
              "batter": "Zahir Mohammed",
              "bowler": "KD Mehta",
              "non_striker": "A Kheterpal",
              "runs": {
                "batter": 0,
                "extras": 0,
                "total": 0
              }
            },
            {
              "batter": "Zahir Mohammed",
              "bowler": "KD Mehta",
              "non_striker": "A Kheterpal",
              "runs": {
                "batter": 2,
                "extras": 0,
                "total": 2
              }
            },
            {
              "batter": "Zahir Mohammed",
              "bowler": "KD Mehta",
              "non_striker": "A Kheterpal",
              "runs": {
                "batter": 0,
                "extras": 0,
                "total": 0
              },
              "wickets": [
                {
                  "player_out": "Zahir Mohammed",
                  "fielders": [
                    {
                      "name": "S Grover"
                    }
                  ],
                  "kind": "caught"
                }
              ]
            }
          ]
        },
        {
          "over": 18,
          "deliveries": [
            {
              "batter": "Khaibar Deldar",
              "bowler": "S Davizi",
              "non_striker": "A Kheterpal",
              "runs": {
                "batter": 1,
                "extras": 0,
                "total": 1
              }
            },
            {
              "batter": "A Kheterpal",
              "bowler": "S Davizi",
              "non_striker": "Khaibar Deldar",
              "runs": {
                "batter": 0,
                "extras": 0,
                "total": 0
              }
            },
            {
              "batter": "A Kheterpal",
              "bowler": "S Davizi",
              "non_striker": "Khaibar Deldar",
              "runs": {
                "batter": 4,
                "extras": 0,
                "total": 4
              }
            },
            {
              "batter": "A Kheterpal",
              "bowler": "S Davizi",
              "non_striker": "Khaibar Deldar",
              "runs": {
                "batter": 0,
                "extras": 0,
                "total": 0
              },
              "wickets": [
                {
                  "fielders": [
                    {
                      "name": "V Jagannivasan"
                    }
                  ],
                  "player_out": "A Kheterpal",
                  "kind": "caught"
                }
              ]
            },
            {
              "batter": "Khaibar Deldar",
              "bowler": "S Davizi",
              "non_striker": "AG Weligamage",
              "runs": {
                "batter": 0,
                "extras": 0,
                "total": 0
              }
            },
            {
              "batter": "Khaibar Deldar",
              "bowler": "S Davizi",
              "non_striker": "AG Weligamage",
              "runs": {
                "batter": 0,
                "extras": 0,
                "total": 0
              }
            }
          ]
        },
        {
          "over": 19,
          "deliveries": [
            {
              "batter": "AG Weligamage",
              "bowler": "K Gilham",
              "non_striker": "Khaibar Deldar",
              "runs": {
                "batter": 0,
                "extras": 0,
                "total": 0
              }
            },
            {
              "batter": "AG Weligamage",
              "bowler": "K Gilham",
              "non_striker": "Khaibar Deldar",
              "runs": {
                "batter": 1,
                "extras": 0,
                "total": 1
              }
            },
            {
              "batter": "Khaibar Deldar",
              "bowler": "K Gilham",
              "non_striker": "AG Weligamage",
              "runs": {
                "batter": 4,
                "extras": 0,
                "total": 4
              }
            },
            {
              "batter": "Khaibar Deldar",
              "bowler": "K Gilham",
              "non_striker": "AG Weligamage",
              "runs": {
                "batter": 0,
                "extras": 0,
                "total": 0
              },
              "wickets": [
                {
                  "player_out": "Khaibar Deldar",
                  "fielders": [
                    {
                      "name": "Hilal Ahmad"
                    }
                  ],
                  "kind": "caught"
                }
              ]
            },
            {
              "batter": "AG Weligamage",
              "bowler": "K Gilham",
              "non_striker": "Ali Yalmaz",
              "runs": {
                "batter": 1,
                "extras": 0,
                "total": 1
              }
            },
            {
              "batter": "Ali Yalmaz",
              "bowler": "K Gilham",
              "non_striker": "AG Weligamage",
              "runs": {
                "batter": 1,
                "extras": 0,
                "total": 1
              }
            }
          ]
        }
      ],
      "powerplays": [
        {
          "from": 0.1,
          "to": 5.7,
          "type": "mandatory"
        }
      ]
    },
    {
      "team": "Czech Republic",
      "overs": [
        {
          "over": 0,
          "deliveries": [
            {
              "batter": "S Davizi",
              "bowler": "HV Mandhyan",
              "non_striker": "V Jagannivasan",
              "runs": {
                "batter": 1,
                "extras": 0,
                "total": 1
              }
            },
            {
              "batter": "V Jagannivasan",
              "bowler": "HV Mandhyan",
              "non_striker": "S Davizi",
              "runs": {
                "batter": 0,
                "extras": 0,
                "total": 0
              },
              "wickets": [
                {
                  "player_out": "V Jagannivasan",
                  "kind": "bowled"
                }
              ]
            },
            {
              "batter": "A Ashokan",
              "bowler": "HV Mandhyan",
              "non_striker": "S Davizi",
              "runs": {
                "batter": 0,
                "extras": 0,
                "total": 0
              }
            },
            {
              "batter": "A Ashokan",
              "bowler": "HV Mandhyan",
              "non_striker": "S Davizi",
              "runs": {
                "batter": 0,
                "extras": 0,
                "total": 0
              }
            },
            {
              "batter": "A Ashokan",
              "bowler": "HV Mandhyan",
              "extras": {
                "wides": 1
              },
              "non_striker": "S Davizi",
              "runs": {
                "batter": 0,
                "extras": 1,
                "total": 1
              }
            },
            {
              "batter": "A Ashokan",
              "bowler": "HV Mandhyan",
              "non_striker": "S Davizi",
              "runs": {
                "batter": 0,
                "extras": 0,
                "total": 0
              }
            },
            {
              "batter": "A Ashokan",
              "bowler": "HV Mandhyan",
              "non_striker": "S Davizi",
              "runs": {
                "batter": 0,
                "extras": 0,
                "total": 0
              }
            }
          ]
        },
        {
          "over": 1,
          "deliveries": [
            {
              "batter": "S Davizi",
              "bowler": "SA Mohandas",
              "non_striker": "A Ashokan",
              "runs": {
                "batter": 0,
                "extras": 0,
                "total": 0
              }
            },
            {
              "batter": "S Davizi",
              "bowler": "SA Mohandas",
              "non_striker": "A Ashokan",
              "runs": {
                "batter": 1,
                "extras": 0,
                "total": 1
              }
            },
            {
              "batter": "A Ashokan",
              "bowler": "SA Mohandas",
              "non_striker": "S Davizi",
              "runs": {
                "batter": 1,
                "extras": 0,
                "total": 1
              }
            },
            {
              "batter": "S Davizi",
              "bowler": "SA Mohandas",
              "non_striker": "A Ashokan",
              "runs": {
                "batter": 6,
                "extras": 0,
                "total": 6
              }
            },
            {
              "batter": "S Davizi",
              "bowler": "SA Mohandas",
              "non_striker": "A Ashokan",
              "runs": {
                "batter": 0,
                "extras": 0,
                "total": 0
              }
            },
            {
              "batter": "S Davizi",
              "bowler": "SA Mohandas",
              "non_striker": "A Ashokan",
              "runs": {
                "batter": 4,
                "extras": 0,
                "total": 4
              }
            }
          ]
        },
        {
          "over": 2,
          "deliveries": [
            {
              "batter": "A Ashokan",
              "bowler": "HV Mandhyan",
              "non_striker": "S Davizi",
              "runs": {
                "batter": 0,
                "extras": 0,
                "total": 0
              }
            },
            {
              "batter": "A Ashokan",
              "bowler": "HV Mandhyan",
              "non_striker": "S Davizi",
              "runs": {
                "batter": 1,
                "extras": 0,
                "total": 1
              }
            },
            {
              "batter": "S Davizi",
              "bowler": "HV Mandhyan",
              "non_striker": "A Ashokan",
              "runs": {
                "batter": 0,
                "extras": 0,
                "total": 0
              }
            },
            {
              "batter": "S Davizi",
              "bowler": "HV Mandhyan",
              "non_striker": "A Ashokan",
              "runs": {
                "batter": 0,
                "extras": 0,
                "total": 0
              }
            },
            {
              "batter": "S Davizi",
              "bowler": "HV Mandhyan",
              "non_striker": "A Ashokan",
              "runs": {
                "batter": 3,
                "extras": 0,
                "total": 3
              }
            },
            {
              "batter": "A Ashokan",
              "bowler": "HV Mandhyan",
              "non_striker": "S Davizi",
              "runs": {
                "batter": 0,
                "extras": 0,
                "total": 0
              }
            }
          ]
        },
        {
          "over": 3,
          "deliveries": [
            {
              "batter": "S Davizi",
              "bowler": "AG Weligamage",
              "non_striker": "A Ashokan",
              "runs": {
                "batter": 0,
                "extras": 0,
                "total": 0
              }
            },
            {
              "batter": "S Davizi",
              "bowler": "AG Weligamage",
              "non_striker": "A Ashokan",
              "runs": {
                "batter": 0,
                "extras": 0,
                "total": 0
              }
            },
            {
              "batter": "S Davizi",
              "bowler": "AG Weligamage",
              "non_striker": "A Ashokan",
              "runs": {
                "batter": 4,
                "extras": 0,
                "total": 4
              }
            },
            {
              "batter": "S Davizi",
              "bowler": "AG Weligamage",
              "extras": {
                "wides": 1
              },
              "non_striker": "A Ashokan",
              "runs": {
                "batter": 0,
                "extras": 1,
                "total": 1
              }
            },
            {
              "batter": "S Davizi",
              "bowler": "AG Weligamage",
              "non_striker": "A Ashokan",
              "runs": {
                "batter": 0,
                "extras": 0,
                "total": 0
              }
            },
            {
              "batter": "S Davizi",
              "bowler": "AG Weligamage",
              "extras": {
                "legbyes": 1
              },
              "non_striker": "A Ashokan",
              "runs": {
                "batter": 0,
                "extras": 1,
                "total": 1
              }
            },
            {
              "batter": "A Ashokan",
              "bowler": "AG Weligamage",
              "non_striker": "S Davizi",
              "runs": {
                "batter": 1,
                "extras": 0,
                "total": 1
              }
            }
          ]
        },
        {
          "over": 4,
          "deliveries": [
            {
              "batter": "A Ashokan",
              "bowler": "HV Mandhyan",
              "non_striker": "S Davizi",
              "runs": {
                "batter": 0,
                "extras": 0,
                "total": 0
              }
            },
            {
              "batter": "A Ashokan",
              "bowler": "HV Mandhyan",
              "non_striker": "S Davizi",
              "runs": {
                "batter": 0,
                "extras": 0,
                "total": 0
              }
            },
            {
              "batter": "A Ashokan",
              "bowler": "HV Mandhyan",
              "non_striker": "S Davizi",
              "runs": {
                "batter": 0,
                "extras": 0,
                "total": 0
              },
              "wickets": [
                {
                  "player_out": "S Davizi",
                  "kind": "run out"
                }
              ]
            },
            {
              "batter": "A Ashokan",
              "bowler": "HV Mandhyan",
              "non_striker": "S Wickramasekara",
              "runs": {
                "batter": 0,
                "extras": 0,
                "total": 0
              }
            },
            {
              "batter": "A Ashokan",
              "bowler": "HV Mandhyan",
              "non_striker": "S Wickramasekara",
              "runs": {
                "batter": 1,
                "extras": 0,
                "total": 1
              }
            },
            {
              "batter": "S Wickramasekara",
              "bowler": "HV Mandhyan",
              "non_striker": "A Ashokan",
              "runs": {
                "batter": 1,
                "extras": 0,
                "total": 1
              }
            }
          ]
        },
        {
          "over": 5,
          "deliveries": [
            {
              "batter": "S Wickramasekara",
              "bowler": "AG Weligamage",
              "non_striker": "A Ashokan",
              "runs": {
                "batter": 0,
                "extras": 0,
                "total": 0
              }
            },
            {
              "batter": "S Wickramasekara",
              "bowler": "AG Weligamage",
              "extras": {
                "wides": 1
              },
              "non_striker": "A Ashokan",
              "runs": {
                "batter": 0,
                "extras": 1,
                "total": 1
              }
            },
            {
              "batter": "S Wickramasekara",
              "bowler": "AG Weligamage",
              "extras": {
                "wides": 1
              },
              "non_striker": "A Ashokan",
              "runs": {
                "batter": 0,
                "extras": 1,
                "total": 1
              }
            },
            {
              "batter": "S Wickramasekara",
              "bowler": "AG Weligamage",
              "non_striker": "A Ashokan",
              "runs": {
                "batter": 0,
                "extras": 0,
                "total": 0
              }
            },
            {
              "batter": "S Wickramasekara",
              "bowler": "AG Weligamage",
              "non_striker": "A Ashokan",
              "runs": {
                "batter": 4,
                "extras": 0,
                "total": 4
              }
            },
            {
              "batter": "S Wickramasekara",
              "bowler": "AG Weligamage",
              "non_striker": "A Ashokan",
              "runs": {
                "batter": 1,
                "extras": 0,
                "total": 1
              }
            },
            {
              "batter": "A Ashokan",
              "bowler": "AG Weligamage",
              "non_striker": "S Wickramasekara",
              "runs": {
                "batter": 0,
                "extras": 0,
                "total": 0
              }
            },
            {
              "batter": "A Ashokan",
              "bowler": "AG Weligamage",
              "non_striker": "S Wickramasekara",
              "runs": {
                "batter": 0,
                "extras": 0,
                "total": 0
              }
            }
          ]
        },
        {
          "over": 6,
          "deliveries": [
            {
              "batter": "S Wickramasekara",
              "bowler": "A Kheterpal",
              "extras": {
                "wides": 1
              },
              "non_striker": "A Ashokan",
              "runs": {
                "batter": 0,
                "extras": 1,
                "total": 1
              }
            },
            {
              "batter": "S Wickramasekara",
              "bowler": "A Kheterpal",
              "non_striker": "A Ashokan",
              "runs": {
                "batter": 0,
                "extras": 0,
                "total": 0
              }
            },
            {
              "batter": "S Wickramasekara",
              "bowler": "A Kheterpal",
              "non_striker": "A Ashokan",
              "runs": {
                "batter": 1,
                "extras": 0,
                "total": 1
              }
            },
            {
              "batter": "A Ashokan",
              "bowler": "A Kheterpal",
              "non_striker": "S Wickramasekara",
              "runs": {
                "batter": 0,
                "extras": 0,
                "total": 0
              }
            },
            {
              "batter": "A Ashokan",
              "bowler": "A Kheterpal",
              "extras": {
                "legbyes": 1
              },
              "non_striker": "S Wickramasekara",
              "runs": {
                "batter": 0,
                "extras": 1,
                "total": 1
              }
            },
            {
              "batter": "S Wickramasekara",
              "bowler": "A Kheterpal",
              "non_striker": "A Ashokan",
              "runs": {
                "batter": 1,
                "extras": 0,
                "total": 1
              }
            },
            {
              "batter": "A Ashokan",
              "bowler": "A Kheterpal",
              "non_striker": "S Wickramasekara",
              "runs": {
                "batter": 0,
                "extras": 0,
                "total": 0
              }
            }
          ]
        },
        {
          "over": 7,
          "deliveries": [
            {
              "batter": "S Wickramasekara",
              "bowler": "AG Weligamage",
              "non_striker": "A Ashokan",
              "runs": {
                "batter": 0,
                "extras": 0,
                "total": 0
              }
            },
            {
              "batter": "S Wickramasekara",
              "bowler": "AG Weligamage",
              "non_striker": "A Ashokan",
              "runs": {
                "batter": 0,
                "extras": 0,
                "total": 0
              }
            },
            {
              "batter": "S Wickramasekara",
              "bowler": "AG Weligamage",
              "non_striker": "A Ashokan",
              "runs": {
                "batter": 0,
                "extras": 0,
                "total": 0
              }
            },
            {
              "batter": "S Wickramasekara",
              "bowler": "AG Weligamage",
              "non_striker": "A Ashokan",
              "runs": {
                "batter": 6,
                "extras": 0,
                "total": 6
              }
            },
            {
              "batter": "S Wickramasekara",
              "bowler": "AG Weligamage",
              "non_striker": "A Ashokan",
              "runs": {
                "batter": 4,
                "extras": 0,
                "total": 4
              }
            },
            {
              "batter": "S Wickramasekara",
              "bowler": "AG Weligamage",
              "non_striker": "A Ashokan",
              "runs": {
                "batter": 0,
                "extras": 0,
                "total": 0
              }
            }
          ]
        },
        {
          "over": 8,
          "deliveries": [
            {
              "batter": "A Ashokan",
              "bowler": "A Kheterpal",
              "non_striker": "S Wickramasekara",
              "runs": {
                "batter": 1,
                "extras": 0,
                "total": 1
              }
            },
            {
              "batter": "S Wickramasekara",
              "bowler": "A Kheterpal",
              "non_striker": "A Ashokan",
              "runs": {
                "batter": 4,
                "extras": 0,
                "total": 4
              }
            },
            {
              "batter": "S Wickramasekara",
              "bowler": "A Kheterpal",
              "non_striker": "A Ashokan",
              "runs": {
                "batter": 0,
                "extras": 0,
                "total": 0
              }
            },
            {
              "batter": "S Wickramasekara",
              "bowler": "A Kheterpal",
              "non_striker": "A Ashokan",
              "runs": {
                "batter": 4,
                "extras": 0,
                "total": 4
              }
            },
            {
              "batter": "S Wickramasekara",
              "bowler": "A Kheterpal",
              "non_striker": "A Ashokan",
              "runs": {
                "batter": 1,
                "extras": 0,
                "total": 1
              }
            },
            {
              "batter": "A Ashokan",
              "bowler": "A Kheterpal",
              "non_striker": "S Wickramasekara",
              "runs": {
                "batter": 1,
                "extras": 0,
                "total": 1
              }
            }
          ]
        },
        {
          "over": 9,
          "deliveries": [
            {
              "batter": "A Ashokan",
              "bowler": "Zeeshan Kukikhel",
              "non_striker": "S Wickramasekara",
              "runs": {
                "batter": 1,
                "extras": 0,
                "total": 1
              }
            },
            {
              "batter": "S Wickramasekara",
              "bowler": "Zeeshan Kukikhel",
              "non_striker": "A Ashokan",
              "runs": {
                "batter": 1,
                "extras": 0,
                "total": 1
              }
            },
            {
              "batter": "A Ashokan",
              "bowler": "Zeeshan Kukikhel",
              "non_striker": "S Wickramasekara",
              "runs": {
                "batter": 2,
                "extras": 0,
                "total": 2
              }
            },
            {
              "batter": "A Ashokan",
              "bowler": "Zeeshan Kukikhel",
              "non_striker": "S Wickramasekara",
              "runs": {
                "batter": 1,
                "extras": 0,
                "total": 1
              }
            },
            {
              "batter": "S Wickramasekara",
              "bowler": "Zeeshan Kukikhel",
              "non_striker": "A Ashokan",
              "runs": {
                "batter": 1,
                "extras": 0,
                "total": 1
              }
            },
            {
              "batter": "A Ashokan",
              "bowler": "Zeeshan Kukikhel",
              "non_striker": "S Wickramasekara",
              "runs": {
                "batter": 0,
                "extras": 0,
                "total": 0
              }
            }
          ]
        },
        {
          "over": 10,
          "deliveries": [
            {
              "batter": "S Wickramasekara",
              "bowler": "A Kheterpal",
              "extras": {
                "byes": 2
              },
              "non_striker": "A Ashokan",
              "runs": {
                "batter": 0,
                "extras": 2,
                "total": 2
              }
            },
            {
              "batter": "S Wickramasekara",
              "bowler": "A Kheterpal",
              "non_striker": "A Ashokan",
              "runs": {
                "batter": 0,
                "extras": 0,
                "total": 0
              }
            },
            {
              "batter": "S Wickramasekara",
              "bowler": "A Kheterpal",
              "non_striker": "A Ashokan",
              "runs": {
                "batter": 0,
                "extras": 0,
                "total": 0
              }
            },
            {
              "batter": "S Wickramasekara",
              "bowler": "A Kheterpal",
              "non_striker": "A Ashokan",
              "runs": {
                "batter": 0,
                "extras": 0,
                "total": 0
              }
            },
            {
              "batter": "S Wickramasekara",
              "bowler": "A Kheterpal",
              "non_striker": "A Ashokan",
              "runs": {
                "batter": 0,
                "extras": 0,
                "total": 0
              }
            },
            {
              "batter": "S Wickramasekara",
              "bowler": "A Kheterpal",
              "non_striker": "A Ashokan",
              "runs": {
                "batter": 4,
                "extras": 0,
                "total": 4
              }
            }
          ]
        },
        {
          "over": 11,
          "deliveries": [
            {
              "batter": "A Ashokan",
              "bowler": "Zeeshan Kukikhel",
              "non_striker": "S Wickramasekara",
              "runs": {
                "batter": 0,
                "extras": 0,
                "total": 0
              }
            },
            {
              "batter": "A Ashokan",
              "bowler": "Zeeshan Kukikhel",
              "non_striker": "S Wickramasekara",
              "runs": {
                "batter": 0,
                "extras": 0,
                "total": 0
              },
              "wickets": [
                {
                  "player_out": "A Ashokan",
                  "kind": "bowled"
                }
              ]
            },
            {
              "batter": "K Mendon",
              "bowler": "Zeeshan Kukikhel",
              "extras": {
                "wides": 1
              },
              "non_striker": "S Wickramasekara",
              "runs": {
                "batter": 0,
                "extras": 1,
                "total": 1
              }
            },
            {
              "batter": "K Mendon",
              "bowler": "Zeeshan Kukikhel",
              "non_striker": "S Wickramasekara",
              "runs": {
                "batter": 0,
                "extras": 0,
                "total": 0
              }
            },
            {
              "batter": "K Mendon",
              "bowler": "Zeeshan Kukikhel",
              "non_striker": "S Wickramasekara",
              "runs": {
                "batter": 0,
                "extras": 0,
                "total": 0
              }
            },
            {
              "batter": "K Mendon",
              "bowler": "Zeeshan Kukikhel",
              "non_striker": "S Wickramasekara",
              "runs": {
                "batter": 0,
                "extras": 0,
                "total": 0
              }
            },
            {
              "batter": "K Mendon",
              "bowler": "Zeeshan Kukikhel",
              "non_striker": "S Wickramasekara",
              "runs": {
                "batter": 4,
                "extras": 0,
                "total": 4
              }
            }
          ]
        },
        {
          "over": 12,
          "deliveries": [
            {
              "batter": "S Wickramasekara",
              "bowler": "A Kheterpal",
              "non_striker": "K Mendon",
              "runs": {
                "batter": 4,
                "extras": 0,
                "total": 4
              }
            },
            {
              "batter": "S Wickramasekara",
              "bowler": "A Kheterpal",
              "non_striker": "K Mendon",
              "runs": {
                "batter": 2,
                "extras": 0,
                "total": 2
              }
            },
            {
              "batter": "S Wickramasekara",
              "bowler": "A Kheterpal",
              "non_striker": "K Mendon",
              "runs": {
                "batter": 6,
                "extras": 0,
                "total": 6
              }
            },
            {
              "batter": "S Wickramasekara",
              "bowler": "A Kheterpal",
              "non_striker": "K Mendon",
              "runs": {
                "batter": 1,
                "extras": 0,
                "total": 1
              }
            },
            {
              "batter": "K Mendon",
              "bowler": "A Kheterpal",
              "non_striker": "S Wickramasekara",
              "runs": {
                "batter": 0,
                "extras": 0,
                "total": 0
              }
            },
            {
              "batter": "K Mendon",
              "bowler": "A Kheterpal",
              "non_striker": "S Wickramasekara",
              "runs": {
                "batter": 0,
                "extras": 0,
                "total": 0
              }
            }
          ]
        },
        {
          "over": 13,
          "deliveries": [
            {
              "batter": "S Wickramasekara",
              "bowler": "HV Mandhyan",
              "non_striker": "K Mendon",
              "runs": {
                "batter": 0,
                "extras": 0,
                "total": 0
              }
            },
            {
              "batter": "S Wickramasekara",
              "bowler": "HV Mandhyan",
              "non_striker": "K Mendon",
              "runs": {
                "batter": 0,
                "extras": 0,
                "total": 0
              }
            },
            {
              "batter": "S Wickramasekara",
              "bowler": "HV Mandhyan",
              "non_striker": "K Mendon",
              "runs": {
                "batter": 4,
                "extras": 0,
                "total": 4
              }
            },
            {
              "batter": "S Wickramasekara",
              "bowler": "HV Mandhyan",
              "non_striker": "K Mendon",
              "runs": {
                "batter": 0,
                "extras": 0,
                "total": 0
              }
            },
            {
              "batter": "S Wickramasekara",
              "bowler": "HV Mandhyan",
              "non_striker": "K Mendon",
              "runs": {
                "batter": 1,
                "extras": 0,
                "total": 1
              }
            },
            {
              "batter": "K Mendon",
              "bowler": "HV Mandhyan",
              "non_striker": "S Wickramasekara",
              "runs": {
                "batter": 0,
                "extras": 0,
                "total": 0
              }
            }
          ]
        },
        {
          "over": 14,
          "deliveries": [
            {
              "batter": "S Wickramasekara",
              "bowler": "SA Mohandas",
              "extras": {
                "wides": 1
              },
              "non_striker": "K Mendon",
              "runs": {
                "batter": 0,
                "extras": 1,
                "total": 1
              }
            },
            {
              "batter": "S Wickramasekara",
              "bowler": "SA Mohandas",
              "non_striker": "K Mendon",
              "runs": {
                "batter": 1,
                "extras": 0,
                "total": 1
              }
            },
            {
              "batter": "K Mendon",
              "bowler": "SA Mohandas",
              "non_striker": "S Wickramasekara",
              "runs": {
                "batter": 0,
                "extras": 0,
                "total": 0
              }
            },
            {
              "batter": "K Mendon",
              "bowler": "SA Mohandas",
              "non_striker": "S Wickramasekara",
              "runs": {
                "batter": 0,
                "extras": 0,
                "total": 0
              }
            },
            {
              "batter": "K Mendon",
              "bowler": "SA Mohandas",
              "non_striker": "S Wickramasekara",
              "runs": {
                "batter": 6,
                "extras": 0,
                "total": 6
              }
            },
            {
              "batter": "K Mendon",
              "bowler": "SA Mohandas",
              "non_striker": "S Wickramasekara",
              "runs": {
                "batter": 0,
                "extras": 0,
                "total": 0
              }
            },
            {
              "batter": "K Mendon",
              "bowler": "SA Mohandas",
              "non_striker": "S Wickramasekara",
              "runs": {
                "batter": 4,
                "extras": 0,
                "total": 4
              }
            }
          ]
        },
        {
          "over": 15,
          "deliveries": [
            {
              "batter": "S Wickramasekara",
              "bowler": "Ali Yalmaz",
              "non_striker": "K Mendon",
              "runs": {
                "batter": 1,
                "extras": 0,
                "total": 1
              }
            },
            {
              "batter": "K Mendon",
              "bowler": "Ali Yalmaz",
              "extras": {
                "legbyes": 1
              },
              "non_striker": "S Wickramasekara",
              "runs": {
                "batter": 0,
                "extras": 1,
                "total": 1
              }
            },
            {
              "batter": "S Wickramasekara",
              "bowler": "Ali Yalmaz",
              "non_striker": "K Mendon",
              "runs": {
                "batter": 2,
                "extras": 0,
                "total": 2
              }
            },
            {
              "batter": "S Wickramasekara",
              "bowler": "Ali Yalmaz",
              "non_striker": "K Mendon",
              "runs": {
                "batter": 1,
                "extras": 0,
                "total": 1
              }
            },
            {
              "batter": "K Mendon",
              "bowler": "Ali Yalmaz",
              "non_striker": "S Wickramasekara",
              "runs": {
                "batter": 1,
                "extras": 0,
                "total": 1
              }
            },
            {
              "batter": "S Wickramasekara",
              "bowler": "Ali Yalmaz",
              "non_striker": "K Mendon",
              "runs": {
                "batter": 2,
                "extras": 0,
                "total": 2
              }
            }
          ]
        },
        {
          "over": 16,
          "deliveries": [
            {
              "batter": "K Mendon",
              "bowler": "Zeeshan Kukikhel",
              "non_striker": "S Wickramasekara",
              "runs": {
                "batter": 4,
                "extras": 0,
                "total": 4
              }
            },
            {
              "batter": "K Mendon",
              "bowler": "Zeeshan Kukikhel",
              "non_striker": "S Wickramasekara",
              "runs": {
                "batter": 1,
                "extras": 0,
                "total": 1
              }
            },
            {
              "batter": "S Wickramasekara",
              "bowler": "Zeeshan Kukikhel",
              "non_striker": "K Mendon",
              "runs": {
                "batter": 0,
                "extras": 0,
                "total": 0
              },
              "wickets": [
                {
                  "player_out": "S Wickramasekara",
                  "fielders": [
                    {
                      "name": "SA Mohandas"
                    }
                  ],
                  "kind": "caught"
                }
              ]
            },
            {
              "batter": "K Mendon",
              "bowler": "Zeeshan Kukikhel",
              "extras": {
                "wides": 1
              },
              "non_striker": "S Grover",
              "runs": {
                "batter": 0,
                "extras": 1,
                "total": 1
              }
            },
            {
              "batter": "K Mendon",
              "bowler": "Zeeshan Kukikhel",
              "non_striker": "S Grover",
              "runs": {
                "batter": 6,
                "extras": 0,
                "total": 6
              }
            },
            {
              "batter": "K Mendon",
              "bowler": "Zeeshan Kukikhel",
              "non_striker": "S Grover",
              "runs": {
                "batter": 4,
                "extras": 0,
                "total": 4
              }
            },
            {
              "batter": "K Mendon",
              "bowler": "Zeeshan Kukikhel",
              "non_striker": "S Grover",
              "runs": {
                "batter": 0,
                "extras": 0,
                "total": 0
              },
              "wickets": [
                {
                  "player_out": "K Mendon",
                  "kind": "run out"
                }
              ]
            }
          ]
        },
        {
          "over": 17,
          "deliveries": [
            {
              "batter": "K Gilham",
              "bowler": "Ali Yalmaz",
              "non_striker": "S Grover",
              "runs": {
                "batter": 1,
                "extras": 0,
                "total": 1
              }
            },
            {
              "batter": "S Grover",
              "bowler": "Ali Yalmaz",
              "non_striker": "K Gilham",
              "runs": {
                "batter": 0,
                "extras": 0,
                "total": 0
              }
            },
            {
              "batter": "S Grover",
              "bowler": "Ali Yalmaz",
              "non_striker": "K Gilham",
              "runs": {
                "batter": 2,
                "extras": 0,
                "total": 2
              }
            },
            {
              "batter": "S Grover",
              "bowler": "Ali Yalmaz",
              "non_striker": "K Gilham",
              "runs": {
                "batter": 0,
                "extras": 0,
                "total": 0
              },
              "wickets": [
                {
                  "player_out": "S Grover",
                  "fielders": [
                    {
                      "name": "S Ashwathnarayana"
                    }
                  ],
                  "kind": "caught"
                }
              ]
            },
            {
              "batter": "Naveed Ahmed",
              "bowler": "Ali Yalmaz",
              "non_striker": "K Gilham",
              "runs": {
                "batter": 0,
                "extras": 0,
                "total": 0
              }
            },
            {
              "batter": "Naveed Ahmed",
              "bowler": "Ali Yalmaz",
              "non_striker": "K Gilham",
              "runs": {
                "batter": 2,
                "extras": 0,
                "total": 2
              }
            }
          ]
        },
        {
          "over": 18,
          "deliveries": [
            {
              "batter": "K Gilham",
              "bowler": "AG Weligamage",
              "non_striker": "Naveed Ahmed",
              "runs": {
                "batter": 2,
                "extras": 0,
                "total": 2
              }
            },
            {
              "batter": "K Gilham",
              "bowler": "AG Weligamage",
              "non_striker": "Naveed Ahmed",
              "runs": {
                "batter": 4,
                "extras": 0,
                "total": 4
              }
            },
            {
              "batter": "K Gilham",
              "bowler": "AG Weligamage",
              "extras": {
                "legbyes": 1
              },
              "non_striker": "Naveed Ahmed",
              "runs": {
                "batter": 0,
                "extras": 1,
                "total": 1
              }
            },
            {
              "batter": "Naveed Ahmed",
              "bowler": "AG Weligamage",
              "non_striker": "K Gilham",
              "runs": {
                "batter": 4,
                "extras": 0,
                "total": 4
              }
            },
            {
              "batter": "Naveed Ahmed",
              "bowler": "AG Weligamage",
              "non_striker": "K Gilham",
              "runs": {
                "batter": 4,
                "extras": 0,
                "total": 4
              }
            },
            {
              "batter": "Naveed Ahmed",
              "bowler": "AG Weligamage",
              "non_striker": "K Gilham",
              "runs": {
                "batter": 3,
                "extras": 0,
                "total": 3
              }
            }
          ]
        },
        {
          "over": 19,
          "deliveries": [
            {
              "batter": "Naveed Ahmed",
              "bowler": "Ali Yalmaz",
              "non_striker": "K Gilham",
              "runs": {
                "batter": 2,
                "extras": 0,
                "total": 2
              }
            },
            {
              "batter": "Naveed Ahmed",
              "bowler": "Ali Yalmaz",
              "non_striker": "K Gilham",
              "runs": {
                "batter": 1,
                "extras": 0,
                "total": 1
              },
              "wickets": [
                {
                  "player_out": "Naveed Ahmed",
                  "kind": "run out"
                }
              ]
            },
            {
              "batter": "Hilal Ahmad",
              "bowler": "Ali Yalmaz",
              "non_striker": "K Gilham",
              "runs": {
                "batter": 1,
                "extras": 0,
                "total": 1
              }
            },
            {
              "batter": "K Gilham",
              "bowler": "Ali Yalmaz",
              "non_striker": "Hilal Ahmad",
              "runs": {
                "batter": 2,
                "extras": 0,
                "total": 2
              }
            },
            {
              "batter": "K Gilham",
              "bowler": "Ali Yalmaz",
              "non_striker": "Hilal Ahmad",
              "runs": {
                "batter": 0,
                "extras": 0,
                "total": 0
              }
            },
            {
              "batter": "K Gilham",
              "bowler": "Ali Yalmaz",
              "non_striker": "Hilal Ahmad",
              "runs": {
                "batter": 1,
                "extras": 0,
                "total": 1
              }
            }
          ]
        }
      ],
      "powerplays": [
        {
          "from": 0.1,
          "to": 5.8,
          "type": "mandatory"
        }
      ],
      "target": {
        "overs": 20,
        "runs": 166
      }
    }
  ]
}