{
  "meta": {
    "data_version": "1.0.0",
    "created": "2021-08-30",
    "revision": 1
  },
  "info": {
    "balls_per_over": 6,
    "city": "Kolsva",
    "dates": [
      "2021-08-29"
    ],
    "event": {
      "name": "Norway Women tour of Sweden"
    },
    "gender": "female",
    "match_type": "T20",
    "match_type_number": 939,
    "missing": [
      "umpires"
    ],
    "outcome": {
      "winner": "Sweden",
      "by": {
        "wickets": 2
      }
    },
    "overs": 20,
    "player_of_match": [
      "N Kayani"
    ],
    "players": {
      "Norway": [
        "Ayesha Hasan",
        "Farial Zia Safdar",
        "Pooja Kumari",
        "A Dastgir",
        "R Immadi",
        "Mutaiba Ansar",
        "DS Gamage",
        "S Jadhav",
        "Hina Hussain",
        "S Raveendrakumar",
        "AS Gorad"
      ],
      "Sweden": [
        "S Linden",
        "C Elmsjoo",
        "G Shukla",
        "M Alugunoolla",
        "RG Somashekhar",
        "S Lundell",
        "T Zilfidou",
        "Abhilasha Singh",
        "S Elmsjoo",
        "S Devata",
        "N Kayani"
      ]
    },
    "registry": {
      "people": {
        "A Dastgir": "4cc200ec",
        "AS Gorad": "2c8d0953",
        "Abhilasha Singh": "89b748cf",
        "Ayesha Hasan": "6a3de477",
        "C Elmsjoo": "c61c241b",
        "DS Gamage": "00be46fe",
        "Farial Zia Safdar": "36f7682b",
        "G Shukla": "6b4817d9",
        "Hina Hussain": "6501e421",
        "M Alugunoolla": "15f570b6",
        "Mutaiba Ansar": "857e2c79",
        "N Kayani": "ca3f2b64",
        "Pooja Kumari": "ff5051bd",
        "R Immadi": "baeae6dd",
        "RG Somashekhar": "881cb071",
        "S Devata": "d5172e9a",
        "S Elmsjoo": "ce5030d8",
        "S Jadhav": "d8c88b14",
        "S Linden": "35836baf",
        "S Lundell": "0d298cc9",
        "S Raveendrakumar": "80713a84",
        "T Zilfidou": "112fa94c"
      }
    },
    "season": "2021",
    "team_type": "international",
    "teams": [
      "Norway",
      "Sweden"
    ],
    "toss": {
      "decision": "field",
      "winner": "Sweden"
    },
    "venue": "Guttsta Wicked Cricket Club"
  },
  "innings": [
    {
      "team": "Norway",
      "overs": [
        {
          "over": 0,
          "deliveries": [
            {
              "batter": "Ayesha Hasan",
              "bowler": "N Kayani",
              "extras": {
                "wides": 1
              },
              "non_striker": "Farial Zia Safdar",
              "runs": {
                "batter": 0,
                "extras": 1,
                "total": 1
              }
            },
            {
              "batter": "Ayesha Hasan",
              "bowler": "N Kayani",
              "extras": {
                "wides": 1
              },
              "non_striker": "Farial Zia Safdar",
              "runs": {
                "batter": 0,
                "extras": 1,
                "total": 1
              }
            },
            {
              "batter": "Ayesha Hasan",
              "bowler": "N Kayani",
              "non_striker": "Farial Zia Safdar",
              "runs": {
                "batter": 1,
                "extras": 0,
                "total": 1
              }
            },
            {
              "batter": "Farial Zia Safdar",
              "bowler": "N Kayani",
              "non_striker": "Ayesha Hasan",
              "runs": {
                "batter": 0,
                "extras": 0,
                "total": 0
              }
            },
            {
              "batter": "Farial Zia Safdar",
              "bowler": "N Kayani",
              "non_striker": "Ayesha Hasan",
              "runs": {
                "batter": 0,
                "extras": 0,
                "total": 0
              },
              "wickets": [
                {
                  "player_out": "Farial Zia Safdar",
                  "fielders": [
                    {
                      "name": "Abhilasha Singh"
                    }
                  ],
                  "kind": "caught"
                }
              ]
            },
            {
              "batter": "Pooja Kumari",
              "bowler": "N Kayani",
              "non_striker": "Ayesha Hasan",
              "runs": {
                "batter": 0,
                "extras": 0,
                "total": 0
              }
            },
            {
              "batter": "Pooja Kumari",
              "bowler": "N Kayani",
              "extras": {
                "wides": 1
              },
              "non_striker": "Ayesha Hasan",
              "runs": {
                "batter": 0,
                "extras": 1,
                "total": 1
              }
            },
            {
              "batter": "Pooja Kumari",
              "bowler": "N Kayani",
              "non_striker": "Ayesha Hasan",
              "runs": {
                "batter": 0,
                "extras": 0,
                "total": 0
              },
              "wickets": [
                {
                  "player_out": "Pooja Kumari",
                  "fielders": [
                    {
                      "name": "S Lundell"
                    }
                  ],
                  "kind": "caught"
                }
              ]
            },
            {
              "batter": "A Dastgir",
              "bowler": "N Kayani",
              "non_striker": "Ayesha Hasan",
              "runs": {
                "batter": 0,
                "extras": 0,
                "total": 0
              }
            }
          ]
        },
        {
          "over": 1,
          "deliveries": [
            {
              "batter": "Ayesha Hasan",
              "bowler": "S Devata",
              "non_striker": "A Dastgir",
              "runs": {
                "batter": 0,
                "extras": 0,
                "total": 0
              }
            },
            {
              "batter": "Ayesha Hasan",
              "bowler": "S Devata",
              "extras": {
                "wides": 1
              },
              "non_striker": "A Dastgir",
              "runs": {
                "batter": 0,
                "extras": 1,
                "total": 1
              }
            },
            {
              "batter": "Ayesha Hasan",
              "bowler": "S Devata",
              "extras": {
                "wides": 1
              },
              "non_striker": "A Dastgir",
              "runs": {
                "batter": 0,
                "extras": 1,
                "total": 1
              }
            },
            {
              "batter": "Ayesha Hasan",
              "bowler": "S Devata",
              "non_striker": "A Dastgir",
              "runs": {
                "batter": 1,
                "extras": 0,
                "total": 1
              }
            },
            {
              "batter": "A Dastgir",
              "bowler": "S Devata",
              "non_striker": "Ayesha Hasan",
              "runs": {
                "batter": 0,
                "extras": 0,
                "total": 0
              },
              "wickets": [
                {
                  "player_out": "A Dastgir",
                  "kind": "bowled"
                }
              ]
            },
            {
              "batter": "R Immadi",
              "bowler": "S Devata",
              "extras": {
                "wides": 1
              },
              "non_striker": "Ayesha Hasan",
              "runs": {
                "batter": 0,
                "extras": 1,
                "total": 1
              }
            },
            {
              "batter": "R Immadi",
              "bowler": "S Devata",
              "non_striker": "Ayesha Hasan",
              "runs": {
                "batter": 1,
                "extras": 0,
                "total": 1
              }
            },
            {
              "batter": "Ayesha Hasan",
              "bowler": "S Devata",
              "extras": {
                "wides": 1
              },
              "non_striker": "R Immadi",
              "runs": {
                "batter": 0,
                "extras": 1,
                "total": 1
              }
            },
            {
              "batter": "Ayesha Hasan",
              "bowler": "S Devata",
              "non_striker": "R Immadi",
              "runs": {
                "batter": 0,
                "extras": 0,
                "total": 0
              }
            },
            {
              "batter": "Ayesha Hasan",
              "bowler": "S Devata",
              "extras": {
                "noballs": 1
              },
              "non_striker": "R Immadi",
              "runs": {
                "batter": 0,
                "extras": 1,
                "total": 1
              },
              "wickets": [
                {
                  "fielders": [
                    {
                      "name": "T Zilfidou"
                    }
                  ],
                  "player_out": "R Immadi",
                  "kind": "run out"
                }
              ]
            },
            {
              "batter": "Mutaiba Ansar",
              "bowler": "S Devata",
              "extras": {
                "noballs": 1
              },
              "non_striker": "Ayesha Hasan",
              "runs": {
                "batter": 0,
                "extras": 1,
                "total": 1
              }
            },
            {
              "batter": "Mutaiba Ansar",
              "bowler": "S Devata",
              "non_striker": "Ayesha Hasan",
              "runs": {
                "batter": 1,
                "extras": 0,
                "total": 1
              }
            }
          ]
        },
        {
          "over": 2,
          "deliveries": [
            {
              "batter": "Mutaiba Ansar",
              "bowler": "N Kayani",
              "non_striker": "Ayesha Hasan",
              "runs": {
                "batter": 0,
                "extras": 0,
                "total": 0
              }
            },
            {
              "batter": "Mutaiba Ansar",
              "bowler": "N Kayani",
              "non_striker": "Ayesha Hasan",
              "runs": {
                "batter": 0,
                "extras": 0,
                "total": 0
              }
            },
            {
              "batter": "Mutaiba Ansar",
              "bowler": "N Kayani",
              "non_striker": "Ayesha Hasan",
              "runs": {
                "batter": 0,
                "extras": 0,
                "total": 0
              }
            },
            {
              "batter": "Mutaiba Ansar",
              "bowler": "N Kayani",
              "extras": {
                "wides": 1
              },
              "non_striker": "Ayesha Hasan",
              "runs": {
                "batter": 0,
                "extras": 1,
                "total": 1
              }
            },
            {
              "batter": "Mutaiba Ansar",
              "bowler": "N Kayani",
              "non_striker": "Ayesha Hasan",
              "runs": {
                "batter": 0,
                "extras": 0,
                "total": 0
              },
              "wickets": [
                {
                  "player_out": "Mutaiba Ansar",
                  "fielders": [
                    {
                      "name": "RG Somashekhar"
                    }
                  ],
                  "kind": "caught"
                }
              ]
            },
            {
              "batter": "Ayesha Hasan",
              "bowler": "N Kayani",
              "non_striker": "DS Gamage",
              "runs": {
                "batter": 0,
                "extras": 0,
                "total": 0
              }
            },
            {
              "batter": "Ayesha Hasan",
              "bowler": "N Kayani",
              "non_striker": "DS Gamage",
              "runs": {
                "batter": 1,
                "extras": 0,
                "total": 1
              }
            }
          ]
        },
        {
          "over": 3,
          "deliveries": [
            {
              "batter": "Ayesha Hasan",
              "bowler": "S Elmsjoo",
              "non_striker": "DS Gamage",
              "runs": {
                "batter": 1,
                "extras": 0,
                "total": 1
              }
            },
            {
              "batter": "DS Gamage",
              "bowler": "S Elmsjoo",
              "extras": {
                "wides": 1
              },
              "non_striker": "Ayesha Hasan",
              "runs": {
                "batter": 0,
                "extras": 1,
                "total": 1
              }
            },
            {
              "batter": "DS Gamage",
              "bowler": "S Elmsjoo",
              "non_striker": "Ayesha Hasan",
              "runs": {
                "batter": 0,
                "extras": 0,
                "total": 0
              }
            },
            {
              "batter": "DS Gamage",
              "bowler": "S Elmsjoo",
              "non_striker": "Ayesha Hasan",
              "runs": {
                "batter": 0,
                "extras": 0,
                "total": 0
              }
            },
            {
              "batter": "DS Gamage",
              "bowler": "S Elmsjoo",
              "non_striker": "Ayesha Hasan",
              "runs": {
                "batter": 0,
                "extras": 0,
                "total": 0
              },
              "wickets": [
                {
                  "fielders": [
                    {
                      "name": "S Elmsjoo"
                    }
                  ],
                  "player_out": "DS Gamage",
                  "kind": "run out"
                }
              ]
            },
            {
              "batter": "Ayesha Hasan",
              "bowler": "S Elmsjoo",
              "non_striker": "S Jadhav",
              "runs": {
                "batter": 0,
                "extras": 0,
                "total": 0
              }
            },
            {
              "batter": "Ayesha Hasan",
              "bowler": "S Elmsjoo",
              "non_striker": "S Jadhav",
              "runs": {
                "batter": 0,
                "extras": 0,
                "total": 0
              }
            }
          ]
        },
        {
          "over": 4,
          "deliveries": [
            {
              "batter": "S Jadhav",
              "bowler": "G Shukla",
              "non_striker": "Ayesha Hasan",
              "runs": {
                "batter": 1,
                "extras": 0,
                "total": 1
              }
            },
            {
              "batter": "Ayesha Hasan",
              "bowler": "G Shukla",
              "non_striker": "S Jadhav",
              "runs": {
                "batter": 0,
                "extras": 0,
                "total": 0
              }
            },
            {
              "batter": "Ayesha Hasan",
              "bowler": "G Shukla",
              "non_striker": "S Jadhav",
              "runs": {
                "batter": 1,
                "extras": 0,
                "total": 1
              }
            },
            {
              "batter": "S Jadhav",
              "bowler": "G Shukla",
              "non_striker": "Ayesha Hasan",
              "runs": {
                "batter": 1,
                "extras": 0,
                "total": 1
              }
            },
            {
              "batter": "Ayesha Hasan",
              "bowler": "G Shukla",
              "non_striker": "S Jadhav",
              "runs": {
                "batter": 0,
                "extras": 0,
                "total": 0
              }
            },
            {
              "batter": "Ayesha Hasan",
              "bowler": "G Shukla",
              "non_striker": "S Jadhav",
              "runs": {
                "batter": 0,
                "extras": 0,
                "total": 0
              }
            }
          ]
        },
        {
          "over": 5,
          "deliveries": [
            {
              "batter": "S Jadhav",
              "bowler": "S Elmsjoo",
              "non_striker": "Ayesha Hasan",
              "runs": {
                "batter": 1,
                "extras": 0,
                "total": 1
              }
            },
            {
              "batter": "Ayesha Hasan",
              "bowler": "S Elmsjoo",
              "non_striker": "S Jadhav",
              "runs": {
                "batter": 0,
                "extras": 0,
                "total": 0
              },
              "wickets": [
                {
                  "fielders": [
                    {
                      "name": "Abhilasha Singh"
                    },
                    {
                      "name": "M Alugunoolla"
                    }
                  ],
                  "player_out": "S Jadhav",
                  "kind": "run out"
                }
              ]
            },
            {
              "batter": "Hina Hussain",
              "bowler": "S Elmsjoo",
              "non_striker": "Ayesha Hasan",
              "runs": {
                "batter": 0,
                "extras": 0,
                "total": 0
              }
            },
            {
              "batter": "Hina Hussain",
              "bowler": "S Elmsjoo",
              "non_striker": "Ayesha Hasan",
              "runs": {
                "batter": 0,
                "extras": 0,
                "total": 0
              }
            },
            {
              "batter": "Hina Hussain",
              "bowler": "S Elmsjoo",
              "non_striker": "Ayesha Hasan",
              "runs": {
                "batter": 0,
                "extras": 0,
                "total": 0
              },
              "wickets": [
                {
                  "fielders": [
                    {
                      "name": "M Alugunoolla"
                    }
                  ],
                  "player_out": "Hina Hussain",
                  "kind": "caught"
                }
              ]
            },
            {
              "batter": "S Raveendrakumar",
              "bowler": "S Elmsjoo",
              "extras": {
                "wides": 1
              },
              "non_striker": "Ayesha Hasan",
              "runs": {
                "batter": 0,
                "extras": 1,
                "total": 1
              }
            },
            {
              "batter": "S Raveendrakumar",
              "bowler": "S Elmsjoo",
              "extras": {
                "wides": 1
              },
              "non_striker": "Ayesha Hasan",
              "runs": {
                "batter": 0,
                "extras": 1,
                "total": 1
              }
            },
            {
              "batter": "S Raveendrakumar",
              "bowler": "S Elmsjoo",
              "extras": {
                "wides": 1
              },
              "non_striker": "Ayesha Hasan",
              "runs": {
                "batter": 0,
                "extras": 1,
                "total": 1
              }
            },
            {
              "batter": "S Raveendrakumar",
              "bowler": "S Elmsjoo",
              "non_striker": "Ayesha Hasan",
              "runs": {
                "batter": 0,
                "extras": 0,
                "total": 0
              }
            }
          ]
        },
        {
          "over": 6,
          "deliveries": [
            {
              "batter": "Ayesha Hasan",
              "bowler": "G Shukla",
              "non_striker": "S Raveendrakumar",
              "runs": {
                "batter": 0,
                "extras": 0,
                "total": 0
              }
            },
            {
              "batter": "Ayesha Hasan",
              "bowler": "G Shukla",
              "extras": {
                "wides": 1
              },
              "non_striker": "S Raveendrakumar",
              "runs": {
                "batter": 0,
                "extras": 1,
                "total": 1
              }
            },
            {
              "batter": "Ayesha Hasan",
              "bowler": "G Shukla",
              "non_striker": "S Raveendrakumar",
              "runs": {
                "batter": 0,
                "extras": 0,
                "total": 0
              }
            },
            {
              "batter": "Ayesha Hasan",
              "bowler": "G Shukla",
              "non_striker": "S Raveendrakumar",
              "runs": {
                "batter": 1,
                "extras": 0,
                "total": 1
              }
            },
            {
              "batter": "S Raveendrakumar",
              "bowler": "G Shukla",
              "non_striker": "Ayesha Hasan",
              "runs": {
                "batter": 0,
                "extras": 0,
                "total": 0
              }
            },
            {
              "batter": "S Raveendrakumar",
              "bowler": "G Shukla",
              "non_striker": "Ayesha Hasan",
              "runs": {
                "batter": 0,
                "extras": 0,
                "total": 0
              }
            },
            {
              "batter": "S Raveendrakumar",
              "bowler": "G Shukla",
              "non_striker": "Ayesha Hasan",
              "runs": {
                "batter": 0,
                "extras": 0,
                "total": 0
              }
            }
          ]
        },
        {
          "over": 7,
          "deliveries": [
            {
              "batter": "Ayesha Hasan",
              "bowler": "RG Somashekhar",
              "non_striker": "S Raveendrakumar",
              "runs": {
                "batter": 0,
                "extras": 0,
                "total": 0
              }
            },
            {
              "batter": "Ayesha Hasan",
              "bowler": "RG Somashekhar",
              "non_striker": "S Raveendrakumar",
              "runs": {
                "batter": 1,
                "extras": 0,
                "total": 1
              }
            },
            {
              "batter": "S Raveendrakumar",
              "bowler": "RG Somashekhar",
              "non_striker": "Ayesha Hasan",
              "runs": {
                "batter": 0,
                "extras": 0,
                "total": 0
              }
            },
            {
              "batter": "S Raveendrakumar",
              "bowler": "RG Somashekhar",
              "extras": {
                "wides": 1
              },
              "non_striker": "Ayesha Hasan",
              "runs": {
                "batter": 0,
                "extras": 1,
                "total": 1
              }
            },
            {
              "batter": "S Raveendrakumar",
              "bowler": "RG Somashekhar",
              "non_striker": "Ayesha Hasan",
              "runs": {
                "batter": 1,
                "extras": 0,
                "total": 1
              }
            },
            {
              "batter": "Ayesha Hasan",
              "bowler": "RG Somashekhar",
              "extras": {
                "wides": 2
              },
              "non_striker": "S Raveendrakumar",
              "runs": {
                "batter": 0,
                "extras": 2,
                "total": 2
              }
            },
            {
              "batter": "S Raveendrakumar",
              "bowler": "RG Somashekhar",
              "non_striker": "Ayesha Hasan",
              "runs": {
                "batter": 1,
                "extras": 0,
                "total": 1
              }
            },
            {
              "batter": "Ayesha Hasan",
              "bowler": "RG Somashekhar",
              "non_striker": "S Raveendrakumar",
              "runs": {
                "batter": 0,
                "extras": 0,
                "total": 0
              }
            }
          ]
        },
        {
          "over": 8,
          "deliveries": [
            {
              "batter": "S Raveendrakumar",
              "bowler": "G Shukla",
              "non_striker": "Ayesha Hasan",
              "runs": {
                "batter": 0,
                "extras": 0,
                "total": 0
              }
            },
            {
              "batter": "S Raveendrakumar",
              "bowler": "G Shukla",
              "non_striker": "Ayesha Hasan",
              "runs": {
                "batter": 0,
                "extras": 0,
                "total": 0
              }
            },
            {
              "batter": "S Raveendrakumar",
              "bowler": "G Shukla",
              "non_striker": "Ayesha Hasan",
              "runs": {
                "batter": 0,
                "extras": 0,
                "total": 0
              }
            },
            {
              "batter": "S Raveendrakumar",
              "bowler": "G Shukla",
              "extras": {
                "wides": 1
              },
              "non_striker": "Ayesha Hasan",
              "runs": {
                "batter": 0,
                "extras": 1,
                "total": 1
              }
            },
            {
              "batter": "S Raveendrakumar",
              "bowler": "G Shukla",
              "non_striker": "Ayesha Hasan",
              "runs": {
                "batter": 2,
                "extras": 0,
                "total": 2
              }
            },
            {
              "batter": "S Raveendrakumar",
              "bowler": "G Shukla",
              "non_striker": "Ayesha Hasan",
              "runs": {
                "batter": 0,
                "extras": 0,
                "total": 0
              }
            },
            {
              "batter": "S Raveendrakumar",
              "bowler": "G Shukla",
              "non_striker": "Ayesha Hasan",
              "runs": {
                "batter": 0,
                "extras": 0,
                "total": 0
              }
            }
          ]
        },
        {
          "over": 9,
          "deliveries": [
            {
              "batter": "Ayesha Hasan",
              "bowler": "RG Somashekhar",
              "non_striker": "S Raveendrakumar",
              "runs": {
                "batter": 0,
                "extras": 0,
                "total": 0
              }
            },
            {
              "batter": "Ayesha Hasan",
              "bowler": "RG Somashekhar",
              "non_striker": "S Raveendrakumar",
              "runs": {
                "batter": 0,
                "extras": 0,
                "total": 0
              }
            },
            {
              "batter": "Ayesha Hasan",
              "bowler": "RG Somashekhar",
              "non_striker": "S Raveendrakumar",
              "runs": {
                "batter": 1,
                "extras": 0,
                "total": 1
              }
            },
            {
              "batter": "S Raveendrakumar",
              "bowler": "RG Somashekhar",
              "non_striker": "Ayesha Hasan",
              "runs": {
                "batter": 0,
                "extras": 0,
                "total": 0
              },
              "wickets": [
                {
                  "player_out": "S Raveendrakumar",
                  "fielders": [
                    {
                      "name": "S Lundell"
                    }
                  ],
                  "kind": "caught"
                }
              ]
            },
            {
              "batter": "AS Gorad",
              "bowler": "RG Somashekhar",
              "extras": {
                "wides": 1
              },
              "non_striker": "Ayesha Hasan",
              "runs": {
                "batter": 0,
                "extras": 1,
                "total": 1
              }
            },
            {
              "batter": "AS Gorad",
              "bowler": "RG Somashekhar",
              "extras": {
                "wides": 1
              },
              "non_striker": "Ayesha Hasan",
              "runs": {
                "batter": 0,
                "extras": 1,
                "total": 1
              }
            },
            {
              "batter": "AS Gorad",
              "bowler": "RG Somashekhar",
              "extras": {
                "wides": 1
              },
              "non_striker": "Ayesha Hasan",
              "runs": {
                "batter": 0,
                "extras": 1,
                "total": 1
              }
            },
            {
              "batter": "AS Gorad",
              "bowler": "RG Somashekhar",
              "non_striker": "Ayesha Hasan",
              "runs": {
                "batter": 0,
                "extras": 0,
                "total": 0
              }
            },
            {
              "batter": "AS Gorad",
              "bowler": "RG Somashekhar",
              "non_striker": "Ayesha Hasan",
              "runs": {
                "batter": 1,
                "extras": 0,
                "total": 1
              }
            }
          ]
        },
        {
          "over": 10,
          "deliveries": [
            {
              "batter": "AS Gorad",
              "bowler": "N Kayani",
              "extras": {
                "wides": 1
              },
              "non_striker": "Ayesha Hasan",
              "runs": {
                "batter": 0,
                "extras": 1,
                "total": 1
              }
            },
            {
              "batter": "AS Gorad",
              "bowler": "N Kayani",
              "non_striker": "Ayesha Hasan",
              "runs": {
                "batter": 0,
                "extras": 0,
                "total": 0
              }
            },
            {
              "batter": "AS Gorad",
              "bowler": "N Kayani",
              "non_striker": "Ayesha Hasan",
              "runs": {
                "batter": 1,
                "extras": 0,
                "total": 1
              }
            },
            {
              "batter": "Ayesha Hasan",
              "bowler": "N Kayani",
              "extras": {
                "wides": 1
              },
              "non_striker": "AS Gorad",
              "runs": {
                "batter": 0,
                "extras": 1,
                "total": 1
              }
            },
            {
              "batter": "Ayesha Hasan",
              "bowler": "N Kayani",
              "non_striker": "AS Gorad",
              "runs": {
                "batter": 1,
                "extras": 0,
                "total": 1
              }
            },
            {
              "batter": "AS Gorad",
              "bowler": "N Kayani",
              "extras": {
                "wides": 1
              },
              "non_striker": "Ayesha Hasan",
              "runs": {
                "batter": 0,
                "extras": 1,
                "total": 1
              }
            },
            {
              "batter": "AS Gorad",
              "bowler": "N Kayani",
              "non_striker": "Ayesha Hasan",
              "runs": {
                "batter": 0,
                "extras": 0,
                "total": 0
              }
            },
            {
              "batter": "AS Gorad",
              "bowler": "N Kayani",
              "non_striker": "Ayesha Hasan",
              "runs": {
                "batter": 0,
                "extras": 0,
                "total": 0
              }
            },
            {
              "batter": "AS Gorad",
              "bowler": "N Kayani",
              "non_striker": "Ayesha Hasan",
              "runs": {
                "batter": 1,
                "extras": 0,
                "total": 1
              }
            }
          ]
        },
        {
          "over": 11,
          "deliveries": [
            {
              "batter": "AS Gorad",
              "bowler": "G Shukla",
              "non_striker": "Ayesha Hasan",
              "runs": {
                "batter": 1,
                "extras": 0,
                "total": 1
              }
            },
            {
              "batter": "Ayesha Hasan",
              "bowler": "G Shukla",
              "non_striker": "AS Gorad",
              "runs": {
                "batter": 0,
                "extras": 0,
                "total": 0
              }
            },
            {
              "batter": "Ayesha Hasan",
              "bowler": "G Shukla",
              "non_striker": "AS Gorad",
              "runs": {
                "batter": 1,
                "extras": 0,
                "total": 1
              }
            },
            {
              "batter": "AS Gorad",
              "bowler": "G Shukla",
              "non_striker": "Ayesha Hasan",
              "runs": {
                "batter": 0,
                "extras": 0,
                "total": 0
              }
            },
            {
              "batter": "AS Gorad",
              "bowler": "G Shukla",
              "non_striker": "Ayesha Hasan",
              "runs": {
                "batter": 0,
                "extras": 0,
                "total": 0
              }
            },
            {
              "batter": "AS Gorad",
              "bowler": "G Shukla",
              "extras": {
                "wides": 1
              },
              "non_striker": "Ayesha Hasan",
              "runs": {
                "batter": 0,
                "extras": 1,
                "total": 1
              }
            },
            {
              "batter": "AS Gorad",
              "bowler": "G Shukla",
              "non_striker": "Ayesha Hasan",
              "runs": {
                "batter": 0,
                "extras": 0,
                "total": 0
              }
            }
          ]
        },
        {
          "over": 12,
          "deliveries": [
            {
              "batter": "Ayesha Hasan",
              "bowler": "N Kayani",
              "extras": {
                "wides": 1
              },
              "non_striker": "AS Gorad",
              "runs": {
                "batter": 0,
                "extras": 1,
                "total": 1
              }
            },
            {
              "batter": "Ayesha Hasan",
              "bowler": "N Kayani",
              "extras": {
                "noballs": 1
              },
              "non_striker": "AS Gorad",
              "runs": {
                "batter": 1,
                "extras": 1,
                "total": 2
              },
              "wickets": [
                {
                  "player_out": "AS Gorad",
                  "kind": "run out"
                }
              ]
            }
          ]
        }
      ],
      "powerplays": [
        {
          "from": 0.1,
          "to": 5.2,
          "type": "mandatory"
        }
      ]
    },
    {
      "team": "Sweden",
      "overs": [
        {
          "over": 0,
          "deliveries": [
            {
              "batter": "S Linden",
              "bowler": "Farial Zia Safdar",
              "extras": {
                "wides": 1
              },
              "non_striker": "C Elmsjoo",
              "runs": {
                "batter": 0,
                "extras": 1,
                "total": 1
              }
            },
            {
              "batter": "S Linden",
              "bowler": "Farial Zia Safdar",
              "non_striker": "C Elmsjoo",
              "runs": {
                "batter": 0,
                "extras": 0,
                "total": 0
              }
            },
            {
              "batter": "S Linden",
              "bowler": "Farial Zia Safdar",
              "non_striker": "C Elmsjoo",
              "runs": {
                "batter": 1,
                "extras": 0,
                "total": 1
              }
            },
            {
              "batter": "C Elmsjoo",
              "bowler": "Farial Zia Safdar",
              "non_striker": "S Linden",
              "runs": {
                "batter": 0,
                "extras": 0,
                "total": 0
              }
            },
            {
              "batter": "C Elmsjoo",
              "bowler": "Farial Zia Safdar",
              "non_striker": "S Linden",
              "runs": {
                "batter": 0,
                "extras": 0,
                "total": 0
              },
              "wickets": [
                {
                  "player_out": "C Elmsjoo",
                  "fielders": [
                    {
                      "name": "R Immadi"
                    }
                  ],
                  "kind": "caught"
                }
              ]
            },
            {
              "batter": "G Shukla",
              "bowler": "Farial Zia Safdar",
              "non_striker": "S Linden",
              "runs": {
                "batter": 0,
                "extras": 0,
                "total": 0
              }
            },
            {
              "batter": "G Shukla",
              "bowler": "Farial Zia Safdar",
              "non_striker": "S Linden",
              "runs": {
                "batter": 0,
                "extras": 0,
                "total": 0
              }
            }
          ]
        },
        {
          "over": 1,
          "deliveries": [
            {
              "batter": "S Linden",
              "bowler": "S Raveendrakumar",
              "non_striker": "G Shukla",
              "runs": {
                "batter": 1,
                "extras": 0,
                "total": 1
              }
            },
            {
              "batter": "G Shukla",
              "bowler": "S Raveendrakumar",
              "extras": {
                "noballs": 1
              },
              "non_striker": "S Linden",
              "runs": {
                "batter": 0,
                "extras": 1,
                "total": 1
              }
            },
            {
              "batter": "G Shukla",
              "bowler": "S Raveendrakumar",
              "non_striker": "S Linden",
              "runs": {
                "batter": 2,
                "extras": 0,
                "total": 2
              }
            },
            {
              "batter": "G Shukla",
              "bowler": "S Raveendrakumar",
              "non_striker": "S Linden",
              "runs": {
                "batter": 0,
                "extras": 0,
                "total": 0
              }
            },
            {
              "batter": "G Shukla",
              "bowler": "S Raveendrakumar",
              "non_striker": "S Linden",
              "runs": {
                "batter": 2,
                "extras": 0,
                "total": 2
              }
            },
            {
              "batter": "G Shukla",
              "bowler": "S Raveendrakumar",
              "non_striker": "S Linden",
              "runs": {
                "batter": 0,
                "extras": 0,
                "total": 0
              }
            },
            {
              "batter": "G Shukla",
              "bowler": "S Raveendrakumar",
              "non_striker": "S Linden",
              "runs": {
                "batter": 0,
                "extras": 0,
                "total": 0
              }
            }
          ]
        },
        {
          "over": 2,
          "deliveries": [
            {
              "batter": "S Linden",
              "bowler": "Farial Zia Safdar",
              "extras": {
                "wides": 1
              },
              "non_striker": "G Shukla",
              "runs": {
                "batter": 0,
                "extras": 1,
                "total": 1
              }
            },
            {
              "batter": "S Linden",
              "bowler": "Farial Zia Safdar",
              "extras": {
                "wides": 1
              },
              "non_striker": "G Shukla",
              "runs": {
                "batter": 0,
                "extras": 1,
                "total": 1
              }
            },
            {
              "batter": "S Linden",
              "bowler": "Farial Zia Safdar",
              "non_striker": "G Shukla",
              "runs": {
                "batter": 2,
                "extras": 0,
                "total": 2
              }
            },
            {
              "batter": "S Linden",
              "bowler": "Farial Zia Safdar",
              "non_striker": "G Shukla",
              "runs": {
                "batter": 0,
                "extras": 0,
                "total": 0
              }
            },
            {
              "batter": "S Linden",
              "bowler": "Farial Zia Safdar",
              "extras": {
                "wides": 1
              },
              "non_striker": "G Shukla",
              "runs": {
                "batter": 0,
                "extras": 1,
                "total": 1
              }
            },
            {
              "batter": "S Linden",
              "bowler": "Farial Zia Safdar",
              "non_striker": "G Shukla",
              "runs": {
                "batter": 0,
                "extras": 0,
                "total": 0
              },
              "wickets": [
                {
                  "player_out": "S Linden",
                  "fielders": [
                    {
                      "name": "AS Gorad"
                    }
                  ],
                  "kind": "caught"
                }
              ]
            },
            {
              "batter": "M Alugunoolla",
              "bowler": "Farial Zia Safdar",
              "non_striker": "G Shukla",
              "runs": {
                "batter": 0,
                "extras": 0,
                "total": 0
              }
            },
            {
              "batter": "M Alugunoolla",
              "bowler": "Farial Zia Safdar",
              "non_striker": "G Shukla",
              "runs": {
                "batter": 0,
                "extras": 0,
                "total": 0
              }
            },
            {
              "batter": "M Alugunoolla",
              "bowler": "Farial Zia Safdar",
              "non_striker": "G Shukla",
              "runs": {
                "batter": 0,
                "extras": 0,
                "total": 0
              }
            }
          ]
        },
        {
          "over": 3,
          "deliveries": [
            {
              "batter": "G Shukla",
              "bowler": "S Raveendrakumar",
              "non_striker": "M Alugunoolla",
              "runs": {
                "batter": 2,
                "extras": 0,
                "total": 2
              }
            },
            {
              "batter": "G Shukla",
              "bowler": "S Raveendrakumar",
              "non_striker": "M Alugunoolla",
              "runs": {
                "batter": 1,
                "extras": 0,
                "total": 1
              }
            },
            {
              "batter": "M Alugunoolla",
              "bowler": "S Raveendrakumar",
              "non_striker": "G Shukla",
              "runs": {
                "batter": 0,
                "extras": 0,
                "total": 0
              }
            },
            {
              "batter": "M Alugunoolla",
              "bowler": "S Raveendrakumar",
              "non_striker": "G Shukla",
              "runs": {
                "batter": 1,
                "extras": 0,
                "total": 1
              }
            },
            {
              "batter": "G Shukla",
              "bowler": "S Raveendrakumar",
              "extras": {
                "noballs": 1
              },
              "non_striker": "M Alugunoolla",
              "runs": {
                "batter": 0,
                "extras": 1,
                "total": 1
              }
            },
            {
              "batter": "G Shukla",
              "bowler": "S Raveendrakumar",
              "non_striker": "M Alugunoolla",
              "runs": {
                "batter": 4,
                "extras": 0,
                "total": 4
              }
            },
            {
              "batter": "G Shukla",
              "bowler": "S Raveendrakumar",
              "extras": {
                "wides": 1
              },
              "non_striker": "M Alugunoolla",
              "runs": {
                "batter": 0,
                "extras": 1,
                "total": 1
              }
            },
            {
              "batter": "G Shukla",
              "bowler": "S Raveendrakumar",
              "non_striker": "M Alugunoolla",
              "runs": {
                "batter": 2,
                "extras": 0,
                "total": 2
              }
            }
          ]
        },
        {
          "over": 4,
          "deliveries": [
            {
              "batter": "M Alugunoolla",
              "bowler": "Pooja Kumari",
              "non_striker": "G Shukla",
              "runs": {
                "batter": 0,
                "extras": 0,
                "total": 0
              }
            },
            {
              "batter": "M Alugunoolla",
              "bowler": "Pooja Kumari",
              "non_striker": "G Shukla",
              "runs": {
                "batter": 0,
                "extras": 0,
                "total": 0
              }
            },
            {
              "batter": "M Alugunoolla",
              "bowler": "Pooja Kumari",
              "non_striker": "G Shukla",
              "runs": {
                "batter": 0,
                "extras": 0,
                "total": 0
              }
            },
            {
              "batter": "M Alugunoolla",
              "bowler": "Pooja Kumari",
              "non_striker": "G Shukla",
              "runs": {
                "batter": 0,
                "extras": 0,
                "total": 0
              }
            },
            {
              "batter": "M Alugunoolla",
              "bowler": "Pooja Kumari",
              "non_striker": "G Shukla",
              "runs": {
                "batter": 1,
                "extras": 0,
                "total": 1
              }
            },
            {
              "batter": "G Shukla",
              "bowler": "Pooja Kumari",
              "non_striker": "M Alugunoolla",
              "runs": {
                "batter": 0,
                "extras": 0,
                "total": 0
              }
            }
          ]
        },
        {
          "over": 5,
          "deliveries": [
            {
              "batter": "M Alugunoolla",
              "bowler": "DS Gamage",
              "non_striker": "G Shukla",
              "runs": {
                "batter": 0,
                "extras": 0,
                "total": 0
              }
            },
            {
              "batter": "M Alugunoolla",
              "bowler": "DS Gamage",
              "extras": {
                "legbyes": 1
              },
              "non_striker": "G Shukla",
              "runs": {
                "batter": 0,
                "extras": 1,
                "total": 1
              }
            },
            {
              "batter": "G Shukla",
              "bowler": "DS Gamage",
              "non_striker": "M Alugunoolla",
              "runs": {
                "batter": 2,
                "extras": 0,
                "total": 2
              }
            },
            {
              "batter": "G Shukla",
              "bowler": "DS Gamage",
              "non_striker": "M Alugunoolla",
              "runs": {
                "batter": 0,
                "extras": 0,
                "total": 0
              },
              "wickets": [
                {
                  "player_out": "G Shukla",
                  "fielders": [
                    {
                      "name": "S Raveendrakumar"
                    }
                  ],
                  "kind": "caught"
                }
              ]
            },
            {
              "batter": "M Alugunoolla",
              "bowler": "DS Gamage",
              "non_striker": "RG Somashekhar",
              "runs": {
                "batter": 0,
                "extras": 0,
                "total": 0
              }
            },
            {
              "batter": "M Alugunoolla",
              "bowler": "DS Gamage",
              "non_striker": "RG Somashekhar",
              "runs": {
                "batter": 0,
                "extras": 0,
                "total": 0
              }
            }
          ]
        },
        {
          "over": 6,
          "deliveries": [
            {
              "batter": "RG Somashekhar",
              "bowler": "Pooja Kumari",
              "non_striker": "M Alugunoolla",
              "runs": {
                "batter": 0,
                "extras": 0,
                "total": 0
              }
            },
            {
              "batter": "RG Somashekhar",
              "bowler": "Pooja Kumari",
              "non_striker": "M Alugunoolla",
              "runs": {
                "batter": 2,
                "extras": 0,
                "total": 2
              }
            },
            {
              "batter": "RG Somashekhar",
              "bowler": "Pooja Kumari",
              "non_striker": "M Alugunoolla",
              "runs": {
                "batter": 0,
                "extras": 0,
                "total": 0
              },
              "wickets": [
                {
                  "player_out": "RG Somashekhar",
                  "fielders": [
                    {
                      "name": "Ayesha Hasan"
                    }
                  ],
                  "kind": "caught"
                }
              ]
            },
            {
              "batter": "S Lundell",
              "bowler": "Pooja Kumari",
              "non_striker": "M Alugunoolla",
              "runs": {
                "batter": 1,
                "extras": 0,
                "total": 1
              }
            },
            {
              "batter": "M Alugunoolla",
              "bowler": "Pooja Kumari",
              "non_striker": "S Lundell",
              "runs": {
                "batter": 0,
                "extras": 0,
                "total": 0
              }
            },
            {
              "batter": "M Alugunoolla",
              "bowler": "Pooja Kumari",
              "non_striker": "S Lundell",
              "runs": {
                "batter": 0,
                "extras": 0,
                "total": 0
              }
            }
          ]
        },
        {
          "over": 7,
          "deliveries": [
            {
              "batter": "S Lundell",
              "bowler": "DS Gamage",
              "extras": {
                "wides": 1
              },
              "non_striker": "M Alugunoolla",
              "runs": {
                "batter": 0,
                "extras": 1,
                "total": 1
              }
            },
            {
              "batter": "S Lundell",
              "bowler": "DS Gamage",
              "extras": {
                "wides": 1
              },
              "non_striker": "M Alugunoolla",
              "runs": {
                "batter": 0,
                "extras": 1,
                "total": 1
              }
            },
            {
              "batter": "S Lundell",
              "bowler": "DS Gamage",
              "non_striker": "M Alugunoolla",
              "runs": {
                "batter": 0,
                "extras": 0,
                "total": 0
              }
            },
            {
              "batter": "S Lundell",
              "bowler": "DS Gamage",
              "non_striker": "M Alugunoolla",
              "runs": {
                "batter": 2,
                "extras": 0,
                "total": 2
              }
            },
            {
              "batter": "S Lundell",
              "bowler": "DS Gamage",
              "non_striker": "M Alugunoolla",
              "runs": {
                "batter": 0,
                "extras": 0,
                "total": 0
              }
            },
            {
              "batter": "S Lundell",
              "bowler": "DS Gamage",
              "non_striker": "M Alugunoolla",
              "runs": {
                "batter": 0,
                "extras": 0,
                "total": 0
              },
              "wickets": [
                {
                  "player_out": "S Lundell",
                  "kind": "run out"
                }
              ]
            },
            {
              "batter": "M Alugunoolla",
              "bowler": "DS Gamage",
              "non_striker": "T Zilfidou",
              "runs": {
                "batter": 0,
                "extras": 0,
                "total": 0
              }
            },
            {
              "batter": "M Alugunoolla",
              "bowler": "DS Gamage",
              "non_striker": "T Zilfidou",
              "runs": {
                "batter": 0,
                "extras": 0,
                "total": 0
              }
            }
          ]
        },
        {
          "over": 8,
          "deliveries": [
            {
              "batter": "T Zilfidou",
              "bowler": "Pooja Kumari",
              "non_striker": "M Alugunoolla",
              "runs": {
                "batter": 0,
                "extras": 0,
                "total": 0
              },
              "wickets": [
                {
                  "player_out": "T Zilfidou",
                  "fielders": [
                    {
                      "name": "Mutaiba Ansar"
                    }
                  ],
                  "kind": "caught"
                }
              ]
            },
            {
              "batter": "Abhilasha Singh",
              "bowler": "Pooja Kumari",
              "non_striker": "M Alugunoolla",
              "runs": {
                "batter": 0,
                "extras": 0,
                "total": 0
              }
            },
            {
              "batter": "Abhilasha Singh",
              "bowler": "Pooja Kumari",
              "extras": {
                "wides": 1
              },
              "non_striker": "M Alugunoolla",
              "runs": {
                "batter": 0,
                "extras": 1,
                "total": 1
              }
            },
            {
              "batter": "Abhilasha Singh",
              "bowler": "Pooja Kumari",
              "non_striker": "M Alugunoolla",
              "runs": {
                "batter": 0,
                "extras": 0,
                "total": 0
              }
            },
            {
              "batter": "Abhilasha Singh",
              "bowler": "Pooja Kumari",
              "non_striker": "M Alugunoolla",
              "runs": {
                "batter": 0,
                "extras": 0,
                "total": 0
              }
            },
            {
              "batter": "Abhilasha Singh",
              "bowler": "Pooja Kumari",
              "extras": {
                "wides": 1
              },
              "non_striker": "M Alugunoolla",
              "runs": {
                "batter": 0,
                "extras": 1,
                "total": 1
              }
            },
            {
              "batter": "Abhilasha Singh",
              "bowler": "Pooja Kumari",
              "non_striker": "M Alugunoolla",
              "runs": {
                "batter": 0,
                "extras": 0,
                "total": 0
              }
            },
            {
              "batter": "Abhilasha Singh",
              "bowler": "Pooja Kumari",
              "non_striker": "M Alugunoolla",
              "runs": {
                "batter": 0,
                "extras": 0,
                "total": 0
              }
            }
          ]
        },
        {
          "over": 9,
          "deliveries": [
            {
              "batter": "M Alugunoolla",
              "bowler": "DS Gamage",
              "non_striker": "Abhilasha Singh",
              "runs": {
                "batter": 1,
                "extras": 0,
                "total": 1
              }
            },
            {
              "batter": "Abhilasha Singh",
              "bowler": "DS Gamage",
              "extras": {
                "wides": 1
              },
              "non_striker": "M Alugunoolla",
              "runs": {
                "batter": 0,
                "extras": 1,
                "total": 1
              }
            },
            {
              "batter": "Abhilasha Singh",
              "bowler": "DS Gamage",
              "non_striker": "M Alugunoolla",
              "runs": {
                "batter": 0,
                "extras": 0,
                "total": 0
              }
            },
            {
              "batter": "Abhilasha Singh",
              "bowler": "DS Gamage",
              "non_striker": "M Alugunoolla",
              "runs": {
                "batter": 1,
                "extras": 0,
                "total": 1
              }
            },
            {
              "batter": "M Alugunoolla",
              "bowler": "DS Gamage",
              "non_striker": "Abhilasha Singh",
              "runs": {
                "batter": 4,
                "extras": 0,
                "total": 4
              }
            },
            {
              "batter": "M Alugunoolla",
              "bowler": "DS Gamage",
              "non_striker": "Abhilasha Singh",
              "runs": {
                "batter": 2,
                "extras": 0,
                "total": 2
              }
            },
            {
              "batter": "M Alugunoolla",
              "bowler": "DS Gamage",
              "non_striker": "Abhilasha Singh",
              "runs": {
                "batter": 0,
                "extras": 0,
                "total": 0
              }
            }
          ]
        },
        {
          "over": 10,
          "deliveries": [
            {
              "batter": "Abhilasha Singh",
              "bowler": "Farial Zia Safdar",
              "non_striker": "M Alugunoolla",
              "runs": {
                "batter": 0,
                "extras": 0,
                "total": 0
              }
            },
            {
              "batter": "Abhilasha Singh",
              "bowler": "Farial Zia Safdar",
              "non_striker": "M Alugunoolla",
              "runs": {
                "batter": 0,
                "extras": 0,
                "total": 0
              }
            },
            {
              "batter": "Abhilasha Singh",
              "bowler": "Farial Zia Safdar",
              "non_striker": "M Alugunoolla",
              "runs": {
                "batter": 0,
                "extras": 0,
                "total": 0
              },
              "wickets": [
                {
                  "player_out": "Abhilasha Singh",
                  "kind": "bowled"
                }
              ]
            },
            {
              "batter": "S Elmsjoo",
              "bowler": "Farial Zia Safdar",
              "non_striker": "M Alugunoolla",
              "runs": {
                "batter": 0,
                "extras": 0,
                "total": 0
              }
            },
            {
              "batter": "S Elmsjoo",
              "bowler": "Farial Zia Safdar",
              "non_striker": "M Alugunoolla",
              "runs": {
                "batter": 1,
                "extras": 0,
                "total": 1
              }
            },
            {
              "batter": "M Alugunoolla",
              "bowler": "Farial Zia Safdar",
              "non_striker": "S Elmsjoo",
              "runs": {
                "batter": 0,
                "extras": 0,
                "total": 0
              }
            }
          ]
        },
        {
          "over": 11,
          "deliveries": [
            {
              "batter": "S Elmsjoo",
              "bowler": "Pooja Kumari",
              "non_striker": "M Alugunoolla",
              "runs": {
                "batter": 1,
                "extras": 0,
                "total": 1
              }
            },
            {
              "batter": "M Alugunoolla",
              "bowler": "Pooja Kumari",
              "non_striker": "S Elmsjoo",
              "runs": {
                "batter": 0,
                "extras": 0,
                "total": 0
              }
            },
            {
              "batter": "M Alugunoolla",
              "bowler": "Pooja Kumari",
              "non_striker": "S Elmsjoo",
              "runs": {
                "batter": 0,
                "extras": 0,
                "total": 0
              },
              "wickets": [
                {
                  "player_out": "M Alugunoolla",
                  "kind": "lbw"
                }
              ]
            },
            {
              "batter": "S Devata",
              "bowler": "Pooja Kumari",
              "non_striker": "S Elmsjoo",
              "runs": {
                "batter": 2,
                "extras": 0,
                "total": 2
              }
            },
            {
              "batter": "S Devata",
              "bowler": "Pooja Kumari",
              "non_striker": "S Elmsjoo",
              "runs": {
                "batter": 1,
                "extras": 0,
                "total": 1
              }
            },
            {
              "batter": "S Elmsjoo",
              "bowler": "Pooja Kumari",
              "non_striker": "S Devata",
              "runs": {
                "batter": 0,
                "extras": 0,
                "total": 0
              }
            }
          ]
        },
        {
          "over": 12,
          "deliveries": [
            {
              "batter": "S Devata",
              "bowler": "Farial Zia Safdar",
              "non_striker": "S Elmsjoo",
              "runs": {
                "batter": 1,
                "extras": 0,
                "total": 1
              }
            }
          ]
        }
      ],
      "powerplays": [
        {
          "from": 0.1,
          "to": 5.6,
          "type": "mandatory"
        }
      ],
      "target": {
        "overs": 20,
        "runs": 53
      }
    }
  ]
}