match,bowlingTeam,bowlerName,overs,maiden,runs,wickets,economy,0s,4s,6s,wides,noBalls,match_id
Bangladesh Vs New Zealand,New Zealand,Ben Wheeler,4,0,22,2,5.50,14,2,0,4,0,T20I # 574
Bangladesh Vs New Zealand,New Zealand,Matt Henry,4,0,44,1,11.00,8,3,3,3,0,T20I # 574
Bangladesh Vs New Zealand,New Zealand,Lockie Ferguson,4,0,32,3,8.00,11,1,1,4,0,T20I # 574
Bangladesh Vs New Zealand,New Zealand,Colin de Grandhomme,4,0,23,1,5.75,9,0,1,2,0,T20I # 574
Bangladesh Vs New Zealand,New Zealand,Mitchell Santner,4,0,20,1,5.00,11,0,1,1,0,T20I # 574
Bangladesh Vs New Zealand,Bangladesh,Shakib Al Hasan,4,0,30,1,7.50,7,2,1,0,0,T20I # 574
Bangladesh Vs New Zealand,Bangladesh,Mashrafe Mortaza,3,0,22,0,7.33,5,1,1,0,0,T20I # 574
Bangladesh Vs New Zealand,Bangladesh,Rubel Hossain,4,0,43,1,10.75,6,4,2,0,1,T20I # 574
Bangladesh Vs New Zealand,Bangladesh,Mustafizur Rahman,4,0,21,1,5.25,9,1,0,1,0,T20I # 574
Bangladesh Vs New Zealand,Bangladesh,Mosaddek Hossain,2,0,9,0,4.50,5,0,0,0,0,T20I # 574
Bangladesh Vs New Zealand,Bangladesh,Soumya Sarkar,1,0,17,0,17.00,0,2,1,0,0,T20I # 574
New Zealand Vs Bangladesh,Bangladesh,Mashrafe Mortaza,4,0,38,1,9.50,7,4,1,0,0,T20I # 575
New Zealand Vs Bangladesh,Bangladesh,Rubel Hossain,4,0,37,3,9.25,7,3,1,0,0,T20I # 575
New Zealand Vs Bangladesh,Bangladesh,Mustafizur Rahman,4,0,30,0,7.50,6,3,0,1,1,T20I # 575
New Zealand Vs Bangladesh,Bangladesh,Shakib Al Hasan,4,0,32,1,8.00,9,2,1,2,0,T20I # 575
New Zealand Vs Bangladesh,Bangladesh,Mosaddek Hossain,2,0,22,1,11.00,3,1,2,0,0,T20I # 575
New Zealand Vs Bangladesh,Bangladesh,Mahmudullah,2,0,32,0,16.00,2,2,3,0,0,T20I # 575
New Zealand Vs Bangladesh,New Zealand,Mitchell Santner,3,0,14,1,4.66,7,0,0,1,0,T20I # 575
New Zealand Vs Bangladesh,New Zealand,Trent Boult,3,0,28,1,9.33,8,5,0,1,0,T20I # 575
New Zealand Vs Bangladesh,New Zealand,Ben Wheeler,2.1,0,16,2,7.38,7,1,0,2,0,T20I # 575
New Zealand Vs Bangladesh,New Zealand,Colin de Grandhomme,2,0,33,0,16.50,2,1,3,1,0,T20I # 575
New Zealand Vs Bangladesh,New Zealand,Ish Sodhi,4,0,36,3,9.00,8,0,3,3,0,T20I # 575
New Zealand Vs Bangladesh,New Zealand,Kane Williamson,4,0,16,2,4.00,12,1,0,0,0,T20I # 575
New Zealand Vs Bangladesh,Bangladesh,Mashrafe Mortaza,3.2,0,42,0,12.60,4,3,3,0,0,T20I # 576
New Zealand Vs Bangladesh,Bangladesh,Taskin Ahmed,4,0,37,0,9.25,11,2,3,2,0,T20I # 576
New Zealand Vs Bangladesh,Bangladesh,Rubel Hossain,4,0,31,3,7.75,10,3,1,0,0,T20I # 576
New Zealand Vs Bangladesh,Bangladesh,Shakib Al Hasan,4,0,22,0,5.50,10,2,0,0,0,T20I # 576
New Zealand Vs Bangladesh,Bangladesh,Mosaddek Hossain,3.4,0,27,1,7.36,7,2,1,0,0,T20I # 576
New Zealand Vs Bangladesh,Bangladesh,Soumya Sarkar,1,0,21,0,21.00,1,0,3,0,0,T20I # 576
New Zealand Vs Bangladesh,New Zealand,Mitchell Santner,4,0,37,1,9.25,6,5,0,2,0,T20I # 576
New Zealand Vs Bangladesh,New Zealand,Ben Wheeler,4,0,29,0,7.25,9,4,0,0,0,T20I # 576
New Zealand Vs Bangladesh,New Zealand,Trent Boult,4,0,48,2,12.00,5,8,1,0,0,T20I # 576
New Zealand Vs Bangladesh,New Zealand,James Neesham,1,0,17,0,17.00,0,3,0,0,0,T20I # 576
New Zealand Vs Bangladesh,New Zealand,Ish Sodhi,4,0,22,2,5.50,9,1,0,1,0,T20I # 576
New Zealand Vs Bangladesh,New Zealand,Colin de Grandhomme,1,0,4,0,4.00,2,0,0,0,0,T20I # 576
New Zealand Vs Bangladesh,New Zealand,Kane Williamson,2,0,9,1,4.50,3,0,0,0,0,T20I # 576
Scotland Vs Hong Kong,Hong Kong,Nadeem Ahmed,0,2.4,0,0,23,8.62,0,0,4,0,T20I # 577
Scotland Vs Hong Kong,Hong Kong,Ehsan Nawaz,43,10.75,1,1,0,4,0,26,6.50,1,T20I # 577
Scotland Vs Hong Kong,Hong Kong,Tanveer Ahmed,0,1,0,0,13,13.00,0,0,3.2,0,T20I # 577
Scotland Vs Hong Kong,Hong Kong,Ehsan Khan,26,7.80,2,2,0,1,0,10,10.00,0,T20I # 577
Scotland Vs Hong Kong,Hong Kong,Anshy Rath,0,22,22,0,2,1,100.00,0,0,0,T20I # 577
Scotland Vs Hong Kong,Hong Kong,Aizaz Khan,0,-,10,0,10,2,0,100.00,29,25,T20I # 577
Scotland Vs Hong Kong,Hong Kong,Waqas Barkat,2,0,116.00,0,3,9,0,0,33.33,40,T20I # 577
Ireland Vs Afghanistan,Afghanistan,Fareed Ahmad,28,7.00,0,0,0,4,0,21,5.25,0,T20I # 578
Ireland Vs Afghanistan,Afghanistan,Dawlat Zadran,0,4,0,0,27,6.75,0,0,4,0,T20I # 578
Ireland Vs Afghanistan,Afghanistan,Amir Hamza,22,5.50,1,2,0,29,27,5,0,107.40,T20I # 578
Ireland Vs Afghanistan,Afghanistan,Mohammad Nabi,31,27,2,2,1,114.81,6,8,0,0,T20I # 578
Ireland Vs Afghanistan,Afghanistan,Rashid Khan,75.00,13,15,2,2,0,86.66,26,17,1,T20I # 578
Oman Vs Netherlands,Netherlands,Max O'Dowd,28,9.33,1,0,0,4,0,21,5.25,1,T20I # 579
Oman Vs Netherlands,Netherlands,Timm van der Gugten,1,3,0,1,34,11.33,2,0,4,0,T20I # 579
Oman Vs Netherlands,Netherlands,Paul van Meekeren,15,3.75,0,1,0,4,0,25,6.25,0,T20I # 579
Oman Vs Netherlands,Netherlands,Ahsan Malik,0,4,3,1,1,0,133.33,40,38,3,T20I # 579
Oman Vs Netherlands,Netherlands,Michael Rippon,0,105.26,0,1,1,0,0,0.00,48,50,T20I # 579
Oman Vs Netherlands,Netherlands,Roelof van der Merwe,5,1,96.00,1,35,15,6,0,233.33,5,T20I # 579
Hong Kong Vs Oman,Oman,Bilal Khan,0,3,0,3,19,6.33,0,0,4,0,T20I # 580
Hong Kong Vs Oman,Oman,Kaleemullah,14,3.50,0,2,0,3.3,0,12,3.42,0,T20I # 580
Hong Kong Vs Oman,Oman,Mohammad Nadeem,0,15,18,1,3,0,83.33,0,2,0,T20I # 580
Hong Kong Vs Oman,Oman,Zeeshan Maqsood,0,0.00,56,1,30,10,1,186.66,13,9,T20I # 580
Hong Kong Vs Oman,Oman,Khawar Ali,2,0,144.44,2,5,7,1,0,71.42,4,T20I # 580
United Arab Emirates Vs Afghanistan,Afghanistan,Dawlat Zadran,7.75,4,0,4,3,0,25,8.33,0,0,T20I # 581
United Arab Emirates Vs Afghanistan,Afghanistan,Fareed Ahmad,4,0,22,1,5.50,0,0,1,0,10,T20I # 581
United Arab Emirates Vs Afghanistan,Afghanistan,Karim Janat,10.00,0,0,0,4,0,12,3.00,1,0,T20I # 581
United Arab Emirates Vs Afghanistan,Afghanistan,Mohammad Nabi,15,12,3,0,0,125.00,0,2,0,0,T20I # 581
United Arab Emirates Vs Afghanistan,Afghanistan,Gulbadin Naib,0.00,30,24,0,3,1,125.00,42,44,2,T20I # 581
United Arab Emirates Vs Afghanistan,Afghanistan,Rashid Khan,2,95.45,11,2,8,1,0,137.50,22,18,T20I # 581
Scotland Vs Netherlands,Netherlands,Roelof van der Merwe,4.25,0,0,2,4,0,30,7.50,1,1,T20I # 582
Scotland Vs Netherlands,Netherlands,Timm van der Gugten,4,0,33,1,8.25,0,0,3,0,27,T20I # 582
Scotland Vs Netherlands,Netherlands,Paul van Meekeren,9.00,1,0,2,1,0,12,12.00,0,0,T20I # 582
Scotland Vs Netherlands,Netherlands,Michael Rippon,24,16,3,2,1,150.00,42,40,5,0,T20I # 582
Scotland Vs Netherlands,Netherlands,Ahsan Malik,105.00,0,2,0,0,0,0.00,6,11,0,T20I # 582
Scotland Vs Netherlands,Netherlands,Pieter Seelaar,0,54.54,15,0,10,2,0,150.00,6,7,T20I # 582
Ireland Vs United Arab Emirates,United Arab Emirates,Mohammad Naveed,16,4.00,1,1,0,3,0,31,10.33,0,T20I # 583
Ireland Vs United Arab Emirates,United Arab Emirates,Amjad Javed,0,1,0,2,8,8.00,0,0,4,0,T20I # 583
Ireland Vs United Arab Emirates,United Arab Emirates,Ahmed Raza,38,9.50,0,0,0,4,0,27,6.75,1,T20I # 583
Ireland Vs United Arab Emirates,United Arab Emirates,Rohan Mustafa,0,0,1,0,0,0,0.00,9,7,2,T20I # 583
Ireland Vs United Arab Emirates,United Arab Emirates,Imran Haider,0,128.57,5,1,5,1,0,100.00,5,6,T20I # 583
Ireland Vs United Arab Emirates,United Arab Emirates,Zahoor Khan,1,0,83.33,2,0,1,0,0,0.00,24,T20I # 583
Hong Kong Vs Netherlands,Netherlands,Roelof van der Merwe,3,0,38,0,12.66,0,0,4,0,39,T20I # 584
Hong Kong Vs Netherlands,Netherlands,Timm van der Gugten,9.75,2,1,0,3,0,32,10.66,0,0,T20I # 584
Hong Kong Vs Netherlands,Netherlands,Paul van Meekeren,4,0,20,1,5.00,0,0,2,0,15,T20I # 584
Hong Kong Vs Netherlands,Netherlands,Ahsan Malik,7.50,3,0,0,0,3,0,0,0.00,0,T20I # 584
Hong Kong Vs Netherlands,Netherlands,Michael Rippon,1,0,0,0,0.00,22,19,3,1,115.78,T20I # 584
Hong Kong Vs Netherlands,Netherlands,Max O'Dowd,12,17,0,1,0,70.58,8,8,1,0,T20I # 584
Oman Vs Scotland,Scotland,Michael Leask,2,4,0,1,23,5.75,0,0,4,0,T20I # 585
Oman Vs Scotland,Scotland,Safyaan Sharif,22,5.50,1,3,0,4,0,23,5.75,2,T20I # 585
Oman Vs Scotland,Scotland,Mark Watt,0,15,19,2,1,0,78.94,25,22,3,T20I # 585
Oman Vs Scotland,Scotland,Chris Sole,0,113.63,47,0,40,3,2,117.50,35,30,T20I # 585
Oman Vs Scotland,Scotland,Con de Lange,2,1,116.66,2,5,4,0,0,125.00,3,T20I # 585
Oman Vs Afghanistan,Afghanistan,Fareed Ahmad,7.00,0,0,3,3,0,42,14.00,0,0,T20I # 586
Oman Vs Afghanistan,Afghanistan,Mohammad Nabi,4,0,17,0,4.25,0,0,4,0,14,T20I # 586
Oman Vs Afghanistan,Afghanistan,Dawlat Zadran,3.50,3,0,0,1,0,7,7.00,0,0,T20I # 586
Oman Vs Afghanistan,Afghanistan,Amir Hamza,80,60,8,1,3,133.33,34,30,4,1,T20I # 586
Oman Vs Afghanistan,Afghanistan,Rashid Khan,113.33,25,18,2,2,1,138.88,6,4,1,T20I # 586
Oman Vs Afghanistan,Afghanistan,Samiullah Shinwari,0,150.00,3.3,1,0,35,10.00,1,1,2,T20I # 586
Oman Vs Afghanistan,Oman,Bilal Khan,0,32,10.66,1,0,0,1,0,11,11.00,T20I # 586
Ireland Vs Scotland,Scotland,Mark Watt,40,10.00,0,1,0,4,0,47,11.75,0,T20I # 587
Ireland Vs Scotland,Scotland,Brad Wheal,0,4,0,0,38,9.50,1,0,4,0,T20I # 587
Ireland Vs Scotland,Scotland,Josh Davey,37,9.25,2,2,0,40,31,3,2,129.03,T20I # 587
Ireland Vs Scotland,Scotland,Safyaan Sharif,35,16,3,1,3,218.75,2,7,0,0,T20I # 587
Ireland Vs Scotland,Scotland,Con de Lange,28.57,1,3,2,0,0,33.33,10,10,0,T20I # 587
Ireland Vs Afghanistan,Afghanistan,Amir Hamza,0,2.2,0,2,10,4.28,0,0,3,0,T20I # 588
Ireland Vs Afghanistan,Afghanistan,Fareed Ahmad,14,4.66,1,2,0,2,0,7,3.50,1,T20I # 588
Ireland Vs Afghanistan,Afghanistan,Mohammad Nabi,0,52,40,4,9,1,130.00,17,8,3,T20I # 588
Ireland Vs Afghanistan,Afghanistan,Karim Janat,0,212.50,1,2,0,16,16.00,0,1,2.5,T20I # 588
Ireland Vs Afghanistan,Afghanistan,Rashid Khan,0,20,7.05,0,1,0,2,0,16,8.00,T20I # 588
South Africa Vs Sri Lanka,Sri Lanka,Angelo Mathews,2,0,2,0,0,27,13.50,5,3,2,T20I # 589
South Africa Vs Sri Lanka,Sri Lanka,Nuwan Kulasekara,0,1,1,2,0,18,18.00,2,1,2,T20I # 589
South Africa Vs Sri Lanka,Sri Lanka,Suranga Lakmal,1,0,2,1,0,12,6.00,2,0,0,T20I # 589
South Africa Vs Sri Lanka,Sri Lanka,Asela Gunaratne,1,0,1,0,0,14,14.00,1,1,1,T20I # 589
South Africa Vs Sri Lanka,Sri Lanka,Seekkuge Prasanna,1,0,2,1,0,25,12.50,2,3,1,T20I # 589
South Africa Vs Sri Lanka,Sri Lanka,Nuwan Pradeep,0,0,43,0,19,6,2,226.31,27,16,T20I # 589
South Africa Vs Sri Lanka,South Africa,Lungi Ngidi,1,0,0,2,2,0,23,11.50,2,2,T20I # 589
South Africa Vs Sri Lanka,South Africa,Wayne Parnell,1,0,0,1,2,0,23,11.50,4,0,T20I # 589
South Africa Vs Sri Lanka,South Africa,Andile Phehlukwayo,3,0,0,0,2,0,24,12.00,4,2,T20I # 589
South Africa Vs Sri Lanka,Sri Lanka,Angelo Mathews,2,0,11,0,5.50,7,2,0,0,0,T20I # 590
South Africa Vs Sri Lanka,Sri Lanka,Nuwan Kulasekara,3,0,10,2,3.33,11,1,0,0,0,T20I # 590
South Africa Vs Sri Lanka,Sri Lanka,Isuru Udana,2.3,0,13,3,5.20,9,1,0,1,0,T20I # 590
South Africa Vs Sri Lanka,Sri Lanka,Seekkuge Prasanna,3,0,24,0,8.00,4,1,1,0,0,T20I # 590
South Africa Vs Sri Lanka,Sri Lanka,Lakshan Sandakan,4,0,23,4,5.75,11,1,1,2,0,T20I # 590
South Africa Vs Sri Lanka,Sri Lanka,Asela Gunaratne,4,0,27,0,6.75,6,3,0,0,0,T20I # 590
South Africa Vs Sri Lanka,Sri Lanka,Dhananjaya de Silva,1,0,3,1,3.00,3,0,0,0,0,T20I # 590
South Africa Vs Sri Lanka,South Africa,Lungi Ngidi,4,0,19,4,4.75,11,1,0,1,0,T20I # 590
South Africa Vs Sri Lanka,South Africa,Wayne Parnell,3,0,16,1,5.33,9,2,0,0,0,T20I # 590
South Africa Vs Sri Lanka,South Africa,Andile Phehlukwayo,2,0,22,0,11.00,3,4,0,0,0,T20I # 590
South Africa Vs Sri Lanka,South Africa,Imran Tahir,4,0,14,1,3.50,11,0,0,0,0,T20I # 590
South Africa Vs Sri Lanka,South Africa,Aaron Phangiso,4,0,24,0,6.00,8,0,1,0,0,T20I # 590
South Africa Vs Sri Lanka,South Africa,JJ Smuts,2.4,0,19,1,7.12,8,0,2,1,0,T20I # 590
South Africa Vs Sri Lanka,Sri Lanka,Thikshila de Silva,1,0,10,0,10.00,2,2,0,0,0,T20I # 591
South Africa Vs Sri Lanka,Sri Lanka,Nuwan Kulasekara,4,0,30,1,7.50,5,3,0,0,0,T20I # 591
South Africa Vs Sri Lanka,Sri Lanka,Isuru Udana,4,0,49,0,12.25,3,2,4,0,0,T20I # 591
South Africa Vs Sri Lanka,Sri Lanka,Seekkuge Prasanna,3,0,21,1,7.00,5,1,0,1,0,T20I # 591
South Africa Vs Sri Lanka,Sri Lanka,Lakshan Sandakan,4,0,23,1,5.75,7,0,1,0,0,T20I # 591
South Africa Vs Sri Lanka,Sri Lanka,Asela Gunaratne,4,0,34,1,8.50,7,2,1,1,0,T20I # 591
South Africa Vs Sri Lanka,South Africa,Lungi Ngidi,2,0,13,0,6.50,6,2,0,0,0,T20I # 591
South Africa Vs Sri Lanka,South Africa,Dane Paterson,3.5,0,38,0,9.91,7,7,0,1,0,T20I # 591
South Africa Vs Sri Lanka,South Africa,Wayne Parnell,4,0,42,1,10.50,6,3,2,1,0,T20I # 591
South Africa Vs Sri Lanka,South Africa,Imran Tahir,4,0,18,3,4.50,11,1,0,0,0,T20I # 591
South Africa Vs Sri Lanka,South Africa,Andile Phehlukwayo,4,0,32,0,8.00,12,4,1,1,0,T20I # 591
South Africa Vs Sri Lanka,South Africa,JJ Smuts,2,0,22,0,11.00,2,2,1,0,0,T20I # 591
India Vs England,England,Tymal Mills,4,0,27,1,6.75,6,2,0,1,0,T20I # 592
India Vs England,England,Chris Jordan,4,0,27,1,6.75,11,3,0,1,1,T20I # 592
India Vs England,England,Liam Plunkett,4,0,32,1,8.00,8,5,0,0,0,T20I # 592
India Vs England,England,Ben Stokes,4,0,37,1,9.25,7,2,1,5,0,T20I # 592
India Vs England,England,Moeen Ali,4,0,21,2,5.25,9,1,0,0,0,T20I # 592
India Vs England,India,Ashish Nehra,3,0,31,0,10.33,5,2,1,2,0,T20I # 592
India Vs England,India,Jasprit Bumrah,3.1,0,26,0,8.21,9,3,1,0,1,T20I # 592
India Vs England,India,Yuzvendra Chahal,4,0,27,2,6.75,11,1,2,0,0,T20I # 592
India Vs England,India,Parvez Rasool,4,0,32,1,8.00,6,1,2,0,0,T20I # 592
India Vs England,India,Suresh Raina,2,0,17,0,8.50,1,0,1,0,0,T20I # 592
India Vs England,India,Hardik Pandya,2,0,12,0,6.00,4,1,0,1,0,T20I # 592
India Vs England,England,Liam Dawson,2,0,20,0,10.00,2,1,1,0,0,T20I # 593
India Vs England,England,Tymal Mills,4,0,36,1,9.00,7,2,2,0,0,T20I # 593
India Vs England,England,Chris Jordan,4,0,22,3,5.50,9,1,0,1,0,T20I # 593
India Vs England,England,Ben Stokes,3,0,21,0,7.00,5,2,0,1,0,T20I # 593
India Vs England,England,Moeen Ali,4,0,20,1,5.00,8,0,0,1,0,T20I # 593
India Vs England,England,Adil Rashid,3,0,24,1,8.00,5,2,1,0,0,T20I # 593
India Vs England,India,Yuzvendra Chahal,4,0,33,0,8.25,7,0,3,0,0,T20I # 593
India Vs England,India,Ashish Nehra,4,0,28,3,7.00,6,1,1,0,0,T20I # 593
India Vs England,India,Jasprit Bumrah,4,0,20,2,5.00,14,2,0,0,0,T20I # 593
India Vs England,India,Amit Mishra,4,0,25,1,6.25,8,2,0,0,1,T20I # 593
India Vs England,India,Suresh Raina,4,0,30,0,7.50,6,1,1,2,0,T20I # 593
India Vs England,England,Tymal Mills,4,0,31,1,7.75,8,2,1,4,0,T20I # 594
India Vs England,England,Chris Jordan,4,0,56,1,14.00,8,2,6,2,0,T20I # 594
India Vs England,England,Liam Plunkett,2,0,22,1,11.00,3,2,1,0,0,T20I # 594
India Vs England,England,Ben Stokes,4,0,32,1,8.00,8,4,0,2,0,T20I # 594
India Vs England,England,Moeen Ali,4,0,30,0,7.50,6,0,2,0,0,T20I # 594
India Vs England,England,Adil Rashid,2,0,23,0,11.50,3,1,2,0,0,T20I # 594
India Vs England,India,Ashish Nehra,3,1,24,0,8.00,10,5,0,1,0,T20I # 594
India Vs England,India,Yuzvendra Chahal,4,0,25,6,6.25,13,2,1,0,0,T20I # 594
India Vs England,India,Jasprit Bumrah,2.3,0,14,3,5.60,7,2,0,0,0,T20I # 594
India Vs England,India,Amit Mishra,4,0,23,1,5.75,10,2,0,1,0,T20I # 594
India Vs England,India,Hardik Pandya,2,0,17,0,8.50,5,0,2,0,0,T20I # 594
India Vs England,India,Suresh Raina,1,0,22,0,22.00,0,0,3,1,0,T20I # 594
South Africa Vs New Zealand,New Zealand,Trent Boult,4,0,8,2,2.00,16,0,0,0,0,T20I # 595
South Africa Vs New Zealand,New Zealand,Ben Wheeler,4,0,49,1,12.25,9,8,2,0,0,T20I # 595
South Africa Vs New Zealand,New Zealand,Tim Southee,4,0,47,0,11.75,8,6,2,1,0,T20I # 595
South Africa Vs New Zealand,New Zealand,Mitchell Santner,4,0,40,0,10.00,3,1,3,0,0,T20I # 595
South Africa Vs New Zealand,New Zealand,Colin de Grandhomme,3,0,22,2,7.33,5,0,1,1,0,T20I # 595
South Africa Vs New Zealand,New Zealand,Colin Munro,1,0,11,0,11.00,3,1,1,0,0,T20I # 595
South Africa Vs New Zealand,South Africa,Chris Morris,3,1,10,2,3.33,14,2,0,0,0,T20I # 595
South Africa Vs New Zealand,South Africa,Dane Paterson,2,0,13,0,6.50,5,0,1,0,0,T20I # 595
South Africa Vs New Zealand,South Africa,Wayne Parnell,3,0,40,0,13.33,4,1,4,1,0,T20I # 595
South Africa Vs New Zealand,South Africa,Andile Phehlukwayo,3,0,19,3,6.33,9,3,0,1,0,T20I # 595
South Africa Vs New Zealand,South Africa,Imran Tahir,3.5,0,24,5,6.26,12,1,2,0,0,T20I # 595
Australia Vs Sri Lanka,Sri Lanka,Lasith Malinga,4,0,29,2,7.25,6,1,0,1,0,T20I # 596
Australia Vs Sri Lanka,Sri Lanka,Nuwan Kulasekara,4,0,38,0,9.50,5,4,0,1,1,T20I # 596
Australia Vs Sri Lanka,Sri Lanka,Vikum Sanjaya,3,0,35,1,11.66,4,3,1,1,0,T20I # 596
Australia Vs Sri Lanka,Sri Lanka,Seekkuge Prasanna,4,0,23,0,5.75,10,1,1,1,0,T20I # 596
Australia Vs Sri Lanka,Sri Lanka,Lakshan Sandakan,4,0,30,1,7.50,8,0,1,0,0,T20I # 596
Australia Vs Sri Lanka,Sri Lanka,Asela Gunaratne,1,0,11,1,11.00,1,0,1,0,0,T20I # 596
Australia Vs Sri Lanka,Australia,Pat Cummins,4,0,29,1,7.25,11,4,0,0,0,T20I # 596
Australia Vs Sri Lanka,Australia,Billy Stanlake,3,0,42,0,14.00,6,5,1,4,0,T20I # 596
Australia Vs Sri Lanka,Australia,James Faulkner,4,0,27,0,6.75,9,3,0,1,0,T20I # 596
Australia Vs Sri Lanka,Australia,Andrew Tye,3,0,32,0,10.66,6,6,0,0,0,T20I # 596
Australia Vs Sri Lanka,Australia,Adam Zampa,4,0,26,2,6.50,6,1,0,0,0,T20I # 596
Australia Vs Sri Lanka,Australia,Ashton Turner,2,0,12,2,6.00,4,1,0,0,0,T20I # 596
Australia Vs Sri Lanka,Sri Lanka,Lasith Malinga,4,0,31,2,7.75,6,3,0,0,0,T20I # 597
Australia Vs Sri Lanka,Sri Lanka,Nuwan Kulasekara,4,0,31,4,7.75,9,3,0,2,0,T20I # 597
Australia Vs Sri Lanka,Sri Lanka,Vikum Sanjaya,4,0,32,2,8.00,8,2,1,1,0,T20I # 597
Australia Vs Sri Lanka,Sri Lanka,Dilshan Munaweera,1,0,22,0,22.00,2,1,3,0,0,T20I # 597
Australia Vs Sri Lanka,Sri Lanka,Asela Gunaratne,3,0,26,1,8.66,3,0,2,0,0,T20I # 597
Australia Vs Sri Lanka,Sri Lanka,Seekkuge Prasanna,4,0,26,1,6.50,8,1,0,0,0,T20I # 597
Australia Vs Sri Lanka,Australia,Ashton Turner,2,0,15,1,7.50,6,3,0,0,0,T20I # 597
Australia Vs Sri Lanka,Australia,Pat Cummins,3,0,28,1,9.33,6,5,0,1,0,T20I # 597
Australia Vs Sri Lanka,Australia,James Faulkner,4,0,32,2,8.00,6,4,0,0,0,T20I # 597
Australia Vs Sri Lanka,Australia,Jhye Richardson,3,0,24,1,8.00,7,2,1,0,0,T20I # 597
Australia Vs Sri Lanka,Australia,Andrew Tye,4,0,37,3,9.25,10,3,2,1,0,T20I # 597
Australia Vs Sri Lanka,Australia,Moises Henriques,4,0,38,0,9.50,9,1,3,2,0,T20I # 597
Australia Vs Sri Lanka,Sri Lanka,Lasith Malinga,1,4,0,2,40,10.00,5,4,1,1,T20I # 598
Australia Vs Sri Lanka,Sri Lanka,Nuwan Kulasekara,0,3,0,0,34,11.33,7,4,2,1,T20I # 598
Australia Vs Sri Lanka,Sri Lanka,Vikum Sanjaya,0,3,0,0,25,8.33,5,2,1,0,T20I # 598
Australia Vs Sri Lanka,Sri Lanka,Seekkuge Prasanna,0,1,0,1,12,12.00,1,0,1,0,T20I # 598
Australia Vs Sri Lanka,Sri Lanka,Milinda Siriwardana,0,1,0,0,12,12.00,1,0,1,1,T20I # 598
Australia Vs Sri Lanka,Sri Lanka,Asela Gunaratne,0,4,0,0,27,6.75,9,2,0,0,T20I # 598
Australia Vs Sri Lanka,Sri Lanka,Dasun Shanaka,0,37,25,2,3,2,148.00,14,12,1,T20I # 598
Australia Vs Sri Lanka,Australia,Ashton Turner,0,20,6.66,0,9,2,0,2,0,3,T20I # 598
Australia Vs Sri Lanka,Australia,Jhye Richardson,0,20,6.66,1,8,1,1,1,0,1,T20I # 598
Australia Vs Sri Lanka,Australia,Pat Cummins,0,10,10.00,0,2,2,0,0,0,4,T20I # 598
Australia Vs Sri Lanka,Australia,James Faulkner,0,25,6.25,3,11,2,1,0,0,2,T20I # 598
Ireland Vs Afghanistan,Afghanistan,Amir Hamza,4,0,23,2,5.75,0,0,4,0,48,T20I # 599
Ireland Vs Afghanistan,Afghanistan,Mohammad Nabi,12.00,0,0,0,4,0,32,8.00,0,1,T20I # 599
Ireland Vs Afghanistan,Afghanistan,Shapoor Zadran,4,0,36,0,9.00,0,0,4,0,24,T20I # 599
Ireland Vs Afghanistan,Afghanistan,Karim Janat,6.00,0,0,0,47,41,62,6,1,114.63,T20I # 599
Ireland Vs Afghanistan,Afghanistan,Rashid Khan,27,15,28,1,3,2,180.00,56,36,65,T20I # 599
Ireland Vs Afghanistan,Ireland,Andy McBrine,13.00,3,0,0,3,0,30,10.00,0,0,T20I # 599
Ireland Vs Afghanistan,Ireland,George Dockrell,3,0,25,0,8.33,0,0,3,0,17,T20I # 599
Afghanistan Vs Ireland,Ireland,Barry McCarthy,4,0,33,4,8.25,2,0,4,0,35,T20I # 600
Afghanistan Vs Ireland,Ireland,Kevin O'Brien,8.75,1,0,0,4,0,44,11.00,3,0,T20I # 600
Afghanistan Vs Ireland,Ireland,Stuart Thompson,4,0,36,1,9.00,0,0,4,0,35,T20I # 600
Afghanistan Vs Ireland,Ireland,George Dockrell,8.75,0,0,0,5,7,5,1,0,71.42,T20I # 600
Afghanistan Vs Ireland,Ireland,Jacob Mulder,34,15,23,1,1,4,226.66,22,15,26,T20I # 600
Afghanistan Vs Ireland,Afghanistan,Amir Hamza,8.00,0,1,0,2,0,14,7.00,0,0,T20I # 600
Afghanistan Vs Ireland,Ireland,Barry McCarthy,4,0,69,0,17.25,1,0,4,0,35,T20I # 601
Afghanistan Vs Ireland,Ireland,George Dockrell,8.75,2,0,0,4,0,45,11.25,1,1,T20I # 601
Afghanistan Vs Ireland,Ireland,Kevin O'Brien,3,0,36,4,12.00,2,0,4,0,32,T20I # 601
Afghanistan Vs Ireland,Ireland,Stuart Thompson,8.00,0,0,0,1,0,11,11.00,0,0,T20I # 601
Afghanistan Vs Ireland,Ireland,Jacob Mulder,49,20,28,2,6,3,245.00,43,18,38,T20I # 601
Afghanistan Vs Ireland,Ireland,Andy McBrine,2,5,238.88,1,16,14,27,1,0,114.28,T20I # 601
Afghanistan Vs Ireland,Afghanistan,Shapoor Zadran,4,0,34,1,8.50,0,0,4,0,28,T20I # 601
West Indies Vs Pakistan,Pakistan,Imad Wasim,1,0,8,1,8.00,3,0,1,0,0,T20I # 602
West Indies Vs Pakistan,Pakistan,Mohammad Hafeez,4,0,21,0,5.25,12,2,0,1,1,T20I # 602
West Indies Vs Pakistan,Pakistan,Sohail Tanvir,4,0,25,1,6.25,13,2,1,0,0,T20I # 602
West Indies Vs Pakistan,Pakistan,Hasan Ali,4,0,7,1,1.75,17,0,0,0,0,T20I # 602
West Indies Vs Pakistan,Pakistan,Shadab Khan,4,0,35,3,8.75,11,3,2,2,0,T20I # 602
West Indies Vs Pakistan,Pakistan,Wahab Riaz,22,17,3,1,1,129.41,13,13,2,0,T20I # 602
West Indies Vs Pakistan,West Indies,Samuel Badree,0,0,0,1,4,0,22,5.50,10,2,T20I # 602
West Indies Vs Pakistan,West Indies,Jason Holder,0,0,0,2,3,0,18,6.00,6,0,T20I # 602
West Indies Vs Pakistan,West Indies,Sunil Narine,1,0,0,0,2,0,14,7.00,6,1,T20I # 602
West Indies Vs Pakistan,West Indies,Carlos Brathwaite,0,1,1,1,1,0,10,10.00,1,1,T20I # 602
Pakistan Vs West Indies,West Indies,Samuel Badree,32,8.00,6,2,4,0,0,0,4,1,T20I # 603
Pakistan Vs West Indies,West Indies,Jason Holder,27,6.75,10,0,2,1,0,0,4,0,T20I # 603
Pakistan Vs West Indies,West Indies,Kesrick Williams,22,5.50,13,1,3,0,0,0,4,0,T20I # 603
Pakistan Vs West Indies,West Indies,Sunil Narine,37,9.25,9,3,3,2,1,0,3,6,T20I # 603
Pakistan Vs West Indies,West Indies,Carlos Brathwaite,0,0,50.00,3,21,25,2,0,84.00,44,T20I # 603
Pakistan Vs West Indies,Pakistan,Imad Wasim,8.75,12,7,0,0,1,0,4,0,23,T20I # 603
Pakistan Vs West Indies,Pakistan,Sohail Tanvir,5.75,9,2,0,0,1,0,4,1,14,T20I # 603
Pakistan Vs West Indies,West Indies,Samuel Badree,0,26,6.50,2,9,1,1,0,0,4,T20I # 604
Pakistan Vs West Indies,West Indies,Jason Holder,0,21,5.25,0,10,1,0,1,0,3,T20I # 604
Pakistan Vs West Indies,West Indies,Kesrick Williams,0,15,5.00,1,6,1,0,0,0,3,T20I # 604
Pakistan Vs West Indies,West Indies,Carlos Brathwaite,0,34,11.33,1,3,2,2,1,0,2,T20I # 604
Pakistan Vs West Indies,West Indies,Sunil Narine,0,11,5.50,1,6,0,1,0,0,91,T20I # 604
Pakistan Vs West Indies,West Indies,Marlon Samuels,51,5,9,1,178.43,1,4,0,0,25.00,T20I # 604
Pakistan Vs West Indies,Pakistan,Imad Wasim,3,1,1,0,2,0,20,10.00,3,2,T20I # 604
Pakistan Vs West Indies,Pakistan,Sohail Tanvir,1,0,0,1,3.5,0,38,9.91,9,3,T20I # 604
Pakistan Vs West Indies,Pakistan,Hasan Ali,3,0,0,0,2,0,6,3.00,8,0,T20I # 604
Pakistan Vs West Indies,Pakistan,Shadab Khan,0,1,0,1,1,0,11,11.00,1,2,T20I # 604
West Indies Vs Pakistan,Pakistan,Imad Wasim,2,12,3.00,1,18,0,1,1,0,4,T20I # 605
West Indies Vs Pakistan,Pakistan,Hasan Ali,1,25,6.25,2,13,0,2,0,0,4,T20I # 605
West Indies Vs Pakistan,Pakistan,Rumman Raees,0,44,11.00,1,7,2,4,0,0,4,T20I # 605
West Indies Vs Pakistan,Pakistan,Wahab Riaz,0,16,4.00,1,15,0,1,0,0,53,T20I # 605
West Indies Vs Pakistan,Pakistan,Shadab Khan,45,6,1,2,117.77,20,21,3,1,95.23,T20I # 605
West Indies Vs Pakistan,West Indies,Samuel Badree,0,0,0,0,3,0,16,5.33,10,2,T20I # 605
West Indies Vs Pakistan,West Indies,Jason Holder,0,1,0,0,4,0,19,4.75,9,1,T20I # 605
West Indies Vs Pakistan,West Indies,Kesrick Williams,0,0,0,2,2,0,11,5.50,3,0,T20I # 605
West Indies Vs Pakistan,West Indies,Sunil Narine,0,0,0,0,2,0,13,6.50,4,1,T20I # 605
West Indies Vs Pakistan,West Indies,Marlon Samuels,0,2,0,1,1,0,5,5.00,2,0,T20I # 605
Bangladesh Vs Sri Lanka,Sri Lanka,Lasith Malinga,1,4,0,2,44,11.00,4,6,0,2,T20I # 606
Bangladesh Vs Sri Lanka,Sri Lanka,Nuwan Kulasekara,0,4,1,0,24,6.00,10,2,0,2,T20I # 606
Bangladesh Vs Sri Lanka,Sri Lanka,Vikum Sanjaya,0,4,0,1,24,6.00,8,2,0,0,T20I # 606
Bangladesh Vs Sri Lanka,Sri Lanka,Asela Gunaratne,0,4,0,1,19,4.75,10,1,0,0,T20I # 606
Bangladesh Vs Sri Lanka,Sri Lanka,Seekkuge Prasanna,0,77,53,1,9,1,145.28,24,23,4,T20I # 606
Bangladesh Vs Sri Lanka,Bangladesh,Mahmudullah,5,1,2,0,0,4,0,32,8.00,5,T20I # 606
Bangladesh Vs Sri Lanka,Bangladesh,Taskin Ahmed,4,0,0,1,0,3,0,24,8.00,6,T20I # 606
Bangladesh Vs Sri Lanka,Bangladesh,Mashrafe Mortaza,2,1,0,2,0,3,0,29,9.66,4,T20I # 606
Bangladesh Vs Sri Lanka,Bangladesh,Mustafizur Rahman,3,1,0,0,0,3,0,23,7.66,3,T20I # 606
Bangladesh Vs Sri Lanka,Bangladesh,Shakib Al Hasan,2,0,0,0,0,1,0,7,7.00,2,T20I # 606
Bangladesh Vs Sri Lanka,Sri Lanka,Lasith Malinga,0,30,7.50,3,9,5,0,0,0,2,T20I # 607
Bangladesh Vs Sri Lanka,Sri Lanka,Nuwan Kulasekara,0,22,11.00,1,4,2,1,3,0,3,T20I # 607
Bangladesh Vs Sri Lanka,Sri Lanka,Dilshan Munaweera,0,32,10.66,0,4,1,2,1,0,2,T20I # 607
Bangladesh Vs Sri Lanka,Sri Lanka,Vikum Sanjaya,0,15,7.50,1,3,0,1,0,0,2,T20I # 607
Bangladesh Vs Sri Lanka,Sri Lanka,Asela Gunaratne,0,17,8.50,1,2,2,0,0,0,3,T20I # 607
Bangladesh Vs Sri Lanka,Sri Lanka,Seekkuge Prasanna,0,24,8.00,0,5,1,1,0,0,4,T20I # 607
Bangladesh Vs Sri Lanka,Sri Lanka,Thisara Perera,2,1,0,1,200.00,4,3,1,0,133.33,T20I # 607
Bangladesh Vs Sri Lanka,Bangladesh,Shakib Al Hasan,7.50,4,2,3,0,0,0,2,0,15,T20I # 607
Bangladesh Vs Sri Lanka,Bangladesh,Mashrafe Mortaza,7.50,6,1,1,1,0,0,3,0,21,T20I # 607
Bangladesh Vs Sri Lanka,Bangladesh,Mehidy Hasan Miraz,7.00,9,3,0,0,1,0,3,0,24,T20I # 607
Papua New Guinea Vs United Arab Emirates,United Arab Emirates,Sultan Ahmed,0,4,0,1,23,5.75,0,0,3,0,T20I # 608
Papua New Guinea Vs United Arab Emirates,United Arab Emirates,Amjad Javed,24,8.00,0,3,0,2,0,19,9.50,2,T20I # 608
Papua New Guinea Vs United Arab Emirates,United Arab Emirates,Ahmed Raza,0,1.2,0,0,9,6.75,0,0,9,7,T20I # 608
Papua New Guinea Vs United Arab Emirates,United Arab Emirates,Mohammad Naveed,2,0,128.57,3,15,10,1,1,150.00,39,T20I # 608
Papua New Guinea Vs United Arab Emirates,United Arab Emirates,Imran Haider,25,4,1,1,156.00,6,7,1,0,85.71,T20I # 608
Papua New Guinea Vs United Arab Emirates,United Arab Emirates,Rohan Mustafa,14,18,2,1,0,77.77,13,18,1,0,T20I # 608
United Arab Emirates Vs Papua New Guinea,Papua New Guinea,Norman Vanua,1,2,0,2,7,3.50,0,0,2,0,T20I # 609
United Arab Emirates Vs Papua New Guinea,Papua New Guinea,Chad Soper,19,9.50,2,0,0,3,0,31,10.33,0,T20I # 609
United Arab Emirates Vs Papua New Guinea,Papua New Guinea,Alei Nao,1,4,0,0,17,4.25,0,0,3,0,T20I # 609
United Arab Emirates Vs Papua New Guinea,Papua New Guinea,Willie Gavera,30,10.00,0,0,0,3,0,34,11.33,0,T20I # 609
United Arab Emirates Vs Papua New Guinea,Papua New Guinea,Mahuru Dai,0,20,13,0,4,0,153.84,25,14,2,T20I # 609
United Arab Emirates Vs Papua New Guinea,Papua New Guinea,John Reva,1,178.57,1,1,4,0,0,25.00,5,6,T20I # 609
United Arab Emirates Vs Papua New Guinea,Papua New Guinea,Assad Vala,0,0,83.33,0,30,22,2,1,136.36,38,T20I # 609
Papua New Guinea Vs United Arab Emirates,United Arab Emirates,Mohammad Naveed,0,25,6.25,1,1,0,4,0,24,6.00,T20I # 610
Papua New Guinea Vs United Arab Emirates,United Arab Emirates,Amjad Javed,0,0,4,0,0,27,6.75,0,0,4,T20I # 610
Papua New Guinea Vs United Arab Emirates,United Arab Emirates,Ahmed Raza,0,22,5.50,1,1,0,3,4,0,0,T20I # 610
Papua New Guinea Vs United Arab Emirates,United Arab Emirates,Rohan Mustafa,75.00,0,1,2,0,0,0.00,1,3,0,T20I # 610
Papua New Guinea Vs United Arab Emirates,United Arab Emirates,Zahoor Khan,0,33.33,58,1,49,7,0,118.36,47,47,T20I # 610
Papua New Guinea Vs United Arab Emirates,Papua New Guinea,Norman Vanua,0,1,0,3,7,7.00,0,0,3.1,0,T20I # 610
Afghanistan Vs West Indies,West Indies,Jerome Taylor,19,4.75,12,1,2,0,0,0,4,1,T20I # 611
Afghanistan Vs West Indies,West Indies,Samuel Badree,19,4.75,14,1,1,1,1,0,4,0,T20I # 611
Afghanistan Vs West Indies,West Indies,Kesrick Williams,11,2.75,18,2,1,0,0,0,4,0,T20I # 611
Afghanistan Vs West Indies,West Indies,Sunil Narine,16,4.00,9,3,0,0,0,0,22,15,T20I # 611
Afghanistan Vs West Indies,West Indies,Carlos Brathwaite,5,0,146.66,2,26,16,1,3,162.50,35,T20I # 611
Afghanistan Vs West Indies,Afghanistan,Shapoor Zadran,0,4,0,2,24,6.00,13,1,2,0,T20I # 611
Afghanistan Vs West Indies,Afghanistan,Mohammad Nabi,0,4,0,0,14,3.50,18,0,1,2,T20I # 611
Afghanistan Vs West Indies,Afghanistan,Amir Hamza,0,1,0,0,12,12.00,2,1,1,0,T20I # 611
Afghanistan Vs West Indies,Afghanistan,Rashid Khan,0,1,0,1,10,10.00,2,2,0,0,T20I # 611
West Indies Vs Afghanistan,Afghanistan,Dawlat Zadran,4,1,2,0,0,3,0,19,6.33,8,T20I # 612
West Indies Vs Afghanistan,Afghanistan,Karim Janat,1,0,1,1,0,2,0,11,5.50,6,T20I # 612
West Indies Vs Afghanistan,Afghanistan,Amir Hamza,0,1,0,0,0,2,0,21,10.50,3,T20I # 612
West Indies Vs Afghanistan,Afghanistan,Mohammad Nabi,0,2,0,1,0,3,0,14,4.66,9,T20I # 612
West Indies Vs Afghanistan,Afghanistan,Rashid Khan,1,0,0,0,0,2,0,10,5.00,7,T20I # 612
West Indies Vs Afghanistan,Afghanistan,Gulbadin Naib,0,1,0,1,0,12,14,0,1,85.71,T20I # 612
West Indies Vs Afghanistan,West Indies,Samuel Badree,1,0,2.3,1,0,11,4.40,8,1,0,T20I # 612
West Indies Vs Afghanistan,West Indies,Jerome Taylor,0,0,3,1,0,24,8.00,8,2,1,T20I # 612
West Indies Vs Afghanistan,West Indies,Kesrick Williams,0,0,3,3,0,26,8.66,10,1,3,T20I # 612
Afghanistan Vs West Indies,West Indies,Jerome Taylor,0,4,0,1,26,6.50,13,1,2,1,T20I # 613
Afghanistan Vs West Indies,West Indies,Samuel Badree,0,4,0,1,34,8.50,12,4,2,0,T20I # 613
Afghanistan Vs West Indies,West Indies,Kesrick Williams,0,1,0,3,3,3.00,4,0,0,0,T20I # 613
Afghanistan Vs West Indies,West Indies,Carlos Brathwaite,0,3,0,0,20,6.66,8,1,1,0,T20I # 613
Afghanistan Vs West Indies,West Indies,Rovman Powell,0,4,0,1,27,6.75,9,1,0,1,T20I # 613
Afghanistan Vs West Indies,West Indies,Sunil Narine,0,0,2,0,0,0,0.00,19,22,1,T20I # 613
Afghanistan Vs West Indies,Afghanistan,Shapoor Zadran,11,3,2,1,0,0,4,0,24,6.00,T20I # 613
Afghanistan Vs West Indies,Afghanistan,Mohammad Nabi,10,3,0,1,0,0,4,0,41,10.25,T20I # 613
Afghanistan Vs West Indies,Afghanistan,Amir Hamza,4,2,3,0,0,0,4,0,22,5.50,T20I # 613
South Africa Vs England,England,David Willey,4,0,34,1,8.50,8,1,2,1,0,T20I # 614
South Africa Vs England,England,Mark Wood,4,0,36,2,9.00,10,3,2,0,0,T20I # 614
South Africa Vs England,England,Chris Jordan,4,0,31,0,7.75,6,2,1,0,0,T20I # 614
South Africa Vs England,England,Liam Dawson,4,0,17,0,4.25,9,0,0,0,0,T20I # 614
South Africa Vs England,England,Mason Crane,4,0,24,0,6.00,8,2,0,0,0,T20I # 614
South Africa Vs England,South Africa,JJ Smuts,3,0,20,0,6.66,7,1,1,0,0,T20I # 614
South Africa Vs England,South Africa,Wayne Parnell,2,0,26,0,13.00,5,4,1,1,0,T20I # 614
South Africa Vs England,South Africa,Andile Phehlukwayo,1.3,0,11,1,7.33,4,2,0,0,0,T20I # 614
South Africa Vs England,South Africa,Imran Tahir,3,0,37,0,12.33,4,2,3,0,0,T20I # 614
South Africa Vs England,South Africa,Tabraiz Shamsi,3,0,23,0,7.66,6,1,1,0,0,T20I # 614
South Africa Vs England,South Africa,Dwaine Pretorius,2,0,20,0,10.00,2,2,0,1,0,T20I # 614
South Africa Vs England,England,David Willey,4,0,29,1,7.25,9,3,1,0,0,T20I # 615
South Africa Vs England,England,Chris Jordan,4,0,38,1,9.50,10,3,2,4,0,T20I # 615
South Africa Vs England,England,Tom Curran,4,0,33,3,8.25,9,2,2,0,0,T20I # 615
South Africa Vs England,England,Liam Plunkett,4,0,36,2,9.00,8,4,1,1,0,T20I # 615
South Africa Vs England,England,Liam Dawson,4,0,38,1,9.50,6,1,3,0,0,T20I # 615
South Africa Vs England,South Africa,Morne Morkel,4,0,43,0,10.75,9,7,1,0,1,T20I # 615
South Africa Vs England,South Africa,Chris Morris,4,0,18,2,4.50,16,2,0,1,0,T20I # 615
South Africa Vs England,South Africa,Dane Paterson,4,0,32,1,8.00,10,4,0,4,0,T20I # 615
South Africa Vs England,South Africa,Andile Phehlukwayo,4,0,34,1,8.50,7,5,0,0,0,T20I # 615
South Africa Vs England,South Africa,JJ Smuts,1,0,11,0,11.00,1,2,0,0,0,T20I # 615
South Africa Vs England,South Africa,Tabraiz Shamsi,3,0,24,0,8.00,4,1,1,0,0,T20I # 615
England Vs South Africa,South Africa,Chris Morris,4,0,24,0,6.00,11,1,1,1,0,T20I # 616
England Vs South Africa,South Africa,Morne Morkel,4,0,32,1,8.00,12,4,1,1,0,T20I # 616
England Vs South Africa,South Africa,Andile Phehlukwayo,4,0,44,2,11.00,5,3,2,1,0,T20I # 616
England Vs South Africa,South Africa,Dane Paterson,4,0,32,4,8.00,11,3,2,0,0,T20I # 616
England Vs South Africa,South Africa,Imran Tahir,4,0,38,1,9.50,9,5,1,0,0,T20I # 616
England Vs South Africa,England,David Willey,4,0,40,0,10.00,10,2,3,1,0,T20I # 616
England Vs South Africa,England,Tom Curran,4,0,22,2,5.50,15,2,1,0,0,T20I # 616
England Vs South Africa,England,Chris Jordan,4,0,31,3,7.75,9,3,0,1,1,T20I # 616
England Vs South Africa,England,Liam Plunkett,4,0,22,1,5.50,10,1,1,0,0,T20I # 616
England Vs South Africa,England,Mason Crane,4,0,38,1,9.50,8,3,2,0,0,T20I # 616
India Vs West Indies,West Indies,Samuel Badree,0,4,0,0,31,7.75,5,3,0,1,T20I # 617
India Vs West Indies,West Indies,Jerome Taylor,0,4,0,2,42,10.50,6,4,2,0,T20I # 617
India Vs West Indies,West Indies,Kesrick Williams,0,2,0,2,26,13.00,5,2,2,3,T20I # 617
India Vs West Indies,West Indies,Carlos Brathwaite,0,3,0,0,22,7.33,6,3,0,0,T20I # 617
India Vs West Indies,West Indies,Sunil Narine,0,3,0,0,32,10.66,5,3,2,0,T20I # 617
India Vs West Indies,West Indies,Marlon Samuels,0,18,20,1,1,1,90.00,125,62,6,T20I # 617
India Vs West Indies,India,Bhuvneshwar Kumar,39,9.75,11,0,1,4,2,0,3,0,T20I # 617
India Vs West Indies,India,Ravichandran Ashwin,46,15.33,3,0,6,2,1,0,4,0,T20I # 617
India Vs West Indies,India,Mohammed Shami,34,8.50,10,0,2,2,3,0,3.3,0,T20I # 617
Sri Lanka Vs India,India,Bhuvneshwar Kumar,4,0,38,1,9.50,7,5,0,2,0,T20I # 618
Sri Lanka Vs India,India,Jasprit Bumrah,4,0,43,1,10.75,12,1,5,1,0,T20I # 618
Sri Lanka Vs India,India,Yuzvendra Chahal,4,0,29,3,7.25,7,3,0,0,0,T20I # 618
Sri Lanka Vs India,India,Axar Patel,4,0,20,0,5.00,13,1,1,0,0,T20I # 618
Sri Lanka Vs India,India,Kuldeep Yadav,9,8,1,2,0,112.50,24,18,3,0,T20I # 618
Sri Lanka Vs India,Sri Lanka,Angelo Mathews,3,0,1,0,0,4,0,31,7.75,6,T20I # 618
Sri Lanka Vs India,Sri Lanka,Isuru Udana,2,0,1,1,1,3,0,25,8.33,6,T20I # 618
Sri Lanka Vs India,Sri Lanka,Lasith Malinga,1,1,1,1,0,4,0,28,7.00,1,T20I # 618
Sri Lanka Vs India,Sri Lanka,Seekkuge Prasanna,1,0,0,1,0,1.2,0,20,15.00,0,T20I # 618
Pakistan Vs World-XI,World-XI,Morne Morkel,0,0,4,1,0,51,12.75,9,5,4,T20I # 619
Pakistan Vs World-XI,World-XI,Thisara Perera,0,0,4,2,0,38,9.50,4,5,0,T20I # 619
Pakistan Vs World-XI,World-XI,Ben Cutting,1,0,4,1,0,34,8.50,5,1,1,T20I # 619
Pakistan Vs World-XI,World-XI,Imran Tahir,1,0,2,1,0,17,8.50,1,2,0,T20I # 619
Pakistan Vs World-XI,World-XI,Grant Elliott,0,0,2,0,0,24,12.00,1,2,1,T20I # 619
Pakistan Vs World-XI,World-XI,Daren Sammy,0,0,18,0,18,3,0,100.00,26,17,T20I # 619
Pakistan Vs World-XI,Pakistan,Imad Wasim,1,0,4,0,0,44,11.00,8,6,2,T20I # 619
Pakistan Vs World-XI,Pakistan,Sohail Khan,0,0,3,2,0,37,12.33,7,5,2,T20I # 619
Pakistan Vs World-XI,Pakistan,Hasan Ali,1,0,1,0,0,7,7.00,2,1,0,T20I # 619
Pakistan Vs World-XI,Pakistan,Rumman Raees,0,0,4,2,0,33,8.25,9,2,2,T20I # 619
Pakistan Vs World-XI,World-XI,Morne Morkel,3,0,4,0,0,52,13.00,3,4,3,T20I # 620
Pakistan Vs World-XI,World-XI,Ben Cutting,2,0,4,1,0,31,7.75,6,4,0,T20I # 620
Pakistan Vs World-XI,World-XI,Samuel Badree,1,0,2,2,0,18,9.00,2,2,0,T20I # 620
Pakistan Vs World-XI,World-XI,Paul Collingwood,1,0,3,0,0,23,7.66,4,2,0,T20I # 620
Pakistan Vs World-XI,World-XI,Thisara Perera,0,1,3,2,0,29,9.66,4,3,1,T20I # 620
Pakistan Vs World-XI,World-XI,Imran Tahir,1,0,23,1,19,2,1,121.05,72,55,T20I # 620
Pakistan Vs World-XI,Pakistan,Imad Wasim,11.00,4,1,1,3,1,0,1,0,10,T20I # 620
Pakistan Vs World-XI,Pakistan,Sohail Khan,10.00,2,2,1,0,0,0,3.5,0,36,T20I # 620
Pakistan Vs World-XI,Pakistan,Usman Shinwari,9.39,7,2,0,2,1,0,3,0,25,T20I # 620
Pakistan Vs World-XI,Pakistan,Rumman Raees,8.33,6,1,0,2,0,0,4,0,32,T20I # 620
Pakistan Vs World-XI,World-XI,Samuel Badree,0,0,0,0,4,0,42,10.50,7,6,T20I # 621
Pakistan Vs World-XI,World-XI,Morne Morkel,1,0,0,0,2,0,26,13.00,3,0,T20I # 621
Pakistan Vs World-XI,World-XI,Ben Cutting,3,1,0,0,4,0,37,9.25,5,2,T20I # 621
Pakistan Vs World-XI,World-XI,Thisara Perera,2,1,0,2,4,0,24,6.00,5,1,T20I # 621
Pakistan Vs World-XI,World-XI,Daren Sammy,0,0,0,0,3,0,26,8.66,2,2,T20I # 621
Pakistan Vs World-XI,World-XI,Imran Tahir,0,0,0,0,14,10,3,0,140.00,21,T20I # 621
Pakistan Vs World-XI,Pakistan,Imad Wasim,1,0,4,1,0,28,7.00,10,3,1,T20I # 621
Pakistan Vs World-XI,Pakistan,Usman Shinwari,0,0,4,1,1,20,5.00,14,3,0,T20I # 621
Pakistan Vs World-XI,Pakistan,Hasan Ali,0,0,1,2,0,7,7.00,2,1,0,T20I # 621
Pakistan Vs World-XI,Pakistan,Rumman Raees,0,0,3,1,0,34,11.33,2,1,3,T20I # 621
West Indies Vs England,England,David Willey,2,0,20,0,10.00,6,1,2,1,0,T20I # 622
West Indies Vs England,England,Joe Root,2,0,11,0,5.50,6,1,0,2,0,T20I # 622
West Indies Vs England,England,Tom Curran,4,0,46,1,11.50,8,3,4,1,0,T20I # 622
West Indies Vs England,England,Chris Jordan,4,0,46,1,11.50,5,3,3,2,0,T20I # 622
West Indies Vs England,England,Liam Plunkett,4,0,27,3,6.75,10,2,1,1,0,T20I # 622
West Indies Vs England,England,Adil Rashid,4,0,25,3,6.25,10,2,1,0,0,T20I # 622
West Indies Vs England,West Indies,Jerome Taylor,3,0,40,1,13.33,4,5,1,0,0,T20I # 622
West Indies Vs England,West Indies,Kesrick Williams,4,0,35,3,8.75,7,4,0,3,0,T20I # 622
West Indies Vs England,West Indies,Carlos Brathwaite,3.3,0,20,3,5.71,11,2,0,0,0,T20I # 622
West Indies Vs England,West Indies,Sunil Narine,4,0,15,2,3.75,13,1,0,0,0,T20I # 622
West Indies Vs England,West Indies,Ashley Nurse,3,0,23,1,7.66,5,2,0,1,0,T20I # 622
West Indies Vs England,West Indies,Kieron Pollard,2,0,17,0,8.50,4,1,1,0,0,T20I # 622
Australia Vs India,India,Bhuvneshwar Kumar,3.4,0,28,1,7.63,11,4,1,0,0,T20I # 623
Australia Vs India,India,Jasprit Bumrah,3,0,17,2,5.66,7,1,0,1,0,T20I # 623
Australia Vs India,India,Hardik Pandya,4,0,33,1,8.25,8,5,0,0,0,T20I # 623
Australia Vs India,India,Yuzvendra Chahal,4,0,23,1,5.75,11,1,1,1,0,T20I # 623
Australia Vs India,India,Kuldeep Yadav,4,0,16,2,4.00,9,0,0,0,0,T20I # 623
Australia Vs India,Australia,Jason Behrendorff,1,0,5,0,5.00,4,1,0,0,0,T20I # 623
Australia Vs India,Australia,Nathan Coulter-Nile,2,0,20,1,10.00,4,2,1,0,0,T20I # 623
Australia Vs India,Australia,Andrew Tye,1,0,10,0,10.00,2,2,0,0,0,T20I # 623
Australia Vs India,Australia,Adam Zampa,1,0,6,0,6.00,3,1,0,0,0,T20I # 623
Australia Vs India,Australia,Dan Christian,0.3,0,7,0,14.00,0,1,0,0,0,T20I # 623
India Vs Australia,Australia,Jason Behrendorff,4,0,21,4,5.25,17,4,0,0,0,T20I # 624
India Vs Australia,Australia,Nathan Coulter-Nile,4,0,23,1,5.75,12,1,1,2,0,T20I # 624
India Vs Australia,Australia,Andrew Tye,4,0,30,1,7.50,9,2,1,0,1,T20I # 624
India Vs Australia,Australia,Adam Zampa,4,0,19,2,4.75,11,1,0,1,0,T20I # 624
India Vs Australia,Australia,Marcus Stoinis,4,0,20,1,5.00,10,1,0,1,0,T20I # 624
India Vs Australia,India,Bhuvneshwar Kumar,3,0,9,1,3.00,13,0,0,1,0,T20I # 624
India Vs Australia,India,Jasprit Bumrah,3,0,25,1,8.33,8,3,1,0,0,T20I # 624
India Vs Australia,India,Hardik Pandya,2,0,13,0,6.50,6,2,0,0,0,T20I # 624
India Vs Australia,India,Kuldeep Yadav,4,0,46,0,11.50,5,3,3,0,0,T20I # 624
India Vs Australia,India,Yuzvendra Chahal,3.3,0,29,0,8.28,7,2,1,1,0,T20I # 624
Sri Lanka Vs Pakistan,Pakistan,Imad Wasim,20,5.00,12,1,2,0,0,0,3.3,0,T20I # 625
Sri Lanka Vs Pakistan,Pakistan,Usman Shinwari,23,6.57,11,2,2,1,1,0,2,0,T20I # 625
Sri Lanka Vs Pakistan,Pakistan,Hasan Ali,6,3.00,6,3,0,0,0,0,3,0,T20I # 625
Sri Lanka Vs Pakistan,Pakistan,Faheem Ashraf,14,4.66,7,1,1,0,0,0,2,1,T20I # 625
Sri Lanka Vs Pakistan,Pakistan,Shadab Khan,10,5.00,9,1,0,1,0,0,6,10,T20I # 625
Sri Lanka Vs Pakistan,Pakistan,Mohammad Hafeez,0,0,60.00,2,22,32,1,0,68.75,1,T20I # 625
Sri Lanka Vs Pakistan,Sri Lanka,Vikum Sanjaya,0,0,4,2,0,25,6.25,10,1,0,T20I # 625
Sri Lanka Vs Pakistan,Sri Lanka,Dilshan Munaweera,1,0,3,0,0,18,6.00,8,2,0,T20I # 625
Sri Lanka Vs Pakistan,Sri Lanka,Sachith Pathirana,0,0,3,1,0,17,5.66,9,2,0,T20I # 625
Sri Lanka Vs Pakistan,Sri Lanka,Isuru Udana,0,0,2,0,0,14,7.00,4,2,0,T20I # 625
Sri Lanka Vs Pakistan,Sri Lanka,Seekkuge Prasanna,0,0,0.2,0,0,3,9.00,0,0,0,T20I # 625
South Africa Vs Bangladesh,Bangladesh,Shakib Al Hasan,3,0,28,1,9.33,1,1,1,0,0,T20I # 626
South Africa Vs Bangladesh,Bangladesh,Mehidy Hasan Miraz,4,0,31,2,7.75,5,1,1,0,0,T20I # 626
South Africa Vs Bangladesh,Bangladesh,Rubel Hossain,4,0,34,1,8.50,8,4,0,3,1,T20I # 626
South Africa Vs Bangladesh,Bangladesh,Taskin Ahmed,2,0,21,0,10.50,2,1,1,0,0,T20I # 626
South Africa Vs Bangladesh,Bangladesh,Shafiul Islam,2,0,33,0,16.50,2,5,1,1,0,T20I # 626
South Africa Vs Bangladesh,Bangladesh,Mohammad Saifuddin,2,0,20,0,10.00,2,3,0,0,0,T20I # 626
South Africa Vs Bangladesh,Bangladesh,Mahmudullah,3,0,23,0,7.66,2,1,0,0,0,T20I # 626
South Africa Vs Bangladesh,South Africa,Dane Paterson,4,0,29,2,7.25,11,3,0,1,0,T20I # 626
South Africa Vs Bangladesh,South Africa,Beuran Hendricks,4,0,42,2,10.50,9,3,3,1,0,T20I # 626
South Africa Vs Bangladesh,South Africa,Robbie Frylinck,4,0,33,2,8.25,10,6,0,1,0,T20I # 626
South Africa Vs Bangladesh,South Africa,Andile Phehlukwayo,4,0,25,2,6.25,9,1,1,2,0,T20I # 626
South Africa Vs Bangladesh,South Africa,Jean-Paul Duminy,1,0,15,0,15.00,2,0,1,1,0,T20I # 626
South Africa Vs Bangladesh,South Africa,Aaron Phangiso,3,0,30,1,10.00,4,1,2,1,0,T20I # 626
Sri Lanka Vs Pakistan,Pakistan,Imad Wasim,18,9.00,6,0,4,0,0,0,4,0,T20I # 627
Sri Lanka Vs Pakistan,Pakistan,Usman Shinwari,31,7.75,8,0,3,1,0,0,3,0,T20I # 627
Sri Lanka Vs Pakistan,Pakistan,Hasan Ali,16,5.33,7,2,1,0,0,0,4,0,T20I # 627
Sri Lanka Vs Pakistan,Pakistan,Faheem Ashraf,14,3.50,11,3,0,0,0,0,3,0,T20I # 627
Sri Lanka Vs Pakistan,Pakistan,Shadab Khan,21,7.00,4,1,1,0,1,0,27,24,T20I # 627
Sri Lanka Vs Pakistan,Pakistan,Mohammad Hafeez,2,0,112.50,0,11,10,1,0,110.00,1,T20I # 627
Sri Lanka Vs Pakistan,Sri Lanka,Vikum Sanjaya,4.25,11,1,1,0,0,0,4,0,18,T20I # 627
Sri Lanka Vs Pakistan,Sri Lanka,Dilshan Munaweera,4.50,10,0,0,0,2,0,4,0,24,T20I # 627
Sri Lanka Vs Pakistan,Sri Lanka,Isuru Udana,6.00,9,1,1,0,1,0,2,0,12,T20I # 627
South Africa Vs Bangladesh,Bangladesh,Shakib Al Hasan,4,0,22,2,5.50,12,3,0,0,0,T20I # 628
South Africa Vs Bangladesh,Bangladesh,Taskin Ahmed,3,0,41,0,13.66,4,4,2,1,0,T20I # 628
South Africa Vs Bangladesh,Bangladesh,Mehidy Hasan Miraz,4,0,46,0,11.50,3,6,1,0,0,T20I # 628
South Africa Vs Bangladesh,Bangladesh,Rubel Hossain,4,0,51,0,12.75,2,5,2,1,0,T20I # 628
South Africa Vs Bangladesh,Bangladesh,Mohammad Saifuddin,4,0,53,2,13.25,6,2,5,0,0,T20I # 628
South Africa Vs Bangladesh,Bangladesh,Mahmudullah,1,0,10,0,10.00,1,0,1,0,0,T20I # 628
South Africa Vs Bangladesh,South Africa,Beuran Hendricks,2.3,0,28,1,11.20,4,2,2,1,0,T20I # 628
South Africa Vs Bangladesh,South Africa,Jean-Paul Duminy,4,0,23,2,5.75,10,2,0,0,0,T20I # 628
South Africa Vs Bangladesh,South Africa,Robbie Frylinck,2,0,9,1,4.50,6,1,0,0,0,T20I # 628
South Africa Vs Bangladesh,South Africa,Dwaine Pretorius,3,0,27,1,9.00,6,3,1,0,0,T20I # 628
South Africa Vs Bangladesh,South Africa,Aaron Phangiso,4,0,31,2,7.75,7,2,1,1,0,T20I # 628
South Africa Vs Bangladesh,South Africa,Andile Phehlukwayo,3,0,21,1,7.00,7,2,0,2,2,T20I # 628
Pakistan Vs Sri Lanka,Sri Lanka,Vikum Sanjaya,1,3,0,1,2,4,0,26,6.50,5,T20I # 629
Pakistan Vs Sri Lanka,Sri Lanka,Dilshan Munaweera,1,0,0,1,0,3,0,32,10.66,4,T20I # 629
Pakistan Vs Sri Lanka,Sri Lanka,Isuru Udana,4,1,0,1,0,2,0,16,8.00,1,T20I # 629
Pakistan Vs Sri Lanka,Sri Lanka,Danushka Gunathilaka,1,0,1,0,0,4,0,28,7.00,5,T20I # 629
Pakistan Vs Sri Lanka,Sri Lanka,Thisara Perera,2,0,1,0,0,1,0,8,8.00,1,T20I # 629
Pakistan Vs Sri Lanka,Sri Lanka,Sachith Pathirana,1,0,0,0,0,1,0,14,14.00,0,T20I # 629
Pakistan Vs Sri Lanka,Sri Lanka,Chaturanga de Silva,1,1,0,0,0,1,0,13,13.00,0,T20I # 629
Pakistan Vs Sri Lanka,Sri Lanka,Dasun Shanaka,2,0,0,0,0,9,7,1,0,128.57,T20I # 629
Pakistan Vs Sri Lanka,Pakistan,Imad Wasim,1,0,2,1,0,11,5.50,4,1,0,T20I # 629
Pakistan Vs Sri Lanka,Pakistan,Mohammad Amir,0,0,4,4,0,19,4.75,10,1,0,T20I # 629
Pakistan Vs Sri Lanka,Pakistan,Mohammad Hafeez,0,0,2,1,0,31,15.50,2,2,3,T20I # 629
Pakistan Vs Sri Lanka,Pakistan,Faheem Ashraf,0,0,4,2,0,39,9.75,3,2,2,T20I # 629
India Vs New Zealand,New Zealand,Mitchell Santner,4,0,30,0,7.50,9,3,1,0,0,T20I # 630
India Vs New Zealand,New Zealand,Trent Boult,4,0,49,1,12.25,8,7,2,0,0,T20I # 630
India Vs New Zealand,New Zealand,Tim Southee,4,0,44,0,11.00,5,1,4,1,0,T20I # 630
India Vs New Zealand,New Zealand,Colin de Grandhomme,3,0,34,0,11.33,3,3,1,0,2,T20I # 630
India Vs New Zealand,New Zealand,Ish Sodhi,4,0,25,2,6.25,8,1,1,0,0,T20I # 630
India Vs New Zealand,New Zealand,Colin Munro,1,0,14,0,14.00,0,1,1,0,0,T20I # 630
India Vs New Zealand,India,Ashish Nehra,4,0,29,0,7.25,11,3,0,3,1,T20I # 630
India Vs New Zealand,India,Yuzvendra Chahal,4,0,26,2,6.50,10,2,1,0,0,T20I # 630
India Vs New Zealand,India,Bhuvneshwar Kumar,3,0,23,1,7.66,10,1,2,0,0,T20I # 630
India Vs New Zealand,India,Jasprit Bumrah,4,0,37,1,9.25,12,5,1,2,0,T20I # 630
India Vs New Zealand,India,Axar Patel,4,0,20,2,5.00,6,0,0,0,0,T20I # 630
India Vs New Zealand,India,Hardik Pandya,1,0,11,1,11.00,1,2,0,0,0,T20I # 630
New Zealand Vs India,India,Bhuvneshwar Kumar,4,0,29,0,7.25,11,4,0,2,0,T20I # 631
New Zealand Vs India,India,Mohammed Siraj,4,0,53,1,13.25,4,5,3,1,0,T20I # 631
New Zealand Vs India,India,Jasprit Bumrah,4,0,23,0,5.75,9,2,0,0,0,T20I # 631
New Zealand Vs India,India,Yuzvendra Chahal,4,0,36,1,9.00,9,1,3,2,0,T20I # 631
New Zealand Vs India,India,Axar Patel,3,0,39,0,13.00,3,1,3,1,0,T20I # 631
New Zealand Vs India,India,Hardik Pandya,1,0,14,0,14.00,1,1,1,0,0,T20I # 631
New Zealand Vs India,New Zealand,Adam Milne,4,0,30,0,7.50,10,4,0,1,0,T20I # 631
New Zealand Vs India,New Zealand,Trent Boult,4,0,34,4,8.50,10,5,1,0,0,T20I # 631
New Zealand Vs India,New Zealand,Colin de Grandhomme,1,0,10,0,10.00,2,2,0,0,0,T20I # 631
New Zealand Vs India,New Zealand,Mitchell Santner,4,0,31,1,7.75,7,3,1,0,0,T20I # 631
New Zealand Vs India,New Zealand,Ish Sodhi,4,0,25,1,6.25,9,0,2,0,0,T20I # 631
New Zealand Vs India,New Zealand,Colin Munro,3,0,23,1,7.66,3,2,0,0,0,T20I # 631
India Vs New Zealand,New Zealand,Trent Boult,2,0,13,1,6.50,5,1,0,0,0,T20I # 632
India Vs New Zealand,New Zealand,Mitchell Santner,2,0,16,0,8.00,6,1,1,0,0,T20I # 632
India Vs New Zealand,New Zealand,Tim Southee,2,0,13,2,6.50,4,1,0,0,0,T20I # 632
India Vs New Zealand,New Zealand,Ish Sodhi,2,0,23,2,11.50,3,1,2,1,0,T20I # 632
India Vs New Zealand,India,Bhuvneshwar Kumar,2,0,18,1,9.00,5,2,1,0,0,T20I # 632
India Vs New Zealand,India,Jasprit Bumrah,2,0,9,2,4.50,8,1,0,1,0,T20I # 632
India Vs New Zealand,India,Yuzvendra Chahal,2,0,8,0,4.00,6,0,0,0,0,T20I # 632
India Vs New Zealand,India,Kuldeep Yadav,1,0,10,1,10.00,2,0,1,0,0,T20I # 632
India Vs New Zealand,India,Hardik Pandya,1,0,11,0,11.00,2,0,1,1,0,T20I # 632
India Vs Sri Lanka,Sri Lanka,Vishwa Fernando,2,0,16,0,8.00,5,2,0,0,0,T20I # 633
India Vs Sri Lanka,Sri Lanka,Akila Dananjaya,4,0,30,0,7.50,6,4,0,0,0,T20I # 633
India Vs Sri Lanka,Sri Lanka,Dushmantha Chameera,3,0,38,0,12.66,3,5,1,2,0,T20I # 633
India Vs Sri Lanka,Sri Lanka,Angelo Mathews,3,0,19,1,6.33,7,1,1,0,0,T20I # 633
India Vs Sri Lanka,Sri Lanka,Thisara Perera,4,0,37,1,9.25,3,3,1,0,0,T20I # 633
India Vs Sri Lanka,Sri Lanka,Nuwan Pradeep,4,0,38,1,9.50,6,3,1,2,1,T20I # 633
India Vs Sri Lanka,India,Hardik Pandya,4,0,29,3,7.25,10,0,1,1,0,T20I # 633
India Vs Sri Lanka,India,Jaydev Unadkat,2,0,7,1,3.50,8,1,0,0,0,T20I # 633
India Vs Sri Lanka,India,Yuzvendra Chahal,4,0,23,4,5.75,12,1,1,1,0,T20I # 633
India Vs Sri Lanka,India,Jasprit Bumrah,2,0,10,0,5.00,8,2,0,0,0,T20I # 633
India Vs Sri Lanka,India,Kuldeep Yadav,4,0,18,2,4.50,9,0,0,0,0,T20I # 633
India Vs Sri Lanka,Sri Lanka,Angelo Mathews,2.2,0,16,0,6.85,7,3,0,0,0,T20I # 634
India Vs Sri Lanka,Sri Lanka,Dushmantha Chameera,4,0,45,1,11.25,11,2,5,0,0,T20I # 634
India Vs Sri Lanka,Sri Lanka,Nuwan Pradeep,4,0,61,2,15.25,5,5,5,2,0,T20I # 634
India Vs Sri Lanka,Sri Lanka,Akila Dananjaya,3.4,0,49,0,13.36,7,4,4,2,0,T20I # 634
India Vs Sri Lanka,Sri Lanka,Thisara Perera,4,0,49,2,12.25,7,3,4,2,0,T20I # 634
India Vs Sri Lanka,Sri Lanka,Chaturanga de Silva,1,0,16,0,16.00,1,2,1,0,0,T20I # 634
India Vs Sri Lanka,Sri Lanka,Asela Gunaratne,1,0,21,0,21.00,1,2,2,0,0,T20I # 634
India Vs Sri Lanka,India,Jaydev Unadkat,3,0,22,1,7.33,5,3,0,0,0,T20I # 634
India Vs Sri Lanka,India,Jasprit Bumrah,3,0,21,0,7.00,7,0,1,2,0,T20I # 634
India Vs Sri Lanka,India,Kuldeep Yadav,4,0,52,3,13.00,5,4,4,1,0,T20I # 634
India Vs Sri Lanka,India,Hardik Pandya,3.2,0,23,1,6.90,6,1,1,0,0,T20I # 634
India Vs Sri Lanka,India,Yuzvendra Chahal,4,0,52,4,13.00,8,3,4,4,0,T20I # 634
Sri Lanka Vs India,India,Washington Sundar,4,0,22,1,5.50,11,3,0,0,0,T20I # 635
Sri Lanka Vs India,India,Jaydev Unadkat,4,0,15,2,3.75,15,1,0,1,0,T20I # 635
Sri Lanka Vs India,India,Mohammed Siraj,4,0,45,1,11.25,6,6,1,2,0,T20I # 635
Sri Lanka Vs India,India,Hardik Pandya,4,0,25,2,6.25,11,1,1,3,0,T20I # 635
Sri Lanka Vs India,India,Kuldeep Yadav,4,0,26,1,6.50,6,2,0,0,0,T20I # 635
Sri Lanka Vs India,Sri Lanka,Akila Dananjaya,4,0,27,0,6.75,10,2,1,1,0,T20I # 635
Sri Lanka Vs India,Sri Lanka,Dushmantha Chameera,4,0,22,2,5.50,13,2,0,2,0,T20I # 635
Sri Lanka Vs India,Sri Lanka,Thisara Perera,3.2,0,22,0,6.60,7,2,0,0,0,T20I # 635
Sri Lanka Vs India,Sri Lanka,Nuwan Pradeep,4,0,36,0,9.00,6,3,1,0,0,T20I # 635
Sri Lanka Vs India,Sri Lanka,Dasun Shanaka,4,0,27,2,6.75,10,2,1,0,0,T20I # 635
New Zealand Vs West Indies,West Indies,Samuel Badree,4,0,22,1,5.50,15,4,0,0,0,T20I # 636
New Zealand Vs West Indies,West Indies,Jerome Taylor,4,0,41,2,10.25,3,4,1,0,0,T20I # 636
New Zealand Vs West Indies,West Indies,Kesrick Williams,4,0,52,1,13.00,8,3,3,0,4,T20I # 636
New Zealand Vs West Indies,West Indies,Carlos Brathwaite,4,0,38,2,9.50,5,4,1,0,0,T20I # 636
New Zealand Vs West Indies,West Indies,Ashley Nurse,4,0,32,1,8.00,3,2,1,0,0,T20I # 636
New Zealand Vs West Indies,New Zealand,Seth Rance,4,0,30,3,7.50,8,4,0,1,0,T20I # 636
New Zealand Vs West Indies,New Zealand,Tim Southee,4,0,36,3,9.00,11,4,2,0,0,T20I # 636
New Zealand Vs West Indies,New Zealand,Doug Bracewell,2,0,10,2,5.00,5,1,0,0,0,T20I # 636
New Zealand Vs West Indies,New Zealand,Anaru Kitchen,1,0,10,0,10.00,2,2,0,0,0,T20I # 636
New Zealand Vs West Indies,New Zealand,Mitchell Santner,4,0,21,1,5.25,11,0,1,0,0,T20I # 636
New Zealand Vs West Indies,New Zealand,Ish Sodhi,4,0,30,1,7.50,7,1,2,0,0,T20I # 636
