match,bowlingTeam,bowlerName,overs,maiden,runs,wickets,economy,0s,4s,6s,wides,noBalls,match_id
Sri Lanka Vs India,India,Jasprit Bumrah,23,5.75,12,1,3,0,1,0,4,0,T20I # 1026
Sri Lanka Vs India,India,Shardul Thakur,18,4.50,13,3,2,0,1,0,4,0,T20I # 1026
Sri Lanka Vs India,India,Navdeep Saini,29,7.25,6,2,2,1,0,0,4,0,T20I # 1026
Sri Lanka Vs India,India,Washington Sundar,38,9.50,6,1,2,2,0,0,45,32,T20I # 1026
Sri Lanka Vs India,India,Kuldeep Yadav,6,0,140.62,2,32,29,2,0,110.34,34,T20I # 1026
Sri Lanka Vs India,Sri Lanka,Lasith Malinga,0,0,2,0,0,15,7.50,2,1,0,T20I # 1026
Sri Lanka Vs India,Sri Lanka,Lahiru Kumara,0,0,4,1,0,26,6.50,6,2,0,T20I # 1026
Sri Lanka Vs India,Sri Lanka,Dhananjaya de Silva,0,0,4,0,0,30,7.50,6,2,1,T20I # 1026
India Vs Sri Lanka,Sri Lanka,Lasith Malinga,0,3,0,0,38,12.66,4,5,1,1,T20I # 1027
India Vs Sri Lanka,Sri Lanka,Angelo Mathews,0,1,0,0,13,13.00,1,1,1,0,T20I # 1027
India Vs Sri Lanka,Sri Lanka,Dhananjaya de Silva,0,4,0,0,46,11.50,4,6,1,1,T20I # 1027
India Vs Sri Lanka,Sri Lanka,Lahiru Kumara,0,4,0,1,27,6.75,7,1,1,0,T20I # 1027
India Vs Sri Lanka,Sri Lanka,Wanindu Hasaranga,0,4,0,1,35,8.75,5,3,1,0,T20I # 1027
India Vs Sri Lanka,Sri Lanka,Lakshan Sandakan,0,1,2,3,0,0,50.00,9,7,0,T20I # 1027
India Vs Sri Lanka,India,Jasprit Bumrah,0,28,7.30,1,13,5,0,2,0,4,T20I # 1027
India Vs Sri Lanka,India,Shardul Thakur,0,37,9.25,2,8,1,3,0,0,3,T20I # 1027
Ireland Vs West Indies,West Indies,Sheldon Cottrell,0,3,0,2,45,15.00,3,3,3,2,T20I # 1028
Ireland Vs West Indies,West Indies,Khary Pierre,0,3,0,2,48,16.00,2,3,4,1,T20I # 1028
Ireland Vs West Indies,West Indies,Kesrick Williams,1,4,0,0,28,7.00,11,1,2,1,T20I # 1028
Ireland Vs West Indies,West Indies,Dwayne Bravo,0,4,0,2,25,6.25,14,0,2,1,T20I # 1028
Ireland Vs West Indies,West Indies,Hayden Walsh,0,2,0,1,22,11.00,1,2,0,1,T20I # 1028
Ireland Vs West Indies,West Indies,Kieron Pollard,1,22,14,0,3,1,157.14,53,29,6,T20I # 1028
Ireland Vs West Indies,Ireland,Simi Singh,0,4,0,1,29,7.25,13,4,1,0,T20I # 1028
Ireland Vs West Indies,Ireland,Barry McCarthy,0,4,0,0,31,7.75,8,3,1,0,T20I # 1028
Ireland Vs West Indies,Ireland,Josh Little,0,4,0,3,51,12.75,7,0,6,3,T20I # 1028
Ireland Vs West Indies,West Indies,Sheldon Cottrell,0,38,9.50,2,6,3,2,0,0,2,T20I # 1029
Ireland Vs West Indies,West Indies,Romario Shepherd,0,21,10.50,1,3,2,1,0,0,2,T20I # 1029
Ireland Vs West Indies,West Indies,Khary Pierre,0,32,16.00,0,3,1,4,0,0,3,T20I # 1029
Ireland Vs West Indies,West Indies,Hayden Walsh,0,18,6.00,0,4,1,0,1,0,4,T20I # 1029
Ireland Vs West Indies,West Indies,Dwayne Bravo,0,25,6.25,0,8,0,1,0,0,10,T20I # 1029
Ireland Vs West Indies,West Indies,Kieron Pollard,5,1,1,4,200.00,2,3,0,0,66.66,T20I # 1029
Ireland Vs West Indies,Ireland,Paul Stirling,3,0,0,1,0,0,0.1,0,0,0.00,T20I # 1029
Ireland Vs West Indies,West Indies,Sheldon Cottrell,37,9.25,8,0,3,2,1,0,4,0,T20I # 1030
Ireland Vs West Indies,West Indies,Romario Shepherd,17,4.25,13,1,1,0,0,0,3.1,0,T20I # 1030
Ireland Vs West Indies,West Indies,Kieron Pollard,19,6.00,7,3,2,0,0,0,1,0,T20I # 1030
Ireland Vs West Indies,West Indies,Dwayne Bravo,6,6.00,1,3,0,0,0,0,3,0,T20I # 1030
Ireland Vs West Indies,West Indies,Hayden Walsh,21,7.00,6,0,1,1,0,0,91,40,T20I # 1030
Ireland Vs West Indies,West Indies,Sherfane Rutherford,5,10,227.50,1,46,25,4,3,184.00,1,T20I # 1030
Ireland Vs West Indies,Ireland,Paul Stirling,3,3,1,0,0,3,0,41,13.66,5,T20I # 1030
Ireland Vs West Indies,Ireland,Barry McCarthy,2,4,0,0,0,2,0,25,12.50,4,T20I # 1030
Ireland Vs West Indies,Ireland,Simi Singh,2,2,1,1,0,2,0,22,11.00,3,T20I # 1030
Ireland Vs West Indies,Ireland,Josh Little,1,2,0,0,0,1,0,16,16.00,3,T20I # 1030
New Zealand Vs India,India,Jasprit Bumrah,2,0,3,1,0,44,14.66,5,3,4,T20I # 1031
New Zealand Vs India,India,Shardul Thakur,0,0,4,1,0,53,13.25,6,5,3,T20I # 1031
New Zealand Vs India,India,Mohammed Shami,3,0,4,0,0,32,8.00,8,5,0,T20I # 1031
New Zealand Vs India,India,Yuzvendra Chahal,0,0,3,1,0,24,8.00,7,1,2,T20I # 1031
New Zealand Vs India,India,Shivam Dube,0,0,2,1,0,18,9.00,2,1,1,T20I # 1031
New Zealand Vs India,India,Ravindra Jadeja,0,0,7,1,6,0,1,116.66,56,27,T20I # 1031
New Zealand Vs India,New Zealand,Tim Southee,5,4,3,0,2,0,4,0,36,9.00,T20I # 1031
New Zealand Vs India,New Zealand,Mitchell Santner,3,4,0,1,1,0,3,0,34,11.33,T20I # 1031
New Zealand Vs India,New Zealand,Hamish Bennett,4,1,2,0,1,1,4,0,36,9.00,T20I # 1031
Bangladesh Vs Pakistan,Pakistan,Imad Wasim,1,0,4,0,0,23,5.75,11,3,0,T20I # 1032
Bangladesh Vs Pakistan,Pakistan,Shaheen Shah Afridi,0,0,4,1,0,36,9.00,6,4,1,T20I # 1032
Bangladesh Vs Pakistan,Pakistan,Mohammad Hasnain,0,0,4,0,0,32,8.00,6,4,0,T20I # 1032
Bangladesh Vs Pakistan,Pakistan,Haris Rauf,1,0,1,1,0,6,6.00,1,0,0,T20I # 1032
Bangladesh Vs Pakistan,Pakistan,Shoaib Malik,0,0,4,0,0,26,6.50,10,0,2,T20I # 1032
Bangladesh Vs Pakistan,Pakistan,Shadab Khan,2,0,0,1,2,0,0,0.00,36,32,T20I # 1032
Bangladesh Vs Pakistan,Bangladesh,Shafiul Islam,6,0,1,2,0,4,0,18,4.50,11,T20I # 1032
Bangladesh Vs Pakistan,Bangladesh,Mustafizur Rahman,1,0,0,1,0,2.3,0,22,8.80,1,T20I # 1032
Bangladesh Vs Pakistan,Bangladesh,Al-Amin Hossain,2,0,0,1,0,4,0,28,7.00,2,T20I # 1032
Bangladesh Vs Pakistan,Bangladesh,Soumya Sarkar,2,0,0,0,0,1,0,6,6.00,0,T20I # 1032
Bangladesh Vs Pakistan,Pakistan,Imad Wasim,0,4,0,0,22,5.50,8,1,0,1,T20I # 1033
Bangladesh Vs Pakistan,Pakistan,Shaheen Shah Afridi,0,4,0,1,20,5.00,12,2,0,1,T20I # 1033
Bangladesh Vs Pakistan,Pakistan,Mohammad Hasnain,1,4,0,2,27,6.75,11,4,0,1,T20I # 1033
Bangladesh Vs Pakistan,Pakistan,Haris Rauf,0,3,0,1,28,9.33,7,4,1,0,T20I # 1033
Bangladesh Vs Pakistan,Pakistan,Shadab Khan,0,2,0,1,9,4.50,3,0,0,0,T20I # 1033
Bangladesh Vs Pakistan,Pakistan,Shoaib Malik,0,1,0,0,12,12.00,0,0,1,0,T20I # 1033
Bangladesh Vs Pakistan,Pakistan,Iftikhar Ahmed,0,66,44,0,7,1,150.00,0,7,0,T20I # 1033
Bangladesh Vs Pakistan,Bangladesh,Mahedi Hasan,27,9.00,8,0,5,0,1,0,3,0,T20I # 1033
Bangladesh Vs Pakistan,Bangladesh,Shafiul Islam,17,5.66,9,1,2,0,1,0,3,0,T20I # 1033
Bangladesh Vs Pakistan,Bangladesh,Al-Amin Hossain,29,9.66,4,0,2,1,1,0,2,0,T20I # 1033
Bangladesh Vs Pakistan,Bangladesh,Mustafizur Rahman,16,8.00,2,0,2,0,0,0,1,0,T20I # 1033
Bangladesh Vs Pakistan,Bangladesh,Aminul Islam,16,16.00,1,0,2,1,0,0,0.4,0,T20I # 1033
New Zealand Vs India,India,Shardul Thakur,2,0,21,1,10.50,8,2,2,1,0,T20I # 1034
New Zealand Vs India,India,Mohammed Shami,4,0,22,0,5.50,11,2,0,0,0,T20I # 1034
New Zealand Vs India,India,Jasprit Bumrah,4,0,21,1,5.25,9,0,1,0,0,T20I # 1034
New Zealand Vs India,India,Yuzvendra Chahal,4,0,33,0,8.25,5,2,1,0,0,T20I # 1034
New Zealand Vs India,India,Shivam Dube,2,0,16,1,8.00,4,1,1,0,0,T20I # 1034
New Zealand Vs India,India,Ravindra Jadeja,4,0,18,2,4.50,9,0,0,2,0,T20I # 1034
New Zealand Vs India,New Zealand,Tim Southee,3.3,0,20,2,5.71,12,2,1,0,0,T20I # 1034
New Zealand Vs India,New Zealand,Hamish Bennett,3,0,29,0,9.66,8,2,1,1,0,T20I # 1034
New Zealand Vs India,New Zealand,Blair Tickner,3,0,34,0,11.33,3,2,2,0,0,T20I # 1034
New Zealand Vs India,New Zealand,Mitchell Santner,4,0,19,0,4.75,10,1,0,0,0,T20I # 1034
New Zealand Vs India,New Zealand,Ish Sodhi,4,0,33,1,8.25,5,0,2,2,0,T20I # 1034
India Vs New Zealand,New Zealand,Tim Southee,4,0,39,0,9.75,7,2,2,2,0,T20I # 1035
India Vs New Zealand,New Zealand,Hamish Bennett,4,0,54,3,13.50,4,3,4,0,0,T20I # 1035
India Vs New Zealand,New Zealand,Scott Kuggeleijn,2,0,10,0,5.00,5,1,0,0,0,T20I # 1035
India Vs New Zealand,New Zealand,Mitchell Santner,4,0,37,1,9.25,5,2,2,0,0,T20I # 1035
India Vs New Zealand,New Zealand,Ish Sodhi,4,0,23,0,5.75,8,2,0,0,0,T20I # 1035
India Vs New Zealand,New Zealand,Colin de Grandhomme,2,0,13,1,6.50,3,1,0,0,0,T20I # 1035
India Vs New Zealand,India,Shardul Thakur,3,0,21,2,7.00,10,1,2,0,0,T20I # 1035
India Vs New Zealand,India,Mohammed Shami,4,0,32,2,8.00,9,2,2,0,0,T20I # 1035
India Vs New Zealand,India,Jasprit Bumrah,4,0,45,0,11.25,8,6,2,0,0,T20I # 1035
India Vs New Zealand,India,Yuzvendra Chahal,4,0,36,1,9.00,8,4,1,0,0,T20I # 1035
India Vs New Zealand,India,Ravindra Jadeja,4,0,23,1,5.75,11,0,2,0,0,T20I # 1035
India Vs New Zealand,India,Shivam Dube,1,0,14,0,14.00,0,1,1,0,0,T20I # 1035
India Vs New Zealand,New Zealand,Tim Southee,4,0,28,1,7.00,7,1,0,2,0,T20I # 1036
India Vs New Zealand,New Zealand,Scott Kuggeleijn,4,0,39,1,9.75,12,4,2,3,1,T20I # 1036
India Vs New Zealand,New Zealand,Mitchell Santner,4,0,26,1,6.50,11,1,1,0,0,T20I # 1036
India Vs New Zealand,New Zealand,Hamish Bennett,4,0,41,2,10.25,7,6,0,1,0,T20I # 1036
India Vs New Zealand,New Zealand,Ish Sodhi,4,0,26,3,6.50,8,2,0,0,0,T20I # 1036
India Vs New Zealand,India,Shardul Thakur,4,0,33,2,8.25,9,4,1,1,0,T20I # 1036
India Vs New Zealand,India,Navdeep Saini,4,0,29,0,7.25,12,3,1,1,0,T20I # 1036
India Vs New Zealand,India,Jasprit Bumrah,4,0,20,1,5.00,11,2,0,0,0,T20I # 1036
India Vs New Zealand,India,Yuzvendra Chahal,4,0,38,1,9.50,4,1,2,1,0,T20I # 1036
India Vs New Zealand,India,Washington Sundar,2,0,24,0,12.00,3,3,1,0,0,T20I # 1036
India Vs New Zealand,India,Shivam Dube,2,0,14,0,7.00,3,0,1,0,0,T20I # 1036
India Vs New Zealand,New Zealand,Tim Southee,3,1,0,0,4,0,25,6.25,14,1,T20I # 1037
India Vs New Zealand,New Zealand,Scott Kuggeleijn,1,1,0,2,4,0,21,5.25,11,2,T20I # 1037
India Vs New Zealand,New Zealand,Hamish Bennett,0,0,0,1,4,0,28,7.00,9,1,T20I # 1037
India Vs New Zealand,New Zealand,Ish Sodhi,2,0,0,0,4,0,36,9.00,5,1,T20I # 1037
India Vs New Zealand,New Zealand,Mitchell Santner,2,0,0,0,2,6,0,0,33.33,15,T20I # 1037
India Vs New Zealand,India,Washington Sundar,0,4,0,1,23,5.75,14,4,0,0,T20I # 1037
India Vs New Zealand,India,Jasprit Bumrah,0,4,0,3,38,9.50,8,3,2,2,T20I # 1037
India Vs New Zealand,India,Navdeep Saini,0,4,0,2,28,7.00,7,1,1,1,T20I # 1037
India Vs New Zealand,India,Shardul Thakur,0,1,0,2,34,34.00,0,2,4,0,T20I # 1037
Qatar Vs Uganda,Uganda,Charles Waiswa,1,2,3,0,8,0,2,0,32,16.00,T20I # 1038
Qatar Vs Uganda,Uganda,Trevor Bukenya,3,5,1,0,1,3,4,0,25,6.25,T20I # 1038
Qatar Vs Uganda,Uganda,Frank Nsubuga,13,2,1,1,1,0,4,0,22,5.50,T20I # 1038
Qatar Vs Uganda,Uganda,Henry Ssenyondo,11,3,0,0,0,0,4,0,45,11.25,T20I # 1038
Qatar Vs Uganda,Uganda,Roger Mukasa,5,0,5,0,0,0,4,0,37,9.25,T20I # 1038
Qatar Vs Uganda,Uganda,Deusdedit Muhumuza,4,3,1,0,0,0,8,21,1,0,T20I # 1038
Qatar Vs Uganda,Qatar,Awais Malik,7.25,13,3,2,1,3,0,4,0,18,T20I # 1038
Qatar Vs Uganda,Qatar,Gayan Munaweera,4.50,10,0,1,0,2,0,4,0,34,T20I # 1038
Qatar Vs Uganda,Qatar,Iqbal Hussain,8.50,14,5,1,1,3,0,2,0,35,T20I # 1038
Qatar Vs Uganda,Qatar,Mohammed Nadeem,17.50,3,2,1,4,0,0,2,0,12,T20I # 1038
South Africa Vs England,England,Moeen Ali,4,0,22,1,5.50,9,1,0,0,0,T20I # 1039
South Africa Vs England,England,Tom Curran,3,0,41,1,13.66,4,5,2,1,0,T20I # 1039
South Africa Vs England,England,Mark Wood,3,0,32,1,10.66,5,3,1,0,1,T20I # 1039
South Africa Vs England,England,Chris Jordan,3,0,28,2,9.33,7,2,2,0,0,T20I # 1039
South Africa Vs England,England,Adil Rashid,4,0,23,1,5.75,9,2,0,0,0,T20I # 1039
South Africa Vs England,England,Ben Stokes,3,0,24,1,8.00,4,2,0,2,1,T20I # 1039
South Africa Vs England,South Africa,Dale Steyn,4,0,33,1,8.25,9,6,0,0,0,T20I # 1039
South Africa Vs England,South Africa,Lungi Ngidi,4,0,30,3,7.50,9,2,1,0,0,T20I # 1039
South Africa Vs England,South Africa,JJ Smuts,1,0,22,0,22.00,1,2,2,0,0,T20I # 1039
South Africa Vs England,South Africa,Andile Phehlukwayo,4,0,32,2,8.00,3,3,0,0,0,T20I # 1039
South Africa Vs England,South Africa,Tabraiz Shamsi,4,0,25,0,6.25,6,2,0,0,0,T20I # 1039
South Africa Vs England,South Africa,Beuran Hendricks,3,0,33,2,11.00,5,5,1,0,0,T20I # 1039
Qatar Vs Uganda,Uganda,Frank Nsubuga,0,1,0,0,4,0,36,9.00,9,4,T20I # 1040
Qatar Vs Uganda,Uganda,Charles Waiswa,1,0,1,1,4,0,18,4.50,9,0,T20I # 1040
Qatar Vs Uganda,Uganda,Henry Ssenyondo,0,0,0,0,4,0,37,9.25,7,1,T20I # 1040
Qatar Vs Uganda,Uganda,Frank Akankwasa,3,0,0,1,4,0,41,10.25,9,4,T20I # 1040
Qatar Vs Uganda,Uganda,Trevor Bukenya,2,2,0,1,8,13,1,0,61.53,24,T20I # 1040
Qatar Vs Uganda,Qatar,Gayan Munaweera,1,0,1,0,4,0,21,5.25,14,0,T20I # 1040
Qatar Vs Uganda,Qatar,Awais Malik,1,0,0,2,4,0,30,7.50,10,3,T20I # 1040
Qatar Vs Uganda,Qatar,Musawar Shah,1,1,0,0,4,0,28,7.00,12,1,T20I # 1040
England Vs South Africa,South Africa,Bjorn Fortuin,2,0,15,0,7.50,5,1,1,0,0,T20I # 1041
England Vs South Africa,South Africa,Beuran Hendricks,3,0,45,0,15.00,4,4,3,1,0,T20I # 1041
England Vs South Africa,South Africa,Lungi Ngidi,4,0,48,3,12.00,8,5,3,0,0,T20I # 1041
England Vs South Africa,South Africa,Andile Phehlukwayo,4,0,47,2,11.75,5,2,4,0,0,T20I # 1041
England Vs South Africa,South Africa,Tabraiz Shamsi,4,0,30,1,7.50,7,2,1,1,0,T20I # 1041
England Vs South Africa,South Africa,Dwaine Pretorius,3,0,17,1,5.66,6,0,1,0,0,T20I # 1041
England Vs South Africa,England,Moeen Ali,3,0,36,0,12.00,5,2,3,0,0,T20I # 1041
England Vs South Africa,England,Tom Curran,4,0,45,2,11.25,8,2,4,1,0,T20I # 1041
England Vs South Africa,England,Chris Jordan,4,0,31,2,7.75,6,1,1,1,0,T20I # 1041
England Vs South Africa,England,Adil Rashid,3,0,34,0,11.33,5,1,3,0,0,T20I # 1041
England Vs South Africa,England,Mark Wood,4,0,39,2,9.75,8,2,3,1,0,T20I # 1041
England Vs South Africa,England,Ben Stokes,2,0,16,1,8.00,4,1,1,0,0,T20I # 1041
Uganda Vs Qatar,Qatar,Gayan Munaweera,1,0,3,1,0,19,6.33,-,-,-,T20I # 1042
Uganda Vs Qatar,Qatar,Awais Malik,6,0,4,1,0,20,5.00,-,-,-,T20I # 1042
Uganda Vs Qatar,Qatar,Musawar Shah,0,0,4,1,0,20,5.00,-,-,-,T20I # 1042
Uganda Vs Qatar,Qatar,Mohammed Nadeem,0,0,4,0,0,41,10.25,-,-,-,T20I # 1042
Uganda Vs Qatar,Qatar,Iqbal Hussain,0,0,1,2,0,11,11.00,-,-,-,T20I # 1042
Uganda Vs Qatar,Qatar,Muhammad Tanveer,0,0,44,0,33,7,1,133.33,23,13,T20I # 1042
Uganda Vs Qatar,Uganda,Frank Nsubuga,4,0,34,1,8.50,-,-,-,0,0,T20I # 1042
Uganda Vs Qatar,Uganda,Charles Waiswa,3.4,1,13,2,3.54,-,-,-,0,0,T20I # 1042
Uganda Vs Qatar,Uganda,Henry Ssenyondo,4,0,19,0,4.75,-,-,-,1,1,T20I # 1042
South Africa Vs England,England,Moeen Ali,1,0,11,0,11.00,1,2,0,0,0,T20I # 1043
South Africa Vs England,England,Tom Curran,4,0,33,2,8.25,9,3,1,2,0,T20I # 1043
South Africa Vs England,England,Mark Wood,3,0,47,1,15.66,4,5,3,3,0,T20I # 1043
South Africa Vs England,England,Chris Jordan,4,0,49,0,12.25,7,3,4,2,0,T20I # 1043
South Africa Vs England,England,Adil Rashid,4,0,42,1,10.50,3,1,3,1,0,T20I # 1043
South Africa Vs England,England,Ben Stokes,4,0,35,2,8.75,5,1,2,1,0,T20I # 1043
South Africa Vs England,South Africa,Dale Steyn,4,0,43,0,10.75,9,6,2,0,0,T20I # 1043
South Africa Vs England,South Africa,Lungi Ngidi,4,0,55,2,13.75,6,3,5,1,0,T20I # 1043
South Africa Vs England,South Africa,Andile Phehlukwayo,3.1,0,34,1,10.73,6,3,2,1,0,T20I # 1043
South Africa Vs England,South Africa,Tabraiz Shamsi,3,0,40,1,13.33,3,3,3,1,0,T20I # 1043
South Africa Vs England,South Africa,Dwaine Pretorius,4,0,40,1,10.00,5,3,2,0,0,T20I # 1043
South Africa Vs England,South Africa,Bjorn Fortuin,1,0,14,0,14.00,1,1,1,0,0,T20I # 1043
Malaysia Vs Hong Kong,Hong Kong,Aizaz Khan,1,2,0,1,11,5.50,0,0,3,0,T20I # 1044
Malaysia Vs Hong Kong,Hong Kong,Mohsin Khan,15,5.00,0,0,0,3,0,21,7.00,0,T20I # 1044
Malaysia Vs Hong Kong,Hong Kong,Kinchit Shah,0,4,0,1,33,8.25,0,0,1,0,T20I # 1044
Malaysia Vs Hong Kong,Hong Kong,Ehsan Khan,11,11.00,0,0,0,26,21,3,0,123.80,T20I # 1044
Malaysia Vs Hong Kong,Hong Kong,Aftab Hussain,4,5,0,1,0,80.00,1,2,0,0,T20I # 1044
Malaysia Vs Hong Kong,Hong Kong,Haroon Arshad,50.00,0,3,0,0,0,0.00,18,14,2,T20I # 1044
Malaysia Vs Hong Kong,Hong Kong,Kinchit Shah,15,3.75,1,0,0,2,0,15,7.50,1,T20I # 1045
Malaysia Vs Hong Kong,Hong Kong,Aizaz Khan,0,3,0,2,26,8.66,2,0,4,0,T20I # 1045
Malaysia Vs Hong Kong,Hong Kong,Nasrulla Rana,27,6.75,0,0,0,3,0,27,9.00,0,T20I # 1045
Malaysia Vs Hong Kong,Hong Kong,Ehsan Khan,0,1,0,0,4,4.00,0,0,0,1,T20I # 1045
Malaysia Vs Hong Kong,Hong Kong,Aftab Hussain,0,0,0.00,2,2,5,0,0,40.00,0,T20I # 1045
Malaysia Vs Hong Kong,Hong Kong,Waqas Barkat,1,0,0,1,0.00,4,15,0,0,26.66,T20I # 1045
Malaysia Vs Hong Kong,Hong Kong,Haroon Arshad,10,15,1,0,0,66.66,9,11,1,0,T20I # 1045
Australia Vs South Africa,South Africa,Dale Steyn,4,0,31,2,7.75,11,5,0,2,0,T20I # 1046
Australia Vs South Africa,South Africa,Lungi Ngidi,3,0,37,1,12.33,7,4,2,1,0,T20I # 1046
Australia Vs South Africa,South Africa,Kagiso Rabada,3,0,45,0,15.00,4,6,2,2,0,T20I # 1046
Australia Vs South Africa,South Africa,Andile Phehlukwayo,4,0,35,1,8.75,8,4,1,2,0,T20I # 1046
Australia Vs South Africa,South Africa,Tabraiz Shamsi,4,0,31,2,7.75,6,0,1,5,0,T20I # 1046
Australia Vs South Africa,South Africa,JJ Smuts,2,0,15,0,7.50,2,1,0,0,0,T20I # 1046
Australia Vs South Africa,Australia,Mitchell Starc,3,0,23,1,7.66,12,3,0,3,0,T20I # 1046
Australia Vs South Africa,Australia,Kane Richardson,3,0,20,0,6.66,7,1,1,0,0,T20I # 1046
Australia Vs South Africa,Australia,Pat Cummins,2,0,13,2,6.50,6,2,0,0,0,T20I # 1046
Australia Vs South Africa,Australia,Adam Zampa,2.3,0,9,2,3.60,7,0,0,0,0,T20I # 1046
Australia Vs South Africa,Australia,Ashton Agar,4,0,24,5,6.00,12,2,1,0,0,T20I # 1046
Iran Vs United Arab Emirates,United Arab Emirates,Junaid Siddique,1,2,0.66,1,11,0,0,0,0,4,T20I # 1047
Iran Vs United Arab Emirates,United Arab Emirates,Sultan Ahmed,1,8,2.00,1,3,0,0,0,0,4,T20I # 1047
Iran Vs United Arab Emirates,United Arab Emirates,Zahoor Khan,1,6,1.50,1,-,-,-,0,0,4,T20I # 1047
Iran Vs United Arab Emirates,United Arab Emirates,Rohan Mustafa,0,24,6.00,2,-,-,-,1,0,3,T20I # 1047
Iran Vs United Arab Emirates,United Arab Emirates,Ahmed Raza,0,15,5.00,2,-,-,-,1,0,15,T20I # 1047
Iran Vs United Arab Emirates,United Arab Emirates,Waheed Ahmed,15,3,0,1,100.00,41,18,8,1,227.77,T20I # 1047
Iran Vs United Arab Emirates,Iran,Naiem Bameri,10.50,-,-,0,-,2,0,0.3,0,5,T20I # 1047
Qatar Vs Maldives,Maldives,Ibrahim Hassan,-,0,0,0,3,0,24,8.00,-,-,T20I # 1048
Qatar Vs Maldives,Maldives,Ameel Mauroof,-,1,0,1,3,0,33,11.00,-,-,T20I # 1048
Qatar Vs Maldives,Maldives,Leem Shafeeg,-,1,0,0,4,0,46,11.50,-,-,T20I # 1048
Qatar Vs Maldives,Maldives,Umar Adam,-,0,0,1,2,0,33,16.50,-,-,T20I # 1048
Qatar Vs Maldives,Maldives,Nilantha Cooray,-,0,0,0,2,0,15,7.50,-,-,T20I # 1048
Qatar Vs Maldives,Maldives,Ibrahim Rizan,-,0,0,0,3,0,32,10.66,-,-,T20I # 1048
Qatar Vs Maldives,Maldives,Ihala Kumara,-,1,0,2,1,3,0,0,33.33,26,T20I # 1048
Qatar Vs Maldives,Qatar,Gayan Munaweera,0,4,0,0,21,5.25,-,-,-,0,T20I # 1048
Qatar Vs Maldives,Qatar,Awais Malik,0,4,0,2,16,4.00,-,-,-,0,T20I # 1048
Qatar Vs Maldives,Qatar,Mohammed Nadeem,0,4,0,2,16,4.00,-,-,-,0,T20I # 1048
Qatar Vs Maldives,Qatar,Tamoor Sajjad,0,1,0,2,8,8.00,-,-,-,0,T20I # 1048
Saudi Arabia Vs Kuwait,Kuwait,Muhammad Ansar,34,8.50,-,3,-,-,0,0,4,1,T20I # 1049
Saudi Arabia Vs Kuwait,Kuwait,Wasantha Kumaranayaka,3,0.75,-,1,-,-,0,0,3,0,T20I # 1049
Saudi Arabia Vs Kuwait,Kuwait,Mohammed Aslam,19,6.33,-,2,-,-,3,0,3,0,T20I # 1049
Saudi Arabia Vs Kuwait,Kuwait,Sayed Monib,17,5.66,-,2,-,-,1,0,84,38,T20I # 1049
Saudi Arabia Vs Kuwait,Kuwait,Shiraz Khan,11,5,221.05,1,4,6,1,0,66.66,24,T20I # 1049
Saudi Arabia Vs Kuwait,Saudi Arabia,Adil Butt,-,-,0,1,0,1,0,17,17.00,-,T20I # 1049
Saudi Arabia Vs Kuwait,Saudi Arabia,Usman Ali,-,-,2,0,0,3,0,35,11.66,-,T20I # 1049
Saudi Arabia Vs Kuwait,Saudi Arabia,Abdul Wahid,-,-,0,0,0,2,0,31,15.50,-,T20I # 1049
Bahrain Vs Oman,Oman,Bilal Khan,23,11.50,-,3,-,-,0,0,2,0,T20I # 1050
Bahrain Vs Oman,Oman,Kaleemullah,9,4.50,-,0,-,-,1,0,2,0,T20I # 1050
Bahrain Vs Oman,Oman,Mohammad Nadeem,8,4.00,-,0,-,-,0,0,4,0,T20I # 1050
Bahrain Vs Oman,Oman,Wasim Ali,16,4.00,-,0,-,-,0,0,4,0,T20I # 1050
Bahrain Vs Oman,Oman,Khawar Ali,18,4.50,-,4,-,-,1,0,38,44,T20I # 1050
Bahrain Vs Oman,Oman,Aamir Kaleem,5,0,86.36,2,35,27,3,1,129.62,5,T20I # 1050
Bahrain Vs Oman,Bahrain,Imran Anwar,-,1,0,0,2,0,11,5.50,-,-,T20I # 1050
Bahrain Vs Oman,Bahrain,Sathaiya Veerapathiran,-,1,0,0,4,0,16,4.00,-,-,T20I # 1050
Bahrain Vs Oman,Bahrain,Sarfaraz Ali,-,0,0,0,1,0,8,8.00,-,-,T20I # 1050
Bahrain Vs Oman,Bahrain,Abdul Majid,-,0,0,2,1.2,0,6,4.50,-,-,T20I # 1050
Malaysia Vs Hong Kong,Hong Kong,Aizaz Khan,0,2,0,1,20,10.00,2,1,4,0,T20I # 1051
Malaysia Vs Hong Kong,Hong Kong,Kinchit Shah,27,6.75,0,1,0,2,0,19,9.50,0,T20I # 1051
Malaysia Vs Hong Kong,Hong Kong,Nasrulla Rana,0,2,0,0,28,14.00,1,0,2,0,T20I # 1051
Malaysia Vs Hong Kong,Hong Kong,Aftab Hussain,12,6.00,0,3,0,1,2,0,0,50.00,T20I # 1051
Malaysia Vs Hong Kong,Hong Kong,Ehsan Khan,10,12,0,0,0,83.33,4,12,0,0,T20I # 1051
Malaysia Vs Hong Kong,Hong Kong,Waqas Barkat,33.33,60,47,0,3,2,127.65,2,3,0,T20I # 1051
Malaysia Vs Hong Kong,Hong Kong,Haroon Arshad,0,66.66,38,4,31,3,0,122.58,6,5,T20I # 1051
South Africa Vs Australia,Australia,Mitchell Starc,4,0,38,0,9.50,6,4,1,1,0,T20I # 1052
South Africa Vs Australia,Australia,Pat Cummins,4,0,31,1,7.75,8,1,2,0,0,T20I # 1052
South Africa Vs Australia,Australia,Kane Richardson,4,0,21,2,5.25,10,2,0,0,0,T20I # 1052
South Africa Vs Australia,Australia,Adam Zampa,4,0,37,1,9.25,4,2,2,0,0,T20I # 1052
South Africa Vs Australia,Australia,Ashton Agar,4,0,28,0,7.00,7,1,1,0,0,T20I # 1052
South Africa Vs Australia,South Africa,Kagiso Rabada,4,0,27,1,6.75,5,2,0,1,0,T20I # 1052
South Africa Vs Australia,South Africa,Anrich Nortje,4,0,24,1,6.00,8,2,0,0,0,T20I # 1052
South Africa Vs Australia,South Africa,Lungi Ngidi,4,0,41,3,10.25,7,1,3,2,1,T20I # 1052
South Africa Vs Australia,South Africa,Dwaine Pretorius,4,0,29,1,7.25,5,3,0,0,0,T20I # 1052
South Africa Vs Australia,South Africa,Tabraiz Shamsi,4,0,17,0,4.25,9,0,0,0,0,T20I # 1052
Iran Vs Saudi Arabia,Saudi Arabia,Usman Ali,15,3.75,-,1,-,-,2,0,4,0,T20I # 1053
Iran Vs Saudi Arabia,Saudi Arabia,Adil Butt,21,5.25,-,2,-,-,3,0,3,0,T20I # 1053
Iran Vs Saudi Arabia,Saudi Arabia,Imran Yousaf,14,4.66,-,2,-,-,4,0,4,0,T20I # 1053
Iran Vs Saudi Arabia,Saudi Arabia,Abdul Wahid,14,3.50,-,0,-,-,5,0,1,0,T20I # 1053
Iran Vs Saudi Arabia,Saudi Arabia,Faisal Khan,2,2.00,-,2,-,-,1,0,24,13,T20I # 1053
Iran Vs Saudi Arabia,Saudi Arabia,Abdul Waheed,2,2,184.61,1,41,16,8,1,256.25,4,T20I # 1053
Iran Vs Saudi Arabia,Iran,Naiem Bameri,-,-,2,0,0,1.3,0,20,13.33,-,T20I # 1053
Iran Vs Saudi Arabia,Iran,Adel Kolasangiani,-,-,0,0,0,1,0,10,10.00,-,T20I # 1053
Qatar Vs Oman,Oman,Bilal Khan,1,0,2,1,0,15,7.50,-,-,-,T20I # 1054
Qatar Vs Oman,Oman,Kaleemullah,1,0,4,0,0,38,9.50,-,-,-,T20I # 1054
Qatar Vs Oman,Oman,Aamir Kaleem,2,0,2,0,0,9,4.50,-,-,-,T20I # 1054
Qatar Vs Oman,Oman,Zeeshan Maqsood,0,0,4,0,0,26,6.50,-,-,-,T20I # 1054
Qatar Vs Oman,Oman,Khawar Ali,1,0,4,2,0,47,11.75,-,-,-,T20I # 1054
Qatar Vs Oman,Oman,Mohammad Nadeem,3,0,38,1,32,5,0,118.75,15,8,T20I # 1054
Qatar Vs Oman,Qatar,Awais Malik,4,0,21,3,5.25,-,-,-,0,0,T20I # 1054
Qatar Vs Oman,Qatar,Gayan Munaweera,4,0,34,1,8.50,-,-,-,1,0,T20I # 1054
Qatar Vs Oman,Qatar,Tamoor Sajjad,3.1,0,28,2,8.84,-,-,-,0,0,T20I # 1054
Malaysia Vs Hong Kong,Hong Kong,Mohsin Khan,19,4.75,0,3,0,4,0,35,8.75,1,T20I # 1055
Malaysia Vs Hong Kong,Hong Kong,Kinchit Shah,0,4,0,0,34,8.50,0,0,2,0,T20I # 1055
Malaysia Vs Hong Kong,Hong Kong,Aizaz Khan,19,9.50,2,2,0,2,0,22,11.00,1,T20I # 1055
Malaysia Vs Hong Kong,Hong Kong,Aftab Hussain,0,29,25,1,3,1,116.00,28,13,4,T20I # 1055
Malaysia Vs Hong Kong,Hong Kong,Waqas Barkat,0,215.38,16,0,24,0,0,66.66,25,25,T20I # 1055
Malaysia Vs Hong Kong,Hong Kong,Hassan Khan Mohammad,1,0,100.00,0,14,11,2,0,127.27,24,T20I # 1055
Bahrain Vs Maldives,Maldives,Ibrahim Hassan,56,14.00,-,2,-,-,4,0,4,0,T20I # 1056
Bahrain Vs Maldives,Maldives,Ameel Mauroof,32,8.00,-,1,-,-,0,0,4,0,T20I # 1056
Bahrain Vs Maldives,Maldives,Leem Shafeeg,21,5.25,-,2,-,-,0,0,4,0,T20I # 1056
Bahrain Vs Maldives,Maldives,Nilantha Cooray,25,6.25,-,2,-,-,1,0,11,14,T20I # 1056
Bahrain Vs Maldives,Maldives,Umar Adam,2,0,78.57,1,40,41,5,0,97.56,9,T20I # 1056
Bahrain Vs Maldives,Bahrain,Imran Anwar,-,-,-,2,4,0,4,0,18,4.50,T20I # 1056
Bahrain Vs Maldives,Bahrain,Imran Butt,-,-,-,2,0,0,2,0,11,5.50,T20I # 1056
Bahrain Vs Maldives,Bahrain,Anasim Khan,-,-,-,0,0,0,3,0,24,8.00,T20I # 1056
United Arab Emirates Vs Kuwait,Kuwait,Muhammad Ansar,2,0,4,0,0,30,7.50,-,-,-,T20I # 1057
United Arab Emirates Vs Kuwait,Kuwait,Sayed Monib,2,1,1,2,0,12,12.00,-,-,-,T20I # 1057
United Arab Emirates Vs Kuwait,Kuwait,Muhammad Kashif,0,0,4,0,0,32,8.00,-,-,-,T20I # 1057
United Arab Emirates Vs Kuwait,Kuwait,Naveed Fakhr,0,0,4,0,0,40,10.00,-,-,-,T20I # 1057
United Arab Emirates Vs Kuwait,Kuwait,Mohammed Aslam,1,0,1,1,0,6,6.00,-,-,-,T20I # 1057
United Arab Emirates Vs Kuwait,Kuwait,Aphsal Ashraf,0,0,2,0,0,14,7.00,-,-,-,T20I # 1057
United Arab Emirates Vs Kuwait,Kuwait,Shiraz Khan,0,0,49,0,32,2,4,153.12,6,5,T20I # 1057
United Arab Emirates Vs Kuwait,United Arab Emirates,Junaid Siddique,4,0,30,2,7.50,-,-,-,7,0,T20I # 1057
United Arab Emirates Vs Kuwait,United Arab Emirates,Sultan Ahmed,3,0,18,0,6.00,-,-,-,0,0,T20I # 1057
United Arab Emirates Vs Kuwait,United Arab Emirates,Rohan Mustafa,2.4,0,24,1,9.00,-,-,-,0,0,T20I # 1057
United Arab Emirates Vs Kuwait,United Arab Emirates,Zahoor Khan,3,0,24,3,8.00,-,-,-,2,0,T20I # 1057
Maldives Vs Oman,Oman,Bilal Khan,0,3,0,2,19,6.33,11,2,0,1,T20I # 1058
Maldives Vs Oman,Oman,Mohammad Nadeem,0,4,0,1,18,4.50,10,1,0,0,T20I # 1058
Maldives Vs Oman,Oman,Wasim Ali,0,2,0,0,22,11.00,4,1,2,0,T20I # 1058
Maldives Vs Oman,Oman,Zeeshan Maqsood,0,1,0,0,14,14.00,2,0,2,0,T20I # 1058
Maldives Vs Oman,Oman,Khawar Ali,0,3,0,0,20,6.66,5,2,0,0,T20I # 1058
Maldives Vs Oman,Oman,Sufyan Mehmood,0,3,0,1,18,6.00,6,0,1,1,T20I # 1058
Maldives Vs Oman,Oman,Aamir Kaleem,0,72,45,1,8,2,160.00,48,41,3,T20I # 1058
Maldives Vs Oman,Maldives,Ibrahim Hassan,0,17,8.50,0,3,2,0,1,0,3,T20I # 1058
Maldives Vs Oman,Maldives,Ameel Mauroof,0,32,10.66,0,2,2,1,2,0,2,T20I # 1058
Maldives Vs Oman,Maldives,Umar Adam,0,13,6.50,0,5,0,1,0,0,2.2,T20I # 1058
Maldives Vs Oman,Maldives,Ihala Kumara,0,21,9.00,0,2,1,1,0,0,2,T20I # 1058
Maldives Vs Oman,Maldives,Nilantha Cooray,0,14,7.00,0,1,1,0,0,0,1,T20I # 1058
United Arab Emirates Vs Saudi Arabia,Saudi Arabia,Adil Butt,23,5.75,11,1,0,1,1,0,3,0,T20I # 1059
United Arab Emirates Vs Saudi Arabia,Saudi Arabia,Shoaib Ali,36,12.00,4,1,3,2,0,0,4,0,T20I # 1059
United Arab Emirates Vs Saudi Arabia,Saudi Arabia,Usman Ali,38,9.50,10,0,3,2,0,0,3,1,T20I # 1059
United Arab Emirates Vs Saudi Arabia,Saudi Arabia,Faisal Khan,14,4.66,9,0,1,0,1,0,2,0,T20I # 1059
United Arab Emirates Vs Saudi Arabia,Saudi Arabia,Abdul Wahid,11,5.50,7,4,0,1,0,0,22,17,T20I # 1059
United Arab Emirates Vs Saudi Arabia,Saudi Arabia,Abdul Waheed,4,0,129.41,2,5,12,1,0,41.66,23,T20I # 1059
United Arab Emirates Vs Saudi Arabia,United Arab Emirates,Muhammad Ayaz,0,33,8.25,0,10,3,1,1,0,4,T20I # 1059
United Arab Emirates Vs Saudi Arabia,United Arab Emirates,Sultan Ahmed,0,23,5.75,1,10,2,0,2,0,4,T20I # 1059
United Arab Emirates Vs Saudi Arabia,United Arab Emirates,Junaid Siddique,0,18,4.50,1,12,1,0,1,0,2,T20I # 1059
Qatar Vs Bahrain,Bahrain,Imran Anwar,24,6.00,13,2,2,0,6,0,4,0,T20I # 1060
Qatar Vs Bahrain,Bahrain,Imran Butt,23,5.75,13,2,1,1,3,0,4,0,T20I # 1060
Qatar Vs Bahrain,Bahrain,Sarfaraz Ali,24,6.00,8,1,0,1,1,0,4,0,T20I # 1060
Qatar Vs Bahrain,Bahrain,Anasim Khan,23,5.75,15,0,2,1,0,1,43,27,T20I # 1060
Qatar Vs Bahrain,Bahrain,Abdul Majid,3,4,159.25,4,0,3,0,0,0.00,10,T20I # 1060
Qatar Vs Bahrain,Qatar,Awais Malik,0,2.5,0,1,32,11.29,7,4,2,0,T20I # 1060
Qatar Vs Bahrain,Qatar,Gayan Munaweera,0,4,0,0,31,7.75,11,2,2,0,T20I # 1060
Qatar Vs Bahrain,Qatar,Tamoor Sajjad,0,2,0,1,17,8.50,3,1,1,0,T20I # 1060
Iran Vs Kuwait,Kuwait,Ilyas Ahmed,0,25,8.33,2,9,4,0,3,0,4,T20I # 1061
Iran Vs Kuwait,Kuwait,Sayed Monib,0,24,6.00,1,12,2,0,1,0,4,T20I # 1061
Iran Vs Kuwait,Kuwait,Wasantha Kumaranayaka,2,5,1.25,0,20,0,0,0,1,3,T20I # 1061
Iran Vs Kuwait,Kuwait,Mohammed Aslam,0,7,2.33,4,13,0,0,2,0,2,T20I # 1061
Iran Vs Kuwait,Kuwait,Shiraz Khan,0,12,6.00,1,3,0,0,0,0,1,T20I # 1061
Iran Vs Kuwait,Kuwait,Muhammad Kashif,0,6,6.00,0,3,1,0,0,0,7,T20I # 1061
Iran Vs Kuwait,Kuwait,Mohammad Amin,8,1,0,0,87.50,59,39,10,0,151.28,T20I # 1061
Iran Vs Kuwait,Iran,Naiem Bameri,5,0,2,1,0,3,0,15,5.00,9,T20I # 1061
Iran Vs Kuwait,Iran,Navid Abdollahpour,2,0,0,1,0,2,0,23,11.50,2,T20I # 1061
Iran Vs Kuwait,Iran,Nader Zahadiafzal,3,0,0,0,0,1,0,17,17.00,0,T20I # 1061
Iran Vs Kuwait,Iran,Navid Balouch,2,1,0,0,0,0.5,0,14,16.80,1,T20I # 1061
Hong Kong Vs Malaysia,Malaysia,Pavandeep Singh,6.75,0,0,0,3,0,29,9.66,0,0,T20I # 1062
Hong Kong Vs Malaysia,Malaysia,Syazrul Idrus,4,0,32,2,8.00,0,0,4,0,37,T20I # 1062
Hong Kong Vs Malaysia,Malaysia,Khizar Hayat,9.25,0,0,2,1,0,11,11.00,0,0,T20I # 1062
Hong Kong Vs Malaysia,Malaysia,Fitri Sham,27,15,3,0,1,180.00,24,22,4,0,T20I # 1062
Hong Kong Vs Malaysia,Malaysia,Sharvin Muniandy,109.09,25,20,2,0,2,125.00,50,33,5,T20I # 1062
Hong Kong Vs Malaysia,Malaysia,Nazril Rahman,1,151.51,23,0,14,3,1,164.28,23,7,T20I # 1062
Kuwait Vs Bahrain,Bahrain,Imran Anwar,3,0,48,1,16.00,1,0,4,0,30,T20I # 1063
Kuwait Vs Bahrain,Bahrain,Imran Butt,7.50,0,0,1,4,0,56,14.00,0,0,T20I # 1063
Kuwait Vs Bahrain,Bahrain,Sarfaraz Ali,4,0,21,1,5.25,0,0,1,0,18,T20I # 1063
Kuwait Vs Bahrain,Bahrain,Anasim Khan,18.00,0,0,0,8,4,0,1,200.00,2,T20I # 1063
Kuwait Vs Bahrain,Bahrain,Abdul Majid,3,0,0,1,66.66,28,20,4,1,140.00,T20I # 1063
Kuwait Vs Bahrain,Bahrain,Junaid Aziz,0,1,0,0,0,0.00,22,21,2,1,T20I # 1063
United Arab Emirates Vs Qatar,Qatar,Awais Malik,0,4,0,1,27,6.75,0,0,4,0,T20I # 1064
United Arab Emirates Vs Qatar,Qatar,Gayan Munaweera,20,5.00,0,2,0,3.4,0,16,4.36,1,T20I # 1064
United Arab Emirates Vs Qatar,Qatar,Mohammed Nadeem,0,2,6,3,0,0,33.33,13,14,0,T20I # 1064
United Arab Emirates Vs Qatar,Qatar,Tamoor Sajjad,1,92.85,0,0,4,0,0,0.00,2,12,T20I # 1064
United Arab Emirates Vs Qatar,Qatar,Iqbal Hussain,0,0,16.66,4,7,18,0,0,38.88,29,T20I # 1064
Australia Vs South Africa,South Africa,Kagiso Rabada,4,0,42,1,10.50,6,3,2,1,1,T20I # 1065
Australia Vs South Africa,South Africa,Anrich Nortje,4,0,46,1,11.50,6,4,2,0,0,T20I # 1065
Australia Vs South Africa,South Africa,Lungi Ngidi,4,0,33,1,8.25,5,3,0,3,0,T20I # 1065
Australia Vs South Africa,South Africa,Dwaine Pretorius,4,0,42,1,10.50,5,0,3,4,0,T20I # 1065
Australia Vs South Africa,South Africa,Tabraiz Shamsi,4,0,25,1,6.25,8,2,0,0,0,T20I # 1065
Australia Vs South Africa,Australia,Mitchell Starc,2.3,0,23,3,9.20,6,4,0,2,0,T20I # 1065
Australia Vs South Africa,Australia,Pat Cummins,3,0,27,1,9.00,3,1,1,2,0,T20I # 1065
Australia Vs South Africa,Australia,Kane Richardson,2,0,17,0,8.50,4,1,1,0,0,T20I # 1065
Australia Vs South Africa,Australia,Ashton Agar,4,0,16,3,4.00,8,0,0,0,0,T20I # 1065
Australia Vs South Africa,Australia,Adam Zampa,3,0,10,2,3.33,9,0,0,0,0,T20I # 1065
Australia Vs South Africa,Australia,Mitchell Marsh,1,0,3,1,3.00,3,0,0,0,0,T20I # 1065
United Arab Emirates Vs Kuwait,Kuwait,Muhammad Ansar,0,42,14.00,0,5,2,4,0,35,8.75,T20I # 1066
United Arab Emirates Vs Kuwait,Kuwait,Sayed Monib,0,0,4,0,0,57,14.25,0,0,4,T20I # 1066
United Arab Emirates Vs Kuwait,Kuwait,Aphsal Ashraf,0,28,7.00,2,1,0,2,0,8,4.00,T20I # 1066
United Arab Emirates Vs Kuwait,Kuwait,Mohammed Aslam,1,0,12,1,15,1,0,80.00,0,4,T20I # 1066
United Arab Emirates Vs Kuwait,Kuwait,Wasantha Kumaranayaka,0,0,0.00,1,22,20,3,0,110.00,8,T20I # 1066
United Arab Emirates Vs Kuwait,Kuwait,Shiraz Khan,5,0,1,1,160.00,2,6,0,0,33.33,T20I # 1066
Singapore Vs Thailand,Thailand,Wanchana Uisuk,4.75,0,0,0,4,1,25,6.25,0,0,T20I # 1067
Singapore Vs Thailand,Thailand,Ziaul Hoque,4,0,30,1,7.50,1,0,4,0,30,T20I # 1067
Singapore Vs Thailand,Thailand,Nopphon Senamontree,7.50,1,0,2,2,0,11,5.50,1,0,T20I # 1067
Singapore Vs Thailand,Thailand,Sorawat Desungnoen,28,28,3,1,2,100.00,5,9,1,0,T20I # 1067
Singapore Vs Thailand,Thailand,Vichanath Singh,55.55,0,3,0,0,0,0.00,19,22,0,T20I # 1067
Singapore Vs Thailand,Thailand,Mahsid Faheem,1,86.36,17,2,12,1,1,141.66,6,16,T20I # 1067
Malaysia Vs Nepal,Nepal,Karan KC,39,9.75,2,1,0,4,1,22,5.50,1,T20I # 1068
Malaysia Vs Nepal,Nepal,Abinash Bohara,0,3,0,2,20,6.66,0,0,2,0,T20I # 1068
Malaysia Vs Nepal,Nepal,Sandeep Lamichhane,17,8.50,0,3,0,3,0,26,8.66,1,T20I # 1068
Malaysia Vs Nepal,Nepal,Paras Khadka,0,0,2,0,0,0,0.00,38,33,3,T20I # 1068
Malaysia Vs Nepal,Nepal,Pawan Sarraf,1,115.15,9,0,10,1,0,90.00,38,40,T20I # 1068
Malaysia Vs Nepal,Nepal,Sushan Bhari,1,0,95.00,0,19,14,1,1,135.71,7,T20I # 1068
Hong Kong Vs Nepal,Nepal,Karan KC,25,6.25,0,0,0,4,0,24,6.00,0,T20I # 1069
Hong Kong Vs Nepal,Nepal,Sandeep Lamichhane,0,4,0,2,37,9.25,1,0,2,0,T20I # 1069
Hong Kong Vs Nepal,Nepal,Abinash Bohara,14,7.00,0,0,0,3,0,16,5.33,0,T20I # 1069
Hong Kong Vs Nepal,Nepal,Sushan Bhari,0,19,14,2,3,0,135.71,46,43,4,T20I # 1069
Hong Kong Vs Nepal,Nepal,Paras Khadka,1,106.97,4,0,7,0,0,57.14,5,8,T20I # 1069
Hong Kong Vs Nepal,Nepal,Kushal Malla,0,0,62.50,1,1,3,0,0,33.33,5,T20I # 1069
Thailand Vs Malaysia,Malaysia,Pavandeep Singh,0,4,0,2,11,2.75,0,0,3,0,T20I # 1070
Thailand Vs Malaysia,Malaysia,Syazrul Idrus,15,5.00,0,2,0,4,0,28,7.00,1,T20I # 1070
Thailand Vs Malaysia,Malaysia,Khizar Hayat,0,1,0,2,9,9.00,0,0,41,34,T20I # 1070
Thailand Vs Malaysia,Malaysia,Anwar Rahman,2,3,120.58,1,22,24,2,1,91.66,4,T20I # 1070
Thailand Vs Malaysia,Malaysia,Sharvin Muniandy,4,0,0,1,100.00,16,9,1,1,177.77,T20I # 1070
Thailand Vs Malaysia,Malaysia,Nazril Rahman,3,0,11,0,3.66,1,0,3,0,21,T20I # 1070
Singapore Vs Malaysia,Malaysia,Pavandeep Singh,0,4,0,0,55,13.75,1,0,4,0,T20I # 1071
Singapore Vs Malaysia,Malaysia,Syazrul Idrus,58,14.50,0,1,0,4,0,31,7.75,3,T20I # 1071
Singapore Vs Malaysia,Malaysia,Khizar Hayat,0,4,0,1,53,13.25,0,0,2,4,T20I # 1071
Singapore Vs Malaysia,Malaysia,Fitri Sham,0,0,50.00,1,0,2,0,0,0.00,13,T20I # 1071
Singapore Vs Malaysia,Malaysia,Sharvin Muniandy,6,3,0,0,216.66,25,16,2,2,156.25,T20I # 1071
Thailand Vs Hong Kong,Hong Kong,Aizaz Khan,0,0,3,1,1,16,5.33,3,1,4,T20I # 1072
Thailand Vs Hong Kong,Hong Kong,Kinchit Shah,1,11,2.75,2,2,0,4,1,9,2.25,T20I # 1072
Thailand Vs Hong Kong,Hong Kong,Haroon Arshad,1,0,1,1,0,7,7.00,0,0,3,T20I # 1072
Thailand Vs Hong Kong,Hong Kong,Aftab Hussain,9,0,0,2,33.33,36,19,5,2,189.47,T20I # 1072
Thailand Vs Hong Kong,Hong Kong,Ehsan Khan,19,13,3,2,0,146.15,11,5,1,1,T20I # 1072
Thailand Vs Hong Kong,Hong Kong,Waqas Barkat,220.00,3,0,0,20,6.66,1,0,1,0,T20I # 1072
Thailand Vs Nepal,Nepal,Sandeep Lamichhane,0,2,0,1,3,1.50,1,0,4,1,T20I # 1073
Thailand Vs Nepal,Nepal,Karan KC,6,1.50,0,3,0,4,0,23,5.75,0,T20I # 1073
Thailand Vs Nepal,Nepal,Paras Khadka,0,2,0,0,4,2.00,0,0,36,18,T20I # 1073
Thailand Vs Nepal,Nepal,Bhuvan Karki,5,2,200.00,1,9,5,2,0,180.00,27,T20I # 1073
Thailand Vs Nepal,Nepal,Abinash Bohara,10,2,3,2,270.00,2,0,28,14.00,0,T20I # 1073
Thailand Vs Nepal,Nepal,Kushal Malla,0,2.3,0,0,27,10.80,0,0,1,0,T20I # 1073
Singapore Vs Hong Kong,Hong Kong,Aizaz Khan,2,0,21,1,10.50,0,0,4,0,27,T20I # 1074
Singapore Vs Hong Kong,Hong Kong,Kinchit Shah,6.75,0,0,0,4,0,33,8.25,1,0,T20I # 1074
Singapore Vs Hong Kong,Hong Kong,Ehsan Khan,4,0,23,1,5.75,5,0,2,0,19,T20I # 1074
Singapore Vs Hong Kong,Hong Kong,Haroon Arshad,9.50,0,0,0,17,11,2,1,154.54,9,T20I # 1074
Singapore Vs Hong Kong,Hong Kong,Aftab Hussain,10,1,0,2,90.00,50,45,6,0,111.11,T20I # 1074
Singapore Vs Hong Kong,Hong Kong,Waqas Barkat,14,14,1,0,0,100.00,9,9,0,1,T20I # 1074
West Indies Vs Sri Lanka,Sri Lanka,Lasith Malinga,0,1,0,1,3,0,27,9.00,6,3,T20I # 1075
West Indies Vs Sri Lanka,Sri Lanka,Thisara Perera,1,0,0,0,2,0,16,8.00,5,3,T20I # 1075
West Indies Vs Sri Lanka,Sri Lanka,Angelo Mathews,0,0,0,0,3,0,41,13.66,7,4,T20I # 1075
West Indies Vs Sri Lanka,Sri Lanka,Isuru Udana,3,1,0,1,4,0,38,9.50,9,3,T20I # 1075
West Indies Vs Sri Lanka,Sri Lanka,Lakshan Sandakan,2,2,0,1,4,0,33,8.25,11,1,T20I # 1075
West Indies Vs Sri Lanka,Sri Lanka,Wanindu Hasaranga,3,1,0,1,7,5,1,0,140.00,66,T20I # 1075
West Indies Vs Sri Lanka,West Indies,Sheldon Cottrell,0,4,0,1,33,8.25,9,4,1,0,T20I # 1075
West Indies Vs Sri Lanka,West Indies,Oshane Thomas,0,2,0,5,25,12.50,1,3,0,0,T20I # 1075
West Indies Vs Sri Lanka,West Indies,Andre Russell,0,4,0,1,30,7.50,5,1,1,1,T20I # 1075
West Indies Vs Sri Lanka,West Indies,Kieron Pollard,0,4,0,0,31,7.75,4,0,2,0,T20I # 1075
Malaysia Vs Hong Kong,Hong Kong,Aizaz Khan,24,8.00,0,2,0,4,0,23,5.75,0,T20I # 1076
Malaysia Vs Hong Kong,Hong Kong,Kinchit Shah,0,3,0,0,24,8.00,0,0,4,0,T20I # 1076
Malaysia Vs Hong Kong,Hong Kong,Haroon Arshad,23,5.75,3,1,0,2,0,8,4.00,2,T20I # 1076
Malaysia Vs Hong Kong,Hong Kong,Ehsan Khan,0,50,49,1,5,1,102.04,6,6,1,T20I # 1076
Malaysia Vs Hong Kong,Hong Kong,Aftab Hussain,0,100.00,17,1,14,3,0,121.42,2,9,T20I # 1076
Malaysia Vs Hong Kong,Hong Kong,Waqas Barkat,0,0,22.22,1,33,26,2,1,126.92,19,T20I # 1076
Ireland Vs Afghanistan,Afghanistan,Mujeeb Ur Rahman,39,9.75,0,1,0,3,0,19,6.33,1,T20I # 1077
Ireland Vs Afghanistan,Afghanistan,Shapoor Zadran,0,4,0,1,28,7.00,0,0,4,0,T20I # 1077
Ireland Vs Afghanistan,Afghanistan,Gulbadin Naib,22,5.50,0,0,0,1,0,14,14.00,0,T20I # 1077
Ireland Vs Afghanistan,Afghanistan,Karim Janat,0,23,15,0,2,2,153.33,28,13,4,T20I # 1077
Ireland Vs Afghanistan,Afghanistan,Rashid Khan,1,215.38,6,3,12,0,0,50.00,0,0,T20I # 1077
Ireland Vs Afghanistan,Afghanistan,Mohammad Nabi,0,0,-,0,28,29,3,0,96.55,42,T20I # 1077
Sri Lanka Vs West Indies,West Indies,Fabian Allen,1,4,0,2,29,7.25,10,4,0,2,T20I # 1078
Sri Lanka Vs West Indies,West Indies,Sheldon Cottrell,0,4,0,1,24,6.00,12,2,0,2,T20I # 1078
Sri Lanka Vs West Indies,West Indies,Oshane Thomas,0,4,0,1,33,8.25,8,3,1,1,T20I # 1078
Sri Lanka Vs West Indies,West Indies,Andre Russell,0,4,0,0,35,8.75,7,3,1,1,T20I # 1078
Sri Lanka Vs West Indies,West Indies,Dwayne Bravo,0,9,8,1,0,0,112.50,43,21,6,T20I # 1078
Sri Lanka Vs West Indies,Sri Lanka,Lasith Malinga,7,0,1,0,0,0,4,0,26,6.50,T20I # 1078
Sri Lanka Vs West Indies,Sri Lanka,Thisara Perera,9,2,1,0,0,0,1,0,11,11.00,T20I # 1078
Sri Lanka Vs West Indies,Sri Lanka,Angelo Mathews,1,2,0,1,0,0,2,0,17,8.50,T20I # 1078
Sri Lanka Vs West Indies,Sri Lanka,Shehan Jayasuriya,4,2,0,0,1,0,3,0,28,9.33,T20I # 1078
Sri Lanka Vs West Indies,Sri Lanka,Lakshan Sandakan,8,2,2,0,0,0,1,0,10,10.00,T20I # 1078
Afghanistan Vs Ireland,Ireland,Paul Stirling,4,0,37,0,9.25,0,1,2,0,15,T20I # 1079
Afghanistan Vs Ireland,Ireland,Boyd Rankin,7.50,0,0,1,4,0,42,10.50,0,0,T20I # 1079
Afghanistan Vs Ireland,Ireland,Simi Singh,1,0,12,0,12.00,1,0,4,0,27,T20I # 1079
Afghanistan Vs Ireland,Ireland,Josh Little,6.75,1,0,0,4,0,36,9.00,1,0,T20I # 1079
Afghanistan Vs Ireland,Ireland,George Dockrell,12,10,2,0,0,120.00,19,11,1,2,T20I # 1079
Afghanistan Vs Ireland,Ireland,Craig Young,172.72,46,35,1,5,1,131.42,7,6,1,T20I # 1079
Afghanistan Vs Ireland,Ireland,Gareth Delany,0,116.66,37,1,29,3,1,127.58,16,14,T20I # 1079
Germany Vs Spain,Spain,Raja Adeel Iqbal,3,0,19,2,6.33,10,3,0,1,0,T20I # 1080
Germany Vs Spain,Spain,Ravi Panchal,4,0,27,1,6.75,6,1,0,1,0,T20I # 1080
Germany Vs Spain,Spain,Tauqeer Hussain,4,0,25,1,6.25,7,1,0,1,0,T20I # 1080
Germany Vs Spain,Spain,Yasir Ali,3,0,22,1,7.33,4,1,0,2,0,T20I # 1080
Germany Vs Spain,Spain,Jack Perman,2,0,16,0,8.00,2,1,0,0,0,T20I # 1080
Germany Vs Spain,Spain,Kuldeep Lal,0,1,0,1,0,0.00,52,45,2,2,T20I # 1080
Germany Vs Spain,Germany,Dieter Klein,7.89,8,2,1,1,0,0,3,0,26,T20I # 1080
Germany Vs Spain,Germany,Izatullah Dawlatzai,8.66,4,1,0,1,1,0,3,0,18,T20I # 1080
Germany Vs Spain,Germany,Hamid Wardak,6.00,9,1,0,1,0,0,2,0,15,T20I # 1080
Germany Vs Spain,Germany,Elam Bharathi,7.50,4,1,0,0,0,1,2,0,11,T20I # 1080
Germany Vs Spain,Germany,Sahir Naqash,5.50,5,1,0,0,0,0,1,0,16,T20I # 1080
Germany Vs Spain,Spain,Ravi Panchal,0,3,0,0,17,5.66,0,0,3,0,T20I # 1081
Germany Vs Spain,Spain,Raja Adeel Iqbal,26,8.66,1,0,0,1,0,11,11.00,0,T20I # 1081
Germany Vs Spain,Spain,Yasir Ali,0,3,0,0,33,11.00,3,0,4,0,T20I # 1081
Germany Vs Spain,Spain,Tauqeer Hussain,42,10.50,0,0,0,2,0,19,9.50,0,T20I # 1081
Germany Vs Spain,Spain,Jack Perman,0,17,16,1,3,0,106.25,34,39,1,T20I # 1081
Germany Vs Spain,Spain,Tom Vine,1,87.17,49,1,31,4,3,158.06,3,4,T20I # 1081
Germany Vs Spain,Spain,Kuldeep Lal,0,0,75.00,1,7,12,0,0,58.33,1,T20I # 1081
Bangladesh Vs Zimbabwe,Zimbabwe,Sikandar Raza,3,1,0,1,0,2,0,24,12.00,4,T20I # 1082
Bangladesh Vs Zimbabwe,Zimbabwe,Carl Mumba,3,1,1,0,0,4,0,39,9.75,6,T20I # 1082
Bangladesh Vs Zimbabwe,Zimbabwe,Donald Tiripano,4,1,0,0,0,4,0,58,14.50,5,T20I # 1082
Bangladesh Vs Zimbabwe,Zimbabwe,Chris Mpofu,2,6,2,1,1,2,0,15,7.50,3,T20I # 1082
Bangladesh Vs Zimbabwe,Zimbabwe,Wessly Madhevere,0,1,1,1,0,4,0,31,7.75,6,T20I # 1082
Bangladesh Vs Zimbabwe,Zimbabwe,Sean Williams,1,2,0,0,0,28,20,4,1,140.00,T20I # 1082
Bangladesh Vs Zimbabwe,Bangladesh,Mustafizur Rahman,1,0,3,3,0,19,6.33,7,2,0,T20I # 1082
Bangladesh Vs Zimbabwe,Bangladesh,Shafiul Islam,1,0,4,1,0,29,7.25,14,1,3,T20I # 1082
Bangladesh Vs Zimbabwe,Bangladesh,Mohammad Saifuddin,1,0,3,1,0,34,11.33,5,2,3,T20I # 1082
Bangladesh Vs Zimbabwe,Bangladesh,Mahedi Hasan,0,0,2,0,0,18,9.00,4,1,1,T20I # 1082
Ireland Vs Afghanistan,Afghanistan,Naveen-ul-Haq,0,0,2,3,0,17,8.50,1,0,4,T20I # 1083
Ireland Vs Afghanistan,Afghanistan,Mujeeb Ur Rahman,0,25,6.25,1,0,0,4,0,24,6.00,T20I # 1083
Ireland Vs Afghanistan,Afghanistan,Karim Janat,0,0,2,0,0,20,10.00,1,0,42,T20I # 1083
Ireland Vs Afghanistan,Afghanistan,Qais Ahmad,29,3,3,3,144.82,18,24,2,0,75.00,T20I # 1083
Ireland Vs Afghanistan,Afghanistan,Rashid Khan,17,11,1,1,1,154.54,32,30,2,1,T20I # 1083
Ireland Vs Afghanistan,Afghanistan,Gulbadin Naib,106.66,4,8,0,0,0,50.00,0,1,0,T20I # 1083
Zimbabwe Vs Bangladesh,Bangladesh,Mustafizur Rahman,4,0,25,2,6.25,11,4,0,0,0,T20I # 1084
Zimbabwe Vs Bangladesh,Bangladesh,Mohammad Saifuddin,4,0,30,1,7.50,9,4,0,0,0,T20I # 1084
Zimbabwe Vs Bangladesh,Bangladesh,Al-Amin Hossain,4,0,22,2,5.50,8,2,0,0,0,T20I # 1084
Zimbabwe Vs Bangladesh,Bangladesh,Hasan Mahmud,4,0,25,0,6.25,11,2,1,0,0,T20I # 1084
Zimbabwe Vs Bangladesh,Bangladesh,Mahedi Hasan,3,0,14,1,4.66,8,1,0,0,0,T20I # 1084
Zimbabwe Vs Bangladesh,Bangladesh,Afif Hossain,1,0,2,1,2.00,4,0,0,0,0,T20I # 1084
Zimbabwe Vs Bangladesh,Zimbabwe,Wessly Madhevere,3,0,20,0,6.66,7,1,1,0,0,T20I # 1084
Zimbabwe Vs Bangladesh,Zimbabwe,Chris Mpofu,3.5,0,27,1,7.04,10,2,1,1,0,T20I # 1084
Zimbabwe Vs Bangladesh,Zimbabwe,Carl Mumba,3,0,26,0,8.66,6,4,0,0,0,T20I # 1084
Zimbabwe Vs Bangladesh,Zimbabwe,Charlton Tshuma,1,0,10,0,10.00,3,2,0,1,0,T20I # 1084
Zimbabwe Vs Bangladesh,Zimbabwe,Sean Williams,3,0,16,0,5.33,6,1,0,1,0,T20I # 1084
Zimbabwe Vs Bangladesh,Zimbabwe,Sikandar Raza,2,0,18,0,9.00,4,3,0,1,0,T20I # 1084
Isle of Man Vs Guernsey,Guernsey,Anthony Stokes,2,0,4,0,0,24,6.00,1,0,4,T20I # 1085
Isle of Man Vs Guernsey,Guernsey,William Peatfield,0,16,4.00,3,0,0,4,0,17,4.25,T20I # 1085
Isle of Man Vs Guernsey,Guernsey,Matthew Breban,1,0,8,3,10,1,0,80.00,52,31,T20I # 1085
Isle of Man Vs Guernsey,Guernsey,Luke Thomas Bichard,6,3,167.74,0,37,27,5,0,137.03,0,T20I # 1085
Isle of Man Vs Guernsey,Guernsey,Luke Le Tissier,1,0,0,2,0.00,3.3,0,29,8.28,0,T20I # 1085
Luxembourg Vs Czech Republic,Czech Republic,Honey Gori,4,0,18,0,4.50,-,-,-,1,0,T20I # 1086
Luxembourg Vs Czech Republic,Czech Republic,Kyle Gilham,4,0,37,1,9.25,-,-,-,0,1,T20I # 1086
Luxembourg Vs Czech Republic,Czech Republic,Sudesh Wickramasekara,4,0,40,1,10.00,-,-,-,3,0,T20I # 1086
Luxembourg Vs Czech Republic,Czech Republic,Kushalkumar Mendon,4,0,32,1,8.00,-,-,-,2,0,T20I # 1086
Luxembourg Vs Czech Republic,Czech Republic,Naveed Ahmed,2,0,12,1,6.00,-,-,-,0,0,T20I # 1086
Luxembourg Vs Czech Republic,Czech Republic,Arun Ashokan,38,27,3,1,3,140.74,2,6,0,0,T20I # 1086
Luxembourg Vs Czech Republic,Luxembourg,Ankush Nanda,22,11.00,-,3,-,-,0,0,2,0,T20I # 1086
Luxembourg Vs Czech Republic,Luxembourg,Saransh Kushretha,10,5.00,-,0,-,-,0,0,2.5,0,T20I # 1086
Luxembourg Vs Czech Republic,Luxembourg,William Cope,12,4.23,-,0,-,-,2,0,4,0,T20I # 1086
England Vs Pakistan,Pakistan,Imad Wasim,0,2,0,2,10,5.00,8,2,0,0,T20I # 1087
England Vs Pakistan,Pakistan,Shaheen Shah Afridi,0,2.1,0,0,14,6.46,5,1,0,1,T20I # 1087
England Vs Pakistan,Pakistan,Mohammad Amir,0,3,0,0,32,10.66,3,3,1,1,T20I # 1087
England Vs Pakistan,Pakistan,Haris Rauf,0,4,0,0,33,8.25,9,1,3,0,T20I # 1087
England Vs Pakistan,Pakistan,Shadab Khan,0,1,0,2,7,7.00,2,1,0,0,T20I # 1087
Luxembourg Vs Czech Republic,Czech Republic,Honey Gori,24,6.00,-,0,-,-,0,1,1.5,0,T20I # 1088
Luxembourg Vs Czech Republic,Czech Republic,Kyle Gilham,13,7.09,-,0,-,-,2,0,4,0,T20I # 1088
Luxembourg Vs Czech Republic,Czech Republic,Arun Ashokan,21,5.25,-,1,-,-,3,0,4,0,T20I # 1088
Luxembourg Vs Czech Republic,Czech Republic,Kushalkumar Mendon,24,6.00,-,3,-,-,0,0,1,0,T20I # 1088
Luxembourg Vs Czech Republic,Czech Republic,Sudesh Wickramasekara,10,10.00,-,2,-,-,1,0,35,21,T20I # 1088
Luxembourg Vs Czech Republic,Czech Republic,Naveed Ahmed,4,2,166.66,3,27,35,3,0,77.14,17,T20I # 1088
Luxembourg Vs Czech Republic,Luxembourg,Ankush Nanda,3,0,23,0,7.66,-,-,-,0,0,T20I # 1088
Luxembourg Vs Czech Republic,Luxembourg,Saransh Kushretha,4,0,19,0,4.75,-,-,-,0,0,T20I # 1088
Luxembourg Vs Czech Republic,Luxembourg,Pankaj Malav,3.5,0,24,1,6.26,-,-,-,0,0,T20I # 1088
Luxembourg Vs Czech Republic,Luxembourg,Marcus Cope,1,0,8,1,8.00,-,-,-,1,0,T20I # 1088
Belgium Vs Luxembourg,Luxembourg,William Cope,0,0,3,2,0,30,10.00,0,0,2,T20I # 1089
Belgium Vs Luxembourg,Luxembourg,Saransh Kushretha,0,11,5.50,1,0,0,4,0,36,9.00,T20I # 1089
Belgium Vs Luxembourg,Luxembourg,Pankaj Malav,0,0,3,1,0,35,11.66,1,0,5,T20I # 1089
Belgium Vs Luxembourg,Luxembourg,Mohit Dixit,15,0,0,0,33.33,1,4,0,0,25.00,T20I # 1089
Belgium Vs Luxembourg,Luxembourg,Marcus Cope,16,13,3,1,0,123.07,3,7,0,0,T20I # 1089
Belgium Vs Luxembourg,Luxembourg,Vikram Vijh,42.85,36,22,2,6,0,163.63,28,28,2,T20I # 1089
Belgium Vs Czech Republic,Czech Republic,Honey Gori,0,4,0,2,16,4.00,12,1,0,0,T20I # 1090
Belgium Vs Czech Republic,Czech Republic,Kyle Gilham,0,4,0,1,39,9.75,7,4,1,1,T20I # 1090
Belgium Vs Czech Republic,Czech Republic,Sudesh Wickramasekara,0,3,0,0,39,13.00,2,2,3,1,T20I # 1090
Belgium Vs Czech Republic,Czech Republic,Kushalkumar Mendon,0,2,0,0,21,10.50,4,0,2,1,T20I # 1090
Belgium Vs Czech Republic,Czech Republic,Surya Rengarajan,0,2,0,1,36,18.00,0,5,1,1,T20I # 1090
Belgium Vs Czech Republic,Czech Republic,Arun Ashokan,1,1,0,0,20,20.00,2,0,3,0,T20I # 1090
Belgium Vs Czech Republic,Czech Republic,Sabawoon Davizi,0,33,28,1,6,0,117.85,1,4,0,T20I # 1090
Belgium Vs Czech Republic,Belgium,Murid Ekrami,4,0,29,0,7.25,11,5,0,1,0,T20I # 1090
Belgium Vs Czech Republic,Belgium,Ashiqullah Said,4,0,20,3,5.00,12,2,0,1,0,T20I # 1090
Belgium Vs Czech Republic,Belgium,Khalid Ahmadi,4,0,32,1,8.00,9,2,2,0,0,T20I # 1090
Belgium Vs Czech Republic,Belgium,Saber Zakhil,1,0,17,1,17.00,0,0,2,0,0,T20I # 1090
Belgium Vs Czech Republic,Belgium,Nemish Mehta,1,0,14,2,14.00,2,1,1,2,0,T20I # 1090
Belgium Vs Czech Republic,Czech Republic,Honey Gori,28,7.00,1,1,0,4,1,14,3.50,1,T20I # 1091
Belgium Vs Czech Republic,Czech Republic,Kyle Gilham,0,4,0,1,25,6.25,0,0,3,0,T20I # 1091
Belgium Vs Czech Republic,Czech Republic,Kushalkumar Mendon,36,12.00,1,1,0,3,0,29,9.66,1,T20I # 1091
Belgium Vs Czech Republic,Czech Republic,Sudesh Wickramasekara,0,0,3,0,0,0,0.00,13,22,1,T20I # 1091
Belgium Vs Czech Republic,Czech Republic,Arun Ashokan,0,59.09,2,0,8,0,0,25.00,0,1,T20I # 1091
Belgium Vs Czech Republic,Czech Republic,Surya Rengarajan,0,0,0.00,1,7,8,1,0,87.50,1,T20I # 1091
Belgium Vs Luxembourg,Luxembourg,William Cope,0,0,3,4,0,15,5.00,1,0,2,T20I # 1092
Belgium Vs Luxembourg,Luxembourg,Saransh Kushretha,0,17,8.50,0,1,0,4,0,43,10.75,T20I # 1092
Belgium Vs Luxembourg,Luxembourg,Mohit Dixit,0,0,3,1,0,42,14.00,2,0,2,T20I # 1092
Belgium Vs Luxembourg,Luxembourg,Shameek Vats,9,0,0,0,22.22,0,5,0,0,0.00,T20I # 1092
Belgium Vs Luxembourg,Luxembourg,Marcus Cope,67,55,8,2,1,121.81,43,42,2,2,T20I # 1092
Belgium Vs Luxembourg,Luxembourg,Vikram Vijh,102.38,12,9,1,1,0,133.33,2,0,14,T20I # 1092
Pakistan Vs England,England,Saqib Mahmood,4,0,38,0,9.50,7,5,1,1,0,T20I # 1093
Pakistan Vs England,England,Moeen Ali,1,0,10,0,10.00,0,1,0,0,0,T20I # 1093
Pakistan Vs England,England,Chris Jordan,4,0,41,1,10.25,4,4,1,1,0,T20I # 1093
Pakistan Vs England,England,Tom Curran,4,0,46,1,11.50,5,3,2,0,2,T20I # 1093
Pakistan Vs England,England,Adil Rashid,4,0,32,2,8.00,6,3,1,0,0,T20I # 1093
Pakistan Vs England,England,Lewis Gregory,3,0,22,0,7.33,5,2,0,1,0,T20I # 1093
Pakistan Vs England,Pakistan,Imad Wasim,3,0,30,0,10.00,4,3,1,0,0,T20I # 1093
Pakistan Vs England,Pakistan,Shaheen Shah Afridi,3.1,0,44,0,13.89,3,6,1,1,1,T20I # 1093
Pakistan Vs England,Pakistan,Mohammad Amir,2,0,25,0,12.50,2,1,2,0,0,T20I # 1093
Pakistan Vs England,Pakistan,Shadab Khan,4,0,34,3,8.50,6,1,2,1,0,T20I # 1093
Pakistan Vs England,Pakistan,Iftikhar Ahmed,3,0,31,0,10.33,3,3,1,0,0,T20I # 1093
Pakistan Vs England,Pakistan,Haris Rauf,4,0,34,2,8.50,7,4,1,0,0,T20I # 1093
Pakistan Vs England,England,Saqib Mahmood,4,0,37,0,9.25,4,4,0,1,0,T20I # 1094
Pakistan Vs England,England,Moeen Ali,1,0,10,1,10.00,1,0,1,0,0,T20I # 1094
Pakistan Vs England,England,Chris Jordan,4,0,29,2,7.25,9,2,1,0,0,T20I # 1094
Pakistan Vs England,England,Tom Curran,4,0,32,1,8.00,8,2,2,0,0,T20I # 1094
Pakistan Vs England,England,Lewis Gregory,4,0,41,0,10.25,6,4,1,1,1,T20I # 1094
Pakistan Vs England,England,Adil Rashid,3,0,40,0,13.33,5,2,3,2,0,T20I # 1094
Pakistan Vs England,Pakistan,Shaheen Shah Afridi,4,0,28,2,7.00,12,3,1,0,0,T20I # 1094
Pakistan Vs England,Pakistan,Imad Wasim,4,0,35,1,8.75,11,5,1,0,0,T20I # 1094
Pakistan Vs England,Pakistan,Haris Rauf,4,0,41,1,10.25,7,5,1,0,1,T20I # 1094
Pakistan Vs England,Pakistan,Wahab Riaz,4,0,26,2,6.50,9,2,0,1,1,T20I # 1094
Pakistan Vs England,Pakistan,Shadab Khan,4,0,48,0,12.00,6,2,4,1,0,T20I # 1094
England Vs Australia,Australia,Mitchell Starc,3,0,30,0,10.00,6,5,0,1,0,T20I # 1095
England Vs Australia,Australia,Ashton Agar,4,0,32,2,8.00,8,2,2,0,0,T20I # 1095
England Vs Australia,Australia,Pat Cummins,3,0,24,1,8.00,6,3,0,0,0,T20I # 1095
England Vs Australia,Australia,Kane Richardson,3,0,13,2,4.33,9,1,0,0,0,T20I # 1095
England Vs Australia,Australia,Adam Zampa,4,0,47,0,11.75,7,3,3,1,0,T20I # 1095
England Vs Australia,Australia,Glenn Maxwell,3,0,14,2,4.66,6,0,0,0,0,T20I # 1095
England Vs Australia,England,Jofra Archer,4,0,33,2,8.25,9,4,0,2,0,T20I # 1095
England Vs Australia,England,Mark Wood,4,0,31,1,7.75,10,4,0,2,0,T20I # 1095
England Vs Australia,England,Chris Jordan,3,0,23,0,7.66,7,3,0,1,0,T20I # 1095
England Vs Australia,England,Tom Curran,4,0,33,0,8.25,5,0,1,1,0,T20I # 1095
England Vs Australia,England,Adil Rashid,4,0,29,2,7.25,10,2,1,0,0,T20I # 1095
England Vs Australia,England,Moeen Ali,1,0,9,0,9.00,2,0,1,0,0,T20I # 1095
Australia Vs England,England,Jofra Archer,4,0,25,1,6.25,12,4,0,0,0,T20I # 1096
Australia Vs England,England,Mark Wood,3,0,25,1,8.33,6,1,2,0,0,T20I # 1096
Australia Vs England,England,Tom Curran,4,0,25,0,6.25,10,0,2,0,0,T20I # 1096
Australia Vs England,England,Adil Rashid,4,0,40,1,10.00,6,4,1,0,0,T20I # 1096
Australia Vs England,England,Chris Jordan,1,0,8,2,8.00,1,1,0,0,0,T20I # 1096
Australia Vs England,England,Moeen Ali,77,54,8,0,2,142.59,9,11,2,0,T20I # 1096
Australia Vs England,Australia,Mitchell Starc,0,1,0,1,2,0,19,9.50,4,1,T20I # 1096
Australia Vs England,Australia,Pat Cummins,1,0,0,0,2,0,16,8.00,3,2,T20I # 1096
Australia Vs England,Australia,Kane Richardson,0,0,0,0,3.5,0,42,10.95,6,5,T20I # 1096
Australia Vs England,Australia,Glenn Maxwell,2,0,0,0,4,0,27,6.75,6,3,T20I # 1096
England Vs Australia,Australia,Mitchell Starc,4,0,20,1,5.00,11,1,0,2,0,T20I # 1097
England Vs Australia,Australia,Josh Hazlewood,4,0,23,1,5.75,14,4,0,0,1,T20I # 1097
England Vs Australia,Australia,Kane Richardson,4,0,31,1,7.75,6,3,0,0,0,T20I # 1097
England Vs Australia,Australia,Ashton Agar,4,0,35,1,8.75,8,3,1,0,0,T20I # 1097
England Vs Australia,Australia,Adam Zampa,4,0,34,2,8.50,8,1,3,0,0,T20I # 1097
England Vs Australia,England,Jofra Archer,3,0,32,0,10.66,4,2,2,0,0,T20I # 1097
England Vs Australia,England,Mark Wood,4,0,38,1,9.50,12,6,1,2,0,T20I # 1097
England Vs Australia,England,Chris Jordan,2.3,0,19,0,7.60,4,2,0,0,0,T20I # 1097
England Vs Australia,England,Adil Rashid,4,0,21,3,5.25,10,1,0,1,0,T20I # 1097
England Vs Australia,England,Tom Curran,4,0,23,1,5.75,8,1,0,0,0,T20I # 1097
England Vs Australia,England,Joe Denly,1,0,8,0,8.00,1,1,0,0,0,T20I # 1097
England Vs Australia,England,Moeen Ali,1,0,5,0,5.00,1,0,0,0,0,T20I # 1097
Malta Vs Bulgaria,Bulgaria,Hristo Lakov,0,28,7.00,0,-,-,-,1,0,2.1,T20I # 1098
Malta Vs Bulgaria,Bulgaria,Prakash Mishra,0,27,12.46,2,-,-,-,1,5,2.5,T20I # 1098
Malta Vs Bulgaria,Bulgaria,Sulaiman Ali,0,31,10.94,2,-,-,-,1,1,4,T20I # 1098
Malta Vs Bulgaria,Bulgaria,Delrick Varghese,0,38,9.50,1,-,-,-,1,0,3,T20I # 1098
Malta Vs Bulgaria,Bulgaria,Bakhtiar Tahiri,0,39,13.00,2,-,-,-,1,0,16,T20I # 1098
Malta Vs Bulgaria,Bulgaria,Rohan Bhavesh Patel,18,1,0,1,88.88,31,25,6,0,124.00,T20I # 1098
Malta Vs Bulgaria,Malta,Waseem Abbas,40,10.00,-,0,-,-,4,0,4,0,T20I # 1098
Malta Vs Bulgaria,Malta,Noshair Akhter,23,5.75,-,1,-,-,6,0,4,0,T20I # 1098
Bulgaria Vs Malta,Malta,Waseem Abbas,0,4,0,1,35,8.75,-,-,-,1,T20I # 1099
Bulgaria Vs Malta,Malta,Noshair Akhter,0,4,0,3,37,9.25,-,-,-,7,T20I # 1099
Bulgaria Vs Malta,Malta,Varun Thamotharam,0,4,0,1,39,9.75,-,-,-,1,T20I # 1099
Bulgaria Vs Malta,Malta,Amar Sharma,1,4,0,1,43,10.75,-,-,-,1,T20I # 1099
Bulgaria Vs Malta,Malta,Salu Thomas Kanakalil,0,32,29,0,4,0,110.34,91,54,8,T20I # 1099
Bulgaria Vs Malta,Bulgaria,Hristo Lakov,15.00,-,-,1,-,6,0,4,0,29,T20I # 1099
Bulgaria Vs Malta,Bulgaria,Delrick Varghese,7.25,-,-,0,-,3,0,3.5,0,41,T20I # 1099
Bulgaria Vs Malta,Bulgaria,Sulaiman Ali,10.69,-,-,0,-,1,1,2,0,22,T20I # 1099
Bulgaria Vs Malta,Bulgaria,Prakash Mishra,11.00,-,-,0,-,2,1,2,0,19,T20I # 1099
Bulgaria Vs Malta,Bulgaria,Atagul Ahmadhel,9.50,-,-,1,-,0,0,1,0,8,T20I # 1099
Bulgaria Vs Romania,Romania,Vasu Saini,4,0,4,0,0,26,6.50,13,2,1,T20I # 1101
Bulgaria Vs Romania,Romania,Asif Bevinje,1,0,4,1,0,23,5.75,12,2,0,T20I # 1101
Bulgaria Vs Romania,Romania,Sami Ullah,2,0,4,2,0,20,5.00,13,1,0,T20I # 1101
Bulgaria Vs Romania,Romania,Ramesh Satheesan,3,0,2,1,0,11,5.50,4,0,0,T20I # 1101
Bulgaria Vs Romania,Romania,Pavel Florin,0,0,2,0,0,15,7.50,5,1,0,T20I # 1101
Bulgaria Vs Romania,Romania,Aftab Kayani,0,0,16,0,9,2,1,177.77,6,4,T20I # 1101
Bulgaria Vs Romania,Bulgaria,Delrick Varghese,3,0,16,0,5.33,10,0,1,2,0,T20I # 1101
Bulgaria Vs Romania,Bulgaria,Asad Ali Rehemtulla,2.4,0,8,2,3.00,12,1,0,1,0,T20I # 1101
Bulgaria Vs Romania,Bulgaria,Prakash Mishra,4,0,20,2,5.00,8,0,0,0,0,T20I # 1101
Bulgaria Vs Romania,Bulgaria,Sulaiman Ali,3,0,18,2,6.00,9,2,0,1,0,T20I # 1101
Romania Vs Bulgaria,Bulgaria,Delrick Varghese,1,0,3,0,0,31,10.33,1,0,3,T20I # 1102
Romania Vs Bulgaria,Bulgaria,Asad Ali Rehemtulla,0,34,11.33,0,3,1,2,0,20,10.00,T20I # 1102
Romania Vs Bulgaria,Bulgaria,Bakhtiar Tahiri,1,1,3,0,0,22,7.33,1,0,3,T20I # 1102
Romania Vs Bulgaria,Bulgaria,Sulaiman Ali,0,25,8.33,0,2,0,4,5,0,0,T20I # 1102
Romania Vs Bulgaria,Bulgaria,Rohan Bhavesh Patel,80.00,33,28,1,2,1,117.85,6,11,0,T20I # 1102
Romania Vs Bulgaria,Bulgaria,Prakash Mishra,0,54.54,15,1,21,1,0,71.42,6,3,T20I # 1102
Romania Vs Bulgaria,Romania,Asif Bevinje,2,0,18,1,9.00,1,1,1,0,10,T20I # 1102
Romania Vs Bulgaria,Romania,Patras Masih,10.00,2,0,0,1.5,0,12,6.54,3,2,T20I # 1102
Romania Vs Bulgaria,Bulgaria,Prakash Mishra,21,10.50,2,1,0,3,0,29,9.66,4,T20I # 1103
Romania Vs Bulgaria,Bulgaria,Atagul Ahmadhel,2,3,0,1,45,15.00,0,0,3,0,T20I # 1103
Romania Vs Bulgaria,Bulgaria,Sulaiman Ali,27,9.00,5,1,0,4,0,25,6.25,1,T20I # 1103
Romania Vs Bulgaria,Bulgaria,Bakhtiar Tahiri,0,1,0,0,6,6.00,2,0,66,44,T20I # 1103
Romania Vs Bulgaria,Bulgaria,Dimo Nikolov,5,5,150.00,2,10,10,1,0,100.00,37,T20I # 1103
Romania Vs Bulgaria,Bulgaria,Rohan Bhavesh Patel,37,1,0,1,100.00,5,7,1,0,71.42,T20I # 1103
Romania Vs Bulgaria,Bulgaria,Kevin D'Souza,22,10,2,0,1,220.00,2,4,0,0,T20I # 1103
Romania Vs Bulgaria,Romania,Asif Bevinje,3,0,22,1,7.33,3,0,1,0,9,T20I # 1103
Bulgaria Vs Romania,Romania,Patras Masih,0,3,0,2,8,2.66,2,0,2,0,T20I # 1104
Bulgaria Vs Romania,Romania,Shantanu Vashisht,7,3.50,1,3,0,1,0,8,8.00,1,T20I # 1104
Bulgaria Vs Romania,Romania,Vasu Saini,0,0.3,0,2,5,10.00,0,0,14,12,T20I # 1104
Bulgaria Vs Romania,Romania,Ijaz Hussain,1,0,116.66,1,12,15,2,0,80.00,14,T20I # 1104
Bulgaria Vs Romania,Romania,Pavel Florin,16,1,0,1,87.50,12,12,3,0,100.00,T20I # 1104
Bulgaria Vs Romania,Romania,Cosmin Zavoiu,3,3,0,1,0,100.00,0,0,0,0,T20I # 1104
Zimbabwe Vs Pakistan,Pakistan,Mohammad Hasnain,4,0,25,1,6.25,1,0,4,0,25,T20I # 1105
Zimbabwe Vs Pakistan,Pakistan,Haris Rauf,6.25,0,0,2,4,0,35,8.75,0,0,T20I # 1105
Zimbabwe Vs Pakistan,Pakistan,Faheem Ashraf,4,0,37,0,9.25,1,0,3,0,24,T20I # 1105
Zimbabwe Vs Pakistan,Pakistan,Wahab Riaz,8.00,0,0,2,1,0,7,7.00,0,0,T20I # 1105
Zimbabwe Vs Pakistan,Pakistan,Usman Qadir,19,12,16,1,2,1,158.33,82,55,68,T20I # 1105
Zimbabwe Vs Pakistan,Pakistan,Mohammad Hafeez,9,1,149.09,0,7,8,14,1,0,87.50,T20I # 1105
Zimbabwe Vs Pakistan,Zimbabwe,Wessly Madhevere,4,0,37,0,9.25,0,1,4,0,26,T20I # 1105
Zimbabwe Vs Pakistan,Zimbabwe,Blessing Muzarabani,6.50,0,0,2,1,0,11,11.00,0,0,T20I # 1105
Zimbabwe Vs Pakistan,Pakistan,Mohammad Hasnain,4,0,28,0,7.00,0,0,4,0,31,T20I # 1106
Zimbabwe Vs Pakistan,Pakistan,Haris Rauf,7.75,0,0,3,4,0,20,5.00,2,0,T20I # 1106
Zimbabwe Vs Pakistan,Pakistan,Faheem Ashraf,4,0,31,1,7.75,1,0,4,0,23,T20I # 1106
Zimbabwe Vs Pakistan,Pakistan,Wahab Riaz,5.75,0,0,0,5,11,9,0,0,45.45,T20I # 1106
Zimbabwe Vs Pakistan,Pakistan,Usman Qadir,51,28,48,3,8,1,182.14,66,43,53,T20I # 1106
Zimbabwe Vs Pakistan,Zimbabwe,Blessing Muzarabani,9.00,0,0,2,3,0,26,8.66,0,0,T20I # 1106
Zimbabwe Vs Pakistan,Zimbabwe,Richard Ngarava,1,0,11,0,11.00,0,0,2,0,20,T20I # 1106
Zimbabwe Vs Pakistan,Pakistan,Mohammad Hasnain,4,0,22,1,5.50,0,0,4,0,38,T20I # 1107
Zimbabwe Vs Pakistan,Pakistan,Haris Rauf,9.50,2,0,1,4,0,27,6.75,0,0,T20I # 1107
Zimbabwe Vs Pakistan,Pakistan,Imad Wasim,4,0,23,2,5.75,0,0,4,0,13,T20I # 1107
Zimbabwe Vs Pakistan,Pakistan,Muhammad Musa,3.25,1,0,0,21,24,29,1,1,87.50,T20I # 1107
Zimbabwe Vs Pakistan,Pakistan,Usman Qadir,41,33,60,4,4,1,124.24,27,20,14,T20I # 1107
Zimbabwe Vs Pakistan,Zimbabwe,Blessing Muzarabani,5.14,1,0,0,2,0,19,9.50,0,0,T20I # 1107
Zimbabwe Vs Pakistan,Zimbabwe,Donald Tiripano,2,0,14,0,7.00,0,0,3,0,27,T20I # 1107
Zimbabwe Vs Pakistan,Zimbabwe,Faraz Akram,9.00,1,0,0,2,0,28,14.00,1,0,T20I # 1107
West Indies Vs New Zealand,New Zealand,Tim Southee,3,0,22,2,7.33,10,3,0,3,0,T20I # 1108
West Indies Vs New Zealand,New Zealand,Kyle Jamieson,3,0,26,0,8.66,8,1,2,3,0,T20I # 1108
West Indies Vs New Zealand,New Zealand,Hamish Bennett,2.3,0,50,0,20.00,4,3,4,1,3,T20I # 1108
West Indies Vs New Zealand,New Zealand,Lockie Ferguson,4,0,21,5,5.25,19,2,1,1,0,T20I # 1108
West Indies Vs New Zealand,New Zealand,Mitchell Santner,2,0,23,0,11.50,5,3,1,0,1,T20I # 1108
West Indies Vs New Zealand,New Zealand,James Neesham,1.3,0,32,0,21.33,2,1,4,2,0,T20I # 1108
West Indies Vs New Zealand,West Indies,Sheldon Cottrell,4,0,30,1,7.50,11,2,1,1,0,T20I # 1108
West Indies Vs New Zealand,West Indies,Fabian Allen,2,0,32,0,16.00,6,2,4,0,0,T20I # 1108
West Indies Vs New Zealand,West Indies,Oshane Thomas,3,0,23,2,7.66,10,2,1,2,0,T20I # 1108
West Indies Vs New Zealand,West Indies,Kesrick Williams,2,0,33,0,16.50,3,4,2,0,1,T20I # 1108
West Indies Vs New Zealand,West Indies,Keemo Paul,3,0,39,0,13.00,7,3,1,0,5,T20I # 1108
West Indies Vs New Zealand,West Indies,Kieron Pollard,1.2,0,16,1,12.00,3,0,2,0,0,T20I # 1108
South Africa Vs England,England,Sam Curran,1,0,4,3,0,28,7.00,8,1,1,T20I # 1109
South Africa Vs England,England,Jofra Archer,0,0,4,1,0,55,13.75,6,3,4,T20I # 1109
South Africa Vs England,England,Tom Curran,2,0,4,1,0,27,6.75,6,0,1,T20I # 1109
South Africa Vs England,England,Adil Rashid,1,0,4,0,0,40,10.00,5,3,1,T20I # 1109
South Africa Vs England,England,Chris Jordan,3,0,0,1,2,0,0,0.00,7,6,T20I # 1109
South Africa Vs England,South Africa,George Linde,4,1,0,2,0,4,0,56,14.00,6,T20I # 1109
South Africa Vs England,South Africa,Kagiso Rabada,7,1,5,0,0,3.2,0,31,9.30,6,T20I # 1109
South Africa Vs England,South Africa,Beuran Hendricks,2,2,1,0,0,3,0,27,9.00,5,T20I # 1109
South Africa Vs England,South Africa,Lungi Ngidi,0,2,1,2,0,1,0,14,14.00,2,T20I # 1109
New Zealand Vs West Indies,West Indies,Sheldon Cottrell,4,0,39,0,9.75,11,4,2,2,2,T20I # 1110
New Zealand Vs West Indies,West Indies,Kyle Mayers,1,0,10,0,10.00,3,2,0,1,0,T20I # 1110
New Zealand Vs West Indies,West Indies,Oshane Thomas,4,0,44,1,11.00,8,4,3,0,0,T20I # 1110
New Zealand Vs West Indies,West Indies,Keemo Paul,4,0,64,0,16.00,5,7,4,1,1,T20I # 1110
New Zealand Vs West Indies,West Indies,Fabian Allen,3,0,35,1,11.66,5,2,3,0,1,T20I # 1110
New Zealand Vs West Indies,West Indies,Kieron Pollard,3,0,33,1,11.00,4,3,1,1,0,T20I # 1110
New Zealand Vs West Indies,West Indies,Rovman Powell,1,0,9,0,9.00,3,0,1,0,0,T20I # 1110
New Zealand Vs West Indies,New Zealand,Tim Southee,4,0,49,1,12.25,9,1,5,1,0,T20I # 1110
New Zealand Vs West Indies,New Zealand,Kyle Jamieson,4,0,15,2,3.75,16,0,1,2,0,T20I # 1110
New Zealand Vs West Indies,New Zealand,Lockie Ferguson,4,0,22,1,5.50,14,2,0,2,0,T20I # 1110
New Zealand Vs West Indies,New Zealand,Mitchell Santner,3,0,41,2,13.66,5,0,5,1,0,T20I # 1110
New Zealand Vs West Indies,New Zealand,Ish Sodhi,4,0,26,1,6.50,11,0,2,3,0,T20I # 1110
New Zealand Vs West Indies,New Zealand,James Neesham,1,0,12,1,12.00,1,0,1,0,0,T20I # 1110
South Africa Vs England,England,Sam Curran,0,4,0,0,18,4.50,12,1,0,1,T20I # 1111
South Africa Vs England,England,Jofra Archer,0,4,0,1,37,9.25,6,4,1,1,T20I # 1111
South Africa Vs England,England,Tom Curran,0,4,0,1,29,7.25,7,2,0,1,T20I # 1111
South Africa Vs England,England,Chris Jordan,0,4,0,1,23,5.75,10,1,0,1,T20I # 1111
South Africa Vs England,England,Adil Rashid,0,2,0,2,14,7.00,4,1,0,1,T20I # 1111
South Africa Vs England,England,Ben Stokes,0,14,19,0,2,0,73.68,22,15,4,T20I # 1111
South Africa Vs England,South Africa,George Linde,0,0,4,0,0,21,5.25,12,3,0,T20I # 1111
South Africa Vs England,South Africa,Kagiso Rabada,0,0,4,1,0,51,12.75,8,7,2,T20I # 1111
South Africa Vs England,South Africa,Anrich Nortje,2,0,4,0,0,19,4.75,10,0,1,T20I # 1111
West Indies Vs New Zealand,New Zealand,Mitchell Santner,1,0,12,0,12.00,4,0,1,2,0,T20I # 1112
West Indies Vs New Zealand,New Zealand,Lockie Ferguson,1,0,13,1,13.00,2,3,0,0,0,T20I # 1112
West Indies Vs New Zealand,New Zealand,Hamish Bennett,0.2,0,0,0,0.00,2,0,0,0,0,T20I # 1112
South Africa Vs England,England,Sam Curran,4,1,2,0,0,4,0,44,11.00,8,T20I # 1113
South Africa Vs England,England,Jofra Archer,4,3,0,0,0,4,0,42,10.50,6,T20I # 1113
South Africa Vs England,England,Chris Jordan,2,3,0,1,1,2,0,24,12.00,3,T20I # 1113
South Africa Vs England,England,Tom Curran,1,2,0,0,0,4,0,20,5.00,12,T20I # 1113
South Africa Vs England,England,Adil Rashid,1,1,0,0,0,3,0,26,8.66,6,T20I # 1113
South Africa Vs England,England,Ben Stokes,2,1,0,2,0,16,14,1,1,114.28,T20I # 1113
South Africa Vs England,South Africa,George Linde,0,4,0,0,37,9.25,8,4,1,1,T20I # 1113
South Africa Vs England,South Africa,Anrich Nortje,0,2.4,0,1,45,16.87,2,2,4,2,T20I # 1113
South Africa Vs England,South Africa,Lutho Sipamla,1,3,0,0,23,7.66,7,2,1,1,T20I # 1113
South Africa Vs England,South Africa,Lungi Ngidi,0,4,0,0,57,14.25,3,5,4,1,T20I # 1113
India Vs Australia,Australia,Mitchell Starc,4,0,39,2,9.75,8,4,1,0,1,T20I # 1114
India Vs Australia,Australia,Josh Hazlewood,4,0,20,0,5.00,9,1,0,0,0,T20I # 1114
India Vs Australia,Australia,Adam Zampa,2,0,23,1,11.50,2,2,1,1,0,T20I # 1114
India Vs Australia,Australia,Sean Abbott,2,0,21,0,10.50,3,2,1,0,0,T20I # 1114
India Vs Australia,Australia,Mitchell Swepson,4,0,22,1,5.50,11,0,1,1,0,T20I # 1114
India Vs Australia,Australia,Moises Henriques,34,38,3,3,0,89.47,35,26,5,1,T20I # 1114
India Vs Australia,India,Deepak Chahar,4,0,46,1,11.50,7,4,3,0,0,T20I # 1114
India Vs Australia,India,Washington Sundar,4,0,30,0,7.50,7,1,1,0,0,T20I # 1114
India Vs Australia,India,Mohammed Shami,4,0,25,0,6.25,7,1,0,1,0,T20I # 1114
Australia Vs India,India,Deepak Chahar,2,0,4,0,0,35,8.75,7,3,1,T20I # 1115
Australia Vs India,India,Washington Sundar,1,0,4,0,0,39,9.75,7,6,0,T20I # 1115
Australia Vs India,India,Shardul Thakur,1,0,4,1,0,20,5.00,8,1,0,T20I # 1115
Australia Vs India,India,T Natarajan,0,0,4,2,0,51,12.75,5,0,5,T20I # 1115
Australia Vs India,India,Yuzvendra Chahal,1,0,30,1,22,2,1,136.36,52,36,T20I # 1115
Australia Vs India,Australia,Daniel Sams,3,1,1,1,0,0,4,0,47,11.75,T20I # 1115
Australia Vs India,Australia,Sean Abbott,10,6,2,0,1,1,1,0,19,19.00,T20I # 1115
Australia Vs India,Australia,Andrew Tye,0,2,1,1,0,0,4,0,25,6.25,T20I # 1115
Australia Vs India,Australia,Glenn Maxwell,7,0,0,0,1,0,1,0,9,9.00,T20I # 1115
Australia Vs India,Australia,Mitchell Swepson,1,1,0,1,0,0,4,0,36,9.00,T20I # 1115
Australia Vs India,India,Deepak Chahar,1,0,4,0,0,34,8.50,9,4,0,T20I # 1116
Australia Vs India,India,Washington Sundar,1,0,4,2,0,33,8.25,8,3,0,T20I # 1116
Australia Vs India,India,T Natarajan,2,0,4,1,0,41,10.25,3,1,2,T20I # 1116
Australia Vs India,India,Yuzvendra Chahal,2,1,4,0,0,43,10.75,6,2,3,T20I # 1116
Australia Vs India,India,Shardul Thakur,0,0,0,1,2,0,0,0.00,28,21,T20I # 1116
Australia Vs India,Australia,Glenn Maxwell,1,0,2,1,0,29,14.50,2,1,3,T20I # 1116
Australia Vs India,Australia,Sean Abbott,1,0,4,1,0,31,7.75,10,2,2,T20I # 1116
Australia Vs India,Australia,Daniel Sams,1,0,4,0,0,23,5.75,4,0,0,T20I # 1116
Australia Vs India,Australia,Andrew Tye,0,0,3,1,0,21,7.00,3,1,0,T20I # 1116
Pakistan Vs New Zealand,New Zealand,Mitchell Santner,4,0,18,0,4.50,13,2,0,0,0,T20I # 1117
Pakistan Vs New Zealand,New Zealand,Jacob Duffy,4,0,33,4,8.25,14,2,3,1,0,T20I # 1117
Pakistan Vs New Zealand,New Zealand,Scott Kuggeleijn,4,0,27,3,6.75,11,4,0,0,0,T20I # 1117
Pakistan Vs New Zealand,New Zealand,Ish Sodhi,4,0,37,1,9.25,7,1,3,0,0,T20I # 1117
Pakistan Vs New Zealand,New Zealand,Blair Tickner,4,0,35,1,8.75,9,2,2,2,0,T20I # 1117
Pakistan Vs New Zealand,Pakistan,Shaheen Shah Afridi,4,0,27,2,6.75,13,1,2,2,0,T20I # 1117
Pakistan Vs New Zealand,Pakistan,Imad Wasim,2,0,14,0,7.00,6,1,1,0,0,T20I # 1117
Pakistan Vs New Zealand,Pakistan,Haris Rauf,4,0,29,3,7.25,9,4,0,1,0,T20I # 1117
Pakistan Vs New Zealand,Pakistan,Faheem Ashraf,3,0,18,0,6.00,7,2,0,0,0,T20I # 1117
Pakistan Vs New Zealand,Pakistan,Wahab Riaz,3.5,0,45,0,11.73,7,5,2,0,0,T20I # 1117
Pakistan Vs New Zealand,Pakistan,Shadab Khan,2,0,22,0,11.00,0,1,1,0,0,T20I # 1117
Pakistan Vs New Zealand,New Zealand,Trent Boult,4,0,33,0,8.25,10,6,0,0,0,T20I # 1118
Pakistan Vs New Zealand,New Zealand,Tim Southee,4,0,21,4,5.25,13,1,1,0,0,T20I # 1118
Pakistan Vs New Zealand,New Zealand,Kyle Jamieson,4,0,43,0,10.75,8,5,2,0,0,T20I # 1118
Pakistan Vs New Zealand,New Zealand,Scott Kuggeleijn,3,0,33,0,11.00,6,3,2,0,0,T20I # 1118
Pakistan Vs New Zealand,New Zealand,James Neesham,2,0,10,1,5.00,6,1,0,0,0,T20I # 1118
Pakistan Vs New Zealand,New Zealand,Ish Sodhi,3,0,21,1,7.00,8,2,1,0,0,T20I # 1118
Pakistan Vs New Zealand,Pakistan,Shaheen Shah Afridi,4,0,38,0,9.50,6,6,0,1,0,T20I # 1118
Pakistan Vs New Zealand,Pakistan,Haris Rauf,4,0,39,0,9.75,9,4,2,1,0,T20I # 1118
Pakistan Vs New Zealand,Pakistan,Faheem Ashraf,3.2,0,19,1,5.70,12,2,1,0,0,T20I # 1118
Pakistan Vs New Zealand,Pakistan,Wahab Riaz,1,0,19,0,19.00,2,0,3,0,0,T20I # 1118
Pakistan Vs New Zealand,Pakistan,Shadab Khan,4,0,24,0,6.00,8,2,0,0,0,T20I # 1118
Pakistan Vs New Zealand,Pakistan,Imad Wasim,3,0,25,0,8.33,4,3,0,0,0,T20I # 1118
New Zealand Vs Pakistan,Pakistan,Shaheen Shah Afridi,4,0,43,2,10.75,7,6,1,0,0,T20I # 1119
New Zealand Vs Pakistan,Pakistan,Mohammad Hasnain,4,0,29,0,7.25,12,2,2,0,0,T20I # 1119
New Zealand Vs Pakistan,Pakistan,Haris Rauf,4,0,44,2,11.00,6,4,2,0,1,T20I # 1119
New Zealand Vs Pakistan,Pakistan,Faheem Ashraf,4,0,20,3,5.00,9,1,0,0,0,T20I # 1119
New Zealand Vs Pakistan,Pakistan,Shadab Khan,4,0,36,0,9.00,7,3,1,0,0,T20I # 1119
New Zealand Vs Pakistan,New Zealand,Trent Boult,4,0,43,0,10.75,6,6,0,3,0,T20I # 1119
New Zealand Vs Pakistan,New Zealand,Tim Southee,4,0,25,2,6.25,10,3,0,0,0,T20I # 1119
New Zealand Vs Pakistan,New Zealand,Kyle Jamieson,2.4,0,22,1,8.25,9,3,1,0,0,T20I # 1119
New Zealand Vs Pakistan,New Zealand,Scott Kuggeleijn,4,0,40,2,10.00,10,3,3,0,0,T20I # 1119
New Zealand Vs Pakistan,New Zealand,Ish Sodhi,1,0,6,0,6.00,2,0,0,0,0,T20I # 1119
New Zealand Vs Pakistan,New Zealand,James Neesham,4,0,37,1,9.25,5,1,3,0,0,T20I # 1119
