Team 1,Team 2,Winner,Margin,Ground,Match Date,match_id
West Indies,England,West Indies,9 wickets,Bridgetown,"Jan 22, 2022",T20I # 1453
West Indies,England,England,1 runs,Bridgetown,"Jan 23, 2022",T20I # 1454
West Indies,England,West Indies,20 runs,Bridgetown,"Jan 26, 2022",T20I # 1455
West Indies,England,England,34 runs,Bridgetown,"Jan 29, 2022",T20I # 1456
West Indies,England,West Indies,17 runs,Bridgetown,"Jan 30, 2022",T20I # 1457
Australia,Sri Lanka,Australia,20 runs,Sydney,"Feb 11, 2022",T20I # 1458
Oman,Nepal,Nepal,6 wickets,Al Amerat,"Feb 11, 2022",T20I # 1459
Nepal,U.A.E.,U.A.E.,25 runs,Al Amerat,"Feb 12, 2022",T20I # 1460
Oman,Ireland,Ireland,9 wickets,Al Amerat,"Feb 12, 2022",T20I # 1461
Ireland,U.A.E.,U.A.E.,13 runs,Al Amerat,"Feb 13, 2022",T20I # 1462
Australia,Sri Lanka,tied,-,Sydney,"Feb 13, 2022",T20I # 1463
Oman,U.A.E.,Oman,7 wickets,Al Amerat,"Feb 14, 2022",T20I # 1464
Ireland,Nepal,Ireland,16 runs,Al Amerat,"Feb 14, 2022",T20I # 1465
Australia,Sri Lanka,Australia,6 wickets,Canberra,"Feb 15, 2022",T20I # 1466
India,West Indies,India,6 wickets,Eden Gardens,"Feb 16, 2022",T20I # 1467
Canada,Philippines,Canada,118 runs,Al Amerat,"Feb 18, 2022",T20I # 1468
Oman,Nepal,Nepal,39 runs,Al Amerat,"Feb 18, 2022",T20I # 1469
Australia,Sri Lanka,Australia,6 wickets,Melbourne,"Feb 18, 2022",T20I # 1470
Bahrain,Germany,Bahrain,6 wickets,Al Amerat,"Feb 18, 2022",T20I # 1471
Ireland,U.A.E.,U.A.E.,18 runs,Al Amerat,"Feb 18, 2022",T20I # 1472
India,West Indies,India,8 runs,Eden Gardens,"Feb 18, 2022",T20I # 1473
Nepal,Philippines,Nepal,136 runs,Al Amerat,"Feb 19, 2022",T20I # 1474
Oman,Canada,Oman,9 wickets,Al Amerat,"Feb 19, 2022",T20I # 1475
Bahrain,Ireland,Ireland,21 runs,Al Amerat,"Feb 19, 2022",T20I # 1476
Germany,U.A.E.,U.A.E.,24 runs,Al Amerat,"Feb 19, 2022",T20I # 1477
Australia,Sri Lanka,Sri Lanka,5 wickets,Melbourne,"Feb 20, 2022",T20I # 1478
India,West Indies,India,17 runs,Eden Gardens,"Feb 20, 2022",T20I # 1479
Bahrain,U.A.E.,Bahrain,2 runs,Al Amerat,"Feb 21, 2022",T20I # 1480
Germany,Ireland,Ireland,7 wickets,Al Amerat,"Feb 21, 2022",T20I # 1481
Canada,Nepal,Nepal,8 wickets,Al Amerat,"Feb 21, 2022",T20I # 1482
Oman,Philippines,Oman,9 wickets,Al Amerat,"Feb 21, 2022",T20I # 1483
Bahrain,Philippines,Bahrain,91 runs,Al Amerat,"Feb 22, 2022",T20I # 1484
Canada,Germany,Canada,6 wickets,Al Amerat,"Feb 22, 2022",T20I # 1485
Nepal,U.A.E.,U.A.E.,68 runs,Al Amerat,"Feb 22, 2022",T20I # 1486
Oman,Ireland,Ireland,56 runs,Al Amerat,"Feb 22, 2022",T20I # 1487
Bahrain,Canada,Canada,7 wickets,Al Amerat,"Feb 24, 2022",T20I # 1488
Germany,Philippines,Germany,9 wickets,Al Amerat,"Feb 24, 2022",T20I # 1489
Ireland,U.A.E.,U.A.E.,7 wickets,Al Amerat,"Feb 24, 2022",T20I # 1490
Oman,Nepal,Nepal,9 wickets,Al Amerat,"Feb 24, 2022",T20I # 1491
India,Sri Lanka,India,62 runs,Lucknow,"Feb 24, 2022",T20I # 1492
India,Sri Lanka,India,7 wickets,Dharamsala,"Feb 26, 2022",T20I # 1493
India,Sri Lanka,India,6 wickets,Dharamsala,"Feb 27, 2022",T20I # 1494
Bangladesh,Afghanistan,Bangladesh,61 runs,Mirpur,"Mar 3, 2022",T20I # 1495
Bangladesh,Afghanistan,Afghanistan,8 wickets,Mirpur,"Mar 5, 2022",T20I # 1496
Nepal,P.N.G.,Nepal,15 runs,Kirtipur,"Mar 28, 2022",T20I # 1497
Malaysia,P.N.G.,Malaysia,8 runs,Kirtipur,"Mar 29, 2022",T20I # 1498
Nepal,Malaysia,Nepal,6 wickets,Kirtipur,"Mar 30, 2022",T20I # 1499
Nepal,P.N.G.,Nepal,37 runs,Kirtipur,"Mar 31, 2022",T20I # 1500
Malaysia,P.N.G.,P.N.G.,8 wickets,Kirtipur,"Apr 1, 2022",T20I # 1501
Nepal,Malaysia,Nepal,85 runs,Kirtipur,"Apr 2, 2022",T20I # 1502
Nepal,P.N.G.,Nepal,50 runs,Kirtipur,"Apr 4, 2022",T20I # 1503
Pakistan,Australia,Australia,3 wickets,Lahore,"Apr 5, 2022",T20I # 1504
Namibia,Uganda,Namibia,8 wickets,Windhoek,"Apr 8, 2022",T20I # 1505
Namibia,Uganda,Uganda,7 wickets,Windhoek,"Apr 9, 2022",T20I # 1506
Namibia,Uganda,Namibia,52 runs,Windhoek,"Apr 10, 2022",T20I # 1507
Cayman Is,Bahamas,Cayman Is,8 wickets,George Town,"Apr 13, 2022",T20I # 1508
Cayman Is,Bahamas,Cayman Is,15 runs,George Town,"Apr 14, 2022",T20I # 1509
Cayman Is,Bahamas,Cayman Is,7 wickets,George Town,"Apr 16, 2022",T20I # 1510
Cayman Is,Bahamas,Cayman Is,65 runs,George Town,"Apr 16, 2022",T20I # 1511
Cayman Is,Bahamas,Cayman Is,42 runs,George Town,"Apr 17, 2022",T20I # 1512
Guernsey,Norway,Norway,37 runs,Almeria,"Apr 29, 2022",T20I # 1513
Spain,Norway,Spain,51 runs,Almeria,"Apr 30, 2022",T20I # 1514
Guernsey,Norway,Guernsey,8 wickets,Almeria,"Apr 30, 2022",T20I # 1515
Spain,Guernsey,Spain,8 wickets,Almeria,"Apr 30, 2022",T20I # 1516
Spain,Guernsey,Guernsey,8 wickets,Almeria,"May 1, 2022",T20I # 1517
Spain,Norway,Spain,41 runs,Almeria,"May 1, 2022",T20I # 1518
Denmark,Finland,Finland,3 wickets,Brondby,"May 7, 2022",T20I # 1519
Denmark,Finland,Denmark,137 runs,Brondby,"May 7, 2022",T20I # 1520
Denmark,Finland,Denmark,53 runs,Brondby,"May 8, 2022",T20I # 1521
Malta,Gibraltar,Malta,5 wickets,Marsa,"May 10, 2022",T20I # 1522
Malta,Hungary,Malta,45 runs,Marsa,"May 10, 2022",T20I # 1523
Gibraltar,Hungary,Hungary,4 wickets,Marsa,"May 10, 2022",T20I # 1524
Malta,Romania,Malta,5 wickets,Marsa,"May 11, 2022",T20I # 1525
Czech Rep.,Gibraltar,Czech Rep.,40 runs,Marsa,"May 11, 2022",T20I # 1526
Bulgaria,Hungary,Hungary,5 runs,Marsa,"May 11, 2022",T20I # 1527
Malta,Czech Rep.,Malta,2 runs,Marsa,"May 12, 2022",T20I # 1528
Bulgaria,Czech Rep.,Czech Rep.,88 runs,Marsa,"May 12, 2022",T20I # 1529
Hungary,Romania,Hungary,6 wickets,Marsa,"May 12, 2022",T20I # 1530
Bulgaria,Gibraltar,Gibraltar,21 runs,Marsa,"May 13, 2022",T20I # 1531
Czech Rep.,Romania,Romania,26 runs,Marsa,"May 13, 2022",T20I # 1532
Bulgaria,Romania,Romania,8 wickets,Marsa,"May 13, 2022",T20I # 1533
Czech Rep.,Hungary,Czech Rep.,7 wickets,Marsa,"May 14, 2022",T20I # 1534
Gibraltar,Romania,Romania,8 wickets,Marsa,"May 14, 2022",T20I # 1535
Malta,Bulgaria,Malta,6 wickets,Marsa,"May 14, 2022",T20I # 1536
Bulgaria,Gibraltar,Bulgaria,5 wickets,Marsa,"May 15, 2022",T20I # 1537
Czech Rep.,Hungary,Czech Rep.,70 runs,Marsa,"May 15, 2022",T20I # 1538
Malta,Romania,Romania,9 runs,Marsa,"May 15, 2022",T20I # 1539
Zimbabwe,Namibia,Zimbabwe,7 runs,Bulawayo,"May 17, 2022",T20I # 1540
Zimbabwe,Namibia,Namibia,8 wickets,Bulawayo,"May 19, 2022",T20I # 1541
Guernsey,Jersey,Jersey,37 runs,St Peter Port,"May 20, 2022",T20I # 1542
Guernsey,Jersey,Jersey,60 runs,Castel,"May 21, 2022",T20I # 1543
Zimbabwe,Namibia,Zimbabwe,8 wickets,Bulawayo,"May 21, 2022",T20I # 1544
Guernsey,Jersey,Jersey,37 runs,Castel,"May 21, 2022",T20I # 1545
Zimbabwe,Namibia,Namibia,6 wickets,Bulawayo,"May 22, 2022",T20I # 1546
Zimbabwe,Namibia,Namibia,32 runs,Bulawayo,"May 24, 2022",T20I # 1547
Austria,Hungary,Austria,105 runs,Lower Austria,"Jun 4, 2022",T20I # 1548
Austria,Hungary,no result,-,Lower Austria,"Jun 4, 2022",T20I # 1549
Austria,Hungary,Hungary,4 wickets,Lower Austria,"Jun 5, 2022",T20I # 1550
Sri Lanka,Australia,Australia,10 wickets,Colombo (RPS),"Jun 7, 2022",T20I # 1551
Sri Lanka,Australia,Australia,3 wickets,Colombo (RPS),"Jun 8, 2022",T20I # 1552
Germany,Austria,Germany,54 runs,Krefeld,"Jun 9, 2022",T20I # 1553
India,South Africa,South Africa,7 wickets,Delhi,"Jun 9, 2022",T20I # 1554
Germany,Sweden,Germany,4 wickets,Krefeld,"Jun 9, 2022",T20I # 1555
Germany,Austria,Austria,38 runs,Krefeld,"Jun 10, 2022",T20I # 1556
Austria,Sweden,Austria,3 runs,Krefeld,"Jun 10, 2022",T20I # 1557
Belgium,Malta,Belgium,111 runs,Gent,"Jun 11, 2022",T20I # 1558
Luxembourg,Switzerland,Luxembourg,18 runs,Walferdange,"Jun 11, 2022",T20I # 1559
Austria,Sweden,Austria,1 runs,Krefeld,"Jun 11, 2022",T20I # 1560
Zimbabwe,Afghanistan,Afghanistan,6 wickets,Harare,"Jun 11, 2022",T20I # 1561
Belgium,Malta,Belgium,84 runs,Gent,"Jun 11, 2022",T20I # 1562
Luxembourg,Switzerland,Switzerland,78 runs,Walferdange,"Jun 11, 2022",T20I # 1563
Sri Lanka,Australia,Sri Lanka,4 wickets,Pallekele,"Jun 11, 2022",T20I # 1564
Germany,Sweden,Germany,29 runs,Krefeld,"Jun 11, 2022",T20I # 1565
Belgium,Malta,Belgium,122 runs,Waterloo,"Jun 12, 2022",T20I # 1566
Germany,Austria,Germany,3 wickets,Krefeld,"Jun 12, 2022",T20I # 1567
Zimbabwe,Afghanistan,Afghanistan,21 runs,Harare,"Jun 12, 2022",T20I # 1568
India,South Africa,South Africa,4 wickets,Cuttack,"Jun 12, 2022",T20I # 1569
Zimbabwe,Afghanistan,Afghanistan,35 runs,Harare,"Jun 14, 2022",T20I # 1570
India,South Africa,India,48 runs,Visakhapatnam,"Jun 14, 2022",T20I # 1571
India,South Africa,India,82 runs,Rajkot,"Jun 17, 2022",T20I # 1572
Finland,Estonia,Finland,23 runs,Kerava,"Jun 19, 2022",T20I # 1573
Finland,Estonia,Finland,11 runs,Kerava,"Jun 19, 2022",T20I # 1574
India,South Africa,no result,-,Bengaluru,"Jun 19, 2022",T20I # 1575
Bulgaria,Serbia,Bulgaria,6 wickets,Sofia,"Jun 24, 2022",T20I # 1576
Bulgaria,Serbia,Bulgaria,5 wickets,Sofia,"Jun 25, 2022",T20I # 1577
Bulgaria,Serbia,Bulgaria,40 runs,Sofia,"Jun 25, 2022",T20I # 1578
Bulgaria,Serbia,Bulgaria,6 wickets,Sofia,"Jun 26, 2022",T20I # 1579
Ireland,India,India,7 wickets,Dublin (Malahide),"Jun 26, 2022",T20I # 1580
Belgium,Gibraltar,Belgium,7 wickets,Gent,"Jun 28, 2022",T20I # 1581
Malta,Spain,Spain,6 wickets,Waterloo,"Jun 28, 2022",T20I # 1582
Singapore,Malaysia,Singapore,4 wickets,Singapore,"Jun 28, 2022",T20I # 1583
Denmark,Hungary,Denmark,88 runs,Gent,"Jun 28, 2022",T20I # 1584
Israel,Portugal,Portugal,47 runs,Waterloo,"Jun 28, 2022",T20I # 1585
Ireland,India,India,4 runs,Dublin (Malahide),"Jun 28, 2022",T20I # 1586
Denmark,Gibraltar,Denmark,132 runs,Waterloo,"Jun 29, 2022",T20I # 1587
Malta,Portugal,Portugal,11 runs,Gent,"Jun 29, 2022",T20I # 1588
Singapore,Malaysia,Malaysia,23 runs,Singapore,"Jun 29, 2022",T20I # 1589
Belgium,Hungary,Belgium,2 wickets,Waterloo,"Jun 29, 2022",T20I # 1590
Israel,Spain,Spain,7 wickets,Gent,"Jun 29, 2022",T20I # 1591
Singapore,Malaysia,Malaysia,5 wickets,Singapore,"Jun 30, 2022",T20I # 1592
Gibraltar,Hungary,Gibraltar,4 wickets,Waterloo,"Jul 1, 2022",T20I # 1593
Portugal,Spain,Spain,8 wickets,Gent,"Jul 1, 2022",T20I # 1594
Belgium,Denmark,Belgium,12 runs,Waterloo,"Jul 1, 2022",T20I # 1595
Israel,Malta,Malta,16 runs,Gent,"Jul 1, 2022",T20I # 1596
Malaysia,Bhutan,Malaysia,155 runs,Bangi,"Jul 2, 2022",T20I # 1597
Belgium,Portugal,Portugal,8 wickets,Waterloo,"Jul 2, 2022",T20I # 1598
Singapore,P.N.G.,Singapore,18 runs,Singapore,"Jul 2, 2022",T20I # 1599
Denmark,Spain,Denmark,41 runs,Waterloo,"Jul 2, 2022",T20I # 1600
West Indies,Bangladesh,no result,-,Roseau,"Jul 2, 2022",T20I # 1601
Maldives,Thailand,Maldives,7 wickets,Bangi,"Jul 3, 2022",T20I # 1602
Malaysia,Bhutan,Malaysia,39 runs,Bangi,"Jul 3, 2022",T20I # 1603
Hungary,Israel,Israel,12 runs,Waterloo,"Jul 3, 2022",T20I # 1604
Singapore,P.N.G.,P.N.G.,3 wickets,Singapore,"Jul 3, 2022",T20I # 1605
Gibraltar,Malta,Malta,7 wickets,Waterloo,"Jul 3, 2022",T20I # 1606
West Indies,Bangladesh,West Indies,35 runs,Roseau,"Jul 3, 2022",T20I # 1607
Malaysia,Thailand,Malaysia,9 wickets,Bangi,"Jul 4, 2022",T20I # 1608
Bhutan,Maldives,Bhutan,6 runs,Bangi,"Jul 4, 2022",T20I # 1609
Belgium,Spain,Belgium,5 wickets,Waterloo,"Jul 4, 2022",T20I # 1610
Denmark,Portugal,Denmark,9 wickets,Waterloo,"Jul 4, 2022",T20I # 1611
Bhutan,Thailand,Bhutan,6 wickets,Bangi,"Jul 6, 2022",T20I # 1612
Malaysia,Maldives,Malaysia,8 wickets,Bangi,"Jul 6, 2022",T20I # 1613
Bhutan,Maldives,Bhutan,2 runs,Bangi,"Jul 7, 2022",T20I # 1614
Malaysia,Thailand,Malaysia,9 wickets,Bangi,"Jul 7, 2022",T20I # 1615
England,India,India,50 runs,Southampton,"Jul 7, 2022",T20I # 1616
West Indies,Bangladesh,West Indies,5 wickets,Providence,"Jul 7, 2022",T20I # 1617
Maldives,Thailand,Maldives,41 runs,Bangi,"Jul 8, 2022",T20I # 1618
Austria,Luxembourg,Austria,5 wickets,Vinor,"Jul 8, 2022",T20I # 1619
Czech Rep.,Luxembourg,Czech Rep.,5 wickets,Vinor,"Jul 8, 2022",T20I # 1620
Serbia,Bulgaria,Serbia,7 wickets,Belgrade,"Jul 8, 2022",T20I # 1621
Malaysia,Maldives,Malaysia,94 runs,Bangi,"Jul 9, 2022",T20I # 1622
Bhutan,Thailand,Bhutan,28 runs,Bangi,"Jul 9, 2022",T20I # 1623
Czech Rep.,Austria,Austria,4 wickets,Vinor,"Jul 9, 2022",T20I # 1624
Serbia,Bulgaria,Serbia,8 wickets,Belgrade,"Jul 9, 2022",T20I # 1625
Austria,Luxembourg,Austria,35 runs,Vinor,"Jul 9, 2022",T20I # 1626
Serbia,Bulgaria,Bulgaria,95 runs,Belgrade,"Jul 9, 2022",T20I # 1627
England,India,India,49 runs,Birmingham,"Jul 9, 2022",T20I # 1628
Czech Rep.,Luxembourg,Czech Rep.,36 runs,Vinor,"Jul 10, 2022",T20I # 1629
Czech Rep.,Austria,Czech Rep.,6 wickets,Vinor,"Jul 10, 2022",T20I # 1630
England,India,England,17 runs,Nottingham,"Jul 10, 2022",T20I # 1631
Malaysia,Bhutan,Malaysia,9 wickets,Bangi,"Jul 11, 2022",T20I # 1632
Jersey,U.S.A.,U.S.A.,8 wickets,Bulawayo,"Jul 11, 2022",T20I # 1633
Zimbabwe,Singapore,Zimbabwe,111 runs,Bulawayo,"Jul 11, 2022",T20I # 1634
Hong Kong,Uganda,Uganda,2 wickets,Bulawayo,"Jul 11, 2022",T20I # 1635
Netherlands,P.N.G.,Netherlands,52 runs,Bulawayo,"Jul 11, 2022",T20I # 1636
Singapore,U.S.A.,U.S.A.,132 runs,Bulawayo,"Jul 12, 2022",T20I # 1637
Zimbabwe,Jersey,Zimbabwe,23 runs,Bulawayo,"Jul 12, 2022",T20I # 1638
Cyprus,Isle of Man,Isle of Man,8 wickets,Kerava,"Jul 12, 2022",T20I # 1639
Greece,Italy,Italy,9 wickets,Vantaa,"Jul 12, 2022",T20I # 1640
Hong Kong,Netherlands,Netherlands,7 wickets,Bulawayo,"Jul 12, 2022",T20I # 1641
P.N.G.,Uganda,P.N.G.,8 wickets,Bulawayo,"Jul 12, 2022",T20I # 1642
Finland,Sweden,Finland,12 runs,Vantaa,"Jul 12, 2022",T20I # 1643
Romania,Turkey,Romania,51 runs,Kerava,"Jul 12, 2022",T20I # 1644
Croatia,Sweden,Sweden,8 wickets,Kerava,"Jul 13, 2022",T20I # 1645
Cyprus,Romania,Cyprus,20 runs,Vantaa,"Jul 13, 2022",T20I # 1646
Finland,Italy,Italy,5 wickets,Kerava,"Jul 13, 2022",T20I # 1647
Isle of Man,Serbia,Isle of Man,68 runs,Vantaa,"Jul 13, 2022",T20I # 1648
Hong Kong,P.N.G.,Hong Kong,2 wickets,Bulawayo,"Jul 14, 2022",T20I # 1649
Netherlands,Uganda,Netherlands,97 runs,Bulawayo,"Jul 14, 2022",T20I # 1650
Jersey,Singapore,Jersey,13 runs,Bulawayo,"Jul 14, 2022",T20I # 1651
Zimbabwe,U.S.A.,Zimbabwe,46 runs,Bulawayo,"Jul 14, 2022",T20I # 1652
Hong Kong,Singapore,Hong Kong,7 wickets,Bulawayo,"Jul 15, 2022",T20I # 1653
Jersey,Uganda,Uganda,5 runs,Bulawayo,"Jul 15, 2022",T20I # 1654
Italy,Sweden,Italy,91 runs,Vantaa,"Jul 15, 2022",T20I # 1655
Serbia,Turkey,Serbia,7 wickets,Kerava,"Jul 15, 2022",T20I # 1656
Netherlands,U.S.A.,Netherlands,7 wickets,Bulawayo,"Jul 15, 2022",T20I # 1657
Zimbabwe,P.N.G.,Zimbabwe,27 runs,Bulawayo,"Jul 15, 2022",T20I # 1658
Croatia,Greece,Croatia,3 runs,Vantaa,"Jul 15, 2022",T20I # 1659
Isle of Man,Romania,Isle of Man,8 wickets,Kerava,"Jul 15, 2022",T20I # 1660
Finland,Greece,Finland,37 runs,Kerava,"Jul 16, 2022",T20I # 1661
Romania,Serbia,Romania,31 runs,Vantaa,"Jul 16, 2022",T20I # 1662
Croatia,Italy,Italy,166 runs,Kerava,"Jul 16, 2022",T20I # 1663
Cyprus,Turkey,Cyprus,135 runs,Vantaa,"Jul 16, 2022",T20I # 1664
Hong Kong,Uganda,Uganda,4 runs,Bulawayo,"Jul 17, 2022",T20I # 1665
Jersey,Singapore,Jersey,6 wickets,Bulawayo,"Jul 17, 2022",T20I # 1666
P.N.G.,U.S.A.,P.N.G.,5 runs,Bulawayo,"Jul 17, 2022",T20I # 1667
Zimbabwe,Netherlands,Zimbabwe,37 runs,Bulawayo,"Jul 17, 2022",T20I # 1668
Cyprus,Serbia,Serbia,4 wickets,Kerava,"Jul 18, 2022",T20I # 1669
Greece,Sweden,Sweden,107 runs,Vantaa,"Jul 18, 2022",T20I # 1670
Finland,Croatia,Finland,5 wickets,Vantaa,"Jul 18, 2022",T20I # 1671
Isle of Man,Turkey,Isle of Man,74 runs,Kerava,"Jul 18, 2022",T20I # 1672
Ireland,New Zealand,New Zealand,31 runs,Belfast,"Jul 18, 2022",T20I # 1673
Croatia,Serbia,Croatia,3 wickets,Vantaa,"Jul 19, 2022",T20I # 1674
Finland,Cyprus,Finland,11 runs,Kerava,"Jul 19, 2022",T20I # 1675
Isle of Man,Italy,Italy,7 wickets,Kerava,"Jul 19, 2022",T20I # 1676
Romania,Sweden,Sweden,8 wickets,Vantaa,"Jul 19, 2022",T20I # 1677
Ireland,New Zealand,New Zealand,88 runs,Belfast,"Jul 20, 2022",T20I # 1678
Ireland,New Zealand,New Zealand,6 wickets,Belfast,"Jul 22, 2022",T20I # 1679
Austria,Luxembourg,Austria,36 runs,Vantaa,"Jul 24, 2022",T20I # 1680
Estonia,Norway,Norway,10 wickets,Kerava,"Jul 24, 2022",T20I # 1681
Bulgaria,Guernsey,Guernsey,52 runs,Vantaa,"Jul 24, 2022",T20I # 1682
Czech Rep.,France,France,51 runs,Kerava,"Jul 24, 2022",T20I # 1683
Austria,Slovenia,Austria,141 runs,Kerava,"Jul 25, 2022",T20I # 1684
Czech Rep.,Norway,Norway,120 runs,Vantaa,"Jul 25, 2022",T20I # 1685
France,Switzerland,Switzerland,1 wickets,Vantaa,"Jul 25, 2022",T20I # 1686
Guernsey,Luxembourg,Guernsey,17 runs,Kerava,"Jul 25, 2022",T20I # 1687
Austria,Guernsey,Austria,2 wickets,Vantaa,"Jul 27, 2022",T20I # 1688
Estonia,Switzerland,Switzerland,31 runs,Kerava,"Jul 27, 2022",T20I # 1689
Bulgaria,Slovenia,Bulgaria,3 wickets,Vantaa,"Jul 27, 2022",T20I # 1690
France,Norway,France,11 runs,Kerava,"Jul 27, 2022",T20I # 1691
Scotland,New Zealand,New Zealand,68 runs,Edinburgh,"Jul 27, 2022",T20I # 1692
England,South Africa,England,41 runs,Bristol,"Jul 27, 2022",T20I # 1693
Bulgaria,Luxembourg,Luxembourg,21 runs,Kerava,"Jul 28, 2022",T20I # 1694
Norway,Switzerland,Norway,12 runs,Vantaa,"Jul 28, 2022",T20I # 1695
Czech Rep.,Estonia,Czech Rep.,42 runs,Vantaa,"Jul 28, 2022",T20I # 1696
Guernsey,Slovenia,Guernsey,9 wickets,Kerava,"Jul 28, 2022",T20I # 1697
England,South Africa,South Africa,58 runs,Cardiff,"Jul 28, 2022",T20I # 1698
Eswatini,Mozambique,Mozambique,8 wickets,Malkerns,"Jul 29, 2022",T20I # 1699
Eswatini,Mozambique,Mozambique,7 wickets,Malkerns,"Jul 29, 2022",T20I # 1700
Scotland,New Zealand,New Zealand,102 runs,Edinburgh,"Jul 29, 2022",T20I # 1701
West Indies,India,India,68 runs,Tarouba,"Jul 29, 2022",T20I # 1702
Eswatini,Mozambique,Mozambique,8 wickets,Malkerns,"Jul 30, 2022",T20I # 1703
Austria,Bulgaria,Austria,158 runs,Vantaa,"Jul 30, 2022",T20I # 1704
Czech Rep.,Switzerland,Czech Rep.,7 wickets,Kerava,"Jul 30, 2022",T20I # 1705
Zimbabwe,Bangladesh,Zimbabwe,17 runs,Harare,"Jul 30, 2022",T20I # 1706
Eswatini,Mozambique,Mozambique,95 runs,Malkerns,"Jul 30, 2022",T20I # 1707
Luxembourg,Slovenia,Luxembourg,5 runs,Vantaa,"Jul 30, 2022",T20I # 1708
Estonia,France,France,25 runs,Kerava,"Jul 30, 2022",T20I # 1709
Eswatini,Mozambique,Mozambique,94 runs,Malkerns,"Jul 31, 2022",T20I # 1710
Bulgaria,Czech Rep.,Czech Rep.,4 wickets,Vantaa,"Jul 31, 2022",T20I # 1711
France,Guernsey,Guernsey,56 runs,Kerava,"Jul 31, 2022",T20I # 1712
Zimbabwe,Bangladesh,Bangladesh,7 wickets,Harare,"Jul 31, 2022",T20I # 1713
Eswatini,Mozambique,Mozambique,43 runs,Malkerns,"Jul 31, 2022",T20I # 1714
Austria,Norway,Austria,9 wickets,Kerava,"Jul 31, 2022",T20I # 1715
Luxembourg,Switzerland,Luxembourg,7 runs,Vantaa,"Jul 31, 2022",T20I # 1716
England,South Africa,South Africa,90 runs,Southampton,"Jul 31, 2022",T20I # 1717
West Indies,India,West Indies,5 wickets,Basseterre,"Aug 1, 2022",T20I # 1718
Zimbabwe,Bangladesh,Zimbabwe,10 runs,Harare,"Aug 2, 2022",T20I # 1719
West Indies,India,India,7 wickets,Basseterre,"Aug 2, 2022",T20I # 1720
Ireland,South Africa,South Africa,21 runs,Bristol,"Aug 3, 2022",T20I # 1721
Netherlands,New Zealand,New Zealand,16 runs,The Hague,"Aug 4, 2022",T20I # 1722
Netherlands,New Zealand,New Zealand,8 wickets,The Hague,"Aug 5, 2022",T20I # 1723
Ireland,South Africa,South Africa,44 runs,Bristol,"Aug 5, 2022",T20I # 1724
India,West Indies,India,59 runs,Lauderhill,"Aug 6, 2022",T20I # 1725
India,West Indies,India,88 runs,Lauderhill,"Aug 7, 2022",T20I # 1726
Ireland,Afghanistan,Ireland,7 wickets,Belfast,"Aug 9, 2022",T20I # 1727
West Indies,New Zealand,New Zealand,13 runs,Kingston,"Aug 10, 2022",T20I # 1728
Ireland,Afghanistan,Ireland,5 wickets,Belfast,"Aug 11, 2022",T20I # 1729
Bahrain,Kuwait,tied,-,Al Amerat,"Aug 11, 2022",T20I # 1730
Ireland,Afghanistan,Afghanistan,22 runs,Belfast,"Aug 12, 2022",T20I # 1731
West Indies,New Zealand,New Zealand,90 runs,Kingston,"Aug 12, 2022",T20I # 1732
Bahrain,Kuwait,Kuwait,20 runs,Al Amerat,"Aug 13, 2022",T20I # 1733
Bahrain,Kuwait,Kuwait,5 wickets,Al Amerat,"Aug 14, 2022",T20I # 1734
West Indies,New Zealand,West Indies,8 wickets,Kingston,"Aug 14, 2022",T20I # 1735
Ireland,Afghanistan,Afghanistan,27 runs,Belfast,"Aug 15, 2022",T20I # 1736
Bahrain,Kuwait,Kuwait,4 wickets,Al Amerat,"Aug 16, 2022",T20I # 1737
Ireland,Afghanistan,Ireland,7 wickets,Belfast,"Aug 17, 2022",T20I # 1738
Bahrain,Kuwait,Kuwait,102 runs,Al Amerat,"Aug 17, 2022",T20I # 1739
Hong Kong,Singapore,Hong Kong,8 runs,Al Amerat,"Aug 20, 2022",T20I # 1740
Kuwait,U.A.E.,Kuwait,1 wickets,Al Amerat,"Aug 21, 2022",T20I # 1741
Singapore,U.A.E.,U.A.E.,47 runs,Al Amerat,"Aug 22, 2022",T20I # 1742
Hong Kong,Kuwait,Hong Kong,8 wickets,Al Amerat,"Aug 23, 2022",T20I # 1743
Kuwait,Singapore,Kuwait,6 wickets,Al Amerat,"Aug 24, 2022",T20I # 1744
Hong Kong,U.A.E.,Hong Kong,8 wickets,Al Amerat,"Aug 24, 2022",T20I # 1745
Kenya,Nepal,Nepal,5 wickets,Nairobi (Gym),"Aug 25, 2022",T20I # 1746
Kenya,Nepal,Kenya,18 runs,Nairobi (Gym),"Aug 26, 2022",T20I # 1747
Afghanistan,Sri Lanka,Afghanistan,8 wickets,Dubai (DSC),"Aug 27, 2022",T20I # 1748
Kenya,Nepal,Nepal,4 wickets,Nairobi (Gym),"Aug 28, 2022",T20I # 1749
India,Pakistan,India,5 wickets,Dubai (DSC),"Aug 28, 2022",T20I # 1750
Kenya,Nepal,Kenya,7 runs,Nairobi (Gym),"Aug 29, 2022",T20I # 1751
Kenya,Nepal,Nepal,31 runs,Nairobi (Gym),"Aug 30, 2022",T20I # 1752
Afghanistan,Bangladesh,Afghanistan,7 wickets,Sharjah,"Aug 30, 2022",T20I # 1753
Hong Kong,India,India,40 runs,Dubai (DSC),"Aug 31, 2022",T20I # 1754
Bangladesh,Sri Lanka,Sri Lanka,2 wickets,Dubai (DSC),"Sep 1, 2022",T20I # 1755
Hong Kong,Pakistan,Pakistan,155 runs,Sharjah,"Sep 2, 2022",T20I # 1756
Afghanistan,Sri Lanka,Sri Lanka,4 wickets,Sharjah,"Sep 3, 2022",T20I # 1757
India,Pakistan,Pakistan,5 wickets,Dubai (DSC),"Sep 4, 2022",T20I # 1758
India,Sri Lanka,Sri Lanka,6 wickets,Dubai (DSC),"Sep 6, 2022",T20I # 1759
Afghanistan,Pakistan,Pakistan,1 wickets,Sharjah,"Sep 7, 2022",T20I # 1760
Afghanistan,India,India,101 runs,Dubai (DSC),"Sep 8, 2022",T20I # 1761
Vanuatu,Fiji,Vanuatu,56 runs,Port vila,"Sep 9, 2022",T20I # 1762
Cook Islands,Samoa,Samoa,7 wickets,Port vila,"Sep 9, 2022",T20I # 1763
Pakistan,Sri Lanka,Sri Lanka,5 wickets,Dubai (DSC),"Sep 9, 2022",T20I # 1764
Cook Islands,Fiji,Fiji,3 wickets,Port vila,"Sep 10, 2022",T20I # 1765
Vanuatu,Samoa,Vanuatu,9 wickets,Port vila,"Sep 10, 2022",T20I # 1766
Vanuatu,Cook Islands,Cook Islands,5 wickets,Port vila,"Sep 11, 2022",T20I # 1767
Fiji,Samoa,Fiji,3 wickets,Port vila,"Sep 11, 2022",T20I # 1768
Pakistan,Sri Lanka,Sri Lanka,23 runs,Dubai (DSC),"Sep 11, 2022",T20I # 1769
Cook Islands,Samoa,Cook Islands,4 wickets,Port vila,"Sep 13, 2022",T20I # 1770
Vanuatu,Fiji,Vanuatu,18 runs,Port vila,"Sep 13, 2022",T20I # 1771
Vanuatu,Samoa,Vanuatu,6 wickets,Port vila,"Sep 14, 2022",T20I # 1772
Cook Islands,Fiji,Cook Islands,8 wickets,Port vila,"Sep 14, 2022",T20I # 1773
Fiji,Samoa,Fiji,30 runs,Port vila,"Sep 15, 2022",T20I # 1774
Vanuatu,Cook Islands,Vanuatu,50 runs,Port vila,"Sep 15, 2022",T20I # 1775
Botswana,Uganda,Uganda,7 wickets,Benoni,"Sep 15, 2022",T20I # 1776
Cameroon,Malawi,Malawi,7 wickets,Benoni,"Sep 15, 2022",T20I # 1777
Ghana,Mozambique,Ghana,28 runs,Benoni,"Sep 16, 2022",T20I # 1778
Kenya,Malawi,Kenya,52 runs,Benoni,"Sep 16, 2022",T20I # 1779
Cameroon,Tanzania,Tanzania,10 wickets,Benoni,"Sep 17, 2022",T20I # 1780
Kenya,Tanzania,Tanzania,4 wickets,Benoni,"Sep 17, 2022",T20I # 1781
Botswana,Ghana,Botswana,11 runs,Benoni,"Sep 18, 2022",T20I # 1782
Mozambique,Uganda,Uganda,38 runs,Benoni,"Sep 18, 2022",T20I # 1783
Cameroon,Kenya,Kenya,9 wickets,Benoni,"Sep 19, 2022",T20I # 1784
Botswana,Mozambique,Botswana,92 runs,Benoni,"Sep 19, 2022",T20I # 1785
Malawi,Tanzania,Tanzania,44 runs,Benoni,"Sep 20, 2022",T20I # 1786
Ghana,Uganda,Uganda,8 wickets,Benoni,"Sep 20, 2022",T20I # 1787
India,Australia,Australia,4 wickets,Mohali,"Sep 20, 2022",T20I # 1788
Pakistan,England,England,6 wickets,Karachi,"Sep 20, 2022",T20I # 1789
Kenya,Uganda,Uganda,3 wickets,Benoni,"Sep 21, 2022",T20I # 1790
Botswana,Tanzania,Tanzania,4 wickets,Benoni,"Sep 21, 2022",T20I # 1791
Tanzania,Uganda,Uganda,8 wickets,Benoni,"Sep 22, 2022",T20I # 1792
Pakistan,England,Pakistan,10 wickets,Karachi,"Sep 22, 2022",T20I # 1793
India,Australia,India,6 wickets,Nagpur,"Sep 23, 2022",T20I # 1794
Pakistan,England,England,63 runs,Karachi,"Sep 23, 2022",T20I # 1795
India,Australia,India,6 wickets,Hyderabad,"Sep 25, 2022",T20I # 1796
U.A.E.,Bangladesh,Bangladesh,7 runs,Dubai (DSC),"Sep 25, 2022",T20I # 1797
Pakistan,England,Pakistan,3 runs,Karachi,"Sep 25, 2022",T20I # 1798
U.A.E.,Bangladesh,Bangladesh,32 runs,Dubai (DSC),"Sep 27, 2022",T20I # 1799
India,South Africa,India,8 wickets,Thiruvananthapuram,"Sep 28, 2022",T20I # 1800
Pakistan,England,Pakistan,6 runs,Lahore,"Sep 28, 2022",T20I # 1801
Pakistan,England,England,8 wickets,Lahore,"Sep 30, 2022",T20I # 1802
India,South Africa,India,16 runs,Guwahati,"Oct 2, 2022",T20I # 1803
Pakistan,England,England,67 runs,Lahore,"Oct 2, 2022",T20I # 1804
India,South Africa,South Africa,49 runs,Indore,"Oct 4, 2022",T20I # 1805
Australia,West Indies,Australia,3 wickets,Carrara,"Oct 5, 2022",T20I # 1806
Bangladesh,Pakistan,Pakistan,21 runs,Christchurch,"Oct 7, 2022",T20I # 1807
Australia,West Indies,Australia,31 runs,Brisbane,"Oct 7, 2022",T20I # 1808
New Zealand,Pakistan,Pakistan,6 wickets,Christchurch,"Oct 8, 2022",T20I # 1809
Japan,Indonesia,Japan,65 runs,Sano,"Oct 9, 2022",T20I # 1810
New Zealand,Bangladesh,New Zealand,8 wickets,Christchurch,"Oct 9, 2022",T20I # 1811
Australia,England,England,8 runs,Perth,"Oct 9, 2022",T20I # 1812
Japan,Indonesia,Japan,75 runs,Sano,"Oct 10, 2022",T20I # 1813
Japan,Indonesia,Indonesia,3 wickets,Sano,"Oct 11, 2022",T20I # 1814
New Zealand,Pakistan,New Zealand,9 wickets,Christchurch,"Oct 11, 2022",T20I # 1815
New Zealand,Bangladesh,New Zealand,48 runs,Christchurch,"Oct 12, 2022",T20I # 1816
Australia,England,England,8 runs,Canberra,"Oct 12, 2022",T20I # 1817
Bangladesh,Pakistan,Pakistan,7 wickets,Christchurch,"Oct 13, 2022",T20I # 1818
New Zealand,Pakistan,Pakistan,5 wickets,Christchurch,"Oct 14, 2022",T20I # 1819
Australia,England,no result,-,Canberra,"Oct 14, 2022",T20I # 1820
Indonesia,South Korea,Indonesia,64 runs,Sano,"Oct 15, 2022",T20I # 1821
Japan,South Korea,Japan,48 runs,Sano,"Oct 15, 2022",T20I # 1822
Namibia,Sri Lanka,Namibia,55 runs,Geelong,"Oct 16, 2022",T20I # 1823
Japan,Indonesia,Japan,4 wickets,Sano,"Oct 16, 2022",T20I # 1824
Netherlands,U.A.E.,Netherlands,3 wickets,Geelong,"Oct 16, 2022",T20I # 1825
Scotland,West Indies,Scotland,42 runs,Hobart,"Oct 17, 2022",T20I # 1826
Japan,South Korea,Japan,8 wickets,Sano,"Oct 17, 2022",T20I # 1827
Ireland,Zimbabwe,Zimbabwe,31 runs,Hobart,"Oct 17, 2022",T20I # 1828
Japan,Indonesia,Indonesia,6 wickets,Sano,"Oct 18, 2022",T20I # 1829
Namibia,Netherlands,Netherlands,5 wickets,Geelong,"Oct 18, 2022",T20I # 1830
Indonesia,South Korea,Indonesia,3 wickets,Sano,"Oct 18, 2022",T20I # 1831
Sri Lanka,U.A.E.,Sri Lanka,79 runs,Geelong,"Oct 18, 2022",T20I # 1832
Ireland,Scotland,Ireland,6 wickets,Hobart,"Oct 19, 2022",T20I # 1833
West Indies,Zimbabwe,West Indies,31 runs,Hobart,"Oct 19, 2022",T20I # 1834
Netherlands,Sri Lanka,Sri Lanka,16 runs,Geelong,"Oct 20, 2022",T20I # 1835
Namibia,U.A.E.,U.A.E.,7 runs,Geelong,"Oct 20, 2022",T20I # 1836
Ireland,West Indies,Ireland,9 wickets,Hobart,"Oct 21, 2022",T20I # 1837
Scotland,Zimbabwe,Zimbabwe,5 wickets,Hobart,"Oct 21, 2022",T20I # 1838
Australia,New Zealand,New Zealand,89 runs,Sydney,"Oct 22, 2022",T20I # 1839
Afghanistan,England,England,5 wickets,Perth,"Oct 22, 2022",T20I # 1840
Ireland,Sri Lanka,Sri Lanka,9 wickets,Hobart,"Oct 23, 2022",T20I # 1841
India,Pakistan,India,4 wickets,Melbourne,"Oct 23, 2022",T20I # 1842
Bangladesh,Netherlands,Bangladesh,9 runs,Hobart,"Oct 24, 2022",T20I # 1843
South Africa,Zimbabwe,no result,-,Hobart,"Oct 24, 2022",T20I # 1844
Australia,Sri Lanka,Australia,7 wickets,Perth,"Oct 25, 2022",T20I # 1845
England,Ireland,Ireland,5 runs,Melbourne,"Oct 26, 2022",T20I # 1846
Bangladesh,South Africa,South Africa,104 runs,Sydney,"Oct 27, 2022",T20I # 1847
India,Netherlands,India,56 runs,Sydney,"Oct 27, 2022",T20I # 1848
Pakistan,Zimbabwe,Zimbabwe,1 runs,Perth,"Oct 27, 2022",T20I # 1849
New Zealand,Sri Lanka,New Zealand,65 runs,Sydney,"Oct 29, 2022",T20I # 1850
Bangladesh,Zimbabwe,Bangladesh,3 runs,Brisbane,"Oct 30, 2022",T20I # 1851
Netherlands,Pakistan,Pakistan,6 wickets,Perth,"Oct 30, 2022",T20I # 1852
India,South Africa,South Africa,5 wickets,Perth,"Oct 30, 2022",T20I # 1853
Tanzania,Rwanda,Tanzania,54 runs,Dar-es-Salaam,"Oct 31, 2022",T20I # 1854
Australia,Ireland,Australia,42 runs,Brisbane,"Oct 31, 2022",T20I # 1855
Afghanistan,Sri Lanka,Sri Lanka,6 wickets,Brisbane,"Nov 1, 2022",T20I # 1856
Tanzania,Rwanda,Tanzania,21 runs,Dar-es-Salaam,"Nov 1, 2022",T20I # 1857
England,New Zealand,England,20 runs,Brisbane,"Nov 1, 2022",T20I # 1858
Netherlands,Zimbabwe,Netherlands,5 wickets,Adelaide,"Nov 2, 2022",T20I # 1859
Bangladesh,India,India,5 runs,Adelaide,"Nov 2, 2022",T20I # 1860
Pakistan,South Africa,Pakistan,33 runs,Sydney,"Nov 3, 2022",T20I # 1861
Ireland,New Zealand,New Zealand,35 runs,Adelaide,"Nov 4, 2022",T20I # 1862
Tanzania,Rwanda,Tanzania,77 runs,Dar-es-Salaam,"Nov 4, 2022",T20I # 1863
Australia,Afghanistan,Australia,4 runs,Adelaide,"Nov 4, 2022",T20I # 1864
Germany,Italy,Germany,10 wickets,Almeria,"Nov 4, 2022",T20I # 1865
Germany,Italy,Germany,8 wickets,Almeria,"Nov 4, 2022",T20I # 1866
England,Sri Lanka,England,4 wickets,Sydney,"Nov 5, 2022",T20I # 1867
Spain,Italy,Spain,4 wickets,Almeria,"Nov 5, 2022",T20I # 1868
Tanzania,Rwanda,Tanzania,3 wickets,Dar-es-Salaam,"Nov 5, 2022",T20I # 1869
Spain,Germany,Germany,36 runs,Almeria,"Nov 5, 2022",T20I # 1870
Netherlands,South Africa,Netherlands,13 runs,Adelaide,"Nov 6, 2022",T20I # 1871
Bangladesh,Pakistan,Pakistan,5 wickets,Adelaide,"Nov 6, 2022",T20I # 1872
India,Zimbabwe,India,71 runs,Melbourne,"Nov 6, 2022",T20I # 1873
Spain,Germany,Spain,5 runs,Almeria,"Nov 6, 2022",T20I # 1874
Tanzania,Rwanda,Tanzania,10 wickets,Dar-es-Salaam,"Nov 6, 2022",T20I # 1875
Spain,Italy,Italy,33 runs,Almeria,"Nov 6, 2022",T20I # 1876
New Zealand,Pakistan,Pakistan,7 wickets,Sydney,"Nov 9, 2022",T20I # 1877
England,India,England,10 wickets,Adelaide,"Nov 10, 2022",T20I # 1878
England,Pakistan,England,5 wickets,Melbourne,"Nov 13, 2022",T20I # 1879
Oman,Saudi Arabia,Oman,9 wickets,Al Amerat,"Nov 14, 2022",T20I # 1880
Bahrain,Canada,Canada,4 wickets,Al Amerat,"Nov 14, 2022",T20I # 1881
Canada,Saudi Arabia,Canada,66 runs,Al Amerat,"Nov 15, 2022",T20I # 1882
Oman,Bahrain,Bahrain,6 wickets,Al Amerat,"Nov 15, 2022",T20I # 1883
Bahrain,Saudi Arabia,Bahrain,53 runs,Al Amerat,"Nov 16, 2022",T20I # 1884
Oman,Canada,Canada,1 runs,Al Amerat,"Nov 16, 2022",T20I # 1885
Lesotho,Mali,Lesotho,31 runs,Kigali,"Nov 17, 2022",T20I # 1886
Rwanda,Botswana,Rwanda,5 wickets,Rwanda,"Nov 17, 2022",T20I # 1887
Botswana,Seychelles,no result,-,Kigali,"Nov 17, 2022",T20I # 1888
Kenya,St Helena,no result,-,Rwanda,"Nov 17, 2022",T20I # 1889
Oman,Saudi Arabia,Oman,7 wickets,Al Amerat,"Nov 17, 2022",T20I # 1890
Bahrain,Canada,Bahrain,8 wickets,Al Amerat,"Nov 17, 2022",T20I # 1891
Botswana,Lesotho,Botswana,10 wickets,Kigali,"Nov 18, 2022",T20I # 1892
Rwanda,St Helena,Rwanda,54 runs,Rwanda,"Nov 18, 2022",T20I # 1893
Kenya,Malawi,no result,-,Rwanda,"Nov 18, 2022",T20I # 1894
Mali,Seychelles,no result,-,Kigali,"Nov 18, 2022",T20I # 1895
Canada,Saudi Arabia,Canada,45 runs,Al Amerat,"Nov 19, 2022",T20I # 1896
Oman,Bahrain,Oman,106 runs,Al Amerat,"Nov 19, 2022",T20I # 1897
New Zealand,India,India,65 runs,Mount Maunganui,"Nov 20, 2022",T20I # 1898
Botswana,Malawi,Malawi,4 wickets,Rwanda,"Nov 20, 2022",T20I # 1899
Kenya,Mali,Kenya,10 wickets,Kigali,"Nov 20, 2022",T20I # 1900
Lesotho,Seychelles,Lesotho,7 wickets,Kigali,"Nov 20, 2022",T20I # 1901
Rwanda,Kenya,Kenya,9 wickets,Rwanda,"Nov 20, 2022",T20I # 1902
Oman,Canada,Canada,3 wickets,Al Amerat,"Nov 20, 2022",T20I # 1903
Bahrain,Saudi Arabia,Saudi Arabia,9 wickets,Al Amerat,"Nov 20, 2022",T20I # 1904
Kenya,Lesotho,Kenya,167 runs,Kigali,"Nov 21, 2022",T20I # 1905
Malawi,Mali,Malawi,74 runs,Rwanda,"Nov 21, 2022",T20I # 1906
Rwanda,Malawi,Rwanda,41 runs,Rwanda,"Nov 21, 2022",T20I # 1907
Seychelles,St Helena,St Helena,2 runs,Kigali,"Nov 21, 2022",T20I # 1908
Bahrain,Saudi Arabia,Saudi Arabia,32 runs,Al Amerat,"Nov 21, 2022",T20I # 1909
Oman,Canada,Canada,8 wickets,Al Amerat,"Nov 21, 2022",T20I # 1910
New Zealand,India,tied,-,Napier,"Nov 22, 2022",T20I # 1911
Botswana,Mali,Botswana,5 wickets,Rwanda,"Nov 22, 2022",T20I # 1912
Lesotho,St Helena,St Helena,45 runs,Kigali,"Nov 22, 2022",T20I # 1913
Malawi,Seychelles,no result,-,Rwanda,"Nov 22, 2022",T20I # 1914
Mali,St Helena,no result,-,Kigali,"Nov 22, 2022",T20I # 1915
Malawi,St Helena,Malawi,10 wickets,Rwanda,"Nov 24, 2022",T20I # 1916
Rwanda,Seychelles,Rwanda,75 runs,Kigali,"Nov 24, 2022",T20I # 1917
Botswana,Kenya,Kenya,8 wickets,Rwanda,"Nov 24, 2022",T20I # 1918
Rwanda,Mali,Rwanda,10 wickets,Kigali,"Nov 24, 2022",T20I # 1919
Botswana,St Helena,Botswana,60 runs,Rwanda,"Nov 25, 2022",T20I # 1920
Lesotho,Malawi,Malawi,118 runs,Kigali,"Nov 25, 2022",T20I # 1921
Kenya,Seychelles,Kenya,7 wickets,Rwanda,"Nov 25, 2022",T20I # 1922
Rwanda,Lesotho,no result,-,Kigali,"Nov 25, 2022",T20I # 1923
Eswatini,Ghana,Ghana,25 runs,Kigali,"Dec 1, 2022",T20I # 1924
Sierra Leone,Tanzania,Tanzania,9 wickets,Rwanda,"Dec 1, 2022",T20I # 1925
Eswatini,Gambia,Eswatini,5 wickets,Kigali,"Dec 1, 2022",T20I # 1926
Mozambique,Nigeria,Nigeria,8 wickets,Rwanda,"Dec 1, 2022",T20I # 1927
Ghana,Mozambique,Mozambique,7 wickets,Kigali,"Dec 2, 2022",T20I # 1928
Nigeria,Sierra Leone,Nigeria,6 wickets,Rwanda,"Dec 2, 2022",T20I # 1929
Cameroon,Sierra Leone,Sierra Leone,1 wickets,Rwanda,"Dec 2, 2022",T20I # 1930
Eswatini,Mozambique,Mozambique,9 wickets,Kigali,"Dec 2, 2022",T20I # 1931
Cameroon,Mozambique,Mozambique,9 wickets,Rwanda,"Dec 4, 2022",T20I # 1932
Eswatini,Nigeria,Nigeria,118 runs,Kigali,"Dec 4, 2022",T20I # 1933
Gambia,Nigeria,Nigeria,9 wickets,Kigali,"Dec 4, 2022",T20I # 1934
Ghana,Tanzania,Tanzania,4 wickets,Rwanda,"Dec 4, 2022",T20I # 1935
Eswatini,Sierra Leone,Sierra Leone,4 runs,Kigali,"Dec 5, 2022",T20I # 1936
Mozambique,Tanzania,Tanzania,6 wickets,Rwanda,"Dec 5, 2022",T20I # 1937
Cameroon,Nigeria,Nigeria,17 runs,Rwanda,"Dec 5, 2022",T20I # 1938
Ghana,Sierra Leone,Sierra Leone,18 runs,Kigali,"Dec 5, 2022",T20I # 1939
Gambia,Sierra Leone,Sierra Leone,8 wickets,Kigali,"Dec 6, 2022",T20I # 1940
Eswatini,Tanzania,Tanzania,66 runs,Rwanda,"Dec 6, 2022",T20I # 1941
Cameroon,Ghana,Ghana,107 runs,Kigali,"Dec 6, 2022",T20I # 1942
Gambia,Tanzania,Tanzania,10 wickets,Rwanda,"Dec 6, 2022",T20I # 1943
Cameroon,Eswatini,no result,-,Kigali,"Dec 8, 2022",T20I # 1944
Gambia,Ghana,Ghana,138 runs,Rwanda,"Dec 8, 2022",T20I # 1945
Gambia,Mozambique,Mozambique,40 runs,Kigali,"Dec 8, 2022",T20I # 1946
Nigeria,Tanzania,no result,-,Rwanda,"Dec 8, 2022",T20I # 1947
Cameroon,Gambia,Gambia,11 runs,Kigali,"Dec 9, 2022",T20I # 1948
Mozambique,Sierra Leone,Mozambique,5 wickets,Rwanda,"Dec 9, 2022",T20I # 1949
Cameroon,Tanzania,Tanzania,184 runs,Kigali,"Dec 9, 2022",T20I # 1950
Ghana,Nigeria,Nigeria,6 wickets,Rwanda,"Dec 9, 2022",T20I # 1951
Rwanda,Tanzania,Tanzania,66 runs,Rwanda,"Dec 13, 2022",T20I # 1952
Rwanda,Tanzania,Tanzania,5 wickets,Rwanda,"Dec 13, 2022",T20I # 1953
Rwanda,Uganda,Uganda,85 runs,Rwanda,"Dec 14, 2022",T20I # 1954
Tanzania,Uganda,no result,-,Rwanda,"Dec 14, 2022",T20I # 1955
Malaysia,Bahrain,Malaysia,11 runs,Bangi,"Dec 15, 2022",T20I # 1956
Qatar,Singapore,Qatar,5 wickets,Bangi,"Dec 15, 2022",T20I # 1957
Rwanda,Uganda,Uganda,133 runs,Rwanda,"Dec 15, 2022",T20I # 1958
Tanzania,Uganda,Uganda,13 runs,Rwanda,"Dec 15, 2022",T20I # 1959
Malaysia,Qatar,Malaysia,8 wickets,Bangi,"Dec 16, 2022",T20I # 1960
Bahrain,Singapore,tied,-,Bangi,"Dec 16, 2022",T20I # 1961
Rwanda,Uganda,Uganda,97 runs,Rwanda,"Dec 16, 2022",T20I # 1962
Rwanda,Tanzania,Rwanda,1 runs,Rwanda,"Dec 16, 2022",T20I # 1963
Bahrain,Qatar,Bahrain,13 runs,Bangi,"Dec 18, 2022",T20I # 1964
Malaysia,Singapore,Malaysia,120 runs,Bangi,"Dec 18, 2022",T20I # 1965
Tanzania,Uganda,Uganda,2 runs,Rwanda,"Dec 18, 2022",T20I # 1966
Rwanda,Tanzania,Tanzania,6 wickets,Rwanda,"Dec 18, 2022",T20I # 1967
Qatar,Singapore,Qatar,8 wickets,Bangi,"Dec 19, 2022",T20I # 1968
Malaysia,Bahrain,Malaysia,7 wickets,Bangi,"Dec 19, 2022",T20I # 1969
Tanzania,Uganda,Tanzania,5 wickets,Rwanda,"Dec 19, 2022",T20I # 1970
Rwanda,Uganda,Uganda,9 wickets,Rwanda,"Dec 19, 2022",T20I # 1971
Rwanda,Tanzania,Tanzania,31 runs,Rwanda,"Dec 20, 2022",T20I # 1972
Rwanda,Uganda,Uganda,7 wickets,Rwanda,"Dec 20, 2022",T20I # 1973
Bahrain,Singapore,Bahrain,6 wickets,Bangi,"Dec 21, 2022",T20I # 1974
Malaysia,Qatar,no result,-,Bangi,"Dec 21, 2022",T20I # 1975
Malaysia,Singapore,Malaysia,143 runs,Bangi,"Dec 22, 2022",T20I # 1976
Bahrain,Qatar,no result,-,Bangi,"Dec 22, 2022",T20I # 1977
Rwanda,Tanzania,Tanzania,28 runs,Rwanda,"Dec 22, 2022",T20I # 1978
Tanzania,Uganda,Uganda,7 runs,Rwanda,"Dec 22, 2022",T20I # 1979
Qatar,Singapore,Qatar,9 wickets,Bangi,"Dec 23, 2022",T20I # 1980
Malaysia,Bahrain,Bahrain,6 wickets,Bangi,"Dec 23, 2022",T20I # 1981
Rwanda,Uganda,Uganda,3 runs,Rwanda,"Dec 23, 2022",T20I # 1982
Tanzania,Uganda,no result,-,Rwanda,"Dec 23, 2022",T20I # 1983
